dataset,out_prefix,bold,confounds,atlas,brain_mask,tr
ABIDE2,PITT_sub-50002_ses-1_run-1,/work/ioannou_lab/elizabeth.szentmiklo/abide_data/derivatives/fmriprep/ABIDE2/PITT/sub-50002/ses-1/func/sub-50002_ses-1_task-rest_run-1_space-MNI152NLin2009cAsym_desc-preproc_bold.nii.gz,/work/ioannou_lab/elizabeth.szentmiklo/abide_data/derivatives/fmriprep/ABIDE2/PITT/sub-50002/ses-1/func/sub-50002_ses-1_task-rest_run-1_desc-confounds_regressors.tsv,/work/ioannou_lab/elizabeth.szentmiklo/abide_data/atlases/cc200/cc200_roi_atlas.nii.gz,/work/ioannou_lab/elizabeth.szentmiklo/abide_data/derivatives/fmriprep/ABIDE2/PITT/sub-50002/ses-1/func/sub-50002_ses-1_task-rest_run-1_space-MNI152NLin2009cAsym_desc-brain_mask.nii.gz,1.5
ABIDE2,PITT_sub-50002_ses-2_run-1,/work/ioannou_lab/elizabeth.szentmiklo/abide_data/derivatives/fmriprep/ABIDE2/PITT/sub-50002/ses-2/func/sub-50002_ses-2_task-rest_run-1_space-MNI152NLin2009cAsym_desc-preproc_bold.nii.gz,/work/ioannou_lab/elizabeth.szentmiklo/abide_data/derivatives/fmriprep/ABIDE2/PITT/sub-50002/ses-2/func/sub-50002_ses-2_task-rest_run-1_desc-confounds_regressors.tsv,/work/ioannou_lab/elizabeth.szentmiklo/abide_data/atlases/cc200/cc200_roi_atlas.nii.gz,/work/ioannou_lab/elizabeth.szentmiklo/abide_data/derivatives/fmriprep/ABIDE2/PITT/sub-50002/ses-2/func/sub-50002_ses-2_task-rest_run-1_space-MNI152NLin2009cAsym_desc-brain_mask.nii.gz,1.5
ABIDE2,PITT_sub-50005_ses-1_run-1,/work/ioannou_lab/elizabeth.szentmiklo/abide_data/derivatives/fmriprep/ABIDE2/PITT/sub-50005/ses-1/func/sub-50005_ses-1_task-rest_run-1_space-MNI152NLin2009cAsym_desc-preproc_bold.nii.gz,/work/ioannou_lab/elizabeth.szentmiklo/abide_data/derivatives/fmriprep/ABIDE2/PITT/sub-50005/ses-1/func/sub-50005_ses-1_task-rest_run-1_desc-confounds_regressors.tsv,/work/ioannou_lab/elizabeth.szentmiklo/abide_data/atlases/cc200/cc200_roi_atlas.nii.gz,/work/ioannou_lab/elizabeth.szentmiklo/abide_data/derivatives/fmriprep/ABIDE2/PITT/sub-50005/ses-1/func/sub-50005_ses-1_task-rest_run-1_space-MNI152NLin2009cAsym_desc-brain_mask.nii.gz,1.5
ABIDE2,PITT_sub-50005_ses-2_run-1,/work/ioannou_lab/elizabeth.szentmiklo/abide_data/derivatives/fmriprep/ABIDE2/PITT/sub-50005/ses-2/func/sub-50005_ses-2_task-rest_run-1_space-MNI152NLin2009cAsym_desc-preproc_bold.nii.gz,/work/ioannou_lab/elizabeth.szentmiklo/abide_data/derivatives/fmriprep/ABIDE2/PITT/sub-50005/ses-2/func/sub-50005_ses-2_task-rest_run-1_desc-confounds_regressors.tsv,/work/ioannou_lab/elizabeth.szentmiklo/abide_data/atlases/cc200/cc200_roi_atlas.nii.gz,/work/ioannou_lab/elizabeth.szentmiklo/abide_data/derivatives/fmriprep/ABIDE2/PITT/sub-50005/ses-2/func/sub-50005_ses-2_task-rest_run-1_space-MNI152NLin2009cAsym_desc-brain_mask.nii.gz,1.5
ABIDE2,PITT_sub-50006_ses-1_run-1,/work/ioannou_lab/elizabeth.szentmiklo/abide_data/derivatives/fmriprep/ABIDE2/PITT/sub-50006/ses-1/func/sub-50006_ses-1_task-rest_run-1_space-MNI152NLin2009cAsym_desc-preproc_bold.nii.gz,/work/ioannou_lab/elizabeth.szentmiklo/abide_data/derivatives/fmriprep/ABIDE2/PITT/sub-50006/ses-1/func/sub-50006_ses-1_task-rest_run-1_desc-confounds_regressors.tsv,/work/ioannou_lab/elizabeth.szentmiklo/abide_data/atlases/cc200/cc200_roi_atlas.nii.gz,/work/ioannou_lab/elizabeth.szentmiklo/abide_data/derivatives/fmriprep/ABIDE2/PITT/sub-50006/ses-1/func/sub-50006_ses-1_task-rest_run-1_space-MNI152NLin2009cAsym_desc-brain_mask.nii.gz,1.5
ABIDE2,PITT_sub-50006_ses-2_run-1,/work/ioannou_lab/elizabeth.szentmiklo/abide_data/derivatives/fmriprep/ABIDE2/PITT/sub-50006/ses-2/func/sub-50006_ses-2_task-rest_run-1_space-MNI152NLin2009cAsym_desc-preproc_bold.nii.gz,/work/ioannou_lab/elizabeth.szentmiklo/abide_data/derivatives/fmriprep/ABIDE2/PITT/sub-50006/ses-2/func/sub-50006_ses-2_task-rest_run-1_desc-confounds_regressors.tsv,/work/ioannou_lab/elizabeth.szentmiklo/abide_data/atlases/cc200/cc200_roi_atlas.nii.gz,/work/ioannou_lab/elizabeth.szentmiklo/abide_data/derivatives/fmriprep/ABIDE2/PITT/sub-50006/ses-2/func/sub-50006_ses-2_task-rest_run-1_space-MNI152NLin2009cAsym_desc-brain_mask.nii.gz,1.5
ABIDE2,PITT_sub-50007_ses-1_run-1,/work/ioannou_lab/elizabeth.szentmiklo/abide_data/derivatives/fmriprep/ABIDE2/PITT/sub-50007/ses-1/func/sub-50007_ses-1_task-rest_run-1_space-MNI152NLin2009cAsym_desc-preproc_bold.nii.gz,/work/ioannou_lab/elizabeth.szentmiklo/abide_data/derivatives/fmriprep/ABIDE2/PITT/sub-50007/ses-1/func/sub-50007_ses-1_task-rest_run-1_desc-confounds_regressors.tsv,/work/ioannou_lab/elizabeth.szentmiklo/abide_data/atlases/cc200/cc200_roi_atlas.nii.gz,/work/ioannou_lab/elizabeth.szentmiklo/abide_data/derivatives/fmriprep/ABIDE2/PITT/sub-50007/ses-1/func/sub-50007_ses-1_task-rest_run-1_space-MNI152NLin2009cAsym_desc-brain_mask.nii.gz,1.5
ABIDE2,PITT_sub-50007_ses-2_run-1,/work/ioannou_lab/elizabeth.szentmiklo/abide_data/derivatives/fmriprep/ABIDE2/PITT/sub-50007/ses-2/func/sub-50007_ses-2_task-rest_run-1_space-MNI152NLin2009cAsym_desc-preproc_bold.nii.gz,/work/ioannou_lab/elizabeth.szentmiklo/abide_data/derivatives/fmriprep/ABIDE2/PITT/sub-50007/ses-2/func/sub-50007_ses-2_task-rest_run-1_desc-confounds_regressors.tsv,/work/ioannou_lab/elizabeth.szentmiklo/abide_data/atlases/cc200/cc200_roi_atlas.nii.gz,/work/ioannou_lab/elizabeth.szentmiklo/abide_data/derivatives/fmriprep/ABIDE2/PITT/sub-50007/ses-2/func/sub-50007_ses-2_task-rest_run-1_space-MNI152NLin2009cAsym_desc-brain_mask.nii.gz,1.5
ABIDE2,PITT_sub-50013_ses-1_run-1,/work/ioannou_lab/elizabeth.szentmiklo/abide_data/derivatives/fmriprep/ABIDE2/PITT/sub-50013/ses-1/func/sub-50013_ses-1_task-rest_run-1_space-MNI152NLin2009cAsym_desc-preproc_bold.nii.gz,/work/ioannou_lab/elizabeth.szentmiklo/abide_data/derivatives/fmriprep/ABIDE2/PITT/sub-50013/ses-1/func/sub-50013_ses-1_task-rest_run-1_desc-confounds_regressors.tsv,/work/ioannou_lab/elizabeth.szentmiklo/abide_data/atlases/cc200/cc200_roi_atlas.nii.gz,/work/ioannou_lab/elizabeth.szentmiklo/abide_data/derivatives/fmriprep/ABIDE2/PITT/sub-50013/ses-1/func/sub-50013_ses-1_task-rest_run-1_space-MNI152NLin2009cAsym_desc-brain_mask.nii.gz,1.5
ABIDE2,PITT_sub-50013_ses-2_run-1,/work/ioannou_lab/elizabeth.szentmiklo/abide_data/derivatives/fmriprep/ABIDE2/PITT/sub-50013/ses-2/func/sub-50013_ses-2_task-rest_run-1_space-MNI152NLin2009cAsym_desc-preproc_bold.nii.gz,/work/ioannou_lab/elizabeth.szentmiklo/abide_data/derivatives/fmriprep/ABIDE2/PITT/sub-50013/ses-2/func/sub-50013_ses-2_task-rest_run-1_desc-confounds_regressors.tsv,/work/ioannou_lab/elizabeth.szentmiklo/abide_data/atlases/cc200/cc200_roi_atlas.nii.gz,/work/ioannou_lab/elizabeth.szentmiklo/abide_data/derivatives/fmriprep/ABIDE2/PITT/sub-50013/ses-2/func/sub-50013_ses-2_task-rest_run-1_space-MNI152NLin2009cAsym_desc-brain_mask.nii.gz,1.5
ABIDE2,PITT_sub-50026_ses-1_run-1,/work/ioannou_lab/elizabeth.szentmiklo/abide_data/derivatives/fmriprep/ABIDE2/PITT/sub-50026/ses-1/func/sub-50026_ses-1_task-rest_run-1_space-MNI152NLin2009cAsym_desc-preproc_bold.nii.gz,/work/ioannou_lab/elizabeth.szentmiklo/abide_data/derivatives/fmriprep/ABIDE2/PITT/sub-50026/ses-1/func/sub-50026_ses-1_task-rest_run-1_desc-confounds_regressors.tsv,/work/ioannou_lab/elizabeth.szentmiklo/abide_data/atlases/cc200/cc200_roi_atlas.nii.gz,/work/ioannou_lab/elizabeth.szentmiklo/abide_data/derivatives/fmriprep/ABIDE2/PITT/sub-50026/ses-1/func/sub-50026_ses-1_task-rest_run-1_space-MNI152NLin2009cAsym_desc-brain_mask.nii.gz,1.5
ABIDE2,PITT_sub-50026_ses-2_run-1,/work/ioannou_lab/elizabeth.szentmiklo/abide_data/derivatives/fmriprep/ABIDE2/PITT/sub-50026/ses-2/func/sub-50026_ses-2_task-rest_run-1_space-MNI152NLin2009cAsym_desc-preproc_bold.nii.gz,/work/ioannou_lab/elizabeth.szentmiklo/abide_data/derivatives/fmriprep/ABIDE2/PITT/sub-50026/ses-2/func/sub-50026_ses-2_task-rest_run-1_desc-confounds_regressors.tsv,/work/ioannou_lab/elizabeth.szentmiklo/abide_data/atlases/cc200/cc200_roi_atlas.nii.gz,/work/ioannou_lab/elizabeth.szentmiklo/abide_data/derivatives/fmriprep/ABIDE2/PITT/sub-50026/ses-2/func/sub-50026_ses-2_task-rest_run-1_space-MNI152NLin2009cAsym_desc-brain_mask.nii.gz,1.5
ABIDE2,PITT_sub-50027_ses-1_run-1,/work/ioannou_lab/elizabeth.szentmiklo/abide_data/derivatives/fmriprep/ABIDE2/PITT/sub-50027/ses-1/func/sub-50027_ses-1_task-rest_run-1_space-MNI152NLin2009cAsym_desc-preproc_bold.nii.gz,/work/ioannou_lab/elizabeth.szentmiklo/abide_data/derivatives/fmriprep/ABIDE2/PITT/sub-50027/ses-1/func/sub-50027_ses-1_task-rest_run-1_desc-confounds_regressors.tsv,/work/ioannou_lab/elizabeth.szentmiklo/abide_data/atlases/cc200/cc200_roi_atlas.nii.gz,/work/ioannou_lab/elizabeth.szentmiklo/abide_data/derivatives/fmriprep/ABIDE2/PITT/sub-50027/ses-1/func/sub-50027_ses-1_task-rest_run-1_space-MNI152NLin2009cAsym_desc-brain_mask.nii.gz,1.5
ABIDE2,PITT_sub-50027_ses-2_run-1,/work/ioannou_lab/elizabeth.szentmiklo/abide_data/derivatives/fmriprep/ABIDE2/PITT/sub-50027/ses-2/func/sub-50027_ses-2_task-rest_run-1_space-MNI152NLin2009cAsym_desc-preproc_bold.nii.gz,/work/ioannou_lab/elizabeth.szentmiklo/abide_data/derivatives/fmriprep/ABIDE2/PITT/sub-50027/ses-2/func/sub-50027_ses-2_task-rest_run-1_desc-confounds_regressors.tsv,/work/ioannou_lab/elizabeth.szentmiklo/abide_data/atlases/cc200/cc200_roi_atlas.nii.gz,/work/ioannou_lab/elizabeth.szentmiklo/abide_data/derivatives/fmriprep/ABIDE2/PITT/sub-50027/ses-2/func/sub-50027_ses-2_task-rest_run-1_space-MNI152NLin2009cAsym_desc-brain_mask.nii.gz,1.5
ABIDE2,PITT_sub-50028_ses-1_run-1,/work/ioannou_lab/elizabeth.szentmiklo/abide_data/derivatives/fmriprep/ABIDE2/PITT/sub-50028/ses-1/func/sub-50028_ses-1_task-rest_run-1_space-MNI152NLin2009cAsym_desc-preproc_bold.nii.gz,/work/ioannou_lab/elizabeth.szentmiklo/abide_data/derivatives/fmriprep/ABIDE2/PITT/sub-50028/ses-1/func/sub-50028_ses-1_task-rest_run-1_desc-confounds_regressors.tsv,/work/ioannou_lab/elizabeth.szentmiklo/abide_data/atlases/cc200/cc200_roi_atlas.nii.gz,/work/ioannou_lab/elizabeth.szentmiklo/abide_data/derivatives/fmriprep/ABIDE2/PITT/sub-50028/ses-1/func/sub-50028_ses-1_task-rest_run-1_space-MNI152NLin2009cAsym_desc-brain_mask.nii.gz,1.5
ABIDE2,PITT_sub-50028_ses-2_run-1,/work/ioannou_lab/elizabeth.szentmiklo/abide_data/derivatives/fmriprep/ABIDE2/PITT/sub-50028/ses-2/func/sub-50028_ses-2_task-rest_run-1_space-MNI152NLin2009cAsym_desc-preproc_bold.nii.gz,/work/ioannou_lab/elizabeth.szentmiklo/abide_data/derivatives/fmriprep/ABIDE2/PITT/sub-50028/ses-2/func/sub-50028_ses-2_task-rest_run-1_desc-confounds_regressors.tsv,/work/ioannou_lab/elizabeth.szentmiklo/abide_data/atlases/cc200/cc200_roi_atlas.nii.gz,/work/ioannou_lab/elizabeth.szentmiklo/abide_data/derivatives/fmriprep/ABIDE2/PITT/sub-50028/ses-2/func/sub-50028_ses-2_task-rest_run-1_space-MNI152NLin2009cAsym_desc-brain_mask.nii.gz,1.5
ABIDE2,PITT_sub-50029_ses-1_run-1,/work/ioannou_lab/elizabeth.szentmiklo/abide_data/derivatives/fmriprep/ABIDE2/PITT/sub-50029/ses-1/func/sub-50029_ses-1_task-rest_run-1_space-MNI152NLin2009cAsym_desc-preproc_bold.nii.gz,/work/ioannou_lab/elizabeth.szentmiklo/abide_data/derivatives/fmriprep/ABIDE2/PITT/sub-50029/ses-1/func/sub-50029_ses-1_task-rest_run-1_desc-confounds_regressors.tsv,/work/ioannou_lab/elizabeth.szentmiklo/abide_data/atlases/cc200/cc200_roi_atlas.nii.gz,/work/ioannou_lab/elizabeth.szentmiklo/abide_data/derivatives/fmriprep/ABIDE2/PITT/sub-50029/ses-1/func/sub-50029_ses-1_task-rest_run-1_space-MNI152NLin2009cAsym_desc-brain_mask.nii.gz,1.5
ABIDE2,PITT_sub-50029_ses-2_run-1,/work/ioannou_lab/elizabeth.szentmiklo/abide_data/derivatives/fmriprep/ABIDE2/PITT/sub-50029/ses-2/func/sub-50029_ses-2_task-rest_run-1_space-MNI152NLin2009cAsym_desc-preproc_bold.nii.gz,/work/ioannou_lab/elizabeth.szentmiklo/abide_data/derivatives/fmriprep/ABIDE2/PITT/sub-50029/ses-2/func/sub-50029_ses-2_task-rest_run-1_desc-confounds_regressors.tsv,/work/ioannou_lab/elizabeth.szentmiklo/abide_data/atlases/cc200/cc200_roi_atlas.nii.gz,/work/ioannou_lab/elizabeth.szentmiklo/abide_data/derivatives/fmriprep/ABIDE2/PITT/sub-50029/ses-2/func/sub-50029_ses-2_task-rest_run-1_space-MNI152NLin2009cAsym_desc-brain_mask.nii.gz,1.5
ABIDE2,PITT_sub-50031_ses-1_run-1,/work/ioannou_lab/elizabeth.szentmiklo/abide_data/derivatives/fmriprep/ABIDE2/PITT/sub-50031/ses-1/func/sub-50031_ses-1_task-rest_run-1_space-MNI152NLin2009cAsym_desc-preproc_bold.nii.gz,/work/ioannou_lab/elizabeth.szentmiklo/abide_data/derivatives/fmriprep/ABIDE2/PITT/sub-50031/ses-1/func/sub-50031_ses-1_task-rest_run-1_desc-confounds_regressors.tsv,/work/ioannou_lab/elizabeth.szentmiklo/abide_data/atlases/cc200/cc200_roi_atlas.nii.gz,/work/ioannou_lab/elizabeth.szentmiklo/abide_data/derivatives/fmriprep/ABIDE2/PITT/sub-50031/ses-1/func/sub-50031_ses-1_task-rest_run-1_space-MNI152NLin2009cAsym_desc-brain_mask.nii.gz,1.5
ABIDE2,PITT_sub-50031_ses-2_run-1,/work/ioannou_lab/elizabeth.szentmiklo/abide_data/derivatives/fmriprep/ABIDE2/PITT/sub-50031/ses-2/func/sub-50031_ses-2_task-rest_run-1_space-MNI152NLin2009cAsym_desc-preproc_bold.nii.gz,/work/ioannou_lab/elizabeth.szentmiklo/abide_data/derivatives/fmriprep/ABIDE2/PITT/sub-50031/ses-2/func/sub-50031_ses-2_task-rest_run-1_desc-confounds_regressors.tsv,/work/ioannou_lab/elizabeth.szentmiklo/abide_data/atlases/cc200/cc200_roi_atlas.nii.gz,/work/ioannou_lab/elizabeth.szentmiklo/abide_data/derivatives/fmriprep/ABIDE2/PITT/sub-50031/ses-2/func/sub-50031_ses-2_task-rest_run-1_space-MNI152NLin2009cAsym_desc-brain_mask.nii.gz,1.5
ABIDE2,PITT_sub-50035_ses-1_run-1,/work/ioannou_lab/elizabeth.szentmiklo/abide_data/derivatives/fmriprep/ABIDE2/PITT/sub-50035/ses-1/func/sub-50035_ses-1_task-rest_run-1_space-MNI152NLin2009cAsym_desc-preproc_bold.nii.gz,/work/ioannou_lab/elizabeth.szentmiklo/abide_data/derivatives/fmriprep/ABIDE2/PITT/sub-50035/ses-1/func/sub-50035_ses-1_task-rest_run-1_desc-confounds_regressors.tsv,/work/ioannou_lab/elizabeth.szentmiklo/abide_data/atlases/cc200/cc200_roi_atlas.nii.gz,/work/ioannou_lab/elizabeth.szentmiklo/abide_data/derivatives/fmriprep/ABIDE2/PITT/sub-50035/ses-1/func/sub-50035_ses-1_task-rest_run-1_space-MNI152NLin2009cAsym_desc-brain_mask.nii.gz,1.5
ABIDE2,PITT_sub-50035_ses-2_run-1,/work/ioannou_lab/elizabeth.szentmiklo/abide_data/derivatives/fmriprep/ABIDE2/PITT/sub-50035/ses-2/func/sub-50035_ses-2_task-rest_run-1_space-MNI152NLin2009cAsym_desc-preproc_bold.nii.gz,/work/ioannou_lab/elizabeth.szentmiklo/abide_data/derivatives/fmriprep/ABIDE2/PITT/sub-50035/ses-2/func/sub-50035_ses-2_task-rest_run-1_desc-confounds_regressors.tsv,/work/ioannou_lab/elizabeth.szentmiklo/abide_data/atlases/cc200/cc200_roi_atlas.nii.gz,/work/ioannou_lab/elizabeth.szentmiklo/abide_data/derivatives/fmriprep/ABIDE2/PITT/sub-50035/ses-2/func/sub-50035_ses-2_task-rest_run-1_space-MNI152NLin2009cAsym_desc-brain_mask.nii.gz,1.5
ABIDE2,PITT_sub-50038_ses-1_run-1,/work/ioannou_lab/elizabeth.szentmiklo/abide_data/derivatives/fmriprep/ABIDE2/PITT/sub-50038/ses-1/func/sub-50038_ses-1_task-rest_run-1_space-MNI152NLin2009cAsym_desc-preproc_bold.nii.gz,/work/ioannou_lab/elizabeth.szentmiklo/abide_data/derivatives/fmriprep/ABIDE2/PITT/sub-50038/ses-1/func/sub-50038_ses-1_task-rest_run-1_desc-confounds_regressors.tsv,/work/ioannou_lab/elizabeth.szentmiklo/abide_data/atlases/cc200/cc200_roi_atlas.nii.gz,/work/ioannou_lab/elizabeth.szentmiklo/abide_data/derivatives/fmriprep/ABIDE2/PITT/sub-50038/ses-1/func/sub-50038_ses-1_task-rest_run-1_space-MNI152NLin2009cAsym_desc-brain_mask.nii.gz,1.5
ABIDE2,PITT_sub-50038_ses-2_run-1,/work/ioannou_lab/elizabeth.szentmiklo/abide_data/derivatives/fmriprep/ABIDE2/PITT/sub-50038/ses-2/func/sub-50038_ses-2_task-rest_run-1_space-MNI152NLin2009cAsym_desc-preproc_bold.nii.gz,/work/ioannou_lab/elizabeth.szentmiklo/abide_data/derivatives/fmriprep/ABIDE2/PITT/sub-50038/ses-2/func/sub-50038_ses-2_task-rest_run-1_desc-confounds_regressors.tsv,/work/ioannou_lab/elizabeth.szentmiklo/abide_data/atlases/cc200/cc200_roi_atlas.nii.gz,/work/ioannou_lab/elizabeth.szentmiklo/abide_data/derivatives/fmriprep/ABIDE2/PITT/sub-50038/ses-2/func/sub-50038_ses-2_task-rest_run-1_space-MNI152NLin2009cAsym_desc-brain_mask.nii.gz,1.5
ABIDE2,PITT_sub-50047_ses-1_run-1,/work/ioannou_lab/elizabeth.szentmiklo/abide_data/derivatives/fmriprep/ABIDE2/PITT/sub-50047/ses-1/func/sub-50047_ses-1_task-rest_run-1_space-MNI152NLin2009cAsym_desc-preproc_bold.nii.gz,/work/ioannou_lab/elizabeth.szentmiklo/abide_data/derivatives/fmriprep/ABIDE2/PITT/sub-50047/ses-1/func/sub-50047_ses-1_task-rest_run-1_desc-confounds_regressors.tsv,/work/ioannou_lab/elizabeth.szentmiklo/abide_data/atlases/cc200/cc200_roi_atlas.nii.gz,/work/ioannou_lab/elizabeth.szentmiklo/abide_data/derivatives/fmriprep/ABIDE2/PITT/sub-50047/ses-1/func/sub-50047_ses-1_task-rest_run-1_space-MNI152NLin2009cAsym_desc-brain_mask.nii.gz,1.5
ABIDE2,PITT_sub-50047_ses-2_run-1,/work/ioannou_lab/elizabeth.szentmiklo/abide_data/derivatives/fmriprep/ABIDE2/PITT/sub-50047/ses-2/func/sub-50047_ses-2_task-rest_run-1_space-MNI152NLin2009cAsym_desc-preproc_bold.nii.gz,/work/ioannou_lab/elizabeth.szentmiklo/abide_data/derivatives/fmriprep/ABIDE2/PITT/sub-50047/ses-2/func/sub-50047_ses-2_task-rest_run-1_desc-confounds_regressors.tsv,/work/ioannou_lab/elizabeth.szentmiklo/abide_data/atlases/cc200/cc200_roi_atlas.nii.gz,/work/ioannou_lab/elizabeth.szentmiklo/abide_data/derivatives/fmriprep/ABIDE2/PITT/sub-50047/ses-2/func/sub-50047_ses-2_task-rest_run-1_space-MNI152NLin2009cAsym_desc-brain_mask.nii.gz,1.5
ABIDE2,PITT_sub-50048_ses-1_run-1,/work/ioannou_lab/elizabeth.szentmiklo/abide_data/derivatives/fmriprep/ABIDE2/PITT/sub-50048/ses-1/func/sub-50048_ses-1_task-rest_run-1_space-MNI152NLin2009cAsym_desc-preproc_bold.nii.gz,/work/ioannou_lab/elizabeth.szentmiklo/abide_data/derivatives/fmriprep/ABIDE2/PITT/sub-50048/ses-1/func/sub-50048_ses-1_task-rest_run-1_desc-confounds_regressors.tsv,/work/ioannou_lab/elizabeth.szentmiklo/abide_data/atlases/cc200/cc200_roi_atlas.nii.gz,/work/ioannou_lab/elizabeth.szentmiklo/abide_data/derivatives/fmriprep/ABIDE2/PITT/sub-50048/ses-1/func/sub-50048_ses-1_task-rest_run-1_space-MNI152NLin2009cAsym_desc-brain_mask.nii.gz,1.5
ABIDE2,PITT_sub-50048_ses-2_run-1,/work/ioannou_lab/elizabeth.szentmiklo/abide_data/derivatives/fmriprep/ABIDE2/PITT/sub-50048/ses-2/func/sub-50048_ses-2_task-rest_run-1_space-MNI152NLin2009cAsym_desc-preproc_bold.nii.gz,/work/ioannou_lab/elizabeth.szentmiklo/abide_data/derivatives/fmriprep/ABIDE2/PITT/sub-50048/ses-2/func/sub-50048_ses-2_task-rest_run-1_desc-confounds_regressors.tsv,/work/ioannou_lab/elizabeth.szentmiklo/abide_data/atlases/cc200/cc200_roi_atlas.nii.gz,/work/ioannou_lab/elizabeth.szentmiklo/abide_data/derivatives/fmriprep/ABIDE2/PITT/sub-50048/ses-2/func/sub-50048_ses-2_task-rest_run-1_space-MNI152NLin2009cAsym_desc-brain_mask.nii.gz,1.5
ABIDE2,PITT_sub-50049_ses-1_run-1,/work/ioannou_lab/elizabeth.szentmiklo/abide_data/derivatives/fmriprep/ABIDE2/PITT/sub-50049/ses-1/func/sub-50049_ses-1_task-rest_run-1_space-MNI152NLin2009cAsym_desc-preproc_bold.nii.gz,/work/ioannou_lab/elizabeth.szentmiklo/abide_data/derivatives/fmriprep/ABIDE2/PITT/sub-50049/ses-1/func/sub-50049_ses-1_task-rest_run-1_desc-confounds_regressors.tsv,/work/ioannou_lab/elizabeth.szentmiklo/abide_data/atlases/cc200/cc200_roi_atlas.nii.gz,/work/ioannou_lab/elizabeth.szentmiklo/abide_data/derivatives/fmriprep/ABIDE2/PITT/sub-50049/ses-1/func/sub-50049_ses-1_task-rest_run-1_space-MNI152NLin2009cAsym_desc-brain_mask.nii.gz,1.5
ABIDE2,PITT_sub-50049_ses-2_run-1,/work/ioannou_lab/elizabeth.szentmiklo/abide_data/derivatives/fmriprep/ABIDE2/PITT/sub-50049/ses-2/func/sub-50049_ses-2_task-rest_run-1_space-MNI152NLin2009cAsym_desc-preproc_bold.nii.gz,/work/ioannou_lab/elizabeth.szentmiklo/abide_data/derivatives/fmriprep/ABIDE2/PITT/sub-50049/ses-2/func/sub-50049_ses-2_task-rest_run-1_desc-confounds_regressors.tsv,/work/ioannou_lab/elizabeth.szentmiklo/abide_data/atlases/cc200/cc200_roi_atlas.nii.gz,/work/ioannou_lab/elizabeth.szentmiklo/abide_data/derivatives/fmriprep/ABIDE2/PITT/sub-50049/ses-2/func/sub-50049_ses-2_task-rest_run-1_space-MNI152NLin2009cAsym_desc-brain_mask.nii.gz,1.5
ABIDE2,PITT_sub-50050_ses-1_run-1,/work/ioannou_lab/elizabeth.szentmiklo/abide_data/derivatives/fmriprep/ABIDE2/PITT/sub-50050/ses-1/func/sub-50050_ses-1_task-rest_run-1_space-MNI152NLin2009cAsym_desc-preproc_bold.nii.gz,/work/ioannou_lab/elizabeth.szentmiklo/abide_data/derivatives/fmriprep/ABIDE2/PITT/sub-50050/ses-1/func/sub-50050_ses-1_task-rest_run-1_desc-confounds_regressors.tsv,/work/ioannou_lab/elizabeth.szentmiklo/abide_data/atlases/cc200/cc200_roi_atlas.nii.gz,/work/ioannou_lab/elizabeth.szentmiklo/abide_data/derivatives/fmriprep/ABIDE2/PITT/sub-50050/ses-1/func/sub-50050_ses-1_task-rest_run-1_space-MNI152NLin2009cAsym_desc-brain_mask.nii.gz,1.5
ABIDE2,PITT_sub-50050_ses-2_run-1,/work/ioannou_lab/elizabeth.szentmiklo/abide_data/derivatives/fmriprep/ABIDE2/PITT/sub-50050/ses-2/func/sub-50050_ses-2_task-rest_run-1_space-MNI152NLin2009cAsym_desc-preproc_bold.nii.gz,/work/ioannou_lab/elizabeth.szentmiklo/abide_data/derivatives/fmriprep/ABIDE2/PITT/sub-50050/ses-2/func/sub-50050_ses-2_task-rest_run-1_desc-confounds_regressors.tsv,/work/ioannou_lab/elizabeth.szentmiklo/abide_data/atlases/cc200/cc200_roi_atlas.nii.gz,/work/ioannou_lab/elizabeth.szentmiklo/abide_data/derivatives/fmriprep/ABIDE2/PITT/sub-50050/ses-2/func/sub-50050_ses-2_task-rest_run-1_space-MNI152NLin2009cAsym_desc-brain_mask.nii.gz,1.5
ABIDE2,PITT_sub-50051_ses-1_run-1,/work/ioannou_lab/elizabeth.szentmiklo/abide_data/derivatives/fmriprep/ABIDE2/PITT/sub-50051/ses-1/func/sub-50051_ses-1_task-rest_run-1_space-MNI152NLin2009cAsym_desc-preproc_bold.nii.gz,/work/ioannou_lab/elizabeth.szentmiklo/abide_data/derivatives/fmriprep/ABIDE2/PITT/sub-50051/ses-1/func/sub-50051_ses-1_task-rest_run-1_desc-confounds_regressors.tsv,/work/ioannou_lab/elizabeth.szentmiklo/abide_data/atlases/cc200/cc200_roi_atlas.nii.gz,/work/ioannou_lab/elizabeth.szentmiklo/abide_data/derivatives/fmriprep/ABIDE2/PITT/sub-50051/ses-1/func/sub-50051_ses-1_task-rest_run-1_space-MNI152NLin2009cAsym_desc-brain_mask.nii.gz,1.5
ABIDE2,PITT_sub-50051_ses-2_run-1,/work/ioannou_lab/elizabeth.szentmiklo/abide_data/derivatives/fmriprep/ABIDE2/PITT/sub-50051/ses-2/func/sub-50051_ses-2_task-rest_run-1_space-MNI152NLin2009cAsym_desc-preproc_bold.nii.gz,/work/ioannou_lab/elizabeth.szentmiklo/abide_data/derivatives/fmriprep/ABIDE2/PITT/sub-50051/ses-2/func/sub-50051_ses-2_task-rest_run-1_desc-confounds_regressors.tsv,/work/ioannou_lab/elizabeth.szentmiklo/abide_data/atlases/cc200/cc200_roi_atlas.nii.gz,/work/ioannou_lab/elizabeth.szentmiklo/abide_data/derivatives/fmriprep/ABIDE2/PITT/sub-50051/ses-2/func/sub-50051_ses-2_task-rest_run-1_space-MNI152NLin2009cAsym_desc-brain_mask.nii.gz,1.5
ABIDE2,UCLA_1_sub-51270_ses-1_run-1,/work/ioannou_lab/elizabeth.szentmiklo/abide_data/derivatives/fmriprep/ABIDE2/UCLA_1/sub-51270/ses-1/func/sub-51270_ses-1_task-rest_run-1_space-MNI152NLin2009cAsym_desc-preproc_bold.nii.gz,/work/ioannou_lab/elizabeth.szentmiklo/abide_data/derivatives/fmriprep/ABIDE2/UCLA_1/sub-51270/ses-1/func/sub-51270_ses-1_task-rest_run-1_desc-confounds_regressors.tsv,/work/ioannou_lab/elizabeth.szentmiklo/abide_data/atlases/cc200/cc200_roi_atlas.nii.gz,/work/ioannou_lab/elizabeth.szentmiklo/abide_data/derivatives/fmriprep/ABIDE2/UCLA_1/sub-51270/ses-1/func/sub-51270_ses-1_task-rest_run-1_space-MNI152NLin2009cAsym_desc-brain_mask.nii.gz,3.0
ABIDE2,UCLA_1_sub-51270_ses-2_run-1,/work/ioannou_lab/elizabeth.szentmiklo/abide_data/derivatives/fmriprep/ABIDE2/UCLA_1/sub-51270/ses-2/func/sub-51270_ses-2_task-rest_run-1_space-MNI152NLin2009cAsym_desc-preproc_bold.nii.gz,/work/ioannou_lab/elizabeth.szentmiklo/abide_data/derivatives/fmriprep/ABIDE2/UCLA_1/sub-51270/ses-2/func/sub-51270_ses-2_task-rest_run-1_desc-confounds_regressors.tsv,/work/ioannou_lab/elizabeth.szentmiklo/abide_data/atlases/cc200/cc200_roi_atlas.nii.gz,/work/ioannou_lab/elizabeth.szentmiklo/abide_data/derivatives/fmriprep/ABIDE2/UCLA_1/sub-51270/ses-2/func/sub-51270_ses-2_task-rest_run-1_space-MNI152NLin2009cAsym_desc-brain_mask.nii.gz,3.0
ABIDE2,UCLA_2_sub-51292_ses-1_run-1,/work/ioannou_lab/elizabeth.szentmiklo/abide_data/derivatives/fmriprep/ABIDE2/UCLA_2/sub-51292/ses-1/func/sub-51292_ses-1_task-rest_run-1_space-MNI152NLin2009cAsym_desc-preproc_bold.nii.gz,/work/ioannou_lab/elizabeth.szentmiklo/abide_data/derivatives/fmriprep/ABIDE2/UCLA_2/sub-51292/ses-1/func/sub-51292_ses-1_task-rest_run-1_desc-confounds_regressors.tsv,/work/ioannou_lab/elizabeth.szentmiklo/abide_data/atlases/cc200/cc200_roi_atlas.nii.gz,/work/ioannou_lab/elizabeth.szentmiklo/abide_data/derivatives/fmriprep/ABIDE2/UCLA_2/sub-51292/ses-1/func/sub-51292_ses-1_task-rest_run-1_space-MNI152NLin2009cAsym_desc-brain_mask.nii.gz,3.0
ABIDE2,UCLA_2_sub-51292_ses-2_run-1,/work/ioannou_lab/elizabeth.szentmiklo/abide_data/derivatives/fmriprep/ABIDE2/UCLA_2/sub-51292/ses-2/func/sub-51292_ses-2_task-rest_run-1_space-MNI152NLin2009cAsym_desc-preproc_bold.nii.gz,/work/ioannou_lab/elizabeth.szentmiklo/abide_data/derivatives/fmriprep/ABIDE2/UCLA_2/sub-51292/ses-2/func/sub-51292_ses-2_task-rest_run-1_desc-confounds_regressors.tsv,/work/ioannou_lab/elizabeth.szentmiklo/abide_data/atlases/cc200/cc200_roi_atlas.nii.gz,/work/ioannou_lab/elizabeth.szentmiklo/abide_data/derivatives/fmriprep/ABIDE2/UCLA_2/sub-51292/ses-2/func/sub-51292_ses-2_task-rest_run-1_space-MNI152NLin2009cAsym_desc-brain_mask.nii.gz,3.0
ABIDE2,UCLA_2_sub-51312_ses-1_run-1,/work/ioannou_lab/elizabeth.szentmiklo/abide_data/derivatives/fmriprep/ABIDE2/UCLA_2/sub-51312/ses-1/func/sub-51312_ses-1_task-rest_run-1_space-MNI152NLin2009cAsym_desc-preproc_bold.nii.gz,/work/ioannou_lab/elizabeth.szentmiklo/abide_data/derivatives/fmriprep/ABIDE2/UCLA_2/sub-51312/ses-1/func/sub-51312_ses-1_task-rest_run-1_desc-confounds_regressors.tsv,/work/ioannou_lab/elizabeth.szentmiklo/abide_data/atlases/cc200/cc200_roi_atlas.nii.gz,/work/ioannou_lab/elizabeth.szentmiklo/abide_data/derivatives/fmriprep/ABIDE2/UCLA_2/sub-51312/ses-1/func/sub-51312_ses-1_task-rest_run-1_space-MNI152NLin2009cAsym_desc-brain_mask.nii.gz,3.0
ABIDE2,UCLA_2_sub-51312_ses-2_run-1,/work/ioannou_lab/elizabeth.szentmiklo/abide_data/derivatives/fmriprep/ABIDE2/UCLA_2/sub-51312/ses-2/func/sub-51312_ses-2_task-rest_run-1_space-MNI152NLin2009cAsym_desc-preproc_bold.nii.gz,/work/ioannou_lab/elizabeth.szentmiklo/abide_data/derivatives/fmriprep/ABIDE2/UCLA_2/sub-51312/ses-2/func/sub-51312_ses-2_task-rest_run-1_desc-confounds_regressors.tsv,/work/ioannou_lab/elizabeth.szentmiklo/abide_data/atlases/cc200/cc200_roi_atlas.nii.gz,/work/ioannou_lab/elizabeth.szentmiklo/abide_data/derivatives/fmriprep/ABIDE2/UCLA_2/sub-51312/ses-2/func/sub-51312_ses-2_task-rest_run-1_space-MNI152NLin2009cAsym_desc-brain_mask.nii.gz,3.0
ABIDE2,UCLA_2_sub-51313_ses-1_run-1,/work/ioannou_lab/elizabeth.szentmiklo/abide_data/derivatives/fmriprep/ABIDE2/UCLA_2/sub-51313/ses-1/func/sub-51313_ses-1_task-rest_run-1_space-MNI152NLin2009cAsym_desc-preproc_bold.nii.gz,/work/ioannou_lab/elizabeth.szentmiklo/abide_data/derivatives/fmriprep/ABIDE2/UCLA_2/sub-51313/ses-1/func/sub-51313_ses-1_task-rest_run-1_desc-confounds_regressors.tsv,/work/ioannou_lab/elizabeth.szentmiklo/abide_data/atlases/cc200/cc200_roi_atlas.nii.gz,/work/ioannou_lab/elizabeth.szentmiklo/abide_data/derivatives/fmriprep/ABIDE2/UCLA_2/sub-51313/ses-1/func/sub-51313_ses-1_task-rest_run-1_space-MNI152NLin2009cAsym_desc-brain_mask.nii.gz,3.0
ABIDE2,UCLA_2_sub-51313_ses-2_run-1,/work/ioannou_lab/elizabeth.szentmiklo/abide_data/derivatives/fmriprep/ABIDE2/UCLA_2/sub-51313/ses-2/func/sub-51313_ses-2_task-rest_run-1_space-MNI152NLin2009cAsym_desc-preproc_bold.nii.gz,/work/ioannou_lab/elizabeth.szentmiklo/abide_data/derivatives/fmriprep/ABIDE2/UCLA_2/sub-51313/ses-2/func/sub-51313_ses-2_task-rest_run-1_desc-confounds_regressors.tsv,/work/ioannou_lab/elizabeth.szentmiklo/abide_data/atlases/cc200/cc200_roi_atlas.nii.gz,/work/ioannou_lab/elizabeth.szentmiklo/abide_data/derivatives/fmriprep/ABIDE2/UCLA_2/sub-51313/ses-2/func/sub-51313_ses-2_task-rest_run-1_space-MNI152NLin2009cAsym_desc-brain_mask.nii.gz,3.0
ABIDE2,UCLA_2_sub-51315_ses-1_run-1,/work/ioannou_lab/elizabeth.szentmiklo/abide_data/derivatives/fmriprep/ABIDE2/UCLA_2/sub-51315/ses-1/func/sub-51315_ses-1_task-rest_run-1_space-MNI152NLin2009cAsym_desc-preproc_bold.nii.gz,/work/ioannou_lab/elizabeth.szentmiklo/abide_data/derivatives/fmriprep/ABIDE2/UCLA_2/sub-51315/ses-1/func/sub-51315_ses-1_task-rest_run-1_desc-confounds_regressors.tsv,/work/ioannou_lab/elizabeth.szentmiklo/abide_data/atlases/cc200/cc200_roi_atlas.nii.gz,/work/ioannou_lab/elizabeth.szentmiklo/abide_data/derivatives/fmriprep/ABIDE2/UCLA_2/sub-51315/ses-1/func/sub-51315_ses-1_task-rest_run-1_space-MNI152NLin2009cAsym_desc-brain_mask.nii.gz,3.0
ABIDE2,UCLA_2_sub-51315_ses-2_run-1,/work/ioannou_lab/elizabeth.szentmiklo/abide_data/derivatives/fmriprep/ABIDE2/UCLA_2/sub-51315/ses-2/func/sub-51315_ses-2_task-rest_run-1_space-MNI152NLin2009cAsym_desc-preproc_bold.nii.gz,/work/ioannou_lab/elizabeth.szentmiklo/abide_data/derivatives/fmriprep/ABIDE2/UCLA_2/sub-51315/ses-2/func/sub-51315_ses-2_task-rest_run-1_desc-confounds_regressors.tsv,/work/ioannou_lab/elizabeth.szentmiklo/abide_data/atlases/cc200/cc200_roi_atlas.nii.gz,/work/ioannou_lab/elizabeth.szentmiklo/abide_data/derivatives/fmriprep/ABIDE2/UCLA_2/sub-51315/ses-2/func/sub-51315_ses-2_task-rest_run-1_space-MNI152NLin2009cAsym_desc-brain_mask.nii.gz,3.0
ABIDE2,ABIDEII-GU_1_sub-28743_ses-1_run-1,/work/ioannou_lab/elizabeth.szentmiklo/abide_data/derivatives/fmriprep/ABIDE2/UNKNOWN/sub-28743/ses-1/func/sub-28743_ses-1_task-rest_run-1_space-MNI152NLin2009cAsym_desc-preproc_bold.nii.gz,/work/ioannou_lab/elizabeth.szentmiklo/abide_data/derivatives/fmriprep/ABIDE2/UNKNOWN/sub-28743/ses-1/func/sub-28743_ses-1_task-rest_run-1_desc-confounds_regressors.tsv,/work/ioannou_lab/elizabeth.szentmiklo/abide_data/atlases/cc200/cc200_roi_atlas.nii.gz,/work/ioannou_lab/elizabeth.szentmiklo/abide_data/derivatives/fmriprep/ABIDE2/UNKNOWN/sub-28743/ses-1/func/sub-28743_ses-1_task-rest_run-1_space-MNI152NLin2009cAsym_desc-brain_mask.nii.gz,2.0
ABIDE2,ABIDEII-GU_1_sub-28746_ses-1_run-1,/work/ioannou_lab/elizabeth.szentmiklo/abide_data/derivatives/fmriprep/ABIDE2/UNKNOWN/sub-28746/ses-1/func/sub-28746_ses-1_task-rest_run-1_space-MNI152NLin2009cAsym_desc-preproc_bold.nii.gz,/work/ioannou_lab/elizabeth.szentmiklo/abide_data/derivatives/fmriprep/ABIDE2/UNKNOWN/sub-28746/ses-1/func/sub-28746_ses-1_task-rest_run-1_desc-confounds_regressors.tsv,/work/ioannou_lab/elizabeth.szentmiklo/abide_data/atlases/cc200/cc200_roi_atlas.nii.gz,/work/ioannou_lab/elizabeth.szentmiklo/abide_data/derivatives/fmriprep/ABIDE2/UNKNOWN/sub-28746/ses-1/func/sub-28746_ses-1_task-rest_run-1_space-MNI152NLin2009cAsym_desc-brain_mask.nii.gz,2.0
ABIDE2,ABIDEII-GU_1_sub-28747_ses-1_run-1,/work/ioannou_lab/elizabeth.szentmiklo/abide_data/derivatives/fmriprep/ABIDE2/UNKNOWN/sub-28747/ses-1/func/sub-28747_ses-1_task-rest_run-1_space-MNI152NLin2009cAsym_desc-preproc_bold.nii.gz,/work/ioannou_lab/elizabeth.szentmiklo/abide_data/derivatives/fmriprep/ABIDE2/UNKNOWN/sub-28747/ses-1/func/sub-28747_ses-1_task-rest_run-1_desc-confounds_regressors.tsv,/work/ioannou_lab/elizabeth.szentmiklo/abide_data/atlases/cc200/cc200_roi_atlas.nii.gz,/work/ioannou_lab/elizabeth.szentmiklo/abide_data/derivatives/fmriprep/ABIDE2/UNKNOWN/sub-28747/ses-1/func/sub-28747_ses-1_task-rest_run-1_space-MNI152NLin2009cAsym_desc-brain_mask.nii.gz,2.0
ABIDE2,ABIDEII-GU_1_sub-28748_ses-1_run-1,/work/ioannou_lab/elizabeth.szentmiklo/abide_data/derivatives/fmriprep/ABIDE2/UNKNOWN/sub-28748/ses-1/func/sub-28748_ses-1_task-rest_run-1_space-MNI152NLin2009cAsym_desc-preproc_bold.nii.gz,/work/ioannou_lab/elizabeth.szentmiklo/abide_data/derivatives/fmriprep/ABIDE2/UNKNOWN/sub-28748/ses-1/func/sub-28748_ses-1_task-rest_run-1_desc-confounds_regressors.tsv,/work/ioannou_lab/elizabeth.szentmiklo/abide_data/atlases/cc200/cc200_roi_atlas.nii.gz,/work/ioannou_lab/elizabeth.szentmiklo/abide_data/derivatives/fmriprep/ABIDE2/UNKNOWN/sub-28748/ses-1/func/sub-28748_ses-1_task-rest_run-1_space-MNI152NLin2009cAsym_desc-brain_mask.nii.gz,2.0
ABIDE2,ABIDEII-GU_1_sub-28749_ses-1_run-1,/work/ioannou_lab/elizabeth.szentmiklo/abide_data/derivatives/fmriprep/ABIDE2/UNKNOWN/sub-28749/ses-1/func/sub-28749_ses-1_task-rest_run-1_space-MNI152NLin2009cAsym_desc-preproc_bold.nii.gz,/work/ioannou_lab/elizabeth.szentmiklo/abide_data/derivatives/fmriprep/ABIDE2/UNKNOWN/sub-28749/ses-1/func/sub-28749_ses-1_task-rest_run-1_desc-confounds_regressors.tsv,/work/ioannou_lab/elizabeth.szentmiklo/abide_data/atlases/cc200/cc200_roi_atlas.nii.gz,/work/ioannou_lab/elizabeth.szentmiklo/abide_data/derivatives/fmriprep/ABIDE2/UNKNOWN/sub-28749/ses-1/func/sub-28749_ses-1_task-rest_run-1_space-MNI152NLin2009cAsym_desc-brain_mask.nii.gz,2.0
ABIDE2,ABIDEII-GU_1_sub-28750_ses-1_run-1,/work/ioannou_lab/elizabeth.szentmiklo/abide_data/derivatives/fmriprep/ABIDE2/UNKNOWN/sub-28750/ses-1/func/sub-28750_ses-1_task-rest_run-1_space-MNI152NLin2009cAsym_desc-preproc_bold.nii.gz,/work/ioannou_lab/elizabeth.szentmiklo/abide_data/derivatives/fmriprep/ABIDE2/UNKNOWN/sub-28750/ses-1/func/sub-28750_ses-1_task-rest_run-1_desc-confounds_regressors.tsv,/work/ioannou_lab/elizabeth.szentmiklo/abide_data/atlases/cc200/cc200_roi_atlas.nii.gz,/work/ioannou_lab/elizabeth.szentmiklo/abide_data/derivatives/fmriprep/ABIDE2/UNKNOWN/sub-28750/ses-1/func/sub-28750_ses-1_task-rest_run-1_space-MNI152NLin2009cAsym_desc-brain_mask.nii.gz,2.0
ABIDE2,ABIDEII-GU_1_sub-28752_ses-1_run-1,/work/ioannou_lab/elizabeth.szentmiklo/abide_data/derivatives/fmriprep/ABIDE2/UNKNOWN/sub-28752/ses-1/func/sub-28752_ses-1_task-rest_run-1_space-MNI152NLin2009cAsym_desc-preproc_bold.nii.gz,/work/ioannou_lab/elizabeth.szentmiklo/abide_data/derivatives/fmriprep/ABIDE2/UNKNOWN/sub-28752/ses-1/func/sub-28752_ses-1_task-rest_run-1_desc-confounds_regressors.tsv,/work/ioannou_lab/elizabeth.szentmiklo/abide_data/atlases/cc200/cc200_roi_atlas.nii.gz,/work/ioannou_lab/elizabeth.szentmiklo/abide_data/derivatives/fmriprep/ABIDE2/UNKNOWN/sub-28752/ses-1/func/sub-28752_ses-1_task-rest_run-1_space-MNI152NLin2009cAsym_desc-brain_mask.nii.gz,2.0
ABIDE2,ABIDEII-GU_1_sub-28753_ses-1_run-1,/work/ioannou_lab/elizabeth.szentmiklo/abide_data/derivatives/fmriprep/ABIDE2/UNKNOWN/sub-28753/ses-1/func/sub-28753_ses-1_task-rest_run-1_space-MNI152NLin2009cAsym_desc-preproc_bold.nii.gz,/work/ioannou_lab/elizabeth.szentmiklo/abide_data/derivatives/fmriprep/ABIDE2/UNKNOWN/sub-28753/ses-1/func/sub-28753_ses-1_task-rest_run-1_desc-confounds_regressors.tsv,/work/ioannou_lab/elizabeth.szentmiklo/abide_data/atlases/cc200/cc200_roi_atlas.nii.gz,/work/ioannou_lab/elizabeth.szentmiklo/abide_data/derivatives/fmriprep/ABIDE2/UNKNOWN/sub-28753/ses-1/func/sub-28753_ses-1_task-rest_run-1_space-MNI152NLin2009cAsym_desc-brain_mask.nii.gz,2.0
ABIDE2,ABIDEII-GU_1_sub-28754_ses-1_run-1,/work/ioannou_lab/elizabeth.szentmiklo/abide_data/derivatives/fmriprep/ABIDE2/UNKNOWN/sub-28754/ses-1/func/sub-28754_ses-1_task-rest_run-1_space-MNI152NLin2009cAsym_desc-preproc_bold.nii.gz,/work/ioannou_lab/elizabeth.szentmiklo/abide_data/derivatives/fmriprep/ABIDE2/UNKNOWN/sub-28754/ses-1/func/sub-28754_ses-1_task-rest_run-1_desc-confounds_regressors.tsv,/work/ioannou_lab/elizabeth.szentmiklo/abide_data/atlases/cc200/cc200_roi_atlas.nii.gz,/work/ioannou_lab/elizabeth.szentmiklo/abide_data/derivatives/fmriprep/ABIDE2/UNKNOWN/sub-28754/ses-1/func/sub-28754_ses-1_task-rest_run-1_space-MNI152NLin2009cAsym_desc-brain_mask.nii.gz,2.0
ABIDE2,ABIDEII-GU_1_sub-28760_ses-1_run-1,/work/ioannou_lab/elizabeth.szentmiklo/abide_data/derivatives/fmriprep/ABIDE2/UNKNOWN/sub-28760/ses-1/func/sub-28760_ses-1_task-rest_run-1_space-MNI152NLin2009cAsym_desc-preproc_bold.nii.gz,/work/ioannou_lab/elizabeth.szentmiklo/abide_data/derivatives/fmriprep/ABIDE2/UNKNOWN/sub-28760/ses-1/func/sub-28760_ses-1_task-rest_run-1_desc-confounds_regressors.tsv,/work/ioannou_lab/elizabeth.szentmiklo/abide_data/atlases/cc200/cc200_roi_atlas.nii.gz,/work/ioannou_lab/elizabeth.szentmiklo/abide_data/derivatives/fmriprep/ABIDE2/UNKNOWN/sub-28760/ses-1/func/sub-28760_ses-1_task-rest_run-1_space-MNI152NLin2009cAsym_desc-brain_mask.nii.gz,2.0
ABIDE2,ABIDEII-GU_1_sub-28784_ses-1_run-1,/work/ioannou_lab/elizabeth.szentmiklo/abide_data/derivatives/fmriprep/ABIDE2/UNKNOWN/sub-28784/ses-1/func/sub-28784_ses-1_task-rest_run-1_space-MNI152NLin2009cAsym_desc-preproc_bold.nii.gz,/work/ioannou_lab/elizabeth.szentmiklo/abide_data/derivatives/fmriprep/ABIDE2/UNKNOWN/sub-28784/ses-1/func/sub-28784_ses-1_task-rest_run-1_desc-confounds_regressors.tsv,/work/ioannou_lab/elizabeth.szentmiklo/abide_data/atlases/cc200/cc200_roi_atlas.nii.gz,/work/ioannou_lab/elizabeth.szentmiklo/abide_data/derivatives/fmriprep/ABIDE2/UNKNOWN/sub-28784/ses-1/func/sub-28784_ses-1_task-rest_run-1_space-MNI152NLin2009cAsym_desc-brain_mask.nii.gz,2.0
ABIDE2,ABIDEII-GU_1_sub-28785_ses-1_run-1,/work/ioannou_lab/elizabeth.szentmiklo/abide_data/derivatives/fmriprep/ABIDE2/UNKNOWN/sub-28785/ses-1/func/sub-28785_ses-1_task-rest_run-1_space-MNI152NLin2009cAsym_desc-preproc_bold.nii.gz,/work/ioannou_lab/elizabeth.szentmiklo/abide_data/derivatives/fmriprep/ABIDE2/UNKNOWN/sub-28785/ses-1/func/sub-28785_ses-1_task-rest_run-1_desc-confounds_regressors.tsv,/work/ioannou_lab/elizabeth.szentmiklo/abide_data/atlases/cc200/cc200_roi_atlas.nii.gz,/work/ioannou_lab/elizabeth.szentmiklo/abide_data/derivatives/fmriprep/ABIDE2/UNKNOWN/sub-28785/ses-1/func/sub-28785_ses-1_task-rest_run-1_space-MNI152NLin2009cAsym_desc-brain_mask.nii.gz,2.0
ABIDE2,ABIDEII-GU_1_sub-28787_ses-1_run-1,/work/ioannou_lab/elizabeth.szentmiklo/abide_data/derivatives/fmriprep/ABIDE2/UNKNOWN/sub-28787/ses-1/func/sub-28787_ses-1_task-rest_run-1_space-MNI152NLin2009cAsym_desc-preproc_bold.nii.gz,/work/ioannou_lab/elizabeth.szentmiklo/abide_data/derivatives/fmriprep/ABIDE2/UNKNOWN/sub-28787/ses-1/func/sub-28787_ses-1_task-rest_run-1_desc-confounds_regressors.tsv,/work/ioannou_lab/elizabeth.szentmiklo/abide_data/atlases/cc200/cc200_roi_atlas.nii.gz,/work/ioannou_lab/elizabeth.szentmiklo/abide_data/derivatives/fmriprep/ABIDE2/UNKNOWN/sub-28787/ses-1/func/sub-28787_ses-1_task-rest_run-1_space-MNI152NLin2009cAsym_desc-brain_mask.nii.gz,2.0
ABIDE2,ABIDEII-GU_1_sub-28790_ses-1_run-1,/work/ioannou_lab/elizabeth.szentmiklo/abide_data/derivatives/fmriprep/ABIDE2/UNKNOWN/sub-28790/ses-1/func/sub-28790_ses-1_task-rest_run-1_space-MNI152NLin2009cAsym_desc-preproc_bold.nii.gz,/work/ioannou_lab/elizabeth.szentmiklo/abide_data/derivatives/fmriprep/ABIDE2/UNKNOWN/sub-28790/ses-1/func/sub-28790_ses-1_task-rest_run-1_desc-confounds_regressors.tsv,/work/ioannou_lab/elizabeth.szentmiklo/abide_data/atlases/cc200/cc200_roi_atlas.nii.gz,/work/ioannou_lab/elizabeth.szentmiklo/abide_data/derivatives/fmriprep/ABIDE2/UNKNOWN/sub-28790/ses-1/func/sub-28790_ses-1_task-rest_run-1_space-MNI152NLin2009cAsym_desc-brain_mask.nii.gz,2.0
ABIDE2,ABIDEII-GU_1_sub-28791_ses-1_run-1,/work/ioannou_lab/elizabeth.szentmiklo/abide_data/derivatives/fmriprep/ABIDE2/UNKNOWN/sub-28791/ses-1/func/sub-28791_ses-1_task-rest_run-1_space-MNI152NLin2009cAsym_desc-preproc_bold.nii.gz,/work/ioannou_lab/elizabeth.szentmiklo/abide_data/derivatives/fmriprep/ABIDE2/UNKNOWN/sub-28791/ses-1/func/sub-28791_ses-1_task-rest_run-1_desc-confounds_regressors.tsv,/work/ioannou_lab/elizabeth.szentmiklo/abide_data/atlases/cc200/cc200_roi_atlas.nii.gz,/work/ioannou_lab/elizabeth.szentmiklo/abide_data/derivatives/fmriprep/ABIDE2/UNKNOWN/sub-28791/ses-1/func/sub-28791_ses-1_task-rest_run-1_space-MNI152NLin2009cAsym_desc-brain_mask.nii.gz,2.0
ABIDE2,ABIDEII-GU_1_sub-28792_ses-1_run-1,/work/ioannou_lab/elizabeth.szentmiklo/abide_data/derivatives/fmriprep/ABIDE2/UNKNOWN/sub-28792/ses-1/func/sub-28792_ses-1_task-rest_run-1_space-MNI152NLin2009cAsym_desc-preproc_bold.nii.gz,/work/ioannou_lab/elizabeth.szentmiklo/abide_data/derivatives/fmriprep/ABIDE2/UNKNOWN/sub-28792/ses-1/func/sub-28792_ses-1_task-rest_run-1_desc-confounds_regressors.tsv,/work/ioannou_lab/elizabeth.szentmiklo/abide_data/atlases/cc200/cc200_roi_atlas.nii.gz,/work/ioannou_lab/elizabeth.szentmiklo/abide_data/derivatives/fmriprep/ABIDE2/UNKNOWN/sub-28792/ses-1/func/sub-28792_ses-1_task-rest_run-1_space-MNI152NLin2009cAsym_desc-brain_mask.nii.gz,2.0
ABIDE2,ABIDEII-GU_1_sub-28795_ses-1_run-1,/work/ioannou_lab/elizabeth.szentmiklo/abide_data/derivatives/fmriprep/ABIDE2/UNKNOWN/sub-28795/ses-1/func/sub-28795_ses-1_task-rest_run-1_space-MNI152NLin2009cAsym_desc-preproc_bold.nii.gz,/work/ioannou_lab/elizabeth.szentmiklo/abide_data/derivatives/fmriprep/ABIDE2/UNKNOWN/sub-28795/ses-1/func/sub-28795_ses-1_task-rest_run-1_desc-confounds_regressors.tsv,/work/ioannou_lab/elizabeth.szentmiklo/abide_data/atlases/cc200/cc200_roi_atlas.nii.gz,/work/ioannou_lab/elizabeth.szentmiklo/abide_data/derivatives/fmriprep/ABIDE2/UNKNOWN/sub-28795/ses-1/func/sub-28795_ses-1_task-rest_run-1_space-MNI152NLin2009cAsym_desc-brain_mask.nii.gz,2.0
ABIDE2,ABIDEII-GU_1_sub-28797_ses-1_run-1,/work/ioannou_lab/elizabeth.szentmiklo/abide_data/derivatives/fmriprep/ABIDE2/UNKNOWN/sub-28797/ses-1/func/sub-28797_ses-1_task-rest_run-1_space-MNI152NLin2009cAsym_desc-preproc_bold.nii.gz,/work/ioannou_lab/elizabeth.szentmiklo/abide_data/derivatives/fmriprep/ABIDE2/UNKNOWN/sub-28797/ses-1/func/sub-28797_ses-1_task-rest_run-1_desc-confounds_regressors.tsv,/work/ioannou_lab/elizabeth.szentmiklo/abide_data/atlases/cc200/cc200_roi_atlas.nii.gz,/work/ioannou_lab/elizabeth.szentmiklo/abide_data/derivatives/fmriprep/ABIDE2/UNKNOWN/sub-28797/ses-1/func/sub-28797_ses-1_task-rest_run-1_space-MNI152NLin2009cAsym_desc-brain_mask.nii.gz,2.0
ABIDE2,ABIDEII-GU_1_sub-28798_ses-1_run-1,/work/ioannou_lab/elizabeth.szentmiklo/abide_data/derivatives/fmriprep/ABIDE2/UNKNOWN/sub-28798/ses-1/func/sub-28798_ses-1_task-rest_run-1_space-MNI152NLin2009cAsym_desc-preproc_bold.nii.gz,/work/ioannou_lab/elizabeth.szentmiklo/abide_data/derivatives/fmriprep/ABIDE2/UNKNOWN/sub-28798/ses-1/func/sub-28798_ses-1_task-rest_run-1_desc-confounds_regressors.tsv,/work/ioannou_lab/elizabeth.szentmiklo/abide_data/atlases/cc200/cc200_roi_atlas.nii.gz,/work/ioannou_lab/elizabeth.szentmiklo/abide_data/derivatives/fmriprep/ABIDE2/UNKNOWN/sub-28798/ses-1/func/sub-28798_ses-1_task-rest_run-1_space-MNI152NLin2009cAsym_desc-brain_mask.nii.gz,2.0
ABIDE2,ABIDEII-GU_1_sub-28800_ses-1_run-1,/work/ioannou_lab/elizabeth.szentmiklo/abide_data/derivatives/fmriprep/ABIDE2/UNKNOWN/sub-28800/ses-1/func/sub-28800_ses-1_task-rest_run-1_space-MNI152NLin2009cAsym_desc-preproc_bold.nii.gz,/work/ioannou_lab/elizabeth.szentmiklo/abide_data/derivatives/fmriprep/ABIDE2/UNKNOWN/sub-28800/ses-1/func/sub-28800_ses-1_task-rest_run-1_desc-confounds_regressors.tsv,/work/ioannou_lab/elizabeth.szentmiklo/abide_data/atlases/cc200/cc200_roi_atlas.nii.gz,/work/ioannou_lab/elizabeth.szentmiklo/abide_data/derivatives/fmriprep/ABIDE2/UNKNOWN/sub-28800/ses-1/func/sub-28800_ses-1_task-rest_run-1_space-MNI152NLin2009cAsym_desc-brain_mask.nii.gz,2.0
ABIDE2,ABIDEII-GU_1_sub-28801_ses-1_run-1,/work/ioannou_lab/elizabeth.szentmiklo/abide_data/derivatives/fmriprep/ABIDE2/UNKNOWN/sub-28801/ses-1/func/sub-28801_ses-1_task-rest_run-1_space-MNI152NLin2009cAsym_desc-preproc_bold.nii.gz,/work/ioannou_lab/elizabeth.szentmiklo/abide_data/derivatives/fmriprep/ABIDE2/UNKNOWN/sub-28801/ses-1/func/sub-28801_ses-1_task-rest_run-1_desc-confounds_regressors.tsv,/work/ioannou_lab/elizabeth.szentmiklo/abide_data/atlases/cc200/cc200_roi_atlas.nii.gz,/work/ioannou_lab/elizabeth.szentmiklo/abide_data/derivatives/fmriprep/ABIDE2/UNKNOWN/sub-28801/ses-1/func/sub-28801_ses-1_task-rest_run-1_space-MNI152NLin2009cAsym_desc-brain_mask.nii.gz,2.0
ABIDE2,ABIDEII-GU_1_sub-28803_ses-1_run-1,/work/ioannou_lab/elizabeth.szentmiklo/abide_data/derivatives/fmriprep/ABIDE2/UNKNOWN/sub-28803/ses-1/func/sub-28803_ses-1_task-rest_run-1_space-MNI152NLin2009cAsym_desc-preproc_bold.nii.gz,/work/ioannou_lab/elizabeth.szentmiklo/abide_data/derivatives/fmriprep/ABIDE2/UNKNOWN/sub-28803/ses-1/func/sub-28803_ses-1_task-rest_run-1_desc-confounds_regressors.tsv,/work/ioannou_lab/elizabeth.szentmiklo/abide_data/atlases/cc200/cc200_roi_atlas.nii.gz,/work/ioannou_lab/elizabeth.szentmiklo/abide_data/derivatives/fmriprep/ABIDE2/UNKNOWN/sub-28803/ses-1/func/sub-28803_ses-1_task-rest_run-1_space-MNI152NLin2009cAsym_desc-brain_mask.nii.gz,2.0
ABIDE2,ABIDEII-GU_1_sub-28804_ses-1_run-1,/work/ioannou_lab/elizabeth.szentmiklo/abide_data/derivatives/fmriprep/ABIDE2/UNKNOWN/sub-28804/ses-1/func/sub-28804_ses-1_task-rest_run-1_space-MNI152NLin2009cAsym_desc-preproc_bold.nii.gz,/work/ioannou_lab/elizabeth.szentmiklo/abide_data/derivatives/fmriprep/ABIDE2/UNKNOWN/sub-28804/ses-1/func/sub-28804_ses-1_task-rest_run-1_desc-confounds_regressors.tsv,/work/ioannou_lab/elizabeth.szentmiklo/abide_data/atlases/cc200/cc200_roi_atlas.nii.gz,/work/ioannou_lab/elizabeth.szentmiklo/abide_data/derivatives/fmriprep/ABIDE2/UNKNOWN/sub-28804/ses-1/func/sub-28804_ses-1_task-rest_run-1_space-MNI152NLin2009cAsym_desc-brain_mask.nii.gz,2.0
ABIDE2,ABIDEII-GU_1_sub-28805_ses-1_run-1,/work/ioannou_lab/elizabeth.szentmiklo/abide_data/derivatives/fmriprep/ABIDE2/UNKNOWN/sub-28805/ses-1/func/sub-28805_ses-1_task-rest_run-1_space-MNI152NLin2009cAsym_desc-preproc_bold.nii.gz,/work/ioannou_lab/elizabeth.szentmiklo/abide_data/derivatives/fmriprep/ABIDE2/UNKNOWN/sub-28805/ses-1/func/sub-28805_ses-1_task-rest_run-1_desc-confounds_regressors.tsv,/work/ioannou_lab/elizabeth.szentmiklo/abide_data/atlases/cc200/cc200_roi_atlas.nii.gz,/work/ioannou_lab/elizabeth.szentmiklo/abide_data/derivatives/fmriprep/ABIDE2/UNKNOWN/sub-28805/ses-1/func/sub-28805_ses-1_task-rest_run-1_space-MNI152NLin2009cAsym_desc-brain_mask.nii.gz,2.0
ABIDE2,ABIDEII-GU_1_sub-28806_ses-1_run-1,/work/ioannou_lab/elizabeth.szentmiklo/abide_data/derivatives/fmriprep/ABIDE2/UNKNOWN/sub-28806/ses-1/func/sub-28806_ses-1_task-rest_run-1_space-MNI152NLin2009cAsym_desc-preproc_bold.nii.gz,/work/ioannou_lab/elizabeth.szentmiklo/abide_data/derivatives/fmriprep/ABIDE2/UNKNOWN/sub-28806/ses-1/func/sub-28806_ses-1_task-rest_run-1_desc-confounds_regressors.tsv,/work/ioannou_lab/elizabeth.szentmiklo/abide_data/atlases/cc200/cc200_roi_atlas.nii.gz,/work/ioannou_lab/elizabeth.szentmiklo/abide_data/derivatives/fmriprep/ABIDE2/UNKNOWN/sub-28806/ses-1/func/sub-28806_ses-1_task-rest_run-1_space-MNI152NLin2009cAsym_desc-brain_mask.nii.gz,2.0
ABIDE2,ABIDEII-GU_1_sub-28807_ses-1_run-1,/work/ioannou_lab/elizabeth.szentmiklo/abide_data/derivatives/fmriprep/ABIDE2/UNKNOWN/sub-28807/ses-1/func/sub-28807_ses-1_task-rest_run-1_space-MNI152NLin2009cAsym_desc-preproc_bold.nii.gz,/work/ioannou_lab/elizabeth.szentmiklo/abide_data/derivatives/fmriprep/ABIDE2/UNKNOWN/sub-28807/ses-1/func/sub-28807_ses-1_task-rest_run-1_desc-confounds_regressors.tsv,/work/ioannou_lab/elizabeth.szentmiklo/abide_data/atlases/cc200/cc200_roi_atlas.nii.gz,/work/ioannou_lab/elizabeth.szentmiklo/abide_data/derivatives/fmriprep/ABIDE2/UNKNOWN/sub-28807/ses-1/func/sub-28807_ses-1_task-rest_run-1_space-MNI152NLin2009cAsym_desc-brain_mask.nii.gz,2.0
ABIDE2,ABIDEII-GU_1_sub-28808_ses-1_run-1,/work/ioannou_lab/elizabeth.szentmiklo/abide_data/derivatives/fmriprep/ABIDE2/UNKNOWN/sub-28808/ses-1/func/sub-28808_ses-1_task-rest_run-1_space-MNI152NLin2009cAsym_desc-preproc_bold.nii.gz,/work/ioannou_lab/elizabeth.szentmiklo/abide_data/derivatives/fmriprep/ABIDE2/UNKNOWN/sub-28808/ses-1/func/sub-28808_ses-1_task-rest_run-1_desc-confounds_regressors.tsv,/work/ioannou_lab/elizabeth.szentmiklo/abide_data/atlases/cc200/cc200_roi_atlas.nii.gz,/work/ioannou_lab/elizabeth.szentmiklo/abide_data/derivatives/fmriprep/ABIDE2/UNKNOWN/sub-28808/ses-1/func/sub-28808_ses-1_task-rest_run-1_space-MNI152NLin2009cAsym_desc-brain_mask.nii.gz,2.0
ABIDE2,ABIDEII-GU_1_sub-28809_ses-1_run-1,/work/ioannou_lab/elizabeth.szentmiklo/abide_data/derivatives/fmriprep/ABIDE2/UNKNOWN/sub-28809/ses-1/func/sub-28809_ses-1_task-rest_run-1_space-MNI152NLin2009cAsym_desc-preproc_bold.nii.gz,/work/ioannou_lab/elizabeth.szentmiklo/abide_data/derivatives/fmriprep/ABIDE2/UNKNOWN/sub-28809/ses-1/func/sub-28809_ses-1_task-rest_run-1_desc-confounds_regressors.tsv,/work/ioannou_lab/elizabeth.szentmiklo/abide_data/atlases/cc200/cc200_roi_atlas.nii.gz,/work/ioannou_lab/elizabeth.szentmiklo/abide_data/derivatives/fmriprep/ABIDE2/UNKNOWN/sub-28809/ses-1/func/sub-28809_ses-1_task-rest_run-1_space-MNI152NLin2009cAsym_desc-brain_mask.nii.gz,2.0
ABIDE2,ABIDEII-GU_1_sub-28810_ses-1_run-1,/work/ioannou_lab/elizabeth.szentmiklo/abide_data/derivatives/fmriprep/ABIDE2/UNKNOWN/sub-28810/ses-1/func/sub-28810_ses-1_task-rest_run-1_space-MNI152NLin2009cAsym_desc-preproc_bold.nii.gz,/work/ioannou_lab/elizabeth.szentmiklo/abide_data/derivatives/fmriprep/ABIDE2/UNKNOWN/sub-28810/ses-1/func/sub-28810_ses-1_task-rest_run-1_desc-confounds_regressors.tsv,/work/ioannou_lab/elizabeth.szentmiklo/abide_data/atlases/cc200/cc200_roi_atlas.nii.gz,/work/ioannou_lab/elizabeth.szentmiklo/abide_data/derivatives/fmriprep/ABIDE2/UNKNOWN/sub-28810/ses-1/func/sub-28810_ses-1_task-rest_run-1_space-MNI152NLin2009cAsym_desc-brain_mask.nii.gz,2.0
ABIDE2,ABIDEII-GU_1_sub-28811_ses-1_run-1,/work/ioannou_lab/elizabeth.szentmiklo/abide_data/derivatives/fmriprep/ABIDE2/UNKNOWN/sub-28811/ses-1/func/sub-28811_ses-1_task-rest_run-1_space-MNI152NLin2009cAsym_desc-preproc_bold.nii.gz,/work/ioannou_lab/elizabeth.szentmiklo/abide_data/derivatives/fmriprep/ABIDE2/UNKNOWN/sub-28811/ses-1/func/sub-28811_ses-1_task-rest_run-1_desc-confounds_regressors.tsv,/work/ioannou_lab/elizabeth.szentmiklo/abide_data/atlases/cc200/cc200_roi_atlas.nii.gz,/work/ioannou_lab/elizabeth.szentmiklo/abide_data/derivatives/fmriprep/ABIDE2/UNKNOWN/sub-28811/ses-1/func/sub-28811_ses-1_task-rest_run-1_space-MNI152NLin2009cAsym_desc-brain_mask.nii.gz,2.0
ABIDE2,ABIDEII-GU_1_sub-28812_ses-1_run-1,/work/ioannou_lab/elizabeth.szentmiklo/abide_data/derivatives/fmriprep/ABIDE2/UNKNOWN/sub-28812/ses-1/func/sub-28812_ses-1_task-rest_run-1_space-MNI152NLin2009cAsym_desc-preproc_bold.nii.gz,/work/ioannou_lab/elizabeth.szentmiklo/abide_data/derivatives/fmriprep/ABIDE2/UNKNOWN/sub-28812/ses-1/func/sub-28812_ses-1_task-rest_run-1_desc-confounds_regressors.tsv,/work/ioannou_lab/elizabeth.szentmiklo/abide_data/atlases/cc200/cc200_roi_atlas.nii.gz,/work/ioannou_lab/elizabeth.szentmiklo/abide_data/derivatives/fmriprep/ABIDE2/UNKNOWN/sub-28812/ses-1/func/sub-28812_ses-1_task-rest_run-1_space-MNI152NLin2009cAsym_desc-brain_mask.nii.gz,2.0
ABIDE2,ABIDEII-GU_1_sub-28814_ses-1_run-1,/work/ioannou_lab/elizabeth.szentmiklo/abide_data/derivatives/fmriprep/ABIDE2/UNKNOWN/sub-28814/ses-1/func/sub-28814_ses-1_task-rest_run-1_space-MNI152NLin2009cAsym_desc-preproc_bold.nii.gz,/work/ioannou_lab/elizabeth.szentmiklo/abide_data/derivatives/fmriprep/ABIDE2/UNKNOWN/sub-28814/ses-1/func/sub-28814_ses-1_task-rest_run-1_desc-confounds_regressors.tsv,/work/ioannou_lab/elizabeth.szentmiklo/abide_data/atlases/cc200/cc200_roi_atlas.nii.gz,/work/ioannou_lab/elizabeth.szentmiklo/abide_data/derivatives/fmriprep/ABIDE2/UNKNOWN/sub-28814/ses-1/func/sub-28814_ses-1_task-rest_run-1_space-MNI152NLin2009cAsym_desc-brain_mask.nii.gz,2.0
ABIDE2,ABIDEII-GU_1_sub-28815_ses-1_run-1,/work/ioannou_lab/elizabeth.szentmiklo/abide_data/derivatives/fmriprep/ABIDE2/UNKNOWN/sub-28815/ses-1/func/sub-28815_ses-1_task-rest_run-1_space-MNI152NLin2009cAsym_desc-preproc_bold.nii.gz,/work/ioannou_lab/elizabeth.szentmiklo/abide_data/derivatives/fmriprep/ABIDE2/UNKNOWN/sub-28815/ses-1/func/sub-28815_ses-1_task-rest_run-1_desc-confounds_regressors.tsv,/work/ioannou_lab/elizabeth.szentmiklo/abide_data/atlases/cc200/cc200_roi_atlas.nii.gz,/work/ioannou_lab/elizabeth.szentmiklo/abide_data/derivatives/fmriprep/ABIDE2/UNKNOWN/sub-28815/ses-1/func/sub-28815_ses-1_task-rest_run-1_space-MNI152NLin2009cAsym_desc-brain_mask.nii.gz,2.0
ABIDE2,ABIDEII-GU_1_sub-28817_ses-1_run-1,/work/ioannou_lab/elizabeth.szentmiklo/abide_data/derivatives/fmriprep/ABIDE2/UNKNOWN/sub-28817/ses-1/func/sub-28817_ses-1_task-rest_run-1_space-MNI152NLin2009cAsym_desc-preproc_bold.nii.gz,/work/ioannou_lab/elizabeth.szentmiklo/abide_data/derivatives/fmriprep/ABIDE2/UNKNOWN/sub-28817/ses-1/func/sub-28817_ses-1_task-rest_run-1_desc-confounds_regressors.tsv,/work/ioannou_lab/elizabeth.szentmiklo/abide_data/atlases/cc200/cc200_roi_atlas.nii.gz,/work/ioannou_lab/elizabeth.szentmiklo/abide_data/derivatives/fmriprep/ABIDE2/UNKNOWN/sub-28817/ses-1/func/sub-28817_ses-1_task-rest_run-1_space-MNI152NLin2009cAsym_desc-brain_mask.nii.gz,2.0
ABIDE2,ABIDEII-GU_1_sub-28819_ses-1_run-1,/work/ioannou_lab/elizabeth.szentmiklo/abide_data/derivatives/fmriprep/ABIDE2/UNKNOWN/sub-28819/ses-1/func/sub-28819_ses-1_task-rest_run-1_space-MNI152NLin2009cAsym_desc-preproc_bold.nii.gz,/work/ioannou_lab/elizabeth.szentmiklo/abide_data/derivatives/fmriprep/ABIDE2/UNKNOWN/sub-28819/ses-1/func/sub-28819_ses-1_task-rest_run-1_desc-confounds_regressors.tsv,/work/ioannou_lab/elizabeth.szentmiklo/abide_data/atlases/cc200/cc200_roi_atlas.nii.gz,/work/ioannou_lab/elizabeth.szentmiklo/abide_data/derivatives/fmriprep/ABIDE2/UNKNOWN/sub-28819/ses-1/func/sub-28819_ses-1_task-rest_run-1_space-MNI152NLin2009cAsym_desc-brain_mask.nii.gz,2.0
ABIDE2,ABIDEII-GU_1_sub-28820_ses-1_run-1,/work/ioannou_lab/elizabeth.szentmiklo/abide_data/derivatives/fmriprep/ABIDE2/UNKNOWN/sub-28820/ses-1/func/sub-28820_ses-1_task-rest_run-1_space-MNI152NLin2009cAsym_desc-preproc_bold.nii.gz,/work/ioannou_lab/elizabeth.szentmiklo/abide_data/derivatives/fmriprep/ABIDE2/UNKNOWN/sub-28820/ses-1/func/sub-28820_ses-1_task-rest_run-1_desc-confounds_regressors.tsv,/work/ioannou_lab/elizabeth.szentmiklo/abide_data/atlases/cc200/cc200_roi_atlas.nii.gz,/work/ioannou_lab/elizabeth.szentmiklo/abide_data/derivatives/fmriprep/ABIDE2/UNKNOWN/sub-28820/ses-1/func/sub-28820_ses-1_task-rest_run-1_space-MNI152NLin2009cAsym_desc-brain_mask.nii.gz,2.0
ABIDE2,ABIDEII-GU_1_sub-28821_ses-1_run-1,/work/ioannou_lab/elizabeth.szentmiklo/abide_data/derivatives/fmriprep/ABIDE2/UNKNOWN/sub-28821/ses-1/func/sub-28821_ses-1_task-rest_run-1_space-MNI152NLin2009cAsym_desc-preproc_bold.nii.gz,/work/ioannou_lab/elizabeth.szentmiklo/abide_data/derivatives/fmriprep/ABIDE2/UNKNOWN/sub-28821/ses-1/func/sub-28821_ses-1_task-rest_run-1_desc-confounds_regressors.tsv,/work/ioannou_lab/elizabeth.szentmiklo/abide_data/atlases/cc200/cc200_roi_atlas.nii.gz,/work/ioannou_lab/elizabeth.szentmiklo/abide_data/derivatives/fmriprep/ABIDE2/UNKNOWN/sub-28821/ses-1/func/sub-28821_ses-1_task-rest_run-1_space-MNI152NLin2009cAsym_desc-brain_mask.nii.gz,2.0
ABIDE2,ABIDEII-GU_1_sub-28822_ses-1_run-1,/work/ioannou_lab/elizabeth.szentmiklo/abide_data/derivatives/fmriprep/ABIDE2/UNKNOWN/sub-28822/ses-1/func/sub-28822_ses-1_task-rest_run-1_space-MNI152NLin2009cAsym_desc-preproc_bold.nii.gz,/work/ioannou_lab/elizabeth.szentmiklo/abide_data/derivatives/fmriprep/ABIDE2/UNKNOWN/sub-28822/ses-1/func/sub-28822_ses-1_task-rest_run-1_desc-confounds_regressors.tsv,/work/ioannou_lab/elizabeth.szentmiklo/abide_data/atlases/cc200/cc200_roi_atlas.nii.gz,/work/ioannou_lab/elizabeth.szentmiklo/abide_data/derivatives/fmriprep/ABIDE2/UNKNOWN/sub-28822/ses-1/func/sub-28822_ses-1_task-rest_run-1_space-MNI152NLin2009cAsym_desc-brain_mask.nii.gz,2.0
ABIDE2,ABIDEII-GU_1_sub-28824_ses-1_run-1,/work/ioannou_lab/elizabeth.szentmiklo/abide_data/derivatives/fmriprep/ABIDE2/UNKNOWN/sub-28824/ses-1/func/sub-28824_ses-1_task-rest_run-1_space-MNI152NLin2009cAsym_desc-preproc_bold.nii.gz,/work/ioannou_lab/elizabeth.szentmiklo/abide_data/derivatives/fmriprep/ABIDE2/UNKNOWN/sub-28824/ses-1/func/sub-28824_ses-1_task-rest_run-1_desc-confounds_regressors.tsv,/work/ioannou_lab/elizabeth.szentmiklo/abide_data/atlases/cc200/cc200_roi_atlas.nii.gz,/work/ioannou_lab/elizabeth.szentmiklo/abide_data/derivatives/fmriprep/ABIDE2/UNKNOWN/sub-28824/ses-1/func/sub-28824_ses-1_task-rest_run-1_space-MNI152NLin2009cAsym_desc-brain_mask.nii.gz,2.0
ABIDE2,ABIDEII-GU_1_sub-28825_ses-1_run-1,/work/ioannou_lab/elizabeth.szentmiklo/abide_data/derivatives/fmriprep/ABIDE2/UNKNOWN/sub-28825/ses-1/func/sub-28825_ses-1_task-rest_run-1_space-MNI152NLin2009cAsym_desc-preproc_bold.nii.gz,/work/ioannou_lab/elizabeth.szentmiklo/abide_data/derivatives/fmriprep/ABIDE2/UNKNOWN/sub-28825/ses-1/func/sub-28825_ses-1_task-rest_run-1_desc-confounds_regressors.tsv,/work/ioannou_lab/elizabeth.szentmiklo/abide_data/atlases/cc200/cc200_roi_atlas.nii.gz,/work/ioannou_lab/elizabeth.szentmiklo/abide_data/derivatives/fmriprep/ABIDE2/UNKNOWN/sub-28825/ses-1/func/sub-28825_ses-1_task-rest_run-1_space-MNI152NLin2009cAsym_desc-brain_mask.nii.gz,2.0
ABIDE2,ABIDEII-GU_1_sub-28826_ses-1_run-1,/work/ioannou_lab/elizabeth.szentmiklo/abide_data/derivatives/fmriprep/ABIDE2/UNKNOWN/sub-28826/ses-1/func/sub-28826_ses-1_task-rest_run-1_space-MNI152NLin2009cAsym_desc-preproc_bold.nii.gz,/work/ioannou_lab/elizabeth.szentmiklo/abide_data/derivatives/fmriprep/ABIDE2/UNKNOWN/sub-28826/ses-1/func/sub-28826_ses-1_task-rest_run-1_desc-confounds_regressors.tsv,/work/ioannou_lab/elizabeth.szentmiklo/abide_data/atlases/cc200/cc200_roi_atlas.nii.gz,/work/ioannou_lab/elizabeth.szentmiklo/abide_data/derivatives/fmriprep/ABIDE2/UNKNOWN/sub-28826/ses-1/func/sub-28826_ses-1_task-rest_run-1_space-MNI152NLin2009cAsym_desc-brain_mask.nii.gz,2.0
ABIDE2,ABIDEII-GU_1_sub-28827_ses-1_run-1,/work/ioannou_lab/elizabeth.szentmiklo/abide_data/derivatives/fmriprep/ABIDE2/UNKNOWN/sub-28827/ses-1/func/sub-28827_ses-1_task-rest_run-1_space-MNI152NLin2009cAsym_desc-preproc_bold.nii.gz,/work/ioannou_lab/elizabeth.szentmiklo/abide_data/derivatives/fmriprep/ABIDE2/UNKNOWN/sub-28827/ses-1/func/sub-28827_ses-1_task-rest_run-1_desc-confounds_regressors.tsv,/work/ioannou_lab/elizabeth.szentmiklo/abide_data/atlases/cc200/cc200_roi_atlas.nii.gz,/work/ioannou_lab/elizabeth.szentmiklo/abide_data/derivatives/fmriprep/ABIDE2/UNKNOWN/sub-28827/ses-1/func/sub-28827_ses-1_task-rest_run-1_space-MNI152NLin2009cAsym_desc-brain_mask.nii.gz,2.0
ABIDE2,ABIDEII-GU_1_sub-28828_ses-1_run-1,/work/ioannou_lab/elizabeth.szentmiklo/abide_data/derivatives/fmriprep/ABIDE2/UNKNOWN/sub-28828/ses-1/func/sub-28828_ses-1_task-rest_run-1_space-MNI152NLin2009cAsym_desc-preproc_bold.nii.gz,/work/ioannou_lab/elizabeth.szentmiklo/abide_data/derivatives/fmriprep/ABIDE2/UNKNOWN/sub-28828/ses-1/func/sub-28828_ses-1_task-rest_run-1_desc-confounds_regressors.tsv,/work/ioannou_lab/elizabeth.szentmiklo/abide_data/atlases/cc200/cc200_roi_atlas.nii.gz,/work/ioannou_lab/elizabeth.szentmiklo/abide_data/derivatives/fmriprep/ABIDE2/UNKNOWN/sub-28828/ses-1/func/sub-28828_ses-1_task-rest_run-1_space-MNI152NLin2009cAsym_desc-brain_mask.nii.gz,2.0
ABIDE2,ABIDEII-GU_1_sub-28829_ses-1_run-1,/work/ioannou_lab/elizabeth.szentmiklo/abide_data/derivatives/fmriprep/ABIDE2/UNKNOWN/sub-28829/ses-1/func/sub-28829_ses-1_task-rest_run-1_space-MNI152NLin2009cAsym_desc-preproc_bold.nii.gz,/work/ioannou_lab/elizabeth.szentmiklo/abide_data/derivatives/fmriprep/ABIDE2/UNKNOWN/sub-28829/ses-1/func/sub-28829_ses-1_task-rest_run-1_desc-confounds_regressors.tsv,/work/ioannou_lab/elizabeth.szentmiklo/abide_data/atlases/cc200/cc200_roi_atlas.nii.gz,/work/ioannou_lab/elizabeth.szentmiklo/abide_data/derivatives/fmriprep/ABIDE2/UNKNOWN/sub-28829/ses-1/func/sub-28829_ses-1_task-rest_run-1_space-MNI152NLin2009cAsym_desc-brain_mask.nii.gz,2.0
ABIDE2,ABIDEII-GU_1_sub-28830_ses-1_run-1,/work/ioannou_lab/elizabeth.szentmiklo/abide_data/derivatives/fmriprep/ABIDE2/UNKNOWN/sub-28830/ses-1/func/sub-28830_ses-1_task-rest_run-1_space-MNI152NLin2009cAsym_desc-preproc_bold.nii.gz,/work/ioannou_lab/elizabeth.szentmiklo/abide_data/derivatives/fmriprep/ABIDE2/UNKNOWN/sub-28830/ses-1/func/sub-28830_ses-1_task-rest_run-1_desc-confounds_regressors.tsv,/work/ioannou_lab/elizabeth.szentmiklo/abide_data/atlases/cc200/cc200_roi_atlas.nii.gz,/work/ioannou_lab/elizabeth.szentmiklo/abide_data/derivatives/fmriprep/ABIDE2/UNKNOWN/sub-28830/ses-1/func/sub-28830_ses-1_task-rest_run-1_space-MNI152NLin2009cAsym_desc-brain_mask.nii.gz,2.0
ABIDE2,ABIDEII-GU_1_sub-28831_ses-1_run-1,/work/ioannou_lab/elizabeth.szentmiklo/abide_data/derivatives/fmriprep/ABIDE2/UNKNOWN/sub-28831/ses-1/func/sub-28831_ses-1_task-rest_run-1_space-MNI152NLin2009cAsym_desc-preproc_bold.nii.gz,/work/ioannou_lab/elizabeth.szentmiklo/abide_data/derivatives/fmriprep/ABIDE2/UNKNOWN/sub-28831/ses-1/func/sub-28831_ses-1_task-rest_run-1_desc-confounds_regressors.tsv,/work/ioannou_lab/elizabeth.szentmiklo/abide_data/atlases/cc200/cc200_roi_atlas.nii.gz,/work/ioannou_lab/elizabeth.szentmiklo/abide_data/derivatives/fmriprep/ABIDE2/UNKNOWN/sub-28831/ses-1/func/sub-28831_ses-1_task-rest_run-1_space-MNI152NLin2009cAsym_desc-brain_mask.nii.gz,2.0
ABIDE2,ABIDEII-GU_1_sub-28834_ses-1_run-1,/work/ioannou_lab/elizabeth.szentmiklo/abide_data/derivatives/fmriprep/ABIDE2/UNKNOWN/sub-28834/ses-1/func/sub-28834_ses-1_task-rest_run-1_space-MNI152NLin2009cAsym_desc-preproc_bold.nii.gz,/work/ioannou_lab/elizabeth.szentmiklo/abide_data/derivatives/fmriprep/ABIDE2/UNKNOWN/sub-28834/ses-1/func/sub-28834_ses-1_task-rest_run-1_desc-confounds_regressors.tsv,/work/ioannou_lab/elizabeth.szentmiklo/abide_data/atlases/cc200/cc200_roi_atlas.nii.gz,/work/ioannou_lab/elizabeth.szentmiklo/abide_data/derivatives/fmriprep/ABIDE2/UNKNOWN/sub-28834/ses-1/func/sub-28834_ses-1_task-rest_run-1_space-MNI152NLin2009cAsym_desc-brain_mask.nii.gz,2.0
ABIDE2,ABIDEII-GU_1_sub-28835_ses-1_run-1,/work/ioannou_lab/elizabeth.szentmiklo/abide_data/derivatives/fmriprep/ABIDE2/UNKNOWN/sub-28835/ses-1/func/sub-28835_ses-1_task-rest_run-1_space-MNI152NLin2009cAsym_desc-preproc_bold.nii.gz,/work/ioannou_lab/elizabeth.szentmiklo/abide_data/derivatives/fmriprep/ABIDE2/UNKNOWN/sub-28835/ses-1/func/sub-28835_ses-1_task-rest_run-1_desc-confounds_regressors.tsv,/work/ioannou_lab/elizabeth.szentmiklo/abide_data/atlases/cc200/cc200_roi_atlas.nii.gz,/work/ioannou_lab/elizabeth.szentmiklo/abide_data/derivatives/fmriprep/ABIDE2/UNKNOWN/sub-28835/ses-1/func/sub-28835_ses-1_task-rest_run-1_space-MNI152NLin2009cAsym_desc-brain_mask.nii.gz,2.0
ABIDE2,ABIDEII-GU_1_sub-28836_ses-1_run-1,/work/ioannou_lab/elizabeth.szentmiklo/abide_data/derivatives/fmriprep/ABIDE2/UNKNOWN/sub-28836/ses-1/func/sub-28836_ses-1_task-rest_run-1_space-MNI152NLin2009cAsym_desc-preproc_bold.nii.gz,/work/ioannou_lab/elizabeth.szentmiklo/abide_data/derivatives/fmriprep/ABIDE2/UNKNOWN/sub-28836/ses-1/func/sub-28836_ses-1_task-rest_run-1_desc-confounds_regressors.tsv,/work/ioannou_lab/elizabeth.szentmiklo/abide_data/atlases/cc200/cc200_roi_atlas.nii.gz,/work/ioannou_lab/elizabeth.szentmiklo/abide_data/derivatives/fmriprep/ABIDE2/UNKNOWN/sub-28836/ses-1/func/sub-28836_ses-1_task-rest_run-1_space-MNI152NLin2009cAsym_desc-brain_mask.nii.gz,2.0
ABIDE2,ABIDEII-GU_1_sub-28837_ses-1_run-1,/work/ioannou_lab/elizabeth.szentmiklo/abide_data/derivatives/fmriprep/ABIDE2/UNKNOWN/sub-28837/ses-1/func/sub-28837_ses-1_task-rest_run-1_space-MNI152NLin2009cAsym_desc-preproc_bold.nii.gz,/work/ioannou_lab/elizabeth.szentmiklo/abide_data/derivatives/fmriprep/ABIDE2/UNKNOWN/sub-28837/ses-1/func/sub-28837_ses-1_task-rest_run-1_desc-confounds_regressors.tsv,/work/ioannou_lab/elizabeth.szentmiklo/abide_data/atlases/cc200/cc200_roi_atlas.nii.gz,/work/ioannou_lab/elizabeth.szentmiklo/abide_data/derivatives/fmriprep/ABIDE2/UNKNOWN/sub-28837/ses-1/func/sub-28837_ses-1_task-rest_run-1_space-MNI152NLin2009cAsym_desc-brain_mask.nii.gz,2.0
ABIDE2,ABIDEII-GU_1_sub-28838_ses-1_run-1,/work/ioannou_lab/elizabeth.szentmiklo/abide_data/derivatives/fmriprep/ABIDE2/UNKNOWN/sub-28838/ses-1/func/sub-28838_ses-1_task-rest_run-1_space-MNI152NLin2009cAsym_desc-preproc_bold.nii.gz,/work/ioannou_lab/elizabeth.szentmiklo/abide_data/derivatives/fmriprep/ABIDE2/UNKNOWN/sub-28838/ses-1/func/sub-28838_ses-1_task-rest_run-1_desc-confounds_regressors.tsv,/work/ioannou_lab/elizabeth.szentmiklo/abide_data/atlases/cc200/cc200_roi_atlas.nii.gz,/work/ioannou_lab/elizabeth.szentmiklo/abide_data/derivatives/fmriprep/ABIDE2/UNKNOWN/sub-28838/ses-1/func/sub-28838_ses-1_task-rest_run-1_space-MNI152NLin2009cAsym_desc-brain_mask.nii.gz,2.0
ABIDE2,ABIDEII-GU_1_sub-28840_ses-1_run-1,/work/ioannou_lab/elizabeth.szentmiklo/abide_data/derivatives/fmriprep/ABIDE2/UNKNOWN/sub-28840/ses-1/func/sub-28840_ses-1_task-rest_run-1_space-MNI152NLin2009cAsym_desc-preproc_bold.nii.gz,/work/ioannou_lab/elizabeth.szentmiklo/abide_data/derivatives/fmriprep/ABIDE2/UNKNOWN/sub-28840/ses-1/func/sub-28840_ses-1_task-rest_run-1_desc-confounds_regressors.tsv,/work/ioannou_lab/elizabeth.szentmiklo/abide_data/atlases/cc200/cc200_roi_atlas.nii.gz,/work/ioannou_lab/elizabeth.szentmiklo/abide_data/derivatives/fmriprep/ABIDE2/UNKNOWN/sub-28840/ses-1/func/sub-28840_ses-1_task-rest_run-1_space-MNI152NLin2009cAsym_desc-brain_mask.nii.gz,2.0
ABIDE2,ABIDEII-GU_1_sub-28841_ses-1_run-1,/work/ioannou_lab/elizabeth.szentmiklo/abide_data/derivatives/fmriprep/ABIDE2/UNKNOWN/sub-28841/ses-1/func/sub-28841_ses-1_task-rest_run-1_space-MNI152NLin2009cAsym_desc-preproc_bold.nii.gz,/work/ioannou_lab/elizabeth.szentmiklo/abide_data/derivatives/fmriprep/ABIDE2/UNKNOWN/sub-28841/ses-1/func/sub-28841_ses-1_task-rest_run-1_desc-confounds_regressors.tsv,/work/ioannou_lab/elizabeth.szentmiklo/abide_data/atlases/cc200/cc200_roi_atlas.nii.gz,/work/ioannou_lab/elizabeth.szentmiklo/abide_data/derivatives/fmriprep/ABIDE2/UNKNOWN/sub-28841/ses-1/func/sub-28841_ses-1_task-rest_run-1_space-MNI152NLin2009cAsym_desc-brain_mask.nii.gz,2.0
ABIDE2,ABIDEII-GU_1_sub-28842_ses-1_run-1,/work/ioannou_lab/elizabeth.szentmiklo/abide_data/derivatives/fmriprep/ABIDE2/UNKNOWN/sub-28842/ses-1/func/sub-28842_ses-1_task-rest_run-1_space-MNI152NLin2009cAsym_desc-preproc_bold.nii.gz,/work/ioannou_lab/elizabeth.szentmiklo/abide_data/derivatives/fmriprep/ABIDE2/UNKNOWN/sub-28842/ses-1/func/sub-28842_ses-1_task-rest_run-1_desc-confounds_regressors.tsv,/work/ioannou_lab/elizabeth.szentmiklo/abide_data/atlases/cc200/cc200_roi_atlas.nii.gz,/work/ioannou_lab/elizabeth.szentmiklo/abide_data/derivatives/fmriprep/ABIDE2/UNKNOWN/sub-28842/ses-1/func/sub-28842_ses-1_task-rest_run-1_space-MNI152NLin2009cAsym_desc-brain_mask.nii.gz,2.0
ABIDE2,ABIDEII-GU_1_sub-28844_ses-1_run-1,/work/ioannou_lab/elizabeth.szentmiklo/abide_data/derivatives/fmriprep/ABIDE2/UNKNOWN/sub-28844/ses-1/func/sub-28844_ses-1_task-rest_run-1_space-MNI152NLin2009cAsym_desc-preproc_bold.nii.gz,/work/ioannou_lab/elizabeth.szentmiklo/abide_data/derivatives/fmriprep/ABIDE2/UNKNOWN/sub-28844/ses-1/func/sub-28844_ses-1_task-rest_run-1_desc-confounds_regressors.tsv,/work/ioannou_lab/elizabeth.szentmiklo/abide_data/atlases/cc200/cc200_roi_atlas.nii.gz,/work/ioannou_lab/elizabeth.szentmiklo/abide_data/derivatives/fmriprep/ABIDE2/UNKNOWN/sub-28844/ses-1/func/sub-28844_ses-1_task-rest_run-1_space-MNI152NLin2009cAsym_desc-brain_mask.nii.gz,2.0
ABIDE2,ABIDEII-GU_1_sub-28845_ses-1_run-1,/work/ioannou_lab/elizabeth.szentmiklo/abide_data/derivatives/fmriprep/ABIDE2/UNKNOWN/sub-28845/ses-1/func/sub-28845_ses-1_task-rest_run-1_space-MNI152NLin2009cAsym_desc-preproc_bold.nii.gz,/work/ioannou_lab/elizabeth.szentmiklo/abide_data/derivatives/fmriprep/ABIDE2/UNKNOWN/sub-28845/ses-1/func/sub-28845_ses-1_task-rest_run-1_desc-confounds_regressors.tsv,/work/ioannou_lab/elizabeth.szentmiklo/abide_data/atlases/cc200/cc200_roi_atlas.nii.gz,/work/ioannou_lab/elizabeth.szentmiklo/abide_data/derivatives/fmriprep/ABIDE2/UNKNOWN/sub-28845/ses-1/func/sub-28845_ses-1_task-rest_run-1_space-MNI152NLin2009cAsym_desc-brain_mask.nii.gz,2.0
ABIDE2,ABIDEII-GU_1_sub-28846_ses-1_run-1,/work/ioannou_lab/elizabeth.szentmiklo/abide_data/derivatives/fmriprep/ABIDE2/UNKNOWN/sub-28846/ses-1/func/sub-28846_ses-1_task-rest_run-1_space-MNI152NLin2009cAsym_desc-preproc_bold.nii.gz,/work/ioannou_lab/elizabeth.szentmiklo/abide_data/derivatives/fmriprep/ABIDE2/UNKNOWN/sub-28846/ses-1/func/sub-28846_ses-1_task-rest_run-1_desc-confounds_regressors.tsv,/work/ioannou_lab/elizabeth.szentmiklo/abide_data/atlases/cc200/cc200_roi_atlas.nii.gz,/work/ioannou_lab/elizabeth.szentmiklo/abide_data/derivatives/fmriprep/ABIDE2/UNKNOWN/sub-28846/ses-1/func/sub-28846_ses-1_task-rest_run-1_space-MNI152NLin2009cAsym_desc-brain_mask.nii.gz,2.0
ABIDE2,ABIDEII-GU_1_sub-28847_ses-1_run-1,/work/ioannou_lab/elizabeth.szentmiklo/abide_data/derivatives/fmriprep/ABIDE2/UNKNOWN/sub-28847/ses-1/func/sub-28847_ses-1_task-rest_run-1_space-MNI152NLin2009cAsym_desc-preproc_bold.nii.gz,/work/ioannou_lab/elizabeth.szentmiklo/abide_data/derivatives/fmriprep/ABIDE2/UNKNOWN/sub-28847/ses-1/func/sub-28847_ses-1_task-rest_run-1_desc-confounds_regressors.tsv,/work/ioannou_lab/elizabeth.szentmiklo/abide_data/atlases/cc200/cc200_roi_atlas.nii.gz,/work/ioannou_lab/elizabeth.szentmiklo/abide_data/derivatives/fmriprep/ABIDE2/UNKNOWN/sub-28847/ses-1/func/sub-28847_ses-1_task-rest_run-1_space-MNI152NLin2009cAsym_desc-brain_mask.nii.gz,2.0
ABIDE2,ABIDEII-OHSU_1_sub-28920_ses-1_run-1,/work/ioannou_lab/elizabeth.szentmiklo/abide_data/derivatives/fmriprep/ABIDE2/UNKNOWN/sub-28920/ses-1/func/sub-28920_ses-1_task-rest_run-1_space-MNI152NLin2009cAsym_desc-preproc_bold.nii.gz,/work/ioannou_lab/elizabeth.szentmiklo/abide_data/derivatives/fmriprep/ABIDE2/UNKNOWN/sub-28920/ses-1/func/sub-28920_ses-1_task-rest_run-1_desc-confounds_regressors.tsv,/work/ioannou_lab/elizabeth.szentmiklo/abide_data/atlases/cc200/cc200_roi_atlas.nii.gz,/work/ioannou_lab/elizabeth.szentmiklo/abide_data/derivatives/fmriprep/ABIDE2/UNKNOWN/sub-28920/ses-1/func/sub-28920_ses-1_task-rest_run-1_space-MNI152NLin2009cAsym_desc-brain_mask.nii.gz,2.5
ABIDE2,ABIDEII-OHSU_1_sub-28920_ses-1_run-2,/work/ioannou_lab/elizabeth.szentmiklo/abide_data/derivatives/fmriprep/ABIDE2/UNKNOWN/sub-28920/ses-1/func/sub-28920_ses-1_task-rest_run-2_space-MNI152NLin2009cAsym_desc-preproc_bold.nii.gz,/work/ioannou_lab/elizabeth.szentmiklo/abide_data/derivatives/fmriprep/ABIDE2/UNKNOWN/sub-28920/ses-1/func/sub-28920_ses-1_task-rest_run-2_desc-confounds_regressors.tsv,/work/ioannou_lab/elizabeth.szentmiklo/abide_data/atlases/cc200/cc200_roi_atlas.nii.gz,/work/ioannou_lab/elizabeth.szentmiklo/abide_data/derivatives/fmriprep/ABIDE2/UNKNOWN/sub-28920/ses-1/func/sub-28920_ses-1_task-rest_run-2_space-MNI152NLin2009cAsym_desc-brain_mask.nii.gz,2.5
ABIDE2,ABIDEII-OHSU_1_sub-28920_ses-1_run-3,/work/ioannou_lab/elizabeth.szentmiklo/abide_data/derivatives/fmriprep/ABIDE2/UNKNOWN/sub-28920/ses-1/func/sub-28920_ses-1_task-rest_run-3_space-MNI152NLin2009cAsym_desc-preproc_bold.nii.gz,/work/ioannou_lab/elizabeth.szentmiklo/abide_data/derivatives/fmriprep/ABIDE2/UNKNOWN/sub-28920/ses-1/func/sub-28920_ses-1_task-rest_run-3_desc-confounds_regressors.tsv,/work/ioannou_lab/elizabeth.szentmiklo/abide_data/atlases/cc200/cc200_roi_atlas.nii.gz,/work/ioannou_lab/elizabeth.szentmiklo/abide_data/derivatives/fmriprep/ABIDE2/UNKNOWN/sub-28920/ses-1/func/sub-28920_ses-1_task-rest_run-3_space-MNI152NLin2009cAsym_desc-brain_mask.nii.gz,2.5
ABIDE2,ABIDEII-OHSU_1_sub-28924_ses-1_run-1,/work/ioannou_lab/elizabeth.szentmiklo/abide_data/derivatives/fmriprep/ABIDE2/UNKNOWN/sub-28924/ses-1/func/sub-28924_ses-1_task-rest_run-1_space-MNI152NLin2009cAsym_desc-preproc_bold.nii.gz,/work/ioannou_lab/elizabeth.szentmiklo/abide_data/derivatives/fmriprep/ABIDE2/UNKNOWN/sub-28924/ses-1/func/sub-28924_ses-1_task-rest_run-1_desc-confounds_regressors.tsv,/work/ioannou_lab/elizabeth.szentmiklo/abide_data/atlases/cc200/cc200_roi_atlas.nii.gz,/work/ioannou_lab/elizabeth.szentmiklo/abide_data/derivatives/fmriprep/ABIDE2/UNKNOWN/sub-28924/ses-1/func/sub-28924_ses-1_task-rest_run-1_space-MNI152NLin2009cAsym_desc-brain_mask.nii.gz,2.5
ABIDE2,ABIDEII-OHSU_1_sub-28924_ses-1_run-2,/work/ioannou_lab/elizabeth.szentmiklo/abide_data/derivatives/fmriprep/ABIDE2/UNKNOWN/sub-28924/ses-1/func/sub-28924_ses-1_task-rest_run-2_space-MNI152NLin2009cAsym_desc-preproc_bold.nii.gz,/work/ioannou_lab/elizabeth.szentmiklo/abide_data/derivatives/fmriprep/ABIDE2/UNKNOWN/sub-28924/ses-1/func/sub-28924_ses-1_task-rest_run-2_desc-confounds_regressors.tsv,/work/ioannou_lab/elizabeth.szentmiklo/abide_data/atlases/cc200/cc200_roi_atlas.nii.gz,/work/ioannou_lab/elizabeth.szentmiklo/abide_data/derivatives/fmriprep/ABIDE2/UNKNOWN/sub-28924/ses-1/func/sub-28924_ses-1_task-rest_run-2_space-MNI152NLin2009cAsym_desc-brain_mask.nii.gz,2.5
ABIDE2,ABIDEII-OHSU_1_sub-28924_ses-1_run-3,/work/ioannou_lab/elizabeth.szentmiklo/abide_data/derivatives/fmriprep/ABIDE2/UNKNOWN/sub-28924/ses-1/func/sub-28924_ses-1_task-rest_run-3_space-MNI152NLin2009cAsym_desc-preproc_bold.nii.gz,/work/ioannou_lab/elizabeth.szentmiklo/abide_data/derivatives/fmriprep/ABIDE2/UNKNOWN/sub-28924/ses-1/func/sub-28924_ses-1_task-rest_run-3_desc-confounds_regressors.tsv,/work/ioannou_lab/elizabeth.szentmiklo/abide_data/atlases/cc200/cc200_roi_atlas.nii.gz,/work/ioannou_lab/elizabeth.szentmiklo/abide_data/derivatives/fmriprep/ABIDE2/UNKNOWN/sub-28924/ses-1/func/sub-28924_ses-1_task-rest_run-3_space-MNI152NLin2009cAsym_desc-brain_mask.nii.gz,2.5
ABIDE2,ABIDEII-OHSU_1_sub-28925_ses-1_run-1,/work/ioannou_lab/elizabeth.szentmiklo/abide_data/derivatives/fmriprep/ABIDE2/UNKNOWN/sub-28925/ses-1/func/sub-28925_ses-1_task-rest_run-1_space-MNI152NLin2009cAsym_desc-preproc_bold.nii.gz,/work/ioannou_lab/elizabeth.szentmiklo/abide_data/derivatives/fmriprep/ABIDE2/UNKNOWN/sub-28925/ses-1/func/sub-28925_ses-1_task-rest_run-1_desc-confounds_regressors.tsv,/work/ioannou_lab/elizabeth.szentmiklo/abide_data/atlases/cc200/cc200_roi_atlas.nii.gz,/work/ioannou_lab/elizabeth.szentmiklo/abide_data/derivatives/fmriprep/ABIDE2/UNKNOWN/sub-28925/ses-1/func/sub-28925_ses-1_task-rest_run-1_space-MNI152NLin2009cAsym_desc-brain_mask.nii.gz,2.5
ABIDE2,ABIDEII-OHSU_1_sub-28925_ses-1_run-2,/work/ioannou_lab/elizabeth.szentmiklo/abide_data/derivatives/fmriprep/ABIDE2/UNKNOWN/sub-28925/ses-1/func/sub-28925_ses-1_task-rest_run-2_space-MNI152NLin2009cAsym_desc-preproc_bold.nii.gz,/work/ioannou_lab/elizabeth.szentmiklo/abide_data/derivatives/fmriprep/ABIDE2/UNKNOWN/sub-28925/ses-1/func/sub-28925_ses-1_task-rest_run-2_desc-confounds_regressors.tsv,/work/ioannou_lab/elizabeth.szentmiklo/abide_data/atlases/cc200/cc200_roi_atlas.nii.gz,/work/ioannou_lab/elizabeth.szentmiklo/abide_data/derivatives/fmriprep/ABIDE2/UNKNOWN/sub-28925/ses-1/func/sub-28925_ses-1_task-rest_run-2_space-MNI152NLin2009cAsym_desc-brain_mask.nii.gz,2.5
ABIDE2,ABIDEII-OHSU_1_sub-28925_ses-1_run-3,/work/ioannou_lab/elizabeth.szentmiklo/abide_data/derivatives/fmriprep/ABIDE2/UNKNOWN/sub-28925/ses-1/func/sub-28925_ses-1_task-rest_run-3_space-MNI152NLin2009cAsym_desc-preproc_bold.nii.gz,/work/ioannou_lab/elizabeth.szentmiklo/abide_data/derivatives/fmriprep/ABIDE2/UNKNOWN/sub-28925/ses-1/func/sub-28925_ses-1_task-rest_run-3_desc-confounds_regressors.tsv,/work/ioannou_lab/elizabeth.szentmiklo/abide_data/atlases/cc200/cc200_roi_atlas.nii.gz,/work/ioannou_lab/elizabeth.szentmiklo/abide_data/derivatives/fmriprep/ABIDE2/UNKNOWN/sub-28925/ses-1/func/sub-28925_ses-1_task-rest_run-3_space-MNI152NLin2009cAsym_desc-brain_mask.nii.gz,2.5
ABIDE2,ABIDEII-OHSU_1_sub-28931_ses-1_run-1,/work/ioannou_lab/elizabeth.szentmiklo/abide_data/derivatives/fmriprep/ABIDE2/UNKNOWN/sub-28931/ses-1/func/sub-28931_ses-1_task-rest_run-1_space-MNI152NLin2009cAsym_desc-preproc_bold.nii.gz,/work/ioannou_lab/elizabeth.szentmiklo/abide_data/derivatives/fmriprep/ABIDE2/UNKNOWN/sub-28931/ses-1/func/sub-28931_ses-1_task-rest_run-1_desc-confounds_regressors.tsv,/work/ioannou_lab/elizabeth.szentmiklo/abide_data/atlases/cc200/cc200_roi_atlas.nii.gz,/work/ioannou_lab/elizabeth.szentmiklo/abide_data/derivatives/fmriprep/ABIDE2/UNKNOWN/sub-28931/ses-1/func/sub-28931_ses-1_task-rest_run-1_space-MNI152NLin2009cAsym_desc-brain_mask.nii.gz,2.5
ABIDE2,ABIDEII-OHSU_1_sub-28931_ses-1_run-2,/work/ioannou_lab/elizabeth.szentmiklo/abide_data/derivatives/fmriprep/ABIDE2/UNKNOWN/sub-28931/ses-1/func/sub-28931_ses-1_task-rest_run-2_space-MNI152NLin2009cAsym_desc-preproc_bold.nii.gz,/work/ioannou_lab/elizabeth.szentmiklo/abide_data/derivatives/fmriprep/ABIDE2/UNKNOWN/sub-28931/ses-1/func/sub-28931_ses-1_task-rest_run-2_desc-confounds_regressors.tsv,/work/ioannou_lab/elizabeth.szentmiklo/abide_data/atlases/cc200/cc200_roi_atlas.nii.gz,/work/ioannou_lab/elizabeth.szentmiklo/abide_data/derivatives/fmriprep/ABIDE2/UNKNOWN/sub-28931/ses-1/func/sub-28931_ses-1_task-rest_run-2_space-MNI152NLin2009cAsym_desc-brain_mask.nii.gz,2.5
ABIDE2,ABIDEII-OHSU_1_sub-28931_ses-1_run-3,/work/ioannou_lab/elizabeth.szentmiklo/abide_data/derivatives/fmriprep/ABIDE2/UNKNOWN/sub-28931/ses-1/func/sub-28931_ses-1_task-rest_run-3_space-MNI152NLin2009cAsym_desc-preproc_bold.nii.gz,/work/ioannou_lab/elizabeth.szentmiklo/abide_data/derivatives/fmriprep/ABIDE2/UNKNOWN/sub-28931/ses-1/func/sub-28931_ses-1_task-rest_run-3_desc-confounds_regressors.tsv,/work/ioannou_lab/elizabeth.szentmiklo/abide_data/atlases/cc200/cc200_roi_atlas.nii.gz,/work/ioannou_lab/elizabeth.szentmiklo/abide_data/derivatives/fmriprep/ABIDE2/UNKNOWN/sub-28931/ses-1/func/sub-28931_ses-1_task-rest_run-3_space-MNI152NLin2009cAsym_desc-brain_mask.nii.gz,2.5
ABIDE2,ABIDEII-OHSU_1_sub-28933_ses-1_run-1,/work/ioannou_lab/elizabeth.szentmiklo/abide_data/derivatives/fmriprep/ABIDE2/UNKNOWN/sub-28933/ses-1/func/sub-28933_ses-1_task-rest_run-1_space-MNI152NLin2009cAsym_desc-preproc_bold.nii.gz,/work/ioannou_lab/elizabeth.szentmiklo/abide_data/derivatives/fmriprep/ABIDE2/UNKNOWN/sub-28933/ses-1/func/sub-28933_ses-1_task-rest_run-1_desc-confounds_regressors.tsv,/work/ioannou_lab/elizabeth.szentmiklo/abide_data/atlases/cc200/cc200_roi_atlas.nii.gz,/work/ioannou_lab/elizabeth.szentmiklo/abide_data/derivatives/fmriprep/ABIDE2/UNKNOWN/sub-28933/ses-1/func/sub-28933_ses-1_task-rest_run-1_space-MNI152NLin2009cAsym_desc-brain_mask.nii.gz,2.5
ABIDE2,ABIDEII-OHSU_1_sub-28933_ses-1_run-2,/work/ioannou_lab/elizabeth.szentmiklo/abide_data/derivatives/fmriprep/ABIDE2/UNKNOWN/sub-28933/ses-1/func/sub-28933_ses-1_task-rest_run-2_space-MNI152NLin2009cAsym_desc-preproc_bold.nii.gz,/work/ioannou_lab/elizabeth.szentmiklo/abide_data/derivatives/fmriprep/ABIDE2/UNKNOWN/sub-28933/ses-1/func/sub-28933_ses-1_task-rest_run-2_desc-confounds_regressors.tsv,/work/ioannou_lab/elizabeth.szentmiklo/abide_data/atlases/cc200/cc200_roi_atlas.nii.gz,/work/ioannou_lab/elizabeth.szentmiklo/abide_data/derivatives/fmriprep/ABIDE2/UNKNOWN/sub-28933/ses-1/func/sub-28933_ses-1_task-rest_run-2_space-MNI152NLin2009cAsym_desc-brain_mask.nii.gz,2.5
ABIDE2,ABIDEII-OHSU_1_sub-28933_ses-1_run-3,/work/ioannou_lab/elizabeth.szentmiklo/abide_data/derivatives/fmriprep/ABIDE2/UNKNOWN/sub-28933/ses-1/func/sub-28933_ses-1_task-rest_run-3_space-MNI152NLin2009cAsym_desc-preproc_bold.nii.gz,/work/ioannou_lab/elizabeth.szentmiklo/abide_data/derivatives/fmriprep/ABIDE2/UNKNOWN/sub-28933/ses-1/func/sub-28933_ses-1_task-rest_run-3_desc-confounds_regressors.tsv,/work/ioannou_lab/elizabeth.szentmiklo/abide_data/atlases/cc200/cc200_roi_atlas.nii.gz,/work/ioannou_lab/elizabeth.szentmiklo/abide_data/derivatives/fmriprep/ABIDE2/UNKNOWN/sub-28933/ses-1/func/sub-28933_ses-1_task-rest_run-3_space-MNI152NLin2009cAsym_desc-brain_mask.nii.gz,2.5
ABIDE2,ABIDEII-OHSU_1_sub-28934_ses-1_run-1,/work/ioannou_lab/elizabeth.szentmiklo/abide_data/derivatives/fmriprep/ABIDE2/UNKNOWN/sub-28934/ses-1/func/sub-28934_ses-1_task-rest_run-1_space-MNI152NLin2009cAsym_desc-preproc_bold.nii.gz,/work/ioannou_lab/elizabeth.szentmiklo/abide_data/derivatives/fmriprep/ABIDE2/UNKNOWN/sub-28934/ses-1/func/sub-28934_ses-1_task-rest_run-1_desc-confounds_regressors.tsv,/work/ioannou_lab/elizabeth.szentmiklo/abide_data/atlases/cc200/cc200_roi_atlas.nii.gz,/work/ioannou_lab/elizabeth.szentmiklo/abide_data/derivatives/fmriprep/ABIDE2/UNKNOWN/sub-28934/ses-1/func/sub-28934_ses-1_task-rest_run-1_space-MNI152NLin2009cAsym_desc-brain_mask.nii.gz,2.5
ABIDE2,ABIDEII-OHSU_1_sub-28934_ses-1_run-2,/work/ioannou_lab/elizabeth.szentmiklo/abide_data/derivatives/fmriprep/ABIDE2/UNKNOWN/sub-28934/ses-1/func/sub-28934_ses-1_task-rest_run-2_space-MNI152NLin2009cAsym_desc-preproc_bold.nii.gz,/work/ioannou_lab/elizabeth.szentmiklo/abide_data/derivatives/fmriprep/ABIDE2/UNKNOWN/sub-28934/ses-1/func/sub-28934_ses-1_task-rest_run-2_desc-confounds_regressors.tsv,/work/ioannou_lab/elizabeth.szentmiklo/abide_data/atlases/cc200/cc200_roi_atlas.nii.gz,/work/ioannou_lab/elizabeth.szentmiklo/abide_data/derivatives/fmriprep/ABIDE2/UNKNOWN/sub-28934/ses-1/func/sub-28934_ses-1_task-rest_run-2_space-MNI152NLin2009cAsym_desc-brain_mask.nii.gz,2.5
ABIDE2,ABIDEII-OHSU_1_sub-28934_ses-1_run-3,/work/ioannou_lab/elizabeth.szentmiklo/abide_data/derivatives/fmriprep/ABIDE2/UNKNOWN/sub-28934/ses-1/func/sub-28934_ses-1_task-rest_run-3_space-MNI152NLin2009cAsym_desc-preproc_bold.nii.gz,/work/ioannou_lab/elizabeth.szentmiklo/abide_data/derivatives/fmriprep/ABIDE2/UNKNOWN/sub-28934/ses-1/func/sub-28934_ses-1_task-rest_run-3_desc-confounds_regressors.tsv,/work/ioannou_lab/elizabeth.szentmiklo/abide_data/atlases/cc200/cc200_roi_atlas.nii.gz,/work/ioannou_lab/elizabeth.szentmiklo/abide_data/derivatives/fmriprep/ABIDE2/UNKNOWN/sub-28934/ses-1/func/sub-28934_ses-1_task-rest_run-3_space-MNI152NLin2009cAsym_desc-brain_mask.nii.gz,2.5
ABIDE2,ABIDEII-OHSU_1_sub-28935_ses-1_run-1,/work/ioannou_lab/elizabeth.szentmiklo/abide_data/derivatives/fmriprep/ABIDE2/UNKNOWN/sub-28935/ses-1/func/sub-28935_ses-1_task-rest_run-1_space-MNI152NLin2009cAsym_desc-preproc_bold.nii.gz,/work/ioannou_lab/elizabeth.szentmiklo/abide_data/derivatives/fmriprep/ABIDE2/UNKNOWN/sub-28935/ses-1/func/sub-28935_ses-1_task-rest_run-1_desc-confounds_regressors.tsv,/work/ioannou_lab/elizabeth.szentmiklo/abide_data/atlases/cc200/cc200_roi_atlas.nii.gz,/work/ioannou_lab/elizabeth.szentmiklo/abide_data/derivatives/fmriprep/ABIDE2/UNKNOWN/sub-28935/ses-1/func/sub-28935_ses-1_task-rest_run-1_space-MNI152NLin2009cAsym_desc-brain_mask.nii.gz,2.5
ABIDE2,ABIDEII-OHSU_1_sub-28935_ses-1_run-2,/work/ioannou_lab/elizabeth.szentmiklo/abide_data/derivatives/fmriprep/ABIDE2/UNKNOWN/sub-28935/ses-1/func/sub-28935_ses-1_task-rest_run-2_space-MNI152NLin2009cAsym_desc-preproc_bold.nii.gz,/work/ioannou_lab/elizabeth.szentmiklo/abide_data/derivatives/fmriprep/ABIDE2/UNKNOWN/sub-28935/ses-1/func/sub-28935_ses-1_task-rest_run-2_desc-confounds_regressors.tsv,/work/ioannou_lab/elizabeth.szentmiklo/abide_data/atlases/cc200/cc200_roi_atlas.nii.gz,/work/ioannou_lab/elizabeth.szentmiklo/abide_data/derivatives/fmriprep/ABIDE2/UNKNOWN/sub-28935/ses-1/func/sub-28935_ses-1_task-rest_run-2_space-MNI152NLin2009cAsym_desc-brain_mask.nii.gz,2.5
ABIDE2,ABIDEII-OHSU_1_sub-28935_ses-1_run-3,/work/ioannou_lab/elizabeth.szentmiklo/abide_data/derivatives/fmriprep/ABIDE2/UNKNOWN/sub-28935/ses-1/func/sub-28935_ses-1_task-rest_run-3_space-MNI152NLin2009cAsym_desc-preproc_bold.nii.gz,/work/ioannou_lab/elizabeth.szentmiklo/abide_data/derivatives/fmriprep/ABIDE2/UNKNOWN/sub-28935/ses-1/func/sub-28935_ses-1_task-rest_run-3_desc-confounds_regressors.tsv,/work/ioannou_lab/elizabeth.szentmiklo/abide_data/atlases/cc200/cc200_roi_atlas.nii.gz,/work/ioannou_lab/elizabeth.szentmiklo/abide_data/derivatives/fmriprep/ABIDE2/UNKNOWN/sub-28935/ses-1/func/sub-28935_ses-1_task-rest_run-3_space-MNI152NLin2009cAsym_desc-brain_mask.nii.gz,2.5
ABIDE2,ABIDEII-OHSU_1_sub-28937_ses-1_run-1,/work/ioannou_lab/elizabeth.szentmiklo/abide_data/derivatives/fmriprep/ABIDE2/UNKNOWN/sub-28937/ses-1/func/sub-28937_ses-1_task-rest_run-1_space-MNI152NLin2009cAsym_desc-preproc_bold.nii.gz,/work/ioannou_lab/elizabeth.szentmiklo/abide_data/derivatives/fmriprep/ABIDE2/UNKNOWN/sub-28937/ses-1/func/sub-28937_ses-1_task-rest_run-1_desc-confounds_regressors.tsv,/work/ioannou_lab/elizabeth.szentmiklo/abide_data/atlases/cc200/cc200_roi_atlas.nii.gz,/work/ioannou_lab/elizabeth.szentmiklo/abide_data/derivatives/fmriprep/ABIDE2/UNKNOWN/sub-28937/ses-1/func/sub-28937_ses-1_task-rest_run-1_space-MNI152NLin2009cAsym_desc-brain_mask.nii.gz,2.5
ABIDE2,ABIDEII-OHSU_1_sub-28937_ses-1_run-2,/work/ioannou_lab/elizabeth.szentmiklo/abide_data/derivatives/fmriprep/ABIDE2/UNKNOWN/sub-28937/ses-1/func/sub-28937_ses-1_task-rest_run-2_space-MNI152NLin2009cAsym_desc-preproc_bold.nii.gz,/work/ioannou_lab/elizabeth.szentmiklo/abide_data/derivatives/fmriprep/ABIDE2/UNKNOWN/sub-28937/ses-1/func/sub-28937_ses-1_task-rest_run-2_desc-confounds_regressors.tsv,/work/ioannou_lab/elizabeth.szentmiklo/abide_data/atlases/cc200/cc200_roi_atlas.nii.gz,/work/ioannou_lab/elizabeth.szentmiklo/abide_data/derivatives/fmriprep/ABIDE2/UNKNOWN/sub-28937/ses-1/func/sub-28937_ses-1_task-rest_run-2_space-MNI152NLin2009cAsym_desc-brain_mask.nii.gz,2.5
ABIDE2,ABIDEII-OHSU_1_sub-28937_ses-1_run-3,/work/ioannou_lab/elizabeth.szentmiklo/abide_data/derivatives/fmriprep/ABIDE2/UNKNOWN/sub-28937/ses-1/func/sub-28937_ses-1_task-rest_run-3_space-MNI152NLin2009cAsym_desc-preproc_bold.nii.gz,/work/ioannou_lab/elizabeth.szentmiklo/abide_data/derivatives/fmriprep/ABIDE2/UNKNOWN/sub-28937/ses-1/func/sub-28937_ses-1_task-rest_run-3_desc-confounds_regressors.tsv,/work/ioannou_lab/elizabeth.szentmiklo/abide_data/atlases/cc200/cc200_roi_atlas.nii.gz,/work/ioannou_lab/elizabeth.szentmiklo/abide_data/derivatives/fmriprep/ABIDE2/UNKNOWN/sub-28937/ses-1/func/sub-28937_ses-1_task-rest_run-3_space-MNI152NLin2009cAsym_desc-brain_mask.nii.gz,2.5
ABIDE2,ABIDEII-OHSU_1_sub-28939_ses-1_run-1,/work/ioannou_lab/elizabeth.szentmiklo/abide_data/derivatives/fmriprep/ABIDE2/UNKNOWN/sub-28939/ses-1/func/sub-28939_ses-1_task-rest_run-1_space-MNI152NLin2009cAsym_desc-preproc_bold.nii.gz,/work/ioannou_lab/elizabeth.szentmiklo/abide_data/derivatives/fmriprep/ABIDE2/UNKNOWN/sub-28939/ses-1/func/sub-28939_ses-1_task-rest_run-1_desc-confounds_regressors.tsv,/work/ioannou_lab/elizabeth.szentmiklo/abide_data/atlases/cc200/cc200_roi_atlas.nii.gz,/work/ioannou_lab/elizabeth.szentmiklo/abide_data/derivatives/fmriprep/ABIDE2/UNKNOWN/sub-28939/ses-1/func/sub-28939_ses-1_task-rest_run-1_space-MNI152NLin2009cAsym_desc-brain_mask.nii.gz,2.5
ABIDE2,ABIDEII-OHSU_1_sub-28939_ses-1_run-2,/work/ioannou_lab/elizabeth.szentmiklo/abide_data/derivatives/fmriprep/ABIDE2/UNKNOWN/sub-28939/ses-1/func/sub-28939_ses-1_task-rest_run-2_space-MNI152NLin2009cAsym_desc-preproc_bold.nii.gz,/work/ioannou_lab/elizabeth.szentmiklo/abide_data/derivatives/fmriprep/ABIDE2/UNKNOWN/sub-28939/ses-1/func/sub-28939_ses-1_task-rest_run-2_desc-confounds_regressors.tsv,/work/ioannou_lab/elizabeth.szentmiklo/abide_data/atlases/cc200/cc200_roi_atlas.nii.gz,/work/ioannou_lab/elizabeth.szentmiklo/abide_data/derivatives/fmriprep/ABIDE2/UNKNOWN/sub-28939/ses-1/func/sub-28939_ses-1_task-rest_run-2_space-MNI152NLin2009cAsym_desc-brain_mask.nii.gz,2.5
ABIDE2,ABIDEII-OHSU_1_sub-28939_ses-1_run-3,/work/ioannou_lab/elizabeth.szentmiklo/abide_data/derivatives/fmriprep/ABIDE2/UNKNOWN/sub-28939/ses-1/func/sub-28939_ses-1_task-rest_run-3_space-MNI152NLin2009cAsym_desc-preproc_bold.nii.gz,/work/ioannou_lab/elizabeth.szentmiklo/abide_data/derivatives/fmriprep/ABIDE2/UNKNOWN/sub-28939/ses-1/func/sub-28939_ses-1_task-rest_run-3_desc-confounds_regressors.tsv,/work/ioannou_lab/elizabeth.szentmiklo/abide_data/atlases/cc200/cc200_roi_atlas.nii.gz,/work/ioannou_lab/elizabeth.szentmiklo/abide_data/derivatives/fmriprep/ABIDE2/UNKNOWN/sub-28939/ses-1/func/sub-28939_ses-1_task-rest_run-3_space-MNI152NLin2009cAsym_desc-brain_mask.nii.gz,2.5
ABIDE2,ABIDEII-OHSU_1_sub-28940_ses-1_run-1,/work/ioannou_lab/elizabeth.szentmiklo/abide_data/derivatives/fmriprep/ABIDE2/UNKNOWN/sub-28940/ses-1/func/sub-28940_ses-1_task-rest_run-1_space-MNI152NLin2009cAsym_desc-preproc_bold.nii.gz,/work/ioannou_lab/elizabeth.szentmiklo/abide_data/derivatives/fmriprep/ABIDE2/UNKNOWN/sub-28940/ses-1/func/sub-28940_ses-1_task-rest_run-1_desc-confounds_regressors.tsv,/work/ioannou_lab/elizabeth.szentmiklo/abide_data/atlases/cc200/cc200_roi_atlas.nii.gz,/work/ioannou_lab/elizabeth.szentmiklo/abide_data/derivatives/fmriprep/ABIDE2/UNKNOWN/sub-28940/ses-1/func/sub-28940_ses-1_task-rest_run-1_space-MNI152NLin2009cAsym_desc-brain_mask.nii.gz,2.5
ABIDE2,ABIDEII-OHSU_1_sub-28940_ses-1_run-2,/work/ioannou_lab/elizabeth.szentmiklo/abide_data/derivatives/fmriprep/ABIDE2/UNKNOWN/sub-28940/ses-1/func/sub-28940_ses-1_task-rest_run-2_space-MNI152NLin2009cAsym_desc-preproc_bold.nii.gz,/work/ioannou_lab/elizabeth.szentmiklo/abide_data/derivatives/fmriprep/ABIDE2/UNKNOWN/sub-28940/ses-1/func/sub-28940_ses-1_task-rest_run-2_desc-confounds_regressors.tsv,/work/ioannou_lab/elizabeth.szentmiklo/abide_data/atlases/cc200/cc200_roi_atlas.nii.gz,/work/ioannou_lab/elizabeth.szentmiklo/abide_data/derivatives/fmriprep/ABIDE2/UNKNOWN/sub-28940/ses-1/func/sub-28940_ses-1_task-rest_run-2_space-MNI152NLin2009cAsym_desc-brain_mask.nii.gz,2.5
ABIDE2,ABIDEII-OHSU_1_sub-28940_ses-1_run-3,/work/ioannou_lab/elizabeth.szentmiklo/abide_data/derivatives/fmriprep/ABIDE2/UNKNOWN/sub-28940/ses-1/func/sub-28940_ses-1_task-rest_run-3_space-MNI152NLin2009cAsym_desc-preproc_bold.nii.gz,/work/ioannou_lab/elizabeth.szentmiklo/abide_data/derivatives/fmriprep/ABIDE2/UNKNOWN/sub-28940/ses-1/func/sub-28940_ses-1_task-rest_run-3_desc-confounds_regressors.tsv,/work/ioannou_lab/elizabeth.szentmiklo/abide_data/atlases/cc200/cc200_roi_atlas.nii.gz,/work/ioannou_lab/elizabeth.szentmiklo/abide_data/derivatives/fmriprep/ABIDE2/UNKNOWN/sub-28940/ses-1/func/sub-28940_ses-1_task-rest_run-3_space-MNI152NLin2009cAsym_desc-brain_mask.nii.gz,2.5
ABIDE2,ABIDEII-OHSU_1_sub-28943_ses-1_run-1,/work/ioannou_lab/elizabeth.szentmiklo/abide_data/derivatives/fmriprep/ABIDE2/UNKNOWN/sub-28943/ses-1/func/sub-28943_ses-1_task-rest_run-1_space-MNI152NLin2009cAsym_desc-preproc_bold.nii.gz,/work/ioannou_lab/elizabeth.szentmiklo/abide_data/derivatives/fmriprep/ABIDE2/UNKNOWN/sub-28943/ses-1/func/sub-28943_ses-1_task-rest_run-1_desc-confounds_regressors.tsv,/work/ioannou_lab/elizabeth.szentmiklo/abide_data/atlases/cc200/cc200_roi_atlas.nii.gz,/work/ioannou_lab/elizabeth.szentmiklo/abide_data/derivatives/fmriprep/ABIDE2/UNKNOWN/sub-28943/ses-1/func/sub-28943_ses-1_task-rest_run-1_space-MNI152NLin2009cAsym_desc-brain_mask.nii.gz,2.5
ABIDE2,ABIDEII-OHSU_1_sub-28943_ses-1_run-2,/work/ioannou_lab/elizabeth.szentmiklo/abide_data/derivatives/fmriprep/ABIDE2/UNKNOWN/sub-28943/ses-1/func/sub-28943_ses-1_task-rest_run-2_space-MNI152NLin2009cAsym_desc-preproc_bold.nii.gz,/work/ioannou_lab/elizabeth.szentmiklo/abide_data/derivatives/fmriprep/ABIDE2/UNKNOWN/sub-28943/ses-1/func/sub-28943_ses-1_task-rest_run-2_desc-confounds_regressors.tsv,/work/ioannou_lab/elizabeth.szentmiklo/abide_data/atlases/cc200/cc200_roi_atlas.nii.gz,/work/ioannou_lab/elizabeth.szentmiklo/abide_data/derivatives/fmriprep/ABIDE2/UNKNOWN/sub-28943/ses-1/func/sub-28943_ses-1_task-rest_run-2_space-MNI152NLin2009cAsym_desc-brain_mask.nii.gz,2.5
ABIDE2,ABIDEII-OHSU_1_sub-28943_ses-1_run-3,/work/ioannou_lab/elizabeth.szentmiklo/abide_data/derivatives/fmriprep/ABIDE2/UNKNOWN/sub-28943/ses-1/func/sub-28943_ses-1_task-rest_run-3_space-MNI152NLin2009cAsym_desc-preproc_bold.nii.gz,/work/ioannou_lab/elizabeth.szentmiklo/abide_data/derivatives/fmriprep/ABIDE2/UNKNOWN/sub-28943/ses-1/func/sub-28943_ses-1_task-rest_run-3_desc-confounds_regressors.tsv,/work/ioannou_lab/elizabeth.szentmiklo/abide_data/atlases/cc200/cc200_roi_atlas.nii.gz,/work/ioannou_lab/elizabeth.szentmiklo/abide_data/derivatives/fmriprep/ABIDE2/UNKNOWN/sub-28943/ses-1/func/sub-28943_ses-1_task-rest_run-3_space-MNI152NLin2009cAsym_desc-brain_mask.nii.gz,2.5
ABIDE2,ABIDEII-OHSU_1_sub-28945_ses-1_run-1,/work/ioannou_lab/elizabeth.szentmiklo/abide_data/derivatives/fmriprep/ABIDE2/UNKNOWN/sub-28945/ses-1/func/sub-28945_ses-1_task-rest_run-1_space-MNI152NLin2009cAsym_desc-preproc_bold.nii.gz,/work/ioannou_lab/elizabeth.szentmiklo/abide_data/derivatives/fmriprep/ABIDE2/UNKNOWN/sub-28945/ses-1/func/sub-28945_ses-1_task-rest_run-1_desc-confounds_regressors.tsv,/work/ioannou_lab/elizabeth.szentmiklo/abide_data/atlases/cc200/cc200_roi_atlas.nii.gz,/work/ioannou_lab/elizabeth.szentmiklo/abide_data/derivatives/fmriprep/ABIDE2/UNKNOWN/sub-28945/ses-1/func/sub-28945_ses-1_task-rest_run-1_space-MNI152NLin2009cAsym_desc-brain_mask.nii.gz,2.5
ABIDE2,ABIDEII-OHSU_1_sub-28945_ses-1_run-2,/work/ioannou_lab/elizabeth.szentmiklo/abide_data/derivatives/fmriprep/ABIDE2/UNKNOWN/sub-28945/ses-1/func/sub-28945_ses-1_task-rest_run-2_space-MNI152NLin2009cAsym_desc-preproc_bold.nii.gz,/work/ioannou_lab/elizabeth.szentmiklo/abide_data/derivatives/fmriprep/ABIDE2/UNKNOWN/sub-28945/ses-1/func/sub-28945_ses-1_task-rest_run-2_desc-confounds_regressors.tsv,/work/ioannou_lab/elizabeth.szentmiklo/abide_data/atlases/cc200/cc200_roi_atlas.nii.gz,/work/ioannou_lab/elizabeth.szentmiklo/abide_data/derivatives/fmriprep/ABIDE2/UNKNOWN/sub-28945/ses-1/func/sub-28945_ses-1_task-rest_run-2_space-MNI152NLin2009cAsym_desc-brain_mask.nii.gz,2.5
ABIDE2,ABIDEII-OHSU_1_sub-28945_ses-1_run-3,/work/ioannou_lab/elizabeth.szentmiklo/abide_data/derivatives/fmriprep/ABIDE2/UNKNOWN/sub-28945/ses-1/func/sub-28945_ses-1_task-rest_run-3_space-MNI152NLin2009cAsym_desc-preproc_bold.nii.gz,/work/ioannou_lab/elizabeth.szentmiklo/abide_data/derivatives/fmriprep/ABIDE2/UNKNOWN/sub-28945/ses-1/func/sub-28945_ses-1_task-rest_run-3_desc-confounds_regressors.tsv,/work/ioannou_lab/elizabeth.szentmiklo/abide_data/atlases/cc200/cc200_roi_atlas.nii.gz,/work/ioannou_lab/elizabeth.szentmiklo/abide_data/derivatives/fmriprep/ABIDE2/UNKNOWN/sub-28945/ses-1/func/sub-28945_ses-1_task-rest_run-3_space-MNI152NLin2009cAsym_desc-brain_mask.nii.gz,2.5
ABIDE2,ABIDEII-OHSU_1_sub-28946_ses-1_run-1,/work/ioannou_lab/elizabeth.szentmiklo/abide_data/derivatives/fmriprep/ABIDE2/UNKNOWN/sub-28946/ses-1/func/sub-28946_ses-1_task-rest_run-1_space-MNI152NLin2009cAsym_desc-preproc_bold.nii.gz,/work/ioannou_lab/elizabeth.szentmiklo/abide_data/derivatives/fmriprep/ABIDE2/UNKNOWN/sub-28946/ses-1/func/sub-28946_ses-1_task-rest_run-1_desc-confounds_regressors.tsv,/work/ioannou_lab/elizabeth.szentmiklo/abide_data/atlases/cc200/cc200_roi_atlas.nii.gz,/work/ioannou_lab/elizabeth.szentmiklo/abide_data/derivatives/fmriprep/ABIDE2/UNKNOWN/sub-28946/ses-1/func/sub-28946_ses-1_task-rest_run-1_space-MNI152NLin2009cAsym_desc-brain_mask.nii.gz,2.5
ABIDE2,ABIDEII-OHSU_1_sub-28946_ses-1_run-2,/work/ioannou_lab/elizabeth.szentmiklo/abide_data/derivatives/fmriprep/ABIDE2/UNKNOWN/sub-28946/ses-1/func/sub-28946_ses-1_task-rest_run-2_space-MNI152NLin2009cAsym_desc-preproc_bold.nii.gz,/work/ioannou_lab/elizabeth.szentmiklo/abide_data/derivatives/fmriprep/ABIDE2/UNKNOWN/sub-28946/ses-1/func/sub-28946_ses-1_task-rest_run-2_desc-confounds_regressors.tsv,/work/ioannou_lab/elizabeth.szentmiklo/abide_data/atlases/cc200/cc200_roi_atlas.nii.gz,/work/ioannou_lab/elizabeth.szentmiklo/abide_data/derivatives/fmriprep/ABIDE2/UNKNOWN/sub-28946/ses-1/func/sub-28946_ses-1_task-rest_run-2_space-MNI152NLin2009cAsym_desc-brain_mask.nii.gz,2.5
ABIDE2,ABIDEII-OHSU_1_sub-28946_ses-1_run-3,/work/ioannou_lab/elizabeth.szentmiklo/abide_data/derivatives/fmriprep/ABIDE2/UNKNOWN/sub-28946/ses-1/func/sub-28946_ses-1_task-rest_run-3_space-MNI152NLin2009cAsym_desc-preproc_bold.nii.gz,/work/ioannou_lab/elizabeth.szentmiklo/abide_data/derivatives/fmriprep/ABIDE2/UNKNOWN/sub-28946/ses-1/func/sub-28946_ses-1_task-rest_run-3_desc-confounds_regressors.tsv,/work/ioannou_lab/elizabeth.szentmiklo/abide_data/atlases/cc200/cc200_roi_atlas.nii.gz,/work/ioannou_lab/elizabeth.szentmiklo/abide_data/derivatives/fmriprep/ABIDE2/UNKNOWN/sub-28946/ses-1/func/sub-28946_ses-1_task-rest_run-3_space-MNI152NLin2009cAsym_desc-brain_mask.nii.gz,2.5
ABIDE2,ABIDEII-OHSU_1_sub-28949_ses-1_run-1,/work/ioannou_lab/elizabeth.szentmiklo/abide_data/derivatives/fmriprep/ABIDE2/UNKNOWN/sub-28949/ses-1/func/sub-28949_ses-1_task-rest_run-1_space-MNI152NLin2009cAsym_desc-preproc_bold.nii.gz,/work/ioannou_lab/elizabeth.szentmiklo/abide_data/derivatives/fmriprep/ABIDE2/UNKNOWN/sub-28949/ses-1/func/sub-28949_ses-1_task-rest_run-1_desc-confounds_regressors.tsv,/work/ioannou_lab/elizabeth.szentmiklo/abide_data/atlases/cc200/cc200_roi_atlas.nii.gz,/work/ioannou_lab/elizabeth.szentmiklo/abide_data/derivatives/fmriprep/ABIDE2/UNKNOWN/sub-28949/ses-1/func/sub-28949_ses-1_task-rest_run-1_space-MNI152NLin2009cAsym_desc-brain_mask.nii.gz,2.5
ABIDE2,ABIDEII-OHSU_1_sub-28949_ses-1_run-2,/work/ioannou_lab/elizabeth.szentmiklo/abide_data/derivatives/fmriprep/ABIDE2/UNKNOWN/sub-28949/ses-1/func/sub-28949_ses-1_task-rest_run-2_space-MNI152NLin2009cAsym_desc-preproc_bold.nii.gz,/work/ioannou_lab/elizabeth.szentmiklo/abide_data/derivatives/fmriprep/ABIDE2/UNKNOWN/sub-28949/ses-1/func/sub-28949_ses-1_task-rest_run-2_desc-confounds_regressors.tsv,/work/ioannou_lab/elizabeth.szentmiklo/abide_data/atlases/cc200/cc200_roi_atlas.nii.gz,/work/ioannou_lab/elizabeth.szentmiklo/abide_data/derivatives/fmriprep/ABIDE2/UNKNOWN/sub-28949/ses-1/func/sub-28949_ses-1_task-rest_run-2_space-MNI152NLin2009cAsym_desc-brain_mask.nii.gz,2.5
ABIDE2,ABIDEII-OHSU_1_sub-28949_ses-1_run-3,/work/ioannou_lab/elizabeth.szentmiklo/abide_data/derivatives/fmriprep/ABIDE2/UNKNOWN/sub-28949/ses-1/func/sub-28949_ses-1_task-rest_run-3_space-MNI152NLin2009cAsym_desc-preproc_bold.nii.gz,/work/ioannou_lab/elizabeth.szentmiklo/abide_data/derivatives/fmriprep/ABIDE2/UNKNOWN/sub-28949/ses-1/func/sub-28949_ses-1_task-rest_run-3_desc-confounds_regressors.tsv,/work/ioannou_lab/elizabeth.szentmiklo/abide_data/atlases/cc200/cc200_roi_atlas.nii.gz,/work/ioannou_lab/elizabeth.szentmiklo/abide_data/derivatives/fmriprep/ABIDE2/UNKNOWN/sub-28949/ses-1/func/sub-28949_ses-1_task-rest_run-3_space-MNI152NLin2009cAsym_desc-brain_mask.nii.gz,2.5
ABIDE2,ABIDEII-OHSU_1_sub-28956_ses-1_run-1,/work/ioannou_lab/elizabeth.szentmiklo/abide_data/derivatives/fmriprep/ABIDE2/UNKNOWN/sub-28956/ses-1/func/sub-28956_ses-1_task-rest_run-1_space-MNI152NLin2009cAsym_desc-preproc_bold.nii.gz,/work/ioannou_lab/elizabeth.szentmiklo/abide_data/derivatives/fmriprep/ABIDE2/UNKNOWN/sub-28956/ses-1/func/sub-28956_ses-1_task-rest_run-1_desc-confounds_regressors.tsv,/work/ioannou_lab/elizabeth.szentmiklo/abide_data/atlases/cc200/cc200_roi_atlas.nii.gz,/work/ioannou_lab/elizabeth.szentmiklo/abide_data/derivatives/fmriprep/ABIDE2/UNKNOWN/sub-28956/ses-1/func/sub-28956_ses-1_task-rest_run-1_space-MNI152NLin2009cAsym_desc-brain_mask.nii.gz,2.5
ABIDE2,ABIDEII-OHSU_1_sub-28956_ses-1_run-2,/work/ioannou_lab/elizabeth.szentmiklo/abide_data/derivatives/fmriprep/ABIDE2/UNKNOWN/sub-28956/ses-1/func/sub-28956_ses-1_task-rest_run-2_space-MNI152NLin2009cAsym_desc-preproc_bold.nii.gz,/work/ioannou_lab/elizabeth.szentmiklo/abide_data/derivatives/fmriprep/ABIDE2/UNKNOWN/sub-28956/ses-1/func/sub-28956_ses-1_task-rest_run-2_desc-confounds_regressors.tsv,/work/ioannou_lab/elizabeth.szentmiklo/abide_data/atlases/cc200/cc200_roi_atlas.nii.gz,/work/ioannou_lab/elizabeth.szentmiklo/abide_data/derivatives/fmriprep/ABIDE2/UNKNOWN/sub-28956/ses-1/func/sub-28956_ses-1_task-rest_run-2_space-MNI152NLin2009cAsym_desc-brain_mask.nii.gz,2.5
ABIDE2,ABIDEII-OHSU_1_sub-28956_ses-1_run-3,/work/ioannou_lab/elizabeth.szentmiklo/abide_data/derivatives/fmriprep/ABIDE2/UNKNOWN/sub-28956/ses-1/func/sub-28956_ses-1_task-rest_run-3_space-MNI152NLin2009cAsym_desc-preproc_bold.nii.gz,/work/ioannou_lab/elizabeth.szentmiklo/abide_data/derivatives/fmriprep/ABIDE2/UNKNOWN/sub-28956/ses-1/func/sub-28956_ses-1_task-rest_run-3_desc-confounds_regressors.tsv,/work/ioannou_lab/elizabeth.szentmiklo/abide_data/atlases/cc200/cc200_roi_atlas.nii.gz,/work/ioannou_lab/elizabeth.szentmiklo/abide_data/derivatives/fmriprep/ABIDE2/UNKNOWN/sub-28956/ses-1/func/sub-28956_ses-1_task-rest_run-3_space-MNI152NLin2009cAsym_desc-brain_mask.nii.gz,2.5
ABIDE2,ABIDEII-OHSU_1_sub-28963_ses-1_run-1,/work/ioannou_lab/elizabeth.szentmiklo/abide_data/derivatives/fmriprep/ABIDE2/UNKNOWN/sub-28963/ses-1/func/sub-28963_ses-1_task-rest_run-1_space-MNI152NLin2009cAsym_desc-preproc_bold.nii.gz,/work/ioannou_lab/elizabeth.szentmiklo/abide_data/derivatives/fmriprep/ABIDE2/UNKNOWN/sub-28963/ses-1/func/sub-28963_ses-1_task-rest_run-1_desc-confounds_regressors.tsv,/work/ioannou_lab/elizabeth.szentmiklo/abide_data/atlases/cc200/cc200_roi_atlas.nii.gz,/work/ioannou_lab/elizabeth.szentmiklo/abide_data/derivatives/fmriprep/ABIDE2/UNKNOWN/sub-28963/ses-1/func/sub-28963_ses-1_task-rest_run-1_space-MNI152NLin2009cAsym_desc-brain_mask.nii.gz,2.5
ABIDE2,ABIDEII-OHSU_1_sub-28963_ses-1_run-2,/work/ioannou_lab/elizabeth.szentmiklo/abide_data/derivatives/fmriprep/ABIDE2/UNKNOWN/sub-28963/ses-1/func/sub-28963_ses-1_task-rest_run-2_space-MNI152NLin2009cAsym_desc-preproc_bold.nii.gz,/work/ioannou_lab/elizabeth.szentmiklo/abide_data/derivatives/fmriprep/ABIDE2/UNKNOWN/sub-28963/ses-1/func/sub-28963_ses-1_task-rest_run-2_desc-confounds_regressors.tsv,/work/ioannou_lab/elizabeth.szentmiklo/abide_data/atlases/cc200/cc200_roi_atlas.nii.gz,/work/ioannou_lab/elizabeth.szentmiklo/abide_data/derivatives/fmriprep/ABIDE2/UNKNOWN/sub-28963/ses-1/func/sub-28963_ses-1_task-rest_run-2_space-MNI152NLin2009cAsym_desc-brain_mask.nii.gz,2.5
ABIDE2,ABIDEII-OHSU_1_sub-28963_ses-1_run-3,/work/ioannou_lab/elizabeth.szentmiklo/abide_data/derivatives/fmriprep/ABIDE2/UNKNOWN/sub-28963/ses-1/func/sub-28963_ses-1_task-rest_run-3_space-MNI152NLin2009cAsym_desc-preproc_bold.nii.gz,/work/ioannou_lab/elizabeth.szentmiklo/abide_data/derivatives/fmriprep/ABIDE2/UNKNOWN/sub-28963/ses-1/func/sub-28963_ses-1_task-rest_run-3_desc-confounds_regressors.tsv,/work/ioannou_lab/elizabeth.szentmiklo/abide_data/atlases/cc200/cc200_roi_atlas.nii.gz,/work/ioannou_lab/elizabeth.szentmiklo/abide_data/derivatives/fmriprep/ABIDE2/UNKNOWN/sub-28963/ses-1/func/sub-28963_ses-1_task-rest_run-3_space-MNI152NLin2009cAsym_desc-brain_mask.nii.gz,2.5
ABIDE2,ABIDEII-OHSU_1_sub-28969_ses-1_run-1,/work/ioannou_lab/elizabeth.szentmiklo/abide_data/derivatives/fmriprep/ABIDE2/UNKNOWN/sub-28969/ses-1/func/sub-28969_ses-1_task-rest_run-1_space-MNI152NLin2009cAsym_desc-preproc_bold.nii.gz,/work/ioannou_lab/elizabeth.szentmiklo/abide_data/derivatives/fmriprep/ABIDE2/UNKNOWN/sub-28969/ses-1/func/sub-28969_ses-1_task-rest_run-1_desc-confounds_regressors.tsv,/work/ioannou_lab/elizabeth.szentmiklo/abide_data/atlases/cc200/cc200_roi_atlas.nii.gz,/work/ioannou_lab/elizabeth.szentmiklo/abide_data/derivatives/fmriprep/ABIDE2/UNKNOWN/sub-28969/ses-1/func/sub-28969_ses-1_task-rest_run-1_space-MNI152NLin2009cAsym_desc-brain_mask.nii.gz,2.5
ABIDE2,ABIDEII-OHSU_1_sub-28969_ses-1_run-2,/work/ioannou_lab/elizabeth.szentmiklo/abide_data/derivatives/fmriprep/ABIDE2/UNKNOWN/sub-28969/ses-1/func/sub-28969_ses-1_task-rest_run-2_space-MNI152NLin2009cAsym_desc-preproc_bold.nii.gz,/work/ioannou_lab/elizabeth.szentmiklo/abide_data/derivatives/fmriprep/ABIDE2/UNKNOWN/sub-28969/ses-1/func/sub-28969_ses-1_task-rest_run-2_desc-confounds_regressors.tsv,/work/ioannou_lab/elizabeth.szentmiklo/abide_data/atlases/cc200/cc200_roi_atlas.nii.gz,/work/ioannou_lab/elizabeth.szentmiklo/abide_data/derivatives/fmriprep/ABIDE2/UNKNOWN/sub-28969/ses-1/func/sub-28969_ses-1_task-rest_run-2_space-MNI152NLin2009cAsym_desc-brain_mask.nii.gz,2.5
ABIDE2,ABIDEII-OHSU_1_sub-28969_ses-1_run-3,/work/ioannou_lab/elizabeth.szentmiklo/abide_data/derivatives/fmriprep/ABIDE2/UNKNOWN/sub-28969/ses-1/func/sub-28969_ses-1_task-rest_run-3_space-MNI152NLin2009cAsym_desc-preproc_bold.nii.gz,/work/ioannou_lab/elizabeth.szentmiklo/abide_data/derivatives/fmriprep/ABIDE2/UNKNOWN/sub-28969/ses-1/func/sub-28969_ses-1_task-rest_run-3_desc-confounds_regressors.tsv,/work/ioannou_lab/elizabeth.szentmiklo/abide_data/atlases/cc200/cc200_roi_atlas.nii.gz,/work/ioannou_lab/elizabeth.szentmiklo/abide_data/derivatives/fmriprep/ABIDE2/UNKNOWN/sub-28969/ses-1/func/sub-28969_ses-1_task-rest_run-3_space-MNI152NLin2009cAsym_desc-brain_mask.nii.gz,2.5
ABIDE2,ABIDEII-OHSU_1_sub-28971_ses-1_run-1,/work/ioannou_lab/elizabeth.szentmiklo/abide_data/derivatives/fmriprep/ABIDE2/UNKNOWN/sub-28971/ses-1/func/sub-28971_ses-1_task-rest_run-1_space-MNI152NLin2009cAsym_desc-preproc_bold.nii.gz,/work/ioannou_lab/elizabeth.szentmiklo/abide_data/derivatives/fmriprep/ABIDE2/UNKNOWN/sub-28971/ses-1/func/sub-28971_ses-1_task-rest_run-1_desc-confounds_regressors.tsv,/work/ioannou_lab/elizabeth.szentmiklo/abide_data/atlases/cc200/cc200_roi_atlas.nii.gz,/work/ioannou_lab/elizabeth.szentmiklo/abide_data/derivatives/fmriprep/ABIDE2/UNKNOWN/sub-28971/ses-1/func/sub-28971_ses-1_task-rest_run-1_space-MNI152NLin2009cAsym_desc-brain_mask.nii.gz,2.5
ABIDE2,ABIDEII-OHSU_1_sub-28971_ses-1_run-2,/work/ioannou_lab/elizabeth.szentmiklo/abide_data/derivatives/fmriprep/ABIDE2/UNKNOWN/sub-28971/ses-1/func/sub-28971_ses-1_task-rest_run-2_space-MNI152NLin2009cAsym_desc-preproc_bold.nii.gz,/work/ioannou_lab/elizabeth.szentmiklo/abide_data/derivatives/fmriprep/ABIDE2/UNKNOWN/sub-28971/ses-1/func/sub-28971_ses-1_task-rest_run-2_desc-confounds_regressors.tsv,/work/ioannou_lab/elizabeth.szentmiklo/abide_data/atlases/cc200/cc200_roi_atlas.nii.gz,/work/ioannou_lab/elizabeth.szentmiklo/abide_data/derivatives/fmriprep/ABIDE2/UNKNOWN/sub-28971/ses-1/func/sub-28971_ses-1_task-rest_run-2_space-MNI152NLin2009cAsym_desc-brain_mask.nii.gz,2.5
ABIDE2,ABIDEII-OHSU_1_sub-28971_ses-1_run-3,/work/ioannou_lab/elizabeth.szentmiklo/abide_data/derivatives/fmriprep/ABIDE2/UNKNOWN/sub-28971/ses-1/func/sub-28971_ses-1_task-rest_run-3_space-MNI152NLin2009cAsym_desc-preproc_bold.nii.gz,/work/ioannou_lab/elizabeth.szentmiklo/abide_data/derivatives/fmriprep/ABIDE2/UNKNOWN/sub-28971/ses-1/func/sub-28971_ses-1_task-rest_run-3_desc-confounds_regressors.tsv,/work/ioannou_lab/elizabeth.szentmiklo/abide_data/atlases/cc200/cc200_roi_atlas.nii.gz,/work/ioannou_lab/elizabeth.szentmiklo/abide_data/derivatives/fmriprep/ABIDE2/UNKNOWN/sub-28971/ses-1/func/sub-28971_ses-1_task-rest_run-3_space-MNI152NLin2009cAsym_desc-brain_mask.nii.gz,2.5
ABIDE2,ABIDEII-OHSU_1_sub-28976_ses-1_run-1,/work/ioannou_lab/elizabeth.szentmiklo/abide_data/derivatives/fmriprep/ABIDE2/UNKNOWN/sub-28976/ses-1/func/sub-28976_ses-1_task-rest_run-1_space-MNI152NLin2009cAsym_desc-preproc_bold.nii.gz,/work/ioannou_lab/elizabeth.szentmiklo/abide_data/derivatives/fmriprep/ABIDE2/UNKNOWN/sub-28976/ses-1/func/sub-28976_ses-1_task-rest_run-1_desc-confounds_regressors.tsv,/work/ioannou_lab/elizabeth.szentmiklo/abide_data/atlases/cc200/cc200_roi_atlas.nii.gz,/work/ioannou_lab/elizabeth.szentmiklo/abide_data/derivatives/fmriprep/ABIDE2/UNKNOWN/sub-28976/ses-1/func/sub-28976_ses-1_task-rest_run-1_space-MNI152NLin2009cAsym_desc-brain_mask.nii.gz,2.5
ABIDE2,ABIDEII-OHSU_1_sub-28976_ses-1_run-2,/work/ioannou_lab/elizabeth.szentmiklo/abide_data/derivatives/fmriprep/ABIDE2/UNKNOWN/sub-28976/ses-1/func/sub-28976_ses-1_task-rest_run-2_space-MNI152NLin2009cAsym_desc-preproc_bold.nii.gz,/work/ioannou_lab/elizabeth.szentmiklo/abide_data/derivatives/fmriprep/ABIDE2/UNKNOWN/sub-28976/ses-1/func/sub-28976_ses-1_task-rest_run-2_desc-confounds_regressors.tsv,/work/ioannou_lab/elizabeth.szentmiklo/abide_data/atlases/cc200/cc200_roi_atlas.nii.gz,/work/ioannou_lab/elizabeth.szentmiklo/abide_data/derivatives/fmriprep/ABIDE2/UNKNOWN/sub-28976/ses-1/func/sub-28976_ses-1_task-rest_run-2_space-MNI152NLin2009cAsym_desc-brain_mask.nii.gz,2.5
ABIDE2,ABIDEII-OHSU_1_sub-28976_ses-1_run-3,/work/ioannou_lab/elizabeth.szentmiklo/abide_data/derivatives/fmriprep/ABIDE2/UNKNOWN/sub-28976/ses-1/func/sub-28976_ses-1_task-rest_run-3_space-MNI152NLin2009cAsym_desc-preproc_bold.nii.gz,/work/ioannou_lab/elizabeth.szentmiklo/abide_data/derivatives/fmriprep/ABIDE2/UNKNOWN/sub-28976/ses-1/func/sub-28976_ses-1_task-rest_run-3_desc-confounds_regressors.tsv,/work/ioannou_lab/elizabeth.szentmiklo/abide_data/atlases/cc200/cc200_roi_atlas.nii.gz,/work/ioannou_lab/elizabeth.szentmiklo/abide_data/derivatives/fmriprep/ABIDE2/UNKNOWN/sub-28976/ses-1/func/sub-28976_ses-1_task-rest_run-3_space-MNI152NLin2009cAsym_desc-brain_mask.nii.gz,2.5
ABIDE2,ABIDEII-OHSU_1_sub-28977_ses-1_run-1,/work/ioannou_lab/elizabeth.szentmiklo/abide_data/derivatives/fmriprep/ABIDE2/UNKNOWN/sub-28977/ses-1/func/sub-28977_ses-1_task-rest_run-1_space-MNI152NLin2009cAsym_desc-preproc_bold.nii.gz,/work/ioannou_lab/elizabeth.szentmiklo/abide_data/derivatives/fmriprep/ABIDE2/UNKNOWN/sub-28977/ses-1/func/sub-28977_ses-1_task-rest_run-1_desc-confounds_regressors.tsv,/work/ioannou_lab/elizabeth.szentmiklo/abide_data/atlases/cc200/cc200_roi_atlas.nii.gz,/work/ioannou_lab/elizabeth.szentmiklo/abide_data/derivatives/fmriprep/ABIDE2/UNKNOWN/sub-28977/ses-1/func/sub-28977_ses-1_task-rest_run-1_space-MNI152NLin2009cAsym_desc-brain_mask.nii.gz,2.5
ABIDE2,ABIDEII-OHSU_1_sub-28977_ses-1_run-2,/work/ioannou_lab/elizabeth.szentmiklo/abide_data/derivatives/fmriprep/ABIDE2/UNKNOWN/sub-28977/ses-1/func/sub-28977_ses-1_task-rest_run-2_space-MNI152NLin2009cAsym_desc-preproc_bold.nii.gz,/work/ioannou_lab/elizabeth.szentmiklo/abide_data/derivatives/fmriprep/ABIDE2/UNKNOWN/sub-28977/ses-1/func/sub-28977_ses-1_task-rest_run-2_desc-confounds_regressors.tsv,/work/ioannou_lab/elizabeth.szentmiklo/abide_data/atlases/cc200/cc200_roi_atlas.nii.gz,/work/ioannou_lab/elizabeth.szentmiklo/abide_data/derivatives/fmriprep/ABIDE2/UNKNOWN/sub-28977/ses-1/func/sub-28977_ses-1_task-rest_run-2_space-MNI152NLin2009cAsym_desc-brain_mask.nii.gz,2.5
ABIDE2,ABIDEII-OHSU_1_sub-28977_ses-1_run-3,/work/ioannou_lab/elizabeth.szentmiklo/abide_data/derivatives/fmriprep/ABIDE2/UNKNOWN/sub-28977/ses-1/func/sub-28977_ses-1_task-rest_run-3_space-MNI152NLin2009cAsym_desc-preproc_bold.nii.gz,/work/ioannou_lab/elizabeth.szentmiklo/abide_data/derivatives/fmriprep/ABIDE2/UNKNOWN/sub-28977/ses-1/func/sub-28977_ses-1_task-rest_run-3_desc-confounds_regressors.tsv,/work/ioannou_lab/elizabeth.szentmiklo/abide_data/atlases/cc200/cc200_roi_atlas.nii.gz,/work/ioannou_lab/elizabeth.szentmiklo/abide_data/derivatives/fmriprep/ABIDE2/UNKNOWN/sub-28977/ses-1/func/sub-28977_ses-1_task-rest_run-3_space-MNI152NLin2009cAsym_desc-brain_mask.nii.gz,2.5
ABIDE2,ABIDEII-OHSU_1_sub-28980_ses-1_run-1,/work/ioannou_lab/elizabeth.szentmiklo/abide_data/derivatives/fmriprep/ABIDE2/UNKNOWN/sub-28980/ses-1/func/sub-28980_ses-1_task-rest_run-1_space-MNI152NLin2009cAsym_desc-preproc_bold.nii.gz,/work/ioannou_lab/elizabeth.szentmiklo/abide_data/derivatives/fmriprep/ABIDE2/UNKNOWN/sub-28980/ses-1/func/sub-28980_ses-1_task-rest_run-1_desc-confounds_regressors.tsv,/work/ioannou_lab/elizabeth.szentmiklo/abide_data/atlases/cc200/cc200_roi_atlas.nii.gz,/work/ioannou_lab/elizabeth.szentmiklo/abide_data/derivatives/fmriprep/ABIDE2/UNKNOWN/sub-28980/ses-1/func/sub-28980_ses-1_task-rest_run-1_space-MNI152NLin2009cAsym_desc-brain_mask.nii.gz,2.5
ABIDE2,ABIDEII-OHSU_1_sub-28980_ses-1_run-2,/work/ioannou_lab/elizabeth.szentmiklo/abide_data/derivatives/fmriprep/ABIDE2/UNKNOWN/sub-28980/ses-1/func/sub-28980_ses-1_task-rest_run-2_space-MNI152NLin2009cAsym_desc-preproc_bold.nii.gz,/work/ioannou_lab/elizabeth.szentmiklo/abide_data/derivatives/fmriprep/ABIDE2/UNKNOWN/sub-28980/ses-1/func/sub-28980_ses-1_task-rest_run-2_desc-confounds_regressors.tsv,/work/ioannou_lab/elizabeth.szentmiklo/abide_data/atlases/cc200/cc200_roi_atlas.nii.gz,/work/ioannou_lab/elizabeth.szentmiklo/abide_data/derivatives/fmriprep/ABIDE2/UNKNOWN/sub-28980/ses-1/func/sub-28980_ses-1_task-rest_run-2_space-MNI152NLin2009cAsym_desc-brain_mask.nii.gz,2.5
ABIDE2,ABIDEII-OHSU_1_sub-28980_ses-1_run-3,/work/ioannou_lab/elizabeth.szentmiklo/abide_data/derivatives/fmriprep/ABIDE2/UNKNOWN/sub-28980/ses-1/func/sub-28980_ses-1_task-rest_run-3_space-MNI152NLin2009cAsym_desc-preproc_bold.nii.gz,/work/ioannou_lab/elizabeth.szentmiklo/abide_data/derivatives/fmriprep/ABIDE2/UNKNOWN/sub-28980/ses-1/func/sub-28980_ses-1_task-rest_run-3_desc-confounds_regressors.tsv,/work/ioannou_lab/elizabeth.szentmiklo/abide_data/atlases/cc200/cc200_roi_atlas.nii.gz,/work/ioannou_lab/elizabeth.szentmiklo/abide_data/derivatives/fmriprep/ABIDE2/UNKNOWN/sub-28980/ses-1/func/sub-28980_ses-1_task-rest_run-3_space-MNI152NLin2009cAsym_desc-brain_mask.nii.gz,2.5
ABIDE2,ABIDEII-OHSU_1_sub-28983_ses-1_run-1,/work/ioannou_lab/elizabeth.szentmiklo/abide_data/derivatives/fmriprep/ABIDE2/UNKNOWN/sub-28983/ses-1/func/sub-28983_ses-1_task-rest_run-1_space-MNI152NLin2009cAsym_desc-preproc_bold.nii.gz,/work/ioannou_lab/elizabeth.szentmiklo/abide_data/derivatives/fmriprep/ABIDE2/UNKNOWN/sub-28983/ses-1/func/sub-28983_ses-1_task-rest_run-1_desc-confounds_regressors.tsv,/work/ioannou_lab/elizabeth.szentmiklo/abide_data/atlases/cc200/cc200_roi_atlas.nii.gz,/work/ioannou_lab/elizabeth.szentmiklo/abide_data/derivatives/fmriprep/ABIDE2/UNKNOWN/sub-28983/ses-1/func/sub-28983_ses-1_task-rest_run-1_space-MNI152NLin2009cAsym_desc-brain_mask.nii.gz,2.5
ABIDE2,ABIDEII-OHSU_1_sub-28983_ses-1_run-2,/work/ioannou_lab/elizabeth.szentmiklo/abide_data/derivatives/fmriprep/ABIDE2/UNKNOWN/sub-28983/ses-1/func/sub-28983_ses-1_task-rest_run-2_space-MNI152NLin2009cAsym_desc-preproc_bold.nii.gz,/work/ioannou_lab/elizabeth.szentmiklo/abide_data/derivatives/fmriprep/ABIDE2/UNKNOWN/sub-28983/ses-1/func/sub-28983_ses-1_task-rest_run-2_desc-confounds_regressors.tsv,/work/ioannou_lab/elizabeth.szentmiklo/abide_data/atlases/cc200/cc200_roi_atlas.nii.gz,/work/ioannou_lab/elizabeth.szentmiklo/abide_data/derivatives/fmriprep/ABIDE2/UNKNOWN/sub-28983/ses-1/func/sub-28983_ses-1_task-rest_run-2_space-MNI152NLin2009cAsym_desc-brain_mask.nii.gz,2.5
ABIDE2,ABIDEII-OHSU_1_sub-28983_ses-1_run-3,/work/ioannou_lab/elizabeth.szentmiklo/abide_data/derivatives/fmriprep/ABIDE2/UNKNOWN/sub-28983/ses-1/func/sub-28983_ses-1_task-rest_run-3_space-MNI152NLin2009cAsym_desc-preproc_bold.nii.gz,/work/ioannou_lab/elizabeth.szentmiklo/abide_data/derivatives/fmriprep/ABIDE2/UNKNOWN/sub-28983/ses-1/func/sub-28983_ses-1_task-rest_run-3_desc-confounds_regressors.tsv,/work/ioannou_lab/elizabeth.szentmiklo/abide_data/atlases/cc200/cc200_roi_atlas.nii.gz,/work/ioannou_lab/elizabeth.szentmiklo/abide_data/derivatives/fmriprep/ABIDE2/UNKNOWN/sub-28983/ses-1/func/sub-28983_ses-1_task-rest_run-3_space-MNI152NLin2009cAsym_desc-brain_mask.nii.gz,2.5
ABIDE2,ABIDEII-OHSU_1_sub-28984_ses-1_run-1,/work/ioannou_lab/elizabeth.szentmiklo/abide_data/derivatives/fmriprep/ABIDE2/UNKNOWN/sub-28984/ses-1/func/sub-28984_ses-1_task-rest_run-1_space-MNI152NLin2009cAsym_desc-preproc_bold.nii.gz,/work/ioannou_lab/elizabeth.szentmiklo/abide_data/derivatives/fmriprep/ABIDE2/UNKNOWN/sub-28984/ses-1/func/sub-28984_ses-1_task-rest_run-1_desc-confounds_regressors.tsv,/work/ioannou_lab/elizabeth.szentmiklo/abide_data/atlases/cc200/cc200_roi_atlas.nii.gz,/work/ioannou_lab/elizabeth.szentmiklo/abide_data/derivatives/fmriprep/ABIDE2/UNKNOWN/sub-28984/ses-1/func/sub-28984_ses-1_task-rest_run-1_space-MNI152NLin2009cAsym_desc-brain_mask.nii.gz,2.5
ABIDE2,ABIDEII-OHSU_1_sub-28984_ses-1_run-2,/work/ioannou_lab/elizabeth.szentmiklo/abide_data/derivatives/fmriprep/ABIDE2/UNKNOWN/sub-28984/ses-1/func/sub-28984_ses-1_task-rest_run-2_space-MNI152NLin2009cAsym_desc-preproc_bold.nii.gz,/work/ioannou_lab/elizabeth.szentmiklo/abide_data/derivatives/fmriprep/ABIDE2/UNKNOWN/sub-28984/ses-1/func/sub-28984_ses-1_task-rest_run-2_desc-confounds_regressors.tsv,/work/ioannou_lab/elizabeth.szentmiklo/abide_data/atlases/cc200/cc200_roi_atlas.nii.gz,/work/ioannou_lab/elizabeth.szentmiklo/abide_data/derivatives/fmriprep/ABIDE2/UNKNOWN/sub-28984/ses-1/func/sub-28984_ses-1_task-rest_run-2_space-MNI152NLin2009cAsym_desc-brain_mask.nii.gz,2.5
ABIDE2,ABIDEII-OHSU_1_sub-28984_ses-1_run-3,/work/ioannou_lab/elizabeth.szentmiklo/abide_data/derivatives/fmriprep/ABIDE2/UNKNOWN/sub-28984/ses-1/func/sub-28984_ses-1_task-rest_run-3_space-MNI152NLin2009cAsym_desc-preproc_bold.nii.gz,/work/ioannou_lab/elizabeth.szentmiklo/abide_data/derivatives/fmriprep/ABIDE2/UNKNOWN/sub-28984/ses-1/func/sub-28984_ses-1_task-rest_run-3_desc-confounds_regressors.tsv,/work/ioannou_lab/elizabeth.szentmiklo/abide_data/atlases/cc200/cc200_roi_atlas.nii.gz,/work/ioannou_lab/elizabeth.szentmiklo/abide_data/derivatives/fmriprep/ABIDE2/UNKNOWN/sub-28984/ses-1/func/sub-28984_ses-1_task-rest_run-3_space-MNI152NLin2009cAsym_desc-brain_mask.nii.gz,2.5
ABIDE2,ABIDEII-OHSU_1_sub-28992_ses-1_run-1,/work/ioannou_lab/elizabeth.szentmiklo/abide_data/derivatives/fmriprep/ABIDE2/UNKNOWN/sub-28992/ses-1/func/sub-28992_ses-1_task-rest_run-1_space-MNI152NLin2009cAsym_desc-preproc_bold.nii.gz,/work/ioannou_lab/elizabeth.szentmiklo/abide_data/derivatives/fmriprep/ABIDE2/UNKNOWN/sub-28992/ses-1/func/sub-28992_ses-1_task-rest_run-1_desc-confounds_regressors.tsv,/work/ioannou_lab/elizabeth.szentmiklo/abide_data/atlases/cc200/cc200_roi_atlas.nii.gz,/work/ioannou_lab/elizabeth.szentmiklo/abide_data/derivatives/fmriprep/ABIDE2/UNKNOWN/sub-28992/ses-1/func/sub-28992_ses-1_task-rest_run-1_space-MNI152NLin2009cAsym_desc-brain_mask.nii.gz,2.5
ABIDE2,ABIDEII-OHSU_1_sub-28992_ses-1_run-2,/work/ioannou_lab/elizabeth.szentmiklo/abide_data/derivatives/fmriprep/ABIDE2/UNKNOWN/sub-28992/ses-1/func/sub-28992_ses-1_task-rest_run-2_space-MNI152NLin2009cAsym_desc-preproc_bold.nii.gz,/work/ioannou_lab/elizabeth.szentmiklo/abide_data/derivatives/fmriprep/ABIDE2/UNKNOWN/sub-28992/ses-1/func/sub-28992_ses-1_task-rest_run-2_desc-confounds_regressors.tsv,/work/ioannou_lab/elizabeth.szentmiklo/abide_data/atlases/cc200/cc200_roi_atlas.nii.gz,/work/ioannou_lab/elizabeth.szentmiklo/abide_data/derivatives/fmriprep/ABIDE2/UNKNOWN/sub-28992/ses-1/func/sub-28992_ses-1_task-rest_run-2_space-MNI152NLin2009cAsym_desc-brain_mask.nii.gz,2.5
ABIDE2,ABIDEII-OHSU_1_sub-28992_ses-1_run-3,/work/ioannou_lab/elizabeth.szentmiklo/abide_data/derivatives/fmriprep/ABIDE2/UNKNOWN/sub-28992/ses-1/func/sub-28992_ses-1_task-rest_run-3_space-MNI152NLin2009cAsym_desc-preproc_bold.nii.gz,/work/ioannou_lab/elizabeth.szentmiklo/abide_data/derivatives/fmriprep/ABIDE2/UNKNOWN/sub-28992/ses-1/func/sub-28992_ses-1_task-rest_run-3_desc-confounds_regressors.tsv,/work/ioannou_lab/elizabeth.szentmiklo/abide_data/atlases/cc200/cc200_roi_atlas.nii.gz,/work/ioannou_lab/elizabeth.szentmiklo/abide_data/derivatives/fmriprep/ABIDE2/UNKNOWN/sub-28992/ses-1/func/sub-28992_ses-1_task-rest_run-3_space-MNI152NLin2009cAsym_desc-brain_mask.nii.gz,2.5
ABIDE2,ABIDEII-OHSU_1_sub-28995_ses-1_run-1,/work/ioannou_lab/elizabeth.szentmiklo/abide_data/derivatives/fmriprep/ABIDE2/UNKNOWN/sub-28995/ses-1/func/sub-28995_ses-1_task-rest_run-1_space-MNI152NLin2009cAsym_desc-preproc_bold.nii.gz,/work/ioannou_lab/elizabeth.szentmiklo/abide_data/derivatives/fmriprep/ABIDE2/UNKNOWN/sub-28995/ses-1/func/sub-28995_ses-1_task-rest_run-1_desc-confounds_regressors.tsv,/work/ioannou_lab/elizabeth.szentmiklo/abide_data/atlases/cc200/cc200_roi_atlas.nii.gz,/work/ioannou_lab/elizabeth.szentmiklo/abide_data/derivatives/fmriprep/ABIDE2/UNKNOWN/sub-28995/ses-1/func/sub-28995_ses-1_task-rest_run-1_space-MNI152NLin2009cAsym_desc-brain_mask.nii.gz,2.5
ABIDE2,ABIDEII-OHSU_1_sub-28995_ses-1_run-2,/work/ioannou_lab/elizabeth.szentmiklo/abide_data/derivatives/fmriprep/ABIDE2/UNKNOWN/sub-28995/ses-1/func/sub-28995_ses-1_task-rest_run-2_space-MNI152NLin2009cAsym_desc-preproc_bold.nii.gz,/work/ioannou_lab/elizabeth.szentmiklo/abide_data/derivatives/fmriprep/ABIDE2/UNKNOWN/sub-28995/ses-1/func/sub-28995_ses-1_task-rest_run-2_desc-confounds_regressors.tsv,/work/ioannou_lab/elizabeth.szentmiklo/abide_data/atlases/cc200/cc200_roi_atlas.nii.gz,/work/ioannou_lab/elizabeth.szentmiklo/abide_data/derivatives/fmriprep/ABIDE2/UNKNOWN/sub-28995/ses-1/func/sub-28995_ses-1_task-rest_run-2_space-MNI152NLin2009cAsym_desc-brain_mask.nii.gz,2.5
ABIDE2,ABIDEII-OHSU_1_sub-28995_ses-1_run-3,/work/ioannou_lab/elizabeth.szentmiklo/abide_data/derivatives/fmriprep/ABIDE2/UNKNOWN/sub-28995/ses-1/func/sub-28995_ses-1_task-rest_run-3_space-MNI152NLin2009cAsym_desc-preproc_bold.nii.gz,/work/ioannou_lab/elizabeth.szentmiklo/abide_data/derivatives/fmriprep/ABIDE2/UNKNOWN/sub-28995/ses-1/func/sub-28995_ses-1_task-rest_run-3_desc-confounds_regressors.tsv,/work/ioannou_lab/elizabeth.szentmiklo/abide_data/atlases/cc200/cc200_roi_atlas.nii.gz,/work/ioannou_lab/elizabeth.szentmiklo/abide_data/derivatives/fmriprep/ABIDE2/UNKNOWN/sub-28995/ses-1/func/sub-28995_ses-1_task-rest_run-3_space-MNI152NLin2009cAsym_desc-brain_mask.nii.gz,2.5
ABIDE2,ABIDEII-OHSU_1_sub-28999_ses-1_run-1,/work/ioannou_lab/elizabeth.szentmiklo/abide_data/derivatives/fmriprep/ABIDE2/UNKNOWN/sub-28999/ses-1/func/sub-28999_ses-1_task-rest_run-1_space-MNI152NLin2009cAsym_desc-preproc_bold.nii.gz,/work/ioannou_lab/elizabeth.szentmiklo/abide_data/derivatives/fmriprep/ABIDE2/UNKNOWN/sub-28999/ses-1/func/sub-28999_ses-1_task-rest_run-1_desc-confounds_regressors.tsv,/work/ioannou_lab/elizabeth.szentmiklo/abide_data/atlases/cc200/cc200_roi_atlas.nii.gz,/work/ioannou_lab/elizabeth.szentmiklo/abide_data/derivatives/fmriprep/ABIDE2/UNKNOWN/sub-28999/ses-1/func/sub-28999_ses-1_task-rest_run-1_space-MNI152NLin2009cAsym_desc-brain_mask.nii.gz,2.5
ABIDE2,ABIDEII-OHSU_1_sub-28999_ses-1_run-2,/work/ioannou_lab/elizabeth.szentmiklo/abide_data/derivatives/fmriprep/ABIDE2/UNKNOWN/sub-28999/ses-1/func/sub-28999_ses-1_task-rest_run-2_space-MNI152NLin2009cAsym_desc-preproc_bold.nii.gz,/work/ioannou_lab/elizabeth.szentmiklo/abide_data/derivatives/fmriprep/ABIDE2/UNKNOWN/sub-28999/ses-1/func/sub-28999_ses-1_task-rest_run-2_desc-confounds_regressors.tsv,/work/ioannou_lab/elizabeth.szentmiklo/abide_data/atlases/cc200/cc200_roi_atlas.nii.gz,/work/ioannou_lab/elizabeth.szentmiklo/abide_data/derivatives/fmriprep/ABIDE2/UNKNOWN/sub-28999/ses-1/func/sub-28999_ses-1_task-rest_run-2_space-MNI152NLin2009cAsym_desc-brain_mask.nii.gz,2.5
ABIDE2,ABIDEII-OHSU_1_sub-28999_ses-1_run-3,/work/ioannou_lab/elizabeth.szentmiklo/abide_data/derivatives/fmriprep/ABIDE2/UNKNOWN/sub-28999/ses-1/func/sub-28999_ses-1_task-rest_run-3_space-MNI152NLin2009cAsym_desc-preproc_bold.nii.gz,/work/ioannou_lab/elizabeth.szentmiklo/abide_data/derivatives/fmriprep/ABIDE2/UNKNOWN/sub-28999/ses-1/func/sub-28999_ses-1_task-rest_run-3_desc-confounds_regressors.tsv,/work/ioannou_lab/elizabeth.szentmiklo/abide_data/atlases/cc200/cc200_roi_atlas.nii.gz,/work/ioannou_lab/elizabeth.szentmiklo/abide_data/derivatives/fmriprep/ABIDE2/UNKNOWN/sub-28999/ses-1/func/sub-28999_ses-1_task-rest_run-3_space-MNI152NLin2009cAsym_desc-brain_mask.nii.gz,2.5
ABIDE2,ABIDEII-OHSU_1_sub-29000_ses-1_run-1,/work/ioannou_lab/elizabeth.szentmiklo/abide_data/derivatives/fmriprep/ABIDE2/UNKNOWN/sub-29000/ses-1/func/sub-29000_ses-1_task-rest_run-1_space-MNI152NLin2009cAsym_desc-preproc_bold.nii.gz,/work/ioannou_lab/elizabeth.szentmiklo/abide_data/derivatives/fmriprep/ABIDE2/UNKNOWN/sub-29000/ses-1/func/sub-29000_ses-1_task-rest_run-1_desc-confounds_regressors.tsv,/work/ioannou_lab/elizabeth.szentmiklo/abide_data/atlases/cc200/cc200_roi_atlas.nii.gz,/work/ioannou_lab/elizabeth.szentmiklo/abide_data/derivatives/fmriprep/ABIDE2/UNKNOWN/sub-29000/ses-1/func/sub-29000_ses-1_task-rest_run-1_space-MNI152NLin2009cAsym_desc-brain_mask.nii.gz,2.5
ABIDE2,ABIDEII-OHSU_1_sub-29000_ses-1_run-2,/work/ioannou_lab/elizabeth.szentmiklo/abide_data/derivatives/fmriprep/ABIDE2/UNKNOWN/sub-29000/ses-1/func/sub-29000_ses-1_task-rest_run-2_space-MNI152NLin2009cAsym_desc-preproc_bold.nii.gz,/work/ioannou_lab/elizabeth.szentmiklo/abide_data/derivatives/fmriprep/ABIDE2/UNKNOWN/sub-29000/ses-1/func/sub-29000_ses-1_task-rest_run-2_desc-confounds_regressors.tsv,/work/ioannou_lab/elizabeth.szentmiklo/abide_data/atlases/cc200/cc200_roi_atlas.nii.gz,/work/ioannou_lab/elizabeth.szentmiklo/abide_data/derivatives/fmriprep/ABIDE2/UNKNOWN/sub-29000/ses-1/func/sub-29000_ses-1_task-rest_run-2_space-MNI152NLin2009cAsym_desc-brain_mask.nii.gz,2.5
ABIDE2,ABIDEII-OHSU_1_sub-29000_ses-1_run-3,/work/ioannou_lab/elizabeth.szentmiklo/abide_data/derivatives/fmriprep/ABIDE2/UNKNOWN/sub-29000/ses-1/func/sub-29000_ses-1_task-rest_run-3_space-MNI152NLin2009cAsym_desc-preproc_bold.nii.gz,/work/ioannou_lab/elizabeth.szentmiklo/abide_data/derivatives/fmriprep/ABIDE2/UNKNOWN/sub-29000/ses-1/func/sub-29000_ses-1_task-rest_run-3_desc-confounds_regressors.tsv,/work/ioannou_lab/elizabeth.szentmiklo/abide_data/atlases/cc200/cc200_roi_atlas.nii.gz,/work/ioannou_lab/elizabeth.szentmiklo/abide_data/derivatives/fmriprep/ABIDE2/UNKNOWN/sub-29000/ses-1/func/sub-29000_ses-1_task-rest_run-3_space-MNI152NLin2009cAsym_desc-brain_mask.nii.gz,2.5
ABIDE2,ABIDEII-OHSU_1_sub-29003_ses-1_run-1,/work/ioannou_lab/elizabeth.szentmiklo/abide_data/derivatives/fmriprep/ABIDE2/UNKNOWN/sub-29003/ses-1/func/sub-29003_ses-1_task-rest_run-1_space-MNI152NLin2009cAsym_desc-preproc_bold.nii.gz,/work/ioannou_lab/elizabeth.szentmiklo/abide_data/derivatives/fmriprep/ABIDE2/UNKNOWN/sub-29003/ses-1/func/sub-29003_ses-1_task-rest_run-1_desc-confounds_regressors.tsv,/work/ioannou_lab/elizabeth.szentmiklo/abide_data/atlases/cc200/cc200_roi_atlas.nii.gz,/work/ioannou_lab/elizabeth.szentmiklo/abide_data/derivatives/fmriprep/ABIDE2/UNKNOWN/sub-29003/ses-1/func/sub-29003_ses-1_task-rest_run-1_space-MNI152NLin2009cAsym_desc-brain_mask.nii.gz,2.5
ABIDE2,ABIDEII-OHSU_1_sub-29003_ses-1_run-2,/work/ioannou_lab/elizabeth.szentmiklo/abide_data/derivatives/fmriprep/ABIDE2/UNKNOWN/sub-29003/ses-1/func/sub-29003_ses-1_task-rest_run-2_space-MNI152NLin2009cAsym_desc-preproc_bold.nii.gz,/work/ioannou_lab/elizabeth.szentmiklo/abide_data/derivatives/fmriprep/ABIDE2/UNKNOWN/sub-29003/ses-1/func/sub-29003_ses-1_task-rest_run-2_desc-confounds_regressors.tsv,/work/ioannou_lab/elizabeth.szentmiklo/abide_data/atlases/cc200/cc200_roi_atlas.nii.gz,/work/ioannou_lab/elizabeth.szentmiklo/abide_data/derivatives/fmriprep/ABIDE2/UNKNOWN/sub-29003/ses-1/func/sub-29003_ses-1_task-rest_run-2_space-MNI152NLin2009cAsym_desc-brain_mask.nii.gz,2.5
ABIDE2,ABIDEII-OHSU_1_sub-29003_ses-1_run-3,/work/ioannou_lab/elizabeth.szentmiklo/abide_data/derivatives/fmriprep/ABIDE2/UNKNOWN/sub-29003/ses-1/func/sub-29003_ses-1_task-rest_run-3_space-MNI152NLin2009cAsym_desc-preproc_bold.nii.gz,/work/ioannou_lab/elizabeth.szentmiklo/abide_data/derivatives/fmriprep/ABIDE2/UNKNOWN/sub-29003/ses-1/func/sub-29003_ses-1_task-rest_run-3_desc-confounds_regressors.tsv,/work/ioannou_lab/elizabeth.szentmiklo/abide_data/atlases/cc200/cc200_roi_atlas.nii.gz,/work/ioannou_lab/elizabeth.szentmiklo/abide_data/derivatives/fmriprep/ABIDE2/UNKNOWN/sub-29003/ses-1/func/sub-29003_ses-1_task-rest_run-3_space-MNI152NLin2009cAsym_desc-brain_mask.nii.gz,2.5
ABIDE2,ABIDEII-OHSU_1_sub-29004_ses-1_run-1,/work/ioannou_lab/elizabeth.szentmiklo/abide_data/derivatives/fmriprep/ABIDE2/UNKNOWN/sub-29004/ses-1/func/sub-29004_ses-1_task-rest_run-1_space-MNI152NLin2009cAsym_desc-preproc_bold.nii.gz,/work/ioannou_lab/elizabeth.szentmiklo/abide_data/derivatives/fmriprep/ABIDE2/UNKNOWN/sub-29004/ses-1/func/sub-29004_ses-1_task-rest_run-1_desc-confounds_regressors.tsv,/work/ioannou_lab/elizabeth.szentmiklo/abide_data/atlases/cc200/cc200_roi_atlas.nii.gz,/work/ioannou_lab/elizabeth.szentmiklo/abide_data/derivatives/fmriprep/ABIDE2/UNKNOWN/sub-29004/ses-1/func/sub-29004_ses-1_task-rest_run-1_space-MNI152NLin2009cAsym_desc-brain_mask.nii.gz,2.5
ABIDE2,ABIDEII-OHSU_1_sub-29004_ses-1_run-2,/work/ioannou_lab/elizabeth.szentmiklo/abide_data/derivatives/fmriprep/ABIDE2/UNKNOWN/sub-29004/ses-1/func/sub-29004_ses-1_task-rest_run-2_space-MNI152NLin2009cAsym_desc-preproc_bold.nii.gz,/work/ioannou_lab/elizabeth.szentmiklo/abide_data/derivatives/fmriprep/ABIDE2/UNKNOWN/sub-29004/ses-1/func/sub-29004_ses-1_task-rest_run-2_desc-confounds_regressors.tsv,/work/ioannou_lab/elizabeth.szentmiklo/abide_data/atlases/cc200/cc200_roi_atlas.nii.gz,/work/ioannou_lab/elizabeth.szentmiklo/abide_data/derivatives/fmriprep/ABIDE2/UNKNOWN/sub-29004/ses-1/func/sub-29004_ses-1_task-rest_run-2_space-MNI152NLin2009cAsym_desc-brain_mask.nii.gz,2.5
ABIDE2,ABIDEII-OHSU_1_sub-29004_ses-1_run-3,/work/ioannou_lab/elizabeth.szentmiklo/abide_data/derivatives/fmriprep/ABIDE2/UNKNOWN/sub-29004/ses-1/func/sub-29004_ses-1_task-rest_run-3_space-MNI152NLin2009cAsym_desc-preproc_bold.nii.gz,/work/ioannou_lab/elizabeth.szentmiklo/abide_data/derivatives/fmriprep/ABIDE2/UNKNOWN/sub-29004/ses-1/func/sub-29004_ses-1_task-rest_run-3_desc-confounds_regressors.tsv,/work/ioannou_lab/elizabeth.szentmiklo/abide_data/atlases/cc200/cc200_roi_atlas.nii.gz,/work/ioannou_lab/elizabeth.szentmiklo/abide_data/derivatives/fmriprep/ABIDE2/UNKNOWN/sub-29004/ses-1/func/sub-29004_ses-1_task-rest_run-3_space-MNI152NLin2009cAsym_desc-brain_mask.nii.gz,2.5
ABIDE2,ABIDEII-BNI_1_sub-29006_ses-1_run-1,/work/ioannou_lab/elizabeth.szentmiklo/abide_data/derivatives/fmriprep/ABIDE2/UNKNOWN/sub-29006/ses-1/func/sub-29006_ses-1_task-rest_run-1_space-MNI152NLin2009cAsym_desc-preproc_bold.nii.gz,/work/ioannou_lab/elizabeth.szentmiklo/abide_data/derivatives/fmriprep/ABIDE2/UNKNOWN/sub-29006/ses-1/func/sub-29006_ses-1_task-rest_run-1_desc-confounds_regressors.tsv,/work/ioannou_lab/elizabeth.szentmiklo/abide_data/atlases/cc200/cc200_roi_atlas.nii.gz,/work/ioannou_lab/elizabeth.szentmiklo/abide_data/derivatives/fmriprep/ABIDE2/UNKNOWN/sub-29006/ses-1/func/sub-29006_ses-1_task-rest_run-1_space-MNI152NLin2009cAsym_desc-brain_mask.nii.gz,3.0
ABIDE2,ABIDEII-BNI_1_sub-29007_ses-1_run-1,/work/ioannou_lab/elizabeth.szentmiklo/abide_data/derivatives/fmriprep/ABIDE2/UNKNOWN/sub-29007/ses-1/func/sub-29007_ses-1_task-rest_run-1_space-MNI152NLin2009cAsym_desc-preproc_bold.nii.gz,/work/ioannou_lab/elizabeth.szentmiklo/abide_data/derivatives/fmriprep/ABIDE2/UNKNOWN/sub-29007/ses-1/func/sub-29007_ses-1_task-rest_run-1_desc-confounds_regressors.tsv,/work/ioannou_lab/elizabeth.szentmiklo/abide_data/atlases/cc200/cc200_roi_atlas.nii.gz,/work/ioannou_lab/elizabeth.szentmiklo/abide_data/derivatives/fmriprep/ABIDE2/UNKNOWN/sub-29007/ses-1/func/sub-29007_ses-1_task-rest_run-1_space-MNI152NLin2009cAsym_desc-brain_mask.nii.gz,3.0
ABIDE2,ABIDEII-BNI_1_sub-29008_ses-1_run-1,/work/ioannou_lab/elizabeth.szentmiklo/abide_data/derivatives/fmriprep/ABIDE2/UNKNOWN/sub-29008/ses-1/func/sub-29008_ses-1_task-rest_run-1_space-MNI152NLin2009cAsym_desc-preproc_bold.nii.gz,/work/ioannou_lab/elizabeth.szentmiklo/abide_data/derivatives/fmriprep/ABIDE2/UNKNOWN/sub-29008/ses-1/func/sub-29008_ses-1_task-rest_run-1_desc-confounds_regressors.tsv,/work/ioannou_lab/elizabeth.szentmiklo/abide_data/atlases/cc200/cc200_roi_atlas.nii.gz,/work/ioannou_lab/elizabeth.szentmiklo/abide_data/derivatives/fmriprep/ABIDE2/UNKNOWN/sub-29008/ses-1/func/sub-29008_ses-1_task-rest_run-1_space-MNI152NLin2009cAsym_desc-brain_mask.nii.gz,3.0
ABIDE2,ABIDEII-BNI_1_sub-29009_ses-1_run-1,/work/ioannou_lab/elizabeth.szentmiklo/abide_data/derivatives/fmriprep/ABIDE2/UNKNOWN/sub-29009/ses-1/func/sub-29009_ses-1_task-rest_run-1_space-MNI152NLin2009cAsym_desc-preproc_bold.nii.gz,/work/ioannou_lab/elizabeth.szentmiklo/abide_data/derivatives/fmriprep/ABIDE2/UNKNOWN/sub-29009/ses-1/func/sub-29009_ses-1_task-rest_run-1_desc-confounds_regressors.tsv,/work/ioannou_lab/elizabeth.szentmiklo/abide_data/atlases/cc200/cc200_roi_atlas.nii.gz,/work/ioannou_lab/elizabeth.szentmiklo/abide_data/derivatives/fmriprep/ABIDE2/UNKNOWN/sub-29009/ses-1/func/sub-29009_ses-1_task-rest_run-1_space-MNI152NLin2009cAsym_desc-brain_mask.nii.gz,3.0
ABIDE2,ABIDEII-BNI_1_sub-29010_ses-1_run-1,/work/ioannou_lab/elizabeth.szentmiklo/abide_data/derivatives/fmriprep/ABIDE2/UNKNOWN/sub-29010/ses-1/func/sub-29010_ses-1_task-rest_run-1_space-MNI152NLin2009cAsym_desc-preproc_bold.nii.gz,/work/ioannou_lab/elizabeth.szentmiklo/abide_data/derivatives/fmriprep/ABIDE2/UNKNOWN/sub-29010/ses-1/func/sub-29010_ses-1_task-rest_run-1_desc-confounds_regressors.tsv,/work/ioannou_lab/elizabeth.szentmiklo/abide_data/atlases/cc200/cc200_roi_atlas.nii.gz,/work/ioannou_lab/elizabeth.szentmiklo/abide_data/derivatives/fmriprep/ABIDE2/UNKNOWN/sub-29010/ses-1/func/sub-29010_ses-1_task-rest_run-1_space-MNI152NLin2009cAsym_desc-brain_mask.nii.gz,3.0
ABIDE2,ABIDEII-BNI_1_sub-29011_ses-1_run-1,/work/ioannou_lab/elizabeth.szentmiklo/abide_data/derivatives/fmriprep/ABIDE2/UNKNOWN/sub-29011/ses-1/func/sub-29011_ses-1_task-rest_run-1_space-MNI152NLin2009cAsym_desc-preproc_bold.nii.gz,/work/ioannou_lab/elizabeth.szentmiklo/abide_data/derivatives/fmriprep/ABIDE2/UNKNOWN/sub-29011/ses-1/func/sub-29011_ses-1_task-rest_run-1_desc-confounds_regressors.tsv,/work/ioannou_lab/elizabeth.szentmiklo/abide_data/atlases/cc200/cc200_roi_atlas.nii.gz,/work/ioannou_lab/elizabeth.szentmiklo/abide_data/derivatives/fmriprep/ABIDE2/UNKNOWN/sub-29011/ses-1/func/sub-29011_ses-1_task-rest_run-1_space-MNI152NLin2009cAsym_desc-brain_mask.nii.gz,3.0
ABIDE2,ABIDEII-BNI_1_sub-29012_ses-1_run-1,/work/ioannou_lab/elizabeth.szentmiklo/abide_data/derivatives/fmriprep/ABIDE2/UNKNOWN/sub-29012/ses-1/func/sub-29012_ses-1_task-rest_run-1_space-MNI152NLin2009cAsym_desc-preproc_bold.nii.gz,/work/ioannou_lab/elizabeth.szentmiklo/abide_data/derivatives/fmriprep/ABIDE2/UNKNOWN/sub-29012/ses-1/func/sub-29012_ses-1_task-rest_run-1_desc-confounds_regressors.tsv,/work/ioannou_lab/elizabeth.szentmiklo/abide_data/atlases/cc200/cc200_roi_atlas.nii.gz,/work/ioannou_lab/elizabeth.szentmiklo/abide_data/derivatives/fmriprep/ABIDE2/UNKNOWN/sub-29012/ses-1/func/sub-29012_ses-1_task-rest_run-1_space-MNI152NLin2009cAsym_desc-brain_mask.nii.gz,3.0
ABIDE2,ABIDEII-BNI_1_sub-29013_ses-1_run-1,/work/ioannou_lab/elizabeth.szentmiklo/abide_data/derivatives/fmriprep/ABIDE2/UNKNOWN/sub-29013/ses-1/func/sub-29013_ses-1_task-rest_run-1_space-MNI152NLin2009cAsym_desc-preproc_bold.nii.gz,/work/ioannou_lab/elizabeth.szentmiklo/abide_data/derivatives/fmriprep/ABIDE2/UNKNOWN/sub-29013/ses-1/func/sub-29013_ses-1_task-rest_run-1_desc-confounds_regressors.tsv,/work/ioannou_lab/elizabeth.szentmiklo/abide_data/atlases/cc200/cc200_roi_atlas.nii.gz,/work/ioannou_lab/elizabeth.szentmiklo/abide_data/derivatives/fmriprep/ABIDE2/UNKNOWN/sub-29013/ses-1/func/sub-29013_ses-1_task-rest_run-1_space-MNI152NLin2009cAsym_desc-brain_mask.nii.gz,3.0
ABIDE2,ABIDEII-BNI_1_sub-29014_ses-1_run-1,/work/ioannou_lab/elizabeth.szentmiklo/abide_data/derivatives/fmriprep/ABIDE2/UNKNOWN/sub-29014/ses-1/func/sub-29014_ses-1_task-rest_run-1_space-MNI152NLin2009cAsym_desc-preproc_bold.nii.gz,/work/ioannou_lab/elizabeth.szentmiklo/abide_data/derivatives/fmriprep/ABIDE2/UNKNOWN/sub-29014/ses-1/func/sub-29014_ses-1_task-rest_run-1_desc-confounds_regressors.tsv,/work/ioannou_lab/elizabeth.szentmiklo/abide_data/atlases/cc200/cc200_roi_atlas.nii.gz,/work/ioannou_lab/elizabeth.szentmiklo/abide_data/derivatives/fmriprep/ABIDE2/UNKNOWN/sub-29014/ses-1/func/sub-29014_ses-1_task-rest_run-1_space-MNI152NLin2009cAsym_desc-brain_mask.nii.gz,3.0
ABIDE2,ABIDEII-BNI_1_sub-29028_ses-1_run-1,/work/ioannou_lab/elizabeth.szentmiklo/abide_data/derivatives/fmriprep/ABIDE2/UNKNOWN/sub-29028/ses-1/func/sub-29028_ses-1_task-rest_run-1_space-MNI152NLin2009cAsym_desc-preproc_bold.nii.gz,/work/ioannou_lab/elizabeth.szentmiklo/abide_data/derivatives/fmriprep/ABIDE2/UNKNOWN/sub-29028/ses-1/func/sub-29028_ses-1_task-rest_run-1_desc-confounds_regressors.tsv,/work/ioannou_lab/elizabeth.szentmiklo/abide_data/atlases/cc200/cc200_roi_atlas.nii.gz,/work/ioannou_lab/elizabeth.szentmiklo/abide_data/derivatives/fmriprep/ABIDE2/UNKNOWN/sub-29028/ses-1/func/sub-29028_ses-1_task-rest_run-1_space-MNI152NLin2009cAsym_desc-brain_mask.nii.gz,3.0
ABIDE2,ABIDEII-BNI_1_sub-29039_ses-1_run-1,/work/ioannou_lab/elizabeth.szentmiklo/abide_data/derivatives/fmriprep/ABIDE2/UNKNOWN/sub-29039/ses-1/func/sub-29039_ses-1_task-rest_run-1_space-MNI152NLin2009cAsym_desc-preproc_bold.nii.gz,/work/ioannou_lab/elizabeth.szentmiklo/abide_data/derivatives/fmriprep/ABIDE2/UNKNOWN/sub-29039/ses-1/func/sub-29039_ses-1_task-rest_run-1_desc-confounds_regressors.tsv,/work/ioannou_lab/elizabeth.szentmiklo/abide_data/atlases/cc200/cc200_roi_atlas.nii.gz,/work/ioannou_lab/elizabeth.szentmiklo/abide_data/derivatives/fmriprep/ABIDE2/UNKNOWN/sub-29039/ses-1/func/sub-29039_ses-1_task-rest_run-1_space-MNI152NLin2009cAsym_desc-brain_mask.nii.gz,3.0
ABIDE2,ABIDEII-BNI_1_sub-29040_ses-1_run-1,/work/ioannou_lab/elizabeth.szentmiklo/abide_data/derivatives/fmriprep/ABIDE2/UNKNOWN/sub-29040/ses-1/func/sub-29040_ses-1_task-rest_run-1_space-MNI152NLin2009cAsym_desc-preproc_bold.nii.gz,/work/ioannou_lab/elizabeth.szentmiklo/abide_data/derivatives/fmriprep/ABIDE2/UNKNOWN/sub-29040/ses-1/func/sub-29040_ses-1_task-rest_run-1_desc-confounds_regressors.tsv,/work/ioannou_lab/elizabeth.szentmiklo/abide_data/atlases/cc200/cc200_roi_atlas.nii.gz,/work/ioannou_lab/elizabeth.szentmiklo/abide_data/derivatives/fmriprep/ABIDE2/UNKNOWN/sub-29040/ses-1/func/sub-29040_ses-1_task-rest_run-1_space-MNI152NLin2009cAsym_desc-brain_mask.nii.gz,3.0
ABIDE2,ABIDEII-ETH_1_sub-29057_ses-1_run-1,/work/ioannou_lab/elizabeth.szentmiklo/abide_data/derivatives/fmriprep/ABIDE2/UNKNOWN/sub-29057/ses-1/func/sub-29057_ses-1_task-rest_run-1_space-MNI152NLin2009cAsym_desc-preproc_bold.nii.gz,/work/ioannou_lab/elizabeth.szentmiklo/abide_data/derivatives/fmriprep/ABIDE2/UNKNOWN/sub-29057/ses-1/func/sub-29057_ses-1_task-rest_run-1_desc-confounds_regressors.tsv,/work/ioannou_lab/elizabeth.szentmiklo/abide_data/atlases/cc200/cc200_roi_atlas.nii.gz,/work/ioannou_lab/elizabeth.szentmiklo/abide_data/derivatives/fmriprep/ABIDE2/UNKNOWN/sub-29057/ses-1/func/sub-29057_ses-1_task-rest_run-1_space-MNI152NLin2009cAsym_desc-brain_mask.nii.gz,2.0
ABIDE2,ABIDEII-ETH_1_sub-29058_ses-1_run-1,/work/ioannou_lab/elizabeth.szentmiklo/abide_data/derivatives/fmriprep/ABIDE2/UNKNOWN/sub-29058/ses-1/func/sub-29058_ses-1_task-rest_run-1_space-MNI152NLin2009cAsym_desc-preproc_bold.nii.gz,/work/ioannou_lab/elizabeth.szentmiklo/abide_data/derivatives/fmriprep/ABIDE2/UNKNOWN/sub-29058/ses-1/func/sub-29058_ses-1_task-rest_run-1_desc-confounds_regressors.tsv,/work/ioannou_lab/elizabeth.szentmiklo/abide_data/atlases/cc200/cc200_roi_atlas.nii.gz,/work/ioannou_lab/elizabeth.szentmiklo/abide_data/derivatives/fmriprep/ABIDE2/UNKNOWN/sub-29058/ses-1/func/sub-29058_ses-1_task-rest_run-1_space-MNI152NLin2009cAsym_desc-brain_mask.nii.gz,2.0
ABIDE2,ABIDEII-ETH_1_sub-29059_ses-1_run-1,/work/ioannou_lab/elizabeth.szentmiklo/abide_data/derivatives/fmriprep/ABIDE2/UNKNOWN/sub-29059/ses-1/func/sub-29059_ses-1_task-rest_run-1_space-MNI152NLin2009cAsym_desc-preproc_bold.nii.gz,/work/ioannou_lab/elizabeth.szentmiklo/abide_data/derivatives/fmriprep/ABIDE2/UNKNOWN/sub-29059/ses-1/func/sub-29059_ses-1_task-rest_run-1_desc-confounds_regressors.tsv,/work/ioannou_lab/elizabeth.szentmiklo/abide_data/atlases/cc200/cc200_roi_atlas.nii.gz,/work/ioannou_lab/elizabeth.szentmiklo/abide_data/derivatives/fmriprep/ABIDE2/UNKNOWN/sub-29059/ses-1/func/sub-29059_ses-1_task-rest_run-1_space-MNI152NLin2009cAsym_desc-brain_mask.nii.gz,2.0
ABIDE2,ABIDEII-ETH_1_sub-29060_ses-1_run-1,/work/ioannou_lab/elizabeth.szentmiklo/abide_data/derivatives/fmriprep/ABIDE2/UNKNOWN/sub-29060/ses-1/func/sub-29060_ses-1_task-rest_run-1_space-MNI152NLin2009cAsym_desc-preproc_bold.nii.gz,/work/ioannou_lab/elizabeth.szentmiklo/abide_data/derivatives/fmriprep/ABIDE2/UNKNOWN/sub-29060/ses-1/func/sub-29060_ses-1_task-rest_run-1_desc-confounds_regressors.tsv,/work/ioannou_lab/elizabeth.szentmiklo/abide_data/atlases/cc200/cc200_roi_atlas.nii.gz,/work/ioannou_lab/elizabeth.szentmiklo/abide_data/derivatives/fmriprep/ABIDE2/UNKNOWN/sub-29060/ses-1/func/sub-29060_ses-1_task-rest_run-1_space-MNI152NLin2009cAsym_desc-brain_mask.nii.gz,2.0
ABIDE2,ABIDEII-ETH_1_sub-29064_ses-1_run-1,/work/ioannou_lab/elizabeth.szentmiklo/abide_data/derivatives/fmriprep/ABIDE2/UNKNOWN/sub-29064/ses-1/func/sub-29064_ses-1_task-rest_run-1_space-MNI152NLin2009cAsym_desc-preproc_bold.nii.gz,/work/ioannou_lab/elizabeth.szentmiklo/abide_data/derivatives/fmriprep/ABIDE2/UNKNOWN/sub-29064/ses-1/func/sub-29064_ses-1_task-rest_run-1_desc-confounds_regressors.tsv,/work/ioannou_lab/elizabeth.szentmiklo/abide_data/atlases/cc200/cc200_roi_atlas.nii.gz,/work/ioannou_lab/elizabeth.szentmiklo/abide_data/derivatives/fmriprep/ABIDE2/UNKNOWN/sub-29064/ses-1/func/sub-29064_ses-1_task-rest_run-1_space-MNI152NLin2009cAsym_desc-brain_mask.nii.gz,2.0
ABIDE2,ABIDEII-ETH_1_sub-29065_ses-1_run-1,/work/ioannou_lab/elizabeth.szentmiklo/abide_data/derivatives/fmriprep/ABIDE2/UNKNOWN/sub-29065/ses-1/func/sub-29065_ses-1_task-rest_run-1_space-MNI152NLin2009cAsym_desc-preproc_bold.nii.gz,/work/ioannou_lab/elizabeth.szentmiklo/abide_data/derivatives/fmriprep/ABIDE2/UNKNOWN/sub-29065/ses-1/func/sub-29065_ses-1_task-rest_run-1_desc-confounds_regressors.tsv,/work/ioannou_lab/elizabeth.szentmiklo/abide_data/atlases/cc200/cc200_roi_atlas.nii.gz,/work/ioannou_lab/elizabeth.szentmiklo/abide_data/derivatives/fmriprep/ABIDE2/UNKNOWN/sub-29065/ses-1/func/sub-29065_ses-1_task-rest_run-1_space-MNI152NLin2009cAsym_desc-brain_mask.nii.gz,2.0
ABIDE2,ABIDEII-ETH_1_sub-29066_ses-1_run-1,/work/ioannou_lab/elizabeth.szentmiklo/abide_data/derivatives/fmriprep/ABIDE2/UNKNOWN/sub-29066/ses-1/func/sub-29066_ses-1_task-rest_run-1_space-MNI152NLin2009cAsym_desc-preproc_bold.nii.gz,/work/ioannou_lab/elizabeth.szentmiklo/abide_data/derivatives/fmriprep/ABIDE2/UNKNOWN/sub-29066/ses-1/func/sub-29066_ses-1_task-rest_run-1_desc-confounds_regressors.tsv,/work/ioannou_lab/elizabeth.szentmiklo/abide_data/atlases/cc200/cc200_roi_atlas.nii.gz,/work/ioannou_lab/elizabeth.szentmiklo/abide_data/derivatives/fmriprep/ABIDE2/UNKNOWN/sub-29066/ses-1/func/sub-29066_ses-1_task-rest_run-1_space-MNI152NLin2009cAsym_desc-brain_mask.nii.gz,2.0
ABIDE2,ABIDEII-ETH_1_sub-29067_ses-1_run-1,/work/ioannou_lab/elizabeth.szentmiklo/abide_data/derivatives/fmriprep/ABIDE2/UNKNOWN/sub-29067/ses-1/func/sub-29067_ses-1_task-rest_run-1_space-MNI152NLin2009cAsym_desc-preproc_bold.nii.gz,/work/ioannou_lab/elizabeth.szentmiklo/abide_data/derivatives/fmriprep/ABIDE2/UNKNOWN/sub-29067/ses-1/func/sub-29067_ses-1_task-rest_run-1_desc-confounds_regressors.tsv,/work/ioannou_lab/elizabeth.szentmiklo/abide_data/atlases/cc200/cc200_roi_atlas.nii.gz,/work/ioannou_lab/elizabeth.szentmiklo/abide_data/derivatives/fmriprep/ABIDE2/UNKNOWN/sub-29067/ses-1/func/sub-29067_ses-1_task-rest_run-1_space-MNI152NLin2009cAsym_desc-brain_mask.nii.gz,2.0
ABIDE2,ABIDEII-ETH_1_sub-29068_ses-1_run-1,/work/ioannou_lab/elizabeth.szentmiklo/abide_data/derivatives/fmriprep/ABIDE2/UNKNOWN/sub-29068/ses-1/func/sub-29068_ses-1_task-rest_run-1_space-MNI152NLin2009cAsym_desc-preproc_bold.nii.gz,/work/ioannou_lab/elizabeth.szentmiklo/abide_data/derivatives/fmriprep/ABIDE2/UNKNOWN/sub-29068/ses-1/func/sub-29068_ses-1_task-rest_run-1_desc-confounds_regressors.tsv,/work/ioannou_lab/elizabeth.szentmiklo/abide_data/atlases/cc200/cc200_roi_atlas.nii.gz,/work/ioannou_lab/elizabeth.szentmiklo/abide_data/derivatives/fmriprep/ABIDE2/UNKNOWN/sub-29068/ses-1/func/sub-29068_ses-1_task-rest_run-1_space-MNI152NLin2009cAsym_desc-brain_mask.nii.gz,2.0
ABIDE2,ABIDEII-ETH_1_sub-29069_ses-1_run-1,/work/ioannou_lab/elizabeth.szentmiklo/abide_data/derivatives/fmriprep/ABIDE2/UNKNOWN/sub-29069/ses-1/func/sub-29069_ses-1_task-rest_run-1_space-MNI152NLin2009cAsym_desc-preproc_bold.nii.gz,/work/ioannou_lab/elizabeth.szentmiklo/abide_data/derivatives/fmriprep/ABIDE2/UNKNOWN/sub-29069/ses-1/func/sub-29069_ses-1_task-rest_run-1_desc-confounds_regressors.tsv,/work/ioannou_lab/elizabeth.szentmiklo/abide_data/atlases/cc200/cc200_roi_atlas.nii.gz,/work/ioannou_lab/elizabeth.szentmiklo/abide_data/derivatives/fmriprep/ABIDE2/UNKNOWN/sub-29069/ses-1/func/sub-29069_ses-1_task-rest_run-1_space-MNI152NLin2009cAsym_desc-brain_mask.nii.gz,2.0
ABIDE2,ABIDEII-ETH_1_sub-29071_ses-1_run-1,/work/ioannou_lab/elizabeth.szentmiklo/abide_data/derivatives/fmriprep/ABIDE2/UNKNOWN/sub-29071/ses-1/func/sub-29071_ses-1_task-rest_run-1_space-MNI152NLin2009cAsym_desc-preproc_bold.nii.gz,/work/ioannou_lab/elizabeth.szentmiklo/abide_data/derivatives/fmriprep/ABIDE2/UNKNOWN/sub-29071/ses-1/func/sub-29071_ses-1_task-rest_run-1_desc-confounds_regressors.tsv,/work/ioannou_lab/elizabeth.szentmiklo/abide_data/atlases/cc200/cc200_roi_atlas.nii.gz,/work/ioannou_lab/elizabeth.szentmiklo/abide_data/derivatives/fmriprep/ABIDE2/UNKNOWN/sub-29071/ses-1/func/sub-29071_ses-1_task-rest_run-1_space-MNI152NLin2009cAsym_desc-brain_mask.nii.gz,2.0
ABIDE2,ABIDEII-ETH_1_sub-29073_ses-1_run-1,/work/ioannou_lab/elizabeth.szentmiklo/abide_data/derivatives/fmriprep/ABIDE2/UNKNOWN/sub-29073/ses-1/func/sub-29073_ses-1_task-rest_run-1_space-MNI152NLin2009cAsym_desc-preproc_bold.nii.gz,/work/ioannou_lab/elizabeth.szentmiklo/abide_data/derivatives/fmriprep/ABIDE2/UNKNOWN/sub-29073/ses-1/func/sub-29073_ses-1_task-rest_run-1_desc-confounds_regressors.tsv,/work/ioannou_lab/elizabeth.szentmiklo/abide_data/atlases/cc200/cc200_roi_atlas.nii.gz,/work/ioannou_lab/elizabeth.szentmiklo/abide_data/derivatives/fmriprep/ABIDE2/UNKNOWN/sub-29073/ses-1/func/sub-29073_ses-1_task-rest_run-1_space-MNI152NLin2009cAsym_desc-brain_mask.nii.gz,2.0
ABIDE2,ABIDEII-ETH_1_sub-29074_ses-1_run-1,/work/ioannou_lab/elizabeth.szentmiklo/abide_data/derivatives/fmriprep/ABIDE2/UNKNOWN/sub-29074/ses-1/func/sub-29074_ses-1_task-rest_run-1_space-MNI152NLin2009cAsym_desc-preproc_bold.nii.gz,/work/ioannou_lab/elizabeth.szentmiklo/abide_data/derivatives/fmriprep/ABIDE2/UNKNOWN/sub-29074/ses-1/func/sub-29074_ses-1_task-rest_run-1_desc-confounds_regressors.tsv,/work/ioannou_lab/elizabeth.szentmiklo/abide_data/atlases/cc200/cc200_roi_atlas.nii.gz,/work/ioannou_lab/elizabeth.szentmiklo/abide_data/derivatives/fmriprep/ABIDE2/UNKNOWN/sub-29074/ses-1/func/sub-29074_ses-1_task-rest_run-1_space-MNI152NLin2009cAsym_desc-brain_mask.nii.gz,2.0
ABIDE2,ABIDEII-ETH_1_sub-29076_ses-1_run-1,/work/ioannou_lab/elizabeth.szentmiklo/abide_data/derivatives/fmriprep/ABIDE2/UNKNOWN/sub-29076/ses-1/func/sub-29076_ses-1_task-rest_run-1_space-MNI152NLin2009cAsym_desc-preproc_bold.nii.gz,/work/ioannou_lab/elizabeth.szentmiklo/abide_data/derivatives/fmriprep/ABIDE2/UNKNOWN/sub-29076/ses-1/func/sub-29076_ses-1_task-rest_run-1_desc-confounds_regressors.tsv,/work/ioannou_lab/elizabeth.szentmiklo/abide_data/atlases/cc200/cc200_roi_atlas.nii.gz,/work/ioannou_lab/elizabeth.szentmiklo/abide_data/derivatives/fmriprep/ABIDE2/UNKNOWN/sub-29076/ses-1/func/sub-29076_ses-1_task-rest_run-1_space-MNI152NLin2009cAsym_desc-brain_mask.nii.gz,2.0
ABIDE2,ABIDEII-ETH_1_sub-29077_ses-1_run-1,/work/ioannou_lab/elizabeth.szentmiklo/abide_data/derivatives/fmriprep/ABIDE2/UNKNOWN/sub-29077/ses-1/func/sub-29077_ses-1_task-rest_run-1_space-MNI152NLin2009cAsym_desc-preproc_bold.nii.gz,/work/ioannou_lab/elizabeth.szentmiklo/abide_data/derivatives/fmriprep/ABIDE2/UNKNOWN/sub-29077/ses-1/func/sub-29077_ses-1_task-rest_run-1_desc-confounds_regressors.tsv,/work/ioannou_lab/elizabeth.szentmiklo/abide_data/atlases/cc200/cc200_roi_atlas.nii.gz,/work/ioannou_lab/elizabeth.szentmiklo/abide_data/derivatives/fmriprep/ABIDE2/UNKNOWN/sub-29077/ses-1/func/sub-29077_ses-1_task-rest_run-1_space-MNI152NLin2009cAsym_desc-brain_mask.nii.gz,2.0
ABIDE2,ABIDEII-ETH_1_sub-29078_ses-1_run-1,/work/ioannou_lab/elizabeth.szentmiklo/abide_data/derivatives/fmriprep/ABIDE2/UNKNOWN/sub-29078/ses-1/func/sub-29078_ses-1_task-rest_run-1_space-MNI152NLin2009cAsym_desc-preproc_bold.nii.gz,/work/ioannou_lab/elizabeth.szentmiklo/abide_data/derivatives/fmriprep/ABIDE2/UNKNOWN/sub-29078/ses-1/func/sub-29078_ses-1_task-rest_run-1_desc-confounds_regressors.tsv,/work/ioannou_lab/elizabeth.szentmiklo/abide_data/atlases/cc200/cc200_roi_atlas.nii.gz,/work/ioannou_lab/elizabeth.szentmiklo/abide_data/derivatives/fmriprep/ABIDE2/UNKNOWN/sub-29078/ses-1/func/sub-29078_ses-1_task-rest_run-1_space-MNI152NLin2009cAsym_desc-brain_mask.nii.gz,2.0
ABIDE2,ABIDEII-ETH_1_sub-29079_ses-1_run-1,/work/ioannou_lab/elizabeth.szentmiklo/abide_data/derivatives/fmriprep/ABIDE2/UNKNOWN/sub-29079/ses-1/func/sub-29079_ses-1_task-rest_run-1_space-MNI152NLin2009cAsym_desc-preproc_bold.nii.gz,/work/ioannou_lab/elizabeth.szentmiklo/abide_data/derivatives/fmriprep/ABIDE2/UNKNOWN/sub-29079/ses-1/func/sub-29079_ses-1_task-rest_run-1_desc-confounds_regressors.tsv,/work/ioannou_lab/elizabeth.szentmiklo/abide_data/atlases/cc200/cc200_roi_atlas.nii.gz,/work/ioannou_lab/elizabeth.szentmiklo/abide_data/derivatives/fmriprep/ABIDE2/UNKNOWN/sub-29079/ses-1/func/sub-29079_ses-1_task-rest_run-1_space-MNI152NLin2009cAsym_desc-brain_mask.nii.gz,2.0
ABIDE2,ABIDEII-ETH_1_sub-29080_ses-1_run-1,/work/ioannou_lab/elizabeth.szentmiklo/abide_data/derivatives/fmriprep/ABIDE2/UNKNOWN/sub-29080/ses-1/func/sub-29080_ses-1_task-rest_run-1_space-MNI152NLin2009cAsym_desc-preproc_bold.nii.gz,/work/ioannou_lab/elizabeth.szentmiklo/abide_data/derivatives/fmriprep/ABIDE2/UNKNOWN/sub-29080/ses-1/func/sub-29080_ses-1_task-rest_run-1_desc-confounds_regressors.tsv,/work/ioannou_lab/elizabeth.szentmiklo/abide_data/atlases/cc200/cc200_roi_atlas.nii.gz,/work/ioannou_lab/elizabeth.szentmiklo/abide_data/derivatives/fmriprep/ABIDE2/UNKNOWN/sub-29080/ses-1/func/sub-29080_ses-1_task-rest_run-1_space-MNI152NLin2009cAsym_desc-brain_mask.nii.gz,2.0
ABIDE2,ABIDEII-ETH_1_sub-29081_ses-1_run-1,/work/ioannou_lab/elizabeth.szentmiklo/abide_data/derivatives/fmriprep/ABIDE2/UNKNOWN/sub-29081/ses-1/func/sub-29081_ses-1_task-rest_run-1_space-MNI152NLin2009cAsym_desc-preproc_bold.nii.gz,/work/ioannou_lab/elizabeth.szentmiklo/abide_data/derivatives/fmriprep/ABIDE2/UNKNOWN/sub-29081/ses-1/func/sub-29081_ses-1_task-rest_run-1_desc-confounds_regressors.tsv,/work/ioannou_lab/elizabeth.szentmiklo/abide_data/atlases/cc200/cc200_roi_atlas.nii.gz,/work/ioannou_lab/elizabeth.szentmiklo/abide_data/derivatives/fmriprep/ABIDE2/UNKNOWN/sub-29081/ses-1/func/sub-29081_ses-1_task-rest_run-1_space-MNI152NLin2009cAsym_desc-brain_mask.nii.gz,2.0
ABIDE2,ABIDEII-ETH_1_sub-29082_ses-1_run-1,/work/ioannou_lab/elizabeth.szentmiklo/abide_data/derivatives/fmriprep/ABIDE2/UNKNOWN/sub-29082/ses-1/func/sub-29082_ses-1_task-rest_run-1_space-MNI152NLin2009cAsym_desc-preproc_bold.nii.gz,/work/ioannou_lab/elizabeth.szentmiklo/abide_data/derivatives/fmriprep/ABIDE2/UNKNOWN/sub-29082/ses-1/func/sub-29082_ses-1_task-rest_run-1_desc-confounds_regressors.tsv,/work/ioannou_lab/elizabeth.szentmiklo/abide_data/atlases/cc200/cc200_roi_atlas.nii.gz,/work/ioannou_lab/elizabeth.szentmiklo/abide_data/derivatives/fmriprep/ABIDE2/UNKNOWN/sub-29082/ses-1/func/sub-29082_ses-1_task-rest_run-1_space-MNI152NLin2009cAsym_desc-brain_mask.nii.gz,2.0
ABIDE2,ABIDEII-ETH_1_sub-29084_ses-1_run-1,/work/ioannou_lab/elizabeth.szentmiklo/abide_data/derivatives/fmriprep/ABIDE2/UNKNOWN/sub-29084/ses-1/func/sub-29084_ses-1_task-rest_run-1_space-MNI152NLin2009cAsym_desc-preproc_bold.nii.gz,/work/ioannou_lab/elizabeth.szentmiklo/abide_data/derivatives/fmriprep/ABIDE2/UNKNOWN/sub-29084/ses-1/func/sub-29084_ses-1_task-rest_run-1_desc-confounds_regressors.tsv,/work/ioannou_lab/elizabeth.szentmiklo/abide_data/atlases/cc200/cc200_roi_atlas.nii.gz,/work/ioannou_lab/elizabeth.szentmiklo/abide_data/derivatives/fmriprep/ABIDE2/UNKNOWN/sub-29084/ses-1/func/sub-29084_ses-1_task-rest_run-1_space-MNI152NLin2009cAsym_desc-brain_mask.nii.gz,2.0
ABIDE2,ABIDEII-ETH_1_sub-29086_ses-1_run-1,/work/ioannou_lab/elizabeth.szentmiklo/abide_data/derivatives/fmriprep/ABIDE2/UNKNOWN/sub-29086/ses-1/func/sub-29086_ses-1_task-rest_run-1_space-MNI152NLin2009cAsym_desc-preproc_bold.nii.gz,/work/ioannou_lab/elizabeth.szentmiklo/abide_data/derivatives/fmriprep/ABIDE2/UNKNOWN/sub-29086/ses-1/func/sub-29086_ses-1_task-rest_run-1_desc-confounds_regressors.tsv,/work/ioannou_lab/elizabeth.szentmiklo/abide_data/atlases/cc200/cc200_roi_atlas.nii.gz,/work/ioannou_lab/elizabeth.szentmiklo/abide_data/derivatives/fmriprep/ABIDE2/UNKNOWN/sub-29086/ses-1/func/sub-29086_ses-1_task-rest_run-1_space-MNI152NLin2009cAsym_desc-brain_mask.nii.gz,2.0
ABIDE2,ABIDEII-ETH_1_sub-29087_ses-1_run-1,/work/ioannou_lab/elizabeth.szentmiklo/abide_data/derivatives/fmriprep/ABIDE2/UNKNOWN/sub-29087/ses-1/func/sub-29087_ses-1_task-rest_run-1_space-MNI152NLin2009cAsym_desc-preproc_bold.nii.gz,/work/ioannou_lab/elizabeth.szentmiklo/abide_data/derivatives/fmriprep/ABIDE2/UNKNOWN/sub-29087/ses-1/func/sub-29087_ses-1_task-rest_run-1_desc-confounds_regressors.tsv,/work/ioannou_lab/elizabeth.szentmiklo/abide_data/atlases/cc200/cc200_roi_atlas.nii.gz,/work/ioannou_lab/elizabeth.szentmiklo/abide_data/derivatives/fmriprep/ABIDE2/UNKNOWN/sub-29087/ses-1/func/sub-29087_ses-1_task-rest_run-1_space-MNI152NLin2009cAsym_desc-brain_mask.nii.gz,2.0
ABIDE2,ABIDEII-ETH_1_sub-29088_ses-1_run-1,/work/ioannou_lab/elizabeth.szentmiklo/abide_data/derivatives/fmriprep/ABIDE2/UNKNOWN/sub-29088/ses-1/func/sub-29088_ses-1_task-rest_run-1_space-MNI152NLin2009cAsym_desc-preproc_bold.nii.gz,/work/ioannou_lab/elizabeth.szentmiklo/abide_data/derivatives/fmriprep/ABIDE2/UNKNOWN/sub-29088/ses-1/func/sub-29088_ses-1_task-rest_run-1_desc-confounds_regressors.tsv,/work/ioannou_lab/elizabeth.szentmiklo/abide_data/atlases/cc200/cc200_roi_atlas.nii.gz,/work/ioannou_lab/elizabeth.szentmiklo/abide_data/derivatives/fmriprep/ABIDE2/UNKNOWN/sub-29088/ses-1/func/sub-29088_ses-1_task-rest_run-1_space-MNI152NLin2009cAsym_desc-brain_mask.nii.gz,2.0
ABIDE2,ABIDEII-ETH_1_sub-29089_ses-1_run-1,/work/ioannou_lab/elizabeth.szentmiklo/abide_data/derivatives/fmriprep/ABIDE2/UNKNOWN/sub-29089/ses-1/func/sub-29089_ses-1_task-rest_run-1_space-MNI152NLin2009cAsym_desc-preproc_bold.nii.gz,/work/ioannou_lab/elizabeth.szentmiklo/abide_data/derivatives/fmriprep/ABIDE2/UNKNOWN/sub-29089/ses-1/func/sub-29089_ses-1_task-rest_run-1_desc-confounds_regressors.tsv,/work/ioannou_lab/elizabeth.szentmiklo/abide_data/atlases/cc200/cc200_roi_atlas.nii.gz,/work/ioannou_lab/elizabeth.szentmiklo/abide_data/derivatives/fmriprep/ABIDE2/UNKNOWN/sub-29089/ses-1/func/sub-29089_ses-1_task-rest_run-1_space-MNI152NLin2009cAsym_desc-brain_mask.nii.gz,2.0
ABIDE2,ABIDEII-ETH_1_sub-29090_ses-1_run-1,/work/ioannou_lab/elizabeth.szentmiklo/abide_data/derivatives/fmriprep/ABIDE2/UNKNOWN/sub-29090/ses-1/func/sub-29090_ses-1_task-rest_run-1_space-MNI152NLin2009cAsym_desc-preproc_bold.nii.gz,/work/ioannou_lab/elizabeth.szentmiklo/abide_data/derivatives/fmriprep/ABIDE2/UNKNOWN/sub-29090/ses-1/func/sub-29090_ses-1_task-rest_run-1_desc-confounds_regressors.tsv,/work/ioannou_lab/elizabeth.szentmiklo/abide_data/atlases/cc200/cc200_roi_atlas.nii.gz,/work/ioannou_lab/elizabeth.szentmiklo/abide_data/derivatives/fmriprep/ABIDE2/UNKNOWN/sub-29090/ses-1/func/sub-29090_ses-1_task-rest_run-1_space-MNI152NLin2009cAsym_desc-brain_mask.nii.gz,2.0
ABIDE2,ABIDEII-ETH_1_sub-29091_ses-1_run-1,/work/ioannou_lab/elizabeth.szentmiklo/abide_data/derivatives/fmriprep/ABIDE2/UNKNOWN/sub-29091/ses-1/func/sub-29091_ses-1_task-rest_run-1_space-MNI152NLin2009cAsym_desc-preproc_bold.nii.gz,/work/ioannou_lab/elizabeth.szentmiklo/abide_data/derivatives/fmriprep/ABIDE2/UNKNOWN/sub-29091/ses-1/func/sub-29091_ses-1_task-rest_run-1_desc-confounds_regressors.tsv,/work/ioannou_lab/elizabeth.szentmiklo/abide_data/atlases/cc200/cc200_roi_atlas.nii.gz,/work/ioannou_lab/elizabeth.szentmiklo/abide_data/derivatives/fmriprep/ABIDE2/UNKNOWN/sub-29091/ses-1/func/sub-29091_ses-1_task-rest_run-1_space-MNI152NLin2009cAsym_desc-brain_mask.nii.gz,2.0
ABIDE2,ABIDEII-ETH_1_sub-29092_ses-1_run-1,/work/ioannou_lab/elizabeth.szentmiklo/abide_data/derivatives/fmriprep/ABIDE2/UNKNOWN/sub-29092/ses-1/func/sub-29092_ses-1_task-rest_run-1_space-MNI152NLin2009cAsym_desc-preproc_bold.nii.gz,/work/ioannou_lab/elizabeth.szentmiklo/abide_data/derivatives/fmriprep/ABIDE2/UNKNOWN/sub-29092/ses-1/func/sub-29092_ses-1_task-rest_run-1_desc-confounds_regressors.tsv,/work/ioannou_lab/elizabeth.szentmiklo/abide_data/atlases/cc200/cc200_roi_atlas.nii.gz,/work/ioannou_lab/elizabeth.szentmiklo/abide_data/derivatives/fmriprep/ABIDE2/UNKNOWN/sub-29092/ses-1/func/sub-29092_ses-1_task-rest_run-1_space-MNI152NLin2009cAsym_desc-brain_mask.nii.gz,2.0
ABIDE2,ABIDEII-ETH_1_sub-29093_ses-1_run-1,/work/ioannou_lab/elizabeth.szentmiklo/abide_data/derivatives/fmriprep/ABIDE2/UNKNOWN/sub-29093/ses-1/func/sub-29093_ses-1_task-rest_run-1_space-MNI152NLin2009cAsym_desc-preproc_bold.nii.gz,/work/ioannou_lab/elizabeth.szentmiklo/abide_data/derivatives/fmriprep/ABIDE2/UNKNOWN/sub-29093/ses-1/func/sub-29093_ses-1_task-rest_run-1_desc-confounds_regressors.tsv,/work/ioannou_lab/elizabeth.szentmiklo/abide_data/atlases/cc200/cc200_roi_atlas.nii.gz,/work/ioannou_lab/elizabeth.szentmiklo/abide_data/derivatives/fmriprep/ABIDE2/UNKNOWN/sub-29093/ses-1/func/sub-29093_ses-1_task-rest_run-1_space-MNI152NLin2009cAsym_desc-brain_mask.nii.gz,2.0
ABIDE2,ABIDEII-ETH_1_sub-29094_ses-1_run-1,/work/ioannou_lab/elizabeth.szentmiklo/abide_data/derivatives/fmriprep/ABIDE2/UNKNOWN/sub-29094/ses-1/func/sub-29094_ses-1_task-rest_run-1_space-MNI152NLin2009cAsym_desc-preproc_bold.nii.gz,/work/ioannou_lab/elizabeth.szentmiklo/abide_data/derivatives/fmriprep/ABIDE2/UNKNOWN/sub-29094/ses-1/func/sub-29094_ses-1_task-rest_run-1_desc-confounds_regressors.tsv,/work/ioannou_lab/elizabeth.szentmiklo/abide_data/atlases/cc200/cc200_roi_atlas.nii.gz,/work/ioannou_lab/elizabeth.szentmiklo/abide_data/derivatives/fmriprep/ABIDE2/UNKNOWN/sub-29094/ses-1/func/sub-29094_ses-1_task-rest_run-1_space-MNI152NLin2009cAsym_desc-brain_mask.nii.gz,2.0
ABIDE2,ABIDEII-TCD_1_sub-29096_ses-1_run-1,/work/ioannou_lab/elizabeth.szentmiklo/abide_data/derivatives/fmriprep/ABIDE2/UNKNOWN/sub-29096/ses-1/func/sub-29096_ses-1_task-rest_run-1_space-MNI152NLin2009cAsym_desc-preproc_bold.nii.gz,/work/ioannou_lab/elizabeth.szentmiklo/abide_data/derivatives/fmriprep/ABIDE2/UNKNOWN/sub-29096/ses-1/func/sub-29096_ses-1_task-rest_run-1_desc-confounds_regressors.tsv,/work/ioannou_lab/elizabeth.szentmiklo/abide_data/atlases/cc200/cc200_roi_atlas.nii.gz,/work/ioannou_lab/elizabeth.szentmiklo/abide_data/derivatives/fmriprep/ABIDE2/UNKNOWN/sub-29096/ses-1/func/sub-29096_ses-1_task-rest_run-1_space-MNI152NLin2009cAsym_desc-brain_mask.nii.gz,2.0
ABIDE2,ABIDEII-TCD_1_sub-29097_ses-1_run-1,/work/ioannou_lab/elizabeth.szentmiklo/abide_data/derivatives/fmriprep/ABIDE2/UNKNOWN/sub-29097/ses-1/func/sub-29097_ses-1_task-rest_run-1_space-MNI152NLin2009cAsym_desc-preproc_bold.nii.gz,/work/ioannou_lab/elizabeth.szentmiklo/abide_data/derivatives/fmriprep/ABIDE2/UNKNOWN/sub-29097/ses-1/func/sub-29097_ses-1_task-rest_run-1_desc-confounds_regressors.tsv,/work/ioannou_lab/elizabeth.szentmiklo/abide_data/atlases/cc200/cc200_roi_atlas.nii.gz,/work/ioannou_lab/elizabeth.szentmiklo/abide_data/derivatives/fmriprep/ABIDE2/UNKNOWN/sub-29097/ses-1/func/sub-29097_ses-1_task-rest_run-1_space-MNI152NLin2009cAsym_desc-brain_mask.nii.gz,2.0
ABIDE2,ABIDEII-TCD_1_sub-29098_ses-1_run-1,/work/ioannou_lab/elizabeth.szentmiklo/abide_data/derivatives/fmriprep/ABIDE2/UNKNOWN/sub-29098/ses-1/func/sub-29098_ses-1_task-rest_run-1_space-MNI152NLin2009cAsym_desc-preproc_bold.nii.gz,/work/ioannou_lab/elizabeth.szentmiklo/abide_data/derivatives/fmriprep/ABIDE2/UNKNOWN/sub-29098/ses-1/func/sub-29098_ses-1_task-rest_run-1_desc-confounds_regressors.tsv,/work/ioannou_lab/elizabeth.szentmiklo/abide_data/atlases/cc200/cc200_roi_atlas.nii.gz,/work/ioannou_lab/elizabeth.szentmiklo/abide_data/derivatives/fmriprep/ABIDE2/UNKNOWN/sub-29098/ses-1/func/sub-29098_ses-1_task-rest_run-1_space-MNI152NLin2009cAsym_desc-brain_mask.nii.gz,2.0
ABIDE2,ABIDEII-TCD_1_sub-29099_ses-1_run-1,/work/ioannou_lab/elizabeth.szentmiklo/abide_data/derivatives/fmriprep/ABIDE2/UNKNOWN/sub-29099/ses-1/func/sub-29099_ses-1_task-rest_run-1_space-MNI152NLin2009cAsym_desc-preproc_bold.nii.gz,/work/ioannou_lab/elizabeth.szentmiklo/abide_data/derivatives/fmriprep/ABIDE2/UNKNOWN/sub-29099/ses-1/func/sub-29099_ses-1_task-rest_run-1_desc-confounds_regressors.tsv,/work/ioannou_lab/elizabeth.szentmiklo/abide_data/atlases/cc200/cc200_roi_atlas.nii.gz,/work/ioannou_lab/elizabeth.szentmiklo/abide_data/derivatives/fmriprep/ABIDE2/UNKNOWN/sub-29099/ses-1/func/sub-29099_ses-1_task-rest_run-1_space-MNI152NLin2009cAsym_desc-brain_mask.nii.gz,2.0
ABIDE2,ABIDEII-TCD_1_sub-29100_ses-1_run-1,/work/ioannou_lab/elizabeth.szentmiklo/abide_data/derivatives/fmriprep/ABIDE2/UNKNOWN/sub-29100/ses-1/func/sub-29100_ses-1_task-rest_run-1_space-MNI152NLin2009cAsym_desc-preproc_bold.nii.gz,/work/ioannou_lab/elizabeth.szentmiklo/abide_data/derivatives/fmriprep/ABIDE2/UNKNOWN/sub-29100/ses-1/func/sub-29100_ses-1_task-rest_run-1_desc-confounds_regressors.tsv,/work/ioannou_lab/elizabeth.szentmiklo/abide_data/atlases/cc200/cc200_roi_atlas.nii.gz,/work/ioannou_lab/elizabeth.szentmiklo/abide_data/derivatives/fmriprep/ABIDE2/UNKNOWN/sub-29100/ses-1/func/sub-29100_ses-1_task-rest_run-1_space-MNI152NLin2009cAsym_desc-brain_mask.nii.gz,2.0
ABIDE2,ABIDEII-TCD_1_sub-29101_ses-1_run-1,/work/ioannou_lab/elizabeth.szentmiklo/abide_data/derivatives/fmriprep/ABIDE2/UNKNOWN/sub-29101/ses-1/func/sub-29101_ses-1_task-rest_run-1_space-MNI152NLin2009cAsym_desc-preproc_bold.nii.gz,/work/ioannou_lab/elizabeth.szentmiklo/abide_data/derivatives/fmriprep/ABIDE2/UNKNOWN/sub-29101/ses-1/func/sub-29101_ses-1_task-rest_run-1_desc-confounds_regressors.tsv,/work/ioannou_lab/elizabeth.szentmiklo/abide_data/atlases/cc200/cc200_roi_atlas.nii.gz,/work/ioannou_lab/elizabeth.szentmiklo/abide_data/derivatives/fmriprep/ABIDE2/UNKNOWN/sub-29101/ses-1/func/sub-29101_ses-1_task-rest_run-1_space-MNI152NLin2009cAsym_desc-brain_mask.nii.gz,2.0
ABIDE2,ABIDEII-TCD_1_sub-29102_ses-1_run-1,/work/ioannou_lab/elizabeth.szentmiklo/abide_data/derivatives/fmriprep/ABIDE2/UNKNOWN/sub-29102/ses-1/func/sub-29102_ses-1_task-rest_run-1_space-MNI152NLin2009cAsym_desc-preproc_bold.nii.gz,/work/ioannou_lab/elizabeth.szentmiklo/abide_data/derivatives/fmriprep/ABIDE2/UNKNOWN/sub-29102/ses-1/func/sub-29102_ses-1_task-rest_run-1_desc-confounds_regressors.tsv,/work/ioannou_lab/elizabeth.szentmiklo/abide_data/atlases/cc200/cc200_roi_atlas.nii.gz,/work/ioannou_lab/elizabeth.szentmiklo/abide_data/derivatives/fmriprep/ABIDE2/UNKNOWN/sub-29102/ses-1/func/sub-29102_ses-1_task-rest_run-1_space-MNI152NLin2009cAsym_desc-brain_mask.nii.gz,2.0
ABIDE2,ABIDEII-TCD_1_sub-29103_ses-1_run-1,/work/ioannou_lab/elizabeth.szentmiklo/abide_data/derivatives/fmriprep/ABIDE2/UNKNOWN/sub-29103/ses-1/func/sub-29103_ses-1_task-rest_run-1_space-MNI152NLin2009cAsym_desc-preproc_bold.nii.gz,/work/ioannou_lab/elizabeth.szentmiklo/abide_data/derivatives/fmriprep/ABIDE2/UNKNOWN/sub-29103/ses-1/func/sub-29103_ses-1_task-rest_run-1_desc-confounds_regressors.tsv,/work/ioannou_lab/elizabeth.szentmiklo/abide_data/atlases/cc200/cc200_roi_atlas.nii.gz,/work/ioannou_lab/elizabeth.szentmiklo/abide_data/derivatives/fmriprep/ABIDE2/UNKNOWN/sub-29103/ses-1/func/sub-29103_ses-1_task-rest_run-1_space-MNI152NLin2009cAsym_desc-brain_mask.nii.gz,2.0
ABIDE2,ABIDEII-TCD_1_sub-29104_ses-1_run-1,/work/ioannou_lab/elizabeth.szentmiklo/abide_data/derivatives/fmriprep/ABIDE2/UNKNOWN/sub-29104/ses-1/func/sub-29104_ses-1_task-rest_run-1_space-MNI152NLin2009cAsym_desc-preproc_bold.nii.gz,/work/ioannou_lab/elizabeth.szentmiklo/abide_data/derivatives/fmriprep/ABIDE2/UNKNOWN/sub-29104/ses-1/func/sub-29104_ses-1_task-rest_run-1_desc-confounds_regressors.tsv,/work/ioannou_lab/elizabeth.szentmiklo/abide_data/atlases/cc200/cc200_roi_atlas.nii.gz,/work/ioannou_lab/elizabeth.szentmiklo/abide_data/derivatives/fmriprep/ABIDE2/UNKNOWN/sub-29104/ses-1/func/sub-29104_ses-1_task-rest_run-1_space-MNI152NLin2009cAsym_desc-brain_mask.nii.gz,2.0
ABIDE2,ABIDEII-TCD_1_sub-29105_ses-1_run-1,/work/ioannou_lab/elizabeth.szentmiklo/abide_data/derivatives/fmriprep/ABIDE2/UNKNOWN/sub-29105/ses-1/func/sub-29105_ses-1_task-rest_run-1_space-MNI152NLin2009cAsym_desc-preproc_bold.nii.gz,/work/ioannou_lab/elizabeth.szentmiklo/abide_data/derivatives/fmriprep/ABIDE2/UNKNOWN/sub-29105/ses-1/func/sub-29105_ses-1_task-rest_run-1_desc-confounds_regressors.tsv,/work/ioannou_lab/elizabeth.szentmiklo/abide_data/atlases/cc200/cc200_roi_atlas.nii.gz,/work/ioannou_lab/elizabeth.szentmiklo/abide_data/derivatives/fmriprep/ABIDE2/UNKNOWN/sub-29105/ses-1/func/sub-29105_ses-1_task-rest_run-1_space-MNI152NLin2009cAsym_desc-brain_mask.nii.gz,2.0
ABIDE2,ABIDEII-TCD_1_sub-29106_ses-1_run-1,/work/ioannou_lab/elizabeth.szentmiklo/abide_data/derivatives/fmriprep/ABIDE2/UNKNOWN/sub-29106/ses-1/func/sub-29106_ses-1_task-rest_run-1_space-MNI152NLin2009cAsym_desc-preproc_bold.nii.gz,/work/ioannou_lab/elizabeth.szentmiklo/abide_data/derivatives/fmriprep/ABIDE2/UNKNOWN/sub-29106/ses-1/func/sub-29106_ses-1_task-rest_run-1_desc-confounds_regressors.tsv,/work/ioannou_lab/elizabeth.szentmiklo/abide_data/atlases/cc200/cc200_roi_atlas.nii.gz,/work/ioannou_lab/elizabeth.szentmiklo/abide_data/derivatives/fmriprep/ABIDE2/UNKNOWN/sub-29106/ses-1/func/sub-29106_ses-1_task-rest_run-1_space-MNI152NLin2009cAsym_desc-brain_mask.nii.gz,2.0
ABIDE2,ABIDEII-TCD_1_sub-29107_ses-1_run-1,/work/ioannou_lab/elizabeth.szentmiklo/abide_data/derivatives/fmriprep/ABIDE2/UNKNOWN/sub-29107/ses-1/func/sub-29107_ses-1_task-rest_run-1_space-MNI152NLin2009cAsym_desc-preproc_bold.nii.gz,/work/ioannou_lab/elizabeth.szentmiklo/abide_data/derivatives/fmriprep/ABIDE2/UNKNOWN/sub-29107/ses-1/func/sub-29107_ses-1_task-rest_run-1_desc-confounds_regressors.tsv,/work/ioannou_lab/elizabeth.szentmiklo/abide_data/atlases/cc200/cc200_roi_atlas.nii.gz,/work/ioannou_lab/elizabeth.szentmiklo/abide_data/derivatives/fmriprep/ABIDE2/UNKNOWN/sub-29107/ses-1/func/sub-29107_ses-1_task-rest_run-1_space-MNI152NLin2009cAsym_desc-brain_mask.nii.gz,2.0
ABIDE2,ABIDEII-TCD_1_sub-29108_ses-1_run-1,/work/ioannou_lab/elizabeth.szentmiklo/abide_data/derivatives/fmriprep/ABIDE2/UNKNOWN/sub-29108/ses-1/func/sub-29108_ses-1_task-rest_run-1_space-MNI152NLin2009cAsym_desc-preproc_bold.nii.gz,/work/ioannou_lab/elizabeth.szentmiklo/abide_data/derivatives/fmriprep/ABIDE2/UNKNOWN/sub-29108/ses-1/func/sub-29108_ses-1_task-rest_run-1_desc-confounds_regressors.tsv,/work/ioannou_lab/elizabeth.szentmiklo/abide_data/atlases/cc200/cc200_roi_atlas.nii.gz,/work/ioannou_lab/elizabeth.szentmiklo/abide_data/derivatives/fmriprep/ABIDE2/UNKNOWN/sub-29108/ses-1/func/sub-29108_ses-1_task-rest_run-1_space-MNI152NLin2009cAsym_desc-brain_mask.nii.gz,2.0
ABIDE2,ABIDEII-TCD_1_sub-29109_ses-1_run-1,/work/ioannou_lab/elizabeth.szentmiklo/abide_data/derivatives/fmriprep/ABIDE2/UNKNOWN/sub-29109/ses-1/func/sub-29109_ses-1_task-rest_run-1_space-MNI152NLin2009cAsym_desc-preproc_bold.nii.gz,/work/ioannou_lab/elizabeth.szentmiklo/abide_data/derivatives/fmriprep/ABIDE2/UNKNOWN/sub-29109/ses-1/func/sub-29109_ses-1_task-rest_run-1_desc-confounds_regressors.tsv,/work/ioannou_lab/elizabeth.szentmiklo/abide_data/atlases/cc200/cc200_roi_atlas.nii.gz,/work/ioannou_lab/elizabeth.szentmiklo/abide_data/derivatives/fmriprep/ABIDE2/UNKNOWN/sub-29109/ses-1/func/sub-29109_ses-1_task-rest_run-1_space-MNI152NLin2009cAsym_desc-brain_mask.nii.gz,2.0
ABIDE2,ABIDEII-TCD_1_sub-29110_ses-1_run-1,/work/ioannou_lab/elizabeth.szentmiklo/abide_data/derivatives/fmriprep/ABIDE2/UNKNOWN/sub-29110/ses-1/func/sub-29110_ses-1_task-rest_run-1_space-MNI152NLin2009cAsym_desc-preproc_bold.nii.gz,/work/ioannou_lab/elizabeth.szentmiklo/abide_data/derivatives/fmriprep/ABIDE2/UNKNOWN/sub-29110/ses-1/func/sub-29110_ses-1_task-rest_run-1_desc-confounds_regressors.tsv,/work/ioannou_lab/elizabeth.szentmiklo/abide_data/atlases/cc200/cc200_roi_atlas.nii.gz,/work/ioannou_lab/elizabeth.szentmiklo/abide_data/derivatives/fmriprep/ABIDE2/UNKNOWN/sub-29110/ses-1/func/sub-29110_ses-1_task-rest_run-1_space-MNI152NLin2009cAsym_desc-brain_mask.nii.gz,2.0
ABIDE2,ABIDEII-TCD_1_sub-29111_ses-1_run-1,/work/ioannou_lab/elizabeth.szentmiklo/abide_data/derivatives/fmriprep/ABIDE2/UNKNOWN/sub-29111/ses-1/func/sub-29111_ses-1_task-rest_run-1_space-MNI152NLin2009cAsym_desc-preproc_bold.nii.gz,/work/ioannou_lab/elizabeth.szentmiklo/abide_data/derivatives/fmriprep/ABIDE2/UNKNOWN/sub-29111/ses-1/func/sub-29111_ses-1_task-rest_run-1_desc-confounds_regressors.tsv,/work/ioannou_lab/elizabeth.szentmiklo/abide_data/atlases/cc200/cc200_roi_atlas.nii.gz,/work/ioannou_lab/elizabeth.szentmiklo/abide_data/derivatives/fmriprep/ABIDE2/UNKNOWN/sub-29111/ses-1/func/sub-29111_ses-1_task-rest_run-1_space-MNI152NLin2009cAsym_desc-brain_mask.nii.gz,2.0
ABIDE2,ABIDEII-TCD_1_sub-29112_ses-1_run-1,/work/ioannou_lab/elizabeth.szentmiklo/abide_data/derivatives/fmriprep/ABIDE2/UNKNOWN/sub-29112/ses-1/func/sub-29112_ses-1_task-rest_run-1_space-MNI152NLin2009cAsym_desc-preproc_bold.nii.gz,/work/ioannou_lab/elizabeth.szentmiklo/abide_data/derivatives/fmriprep/ABIDE2/UNKNOWN/sub-29112/ses-1/func/sub-29112_ses-1_task-rest_run-1_desc-confounds_regressors.tsv,/work/ioannou_lab/elizabeth.szentmiklo/abide_data/atlases/cc200/cc200_roi_atlas.nii.gz,/work/ioannou_lab/elizabeth.szentmiklo/abide_data/derivatives/fmriprep/ABIDE2/UNKNOWN/sub-29112/ses-1/func/sub-29112_ses-1_task-rest_run-1_space-MNI152NLin2009cAsym_desc-brain_mask.nii.gz,2.0
ABIDE2,ABIDEII-TCD_1_sub-29113_ses-1_run-1,/work/ioannou_lab/elizabeth.szentmiklo/abide_data/derivatives/fmriprep/ABIDE2/UNKNOWN/sub-29113/ses-1/func/sub-29113_ses-1_task-rest_run-1_space-MNI152NLin2009cAsym_desc-preproc_bold.nii.gz,/work/ioannou_lab/elizabeth.szentmiklo/abide_data/derivatives/fmriprep/ABIDE2/UNKNOWN/sub-29113/ses-1/func/sub-29113_ses-1_task-rest_run-1_desc-confounds_regressors.tsv,/work/ioannou_lab/elizabeth.szentmiklo/abide_data/atlases/cc200/cc200_roi_atlas.nii.gz,/work/ioannou_lab/elizabeth.szentmiklo/abide_data/derivatives/fmriprep/ABIDE2/UNKNOWN/sub-29113/ses-1/func/sub-29113_ses-1_task-rest_run-1_space-MNI152NLin2009cAsym_desc-brain_mask.nii.gz,2.0
ABIDE2,ABIDEII-TCD_1_sub-29114_ses-1_run-1,/work/ioannou_lab/elizabeth.szentmiklo/abide_data/derivatives/fmriprep/ABIDE2/UNKNOWN/sub-29114/ses-1/func/sub-29114_ses-1_task-rest_run-1_space-MNI152NLin2009cAsym_desc-preproc_bold.nii.gz,/work/ioannou_lab/elizabeth.szentmiklo/abide_data/derivatives/fmriprep/ABIDE2/UNKNOWN/sub-29114/ses-1/func/sub-29114_ses-1_task-rest_run-1_desc-confounds_regressors.tsv,/work/ioannou_lab/elizabeth.szentmiklo/abide_data/atlases/cc200/cc200_roi_atlas.nii.gz,/work/ioannou_lab/elizabeth.szentmiklo/abide_data/derivatives/fmriprep/ABIDE2/UNKNOWN/sub-29114/ses-1/func/sub-29114_ses-1_task-rest_run-1_space-MNI152NLin2009cAsym_desc-brain_mask.nii.gz,2.0
ABIDE2,ABIDEII-TCD_1_sub-29115_ses-1_run-1,/work/ioannou_lab/elizabeth.szentmiklo/abide_data/derivatives/fmriprep/ABIDE2/UNKNOWN/sub-29115/ses-1/func/sub-29115_ses-1_task-rest_run-1_space-MNI152NLin2009cAsym_desc-preproc_bold.nii.gz,/work/ioannou_lab/elizabeth.szentmiklo/abide_data/derivatives/fmriprep/ABIDE2/UNKNOWN/sub-29115/ses-1/func/sub-29115_ses-1_task-rest_run-1_desc-confounds_regressors.tsv,/work/ioannou_lab/elizabeth.szentmiklo/abide_data/atlases/cc200/cc200_roi_atlas.nii.gz,/work/ioannou_lab/elizabeth.szentmiklo/abide_data/derivatives/fmriprep/ABIDE2/UNKNOWN/sub-29115/ses-1/func/sub-29115_ses-1_task-rest_run-1_space-MNI152NLin2009cAsym_desc-brain_mask.nii.gz,2.0
ABIDE2,ABIDEII-TCD_1_sub-29116_ses-1_run-1,/work/ioannou_lab/elizabeth.szentmiklo/abide_data/derivatives/fmriprep/ABIDE2/UNKNOWN/sub-29116/ses-1/func/sub-29116_ses-1_task-rest_run-1_space-MNI152NLin2009cAsym_desc-preproc_bold.nii.gz,/work/ioannou_lab/elizabeth.szentmiklo/abide_data/derivatives/fmriprep/ABIDE2/UNKNOWN/sub-29116/ses-1/func/sub-29116_ses-1_task-rest_run-1_desc-confounds_regressors.tsv,/work/ioannou_lab/elizabeth.szentmiklo/abide_data/atlases/cc200/cc200_roi_atlas.nii.gz,/work/ioannou_lab/elizabeth.szentmiklo/abide_data/derivatives/fmriprep/ABIDE2/UNKNOWN/sub-29116/ses-1/func/sub-29116_ses-1_task-rest_run-1_space-MNI152NLin2009cAsym_desc-brain_mask.nii.gz,2.0
ABIDE2,ABIDEII-TCD_1_sub-29117_ses-1_run-1,/work/ioannou_lab/elizabeth.szentmiklo/abide_data/derivatives/fmriprep/ABIDE2/UNKNOWN/sub-29117/ses-1/func/sub-29117_ses-1_task-rest_run-1_space-MNI152NLin2009cAsym_desc-preproc_bold.nii.gz,/work/ioannou_lab/elizabeth.szentmiklo/abide_data/derivatives/fmriprep/ABIDE2/UNKNOWN/sub-29117/ses-1/func/sub-29117_ses-1_task-rest_run-1_desc-confounds_regressors.tsv,/work/ioannou_lab/elizabeth.szentmiklo/abide_data/atlases/cc200/cc200_roi_atlas.nii.gz,/work/ioannou_lab/elizabeth.szentmiklo/abide_data/derivatives/fmriprep/ABIDE2/UNKNOWN/sub-29117/ses-1/func/sub-29117_ses-1_task-rest_run-1_space-MNI152NLin2009cAsym_desc-brain_mask.nii.gz,2.0
ABIDE2,ABIDEII-TCD_1_sub-29118_ses-1_run-1,/work/ioannou_lab/elizabeth.szentmiklo/abide_data/derivatives/fmriprep/ABIDE2/UNKNOWN/sub-29118/ses-1/func/sub-29118_ses-1_task-rest_run-1_space-MNI152NLin2009cAsym_desc-preproc_bold.nii.gz,/work/ioannou_lab/elizabeth.szentmiklo/abide_data/derivatives/fmriprep/ABIDE2/UNKNOWN/sub-29118/ses-1/func/sub-29118_ses-1_task-rest_run-1_desc-confounds_regressors.tsv,/work/ioannou_lab/elizabeth.szentmiklo/abide_data/atlases/cc200/cc200_roi_atlas.nii.gz,/work/ioannou_lab/elizabeth.szentmiklo/abide_data/derivatives/fmriprep/ABIDE2/UNKNOWN/sub-29118/ses-1/func/sub-29118_ses-1_task-rest_run-1_space-MNI152NLin2009cAsym_desc-brain_mask.nii.gz,2.0
ABIDE2,ABIDEII-TCD_1_sub-29119_ses-1_run-1,/work/ioannou_lab/elizabeth.szentmiklo/abide_data/derivatives/fmriprep/ABIDE2/UNKNOWN/sub-29119/ses-1/func/sub-29119_ses-1_task-rest_run-1_space-MNI152NLin2009cAsym_desc-preproc_bold.nii.gz,/work/ioannou_lab/elizabeth.szentmiklo/abide_data/derivatives/fmriprep/ABIDE2/UNKNOWN/sub-29119/ses-1/func/sub-29119_ses-1_task-rest_run-1_desc-confounds_regressors.tsv,/work/ioannou_lab/elizabeth.szentmiklo/abide_data/atlases/cc200/cc200_roi_atlas.nii.gz,/work/ioannou_lab/elizabeth.szentmiklo/abide_data/derivatives/fmriprep/ABIDE2/UNKNOWN/sub-29119/ses-1/func/sub-29119_ses-1_task-rest_run-1_space-MNI152NLin2009cAsym_desc-brain_mask.nii.gz,2.0
ABIDE2,ABIDEII-TCD_1_sub-29120_ses-1_run-1,/work/ioannou_lab/elizabeth.szentmiklo/abide_data/derivatives/fmriprep/ABIDE2/UNKNOWN/sub-29120/ses-1/func/sub-29120_ses-1_task-rest_run-1_space-MNI152NLin2009cAsym_desc-preproc_bold.nii.gz,/work/ioannou_lab/elizabeth.szentmiklo/abide_data/derivatives/fmriprep/ABIDE2/UNKNOWN/sub-29120/ses-1/func/sub-29120_ses-1_task-rest_run-1_desc-confounds_regressors.tsv,/work/ioannou_lab/elizabeth.szentmiklo/abide_data/atlases/cc200/cc200_roi_atlas.nii.gz,/work/ioannou_lab/elizabeth.szentmiklo/abide_data/derivatives/fmriprep/ABIDE2/UNKNOWN/sub-29120/ses-1/func/sub-29120_ses-1_task-rest_run-1_space-MNI152NLin2009cAsym_desc-brain_mask.nii.gz,2.0
ABIDE2,ABIDEII-TCD_1_sub-29121_ses-1_run-1,/work/ioannou_lab/elizabeth.szentmiklo/abide_data/derivatives/fmriprep/ABIDE2/UNKNOWN/sub-29121/ses-1/func/sub-29121_ses-1_task-rest_run-1_space-MNI152NLin2009cAsym_desc-preproc_bold.nii.gz,/work/ioannou_lab/elizabeth.szentmiklo/abide_data/derivatives/fmriprep/ABIDE2/UNKNOWN/sub-29121/ses-1/func/sub-29121_ses-1_task-rest_run-1_desc-confounds_regressors.tsv,/work/ioannou_lab/elizabeth.szentmiklo/abide_data/atlases/cc200/cc200_roi_atlas.nii.gz,/work/ioannou_lab/elizabeth.szentmiklo/abide_data/derivatives/fmriprep/ABIDE2/UNKNOWN/sub-29121/ses-1/func/sub-29121_ses-1_task-rest_run-1_space-MNI152NLin2009cAsym_desc-brain_mask.nii.gz,2.0
ABIDE2,ABIDEII-TCD_1_sub-29122_ses-1_run-1,/work/ioannou_lab/elizabeth.szentmiklo/abide_data/derivatives/fmriprep/ABIDE2/UNKNOWN/sub-29122/ses-1/func/sub-29122_ses-1_task-rest_run-1_space-MNI152NLin2009cAsym_desc-preproc_bold.nii.gz,/work/ioannou_lab/elizabeth.szentmiklo/abide_data/derivatives/fmriprep/ABIDE2/UNKNOWN/sub-29122/ses-1/func/sub-29122_ses-1_task-rest_run-1_desc-confounds_regressors.tsv,/work/ioannou_lab/elizabeth.szentmiklo/abide_data/atlases/cc200/cc200_roi_atlas.nii.gz,/work/ioannou_lab/elizabeth.szentmiklo/abide_data/derivatives/fmriprep/ABIDE2/UNKNOWN/sub-29122/ses-1/func/sub-29122_ses-1_task-rest_run-1_space-MNI152NLin2009cAsym_desc-brain_mask.nii.gz,2.0
ABIDE2,ABIDEII-TCD_1_sub-29123_ses-1_run-1,/work/ioannou_lab/elizabeth.szentmiklo/abide_data/derivatives/fmriprep/ABIDE2/UNKNOWN/sub-29123/ses-1/func/sub-29123_ses-1_task-rest_run-1_space-MNI152NLin2009cAsym_desc-preproc_bold.nii.gz,/work/ioannou_lab/elizabeth.szentmiklo/abide_data/derivatives/fmriprep/ABIDE2/UNKNOWN/sub-29123/ses-1/func/sub-29123_ses-1_task-rest_run-1_desc-confounds_regressors.tsv,/work/ioannou_lab/elizabeth.szentmiklo/abide_data/atlases/cc200/cc200_roi_atlas.nii.gz,/work/ioannou_lab/elizabeth.szentmiklo/abide_data/derivatives/fmriprep/ABIDE2/UNKNOWN/sub-29123/ses-1/func/sub-29123_ses-1_task-rest_run-1_space-MNI152NLin2009cAsym_desc-brain_mask.nii.gz,2.0
ABIDE2,ABIDEII-TCD_1_sub-29124_ses-1_run-1,/work/ioannou_lab/elizabeth.szentmiklo/abide_data/derivatives/fmriprep/ABIDE2/UNKNOWN/sub-29124/ses-1/func/sub-29124_ses-1_task-rest_run-1_space-MNI152NLin2009cAsym_desc-preproc_bold.nii.gz,/work/ioannou_lab/elizabeth.szentmiklo/abide_data/derivatives/fmriprep/ABIDE2/UNKNOWN/sub-29124/ses-1/func/sub-29124_ses-1_task-rest_run-1_desc-confounds_regressors.tsv,/work/ioannou_lab/elizabeth.szentmiklo/abide_data/atlases/cc200/cc200_roi_atlas.nii.gz,/work/ioannou_lab/elizabeth.szentmiklo/abide_data/derivatives/fmriprep/ABIDE2/UNKNOWN/sub-29124/ses-1/func/sub-29124_ses-1_task-rest_run-1_space-MNI152NLin2009cAsym_desc-brain_mask.nii.gz,2.0
ABIDE2,ABIDEII-TCD_1_sub-29125_ses-1_run-1,/work/ioannou_lab/elizabeth.szentmiklo/abide_data/derivatives/fmriprep/ABIDE2/UNKNOWN/sub-29125/ses-1/func/sub-29125_ses-1_task-rest_run-1_space-MNI152NLin2009cAsym_desc-preproc_bold.nii.gz,/work/ioannou_lab/elizabeth.szentmiklo/abide_data/derivatives/fmriprep/ABIDE2/UNKNOWN/sub-29125/ses-1/func/sub-29125_ses-1_task-rest_run-1_desc-confounds_regressors.tsv,/work/ioannou_lab/elizabeth.szentmiklo/abide_data/atlases/cc200/cc200_roi_atlas.nii.gz,/work/ioannou_lab/elizabeth.szentmiklo/abide_data/derivatives/fmriprep/ABIDE2/UNKNOWN/sub-29125/ses-1/func/sub-29125_ses-1_task-rest_run-1_space-MNI152NLin2009cAsym_desc-brain_mask.nii.gz,2.0
ABIDE2,ABIDEII-TCD_1_sub-29126_ses-1_run-1,/work/ioannou_lab/elizabeth.szentmiklo/abide_data/derivatives/fmriprep/ABIDE2/UNKNOWN/sub-29126/ses-1/func/sub-29126_ses-1_task-rest_run-1_space-MNI152NLin2009cAsym_desc-preproc_bold.nii.gz,/work/ioannou_lab/elizabeth.szentmiklo/abide_data/derivatives/fmriprep/ABIDE2/UNKNOWN/sub-29126/ses-1/func/sub-29126_ses-1_task-rest_run-1_desc-confounds_regressors.tsv,/work/ioannou_lab/elizabeth.szentmiklo/abide_data/atlases/cc200/cc200_roi_atlas.nii.gz,/work/ioannou_lab/elizabeth.szentmiklo/abide_data/derivatives/fmriprep/ABIDE2/UNKNOWN/sub-29126/ses-1/func/sub-29126_ses-1_task-rest_run-1_space-MNI152NLin2009cAsym_desc-brain_mask.nii.gz,2.0
ABIDE2,ABIDEII-TCD_1_sub-29127_ses-1_run-1,/work/ioannou_lab/elizabeth.szentmiklo/abide_data/derivatives/fmriprep/ABIDE2/UNKNOWN/sub-29127/ses-1/func/sub-29127_ses-1_task-rest_run-1_space-MNI152NLin2009cAsym_desc-preproc_bold.nii.gz,/work/ioannou_lab/elizabeth.szentmiklo/abide_data/derivatives/fmriprep/ABIDE2/UNKNOWN/sub-29127/ses-1/func/sub-29127_ses-1_task-rest_run-1_desc-confounds_regressors.tsv,/work/ioannou_lab/elizabeth.szentmiklo/abide_data/atlases/cc200/cc200_roi_atlas.nii.gz,/work/ioannou_lab/elizabeth.szentmiklo/abide_data/derivatives/fmriprep/ABIDE2/UNKNOWN/sub-29127/ses-1/func/sub-29127_ses-1_task-rest_run-1_space-MNI152NLin2009cAsym_desc-brain_mask.nii.gz,2.0
ABIDE2,ABIDEII-TCD_1_sub-29128_ses-1_run-1,/work/ioannou_lab/elizabeth.szentmiklo/abide_data/derivatives/fmriprep/ABIDE2/UNKNOWN/sub-29128/ses-1/func/sub-29128_ses-1_task-rest_run-1_space-MNI152NLin2009cAsym_desc-preproc_bold.nii.gz,/work/ioannou_lab/elizabeth.szentmiklo/abide_data/derivatives/fmriprep/ABIDE2/UNKNOWN/sub-29128/ses-1/func/sub-29128_ses-1_task-rest_run-1_desc-confounds_regressors.tsv,/work/ioannou_lab/elizabeth.szentmiklo/abide_data/atlases/cc200/cc200_roi_atlas.nii.gz,/work/ioannou_lab/elizabeth.szentmiklo/abide_data/derivatives/fmriprep/ABIDE2/UNKNOWN/sub-29128/ses-1/func/sub-29128_ses-1_task-rest_run-1_space-MNI152NLin2009cAsym_desc-brain_mask.nii.gz,2.0
ABIDE2,ABIDEII-TCD_1_sub-29129_ses-1_run-1,/work/ioannou_lab/elizabeth.szentmiklo/abide_data/derivatives/fmriprep/ABIDE2/UNKNOWN/sub-29129/ses-1/func/sub-29129_ses-1_task-rest_run-1_space-MNI152NLin2009cAsym_desc-preproc_bold.nii.gz,/work/ioannou_lab/elizabeth.szentmiklo/abide_data/derivatives/fmriprep/ABIDE2/UNKNOWN/sub-29129/ses-1/func/sub-29129_ses-1_task-rest_run-1_desc-confounds_regressors.tsv,/work/ioannou_lab/elizabeth.szentmiklo/abide_data/atlases/cc200/cc200_roi_atlas.nii.gz,/work/ioannou_lab/elizabeth.szentmiklo/abide_data/derivatives/fmriprep/ABIDE2/UNKNOWN/sub-29129/ses-1/func/sub-29129_ses-1_task-rest_run-1_space-MNI152NLin2009cAsym_desc-brain_mask.nii.gz,2.0
ABIDE2,ABIDEII-TCD_1_sub-29130_ses-1_run-1,/work/ioannou_lab/elizabeth.szentmiklo/abide_data/derivatives/fmriprep/ABIDE2/UNKNOWN/sub-29130/ses-1/func/sub-29130_ses-1_task-rest_run-1_space-MNI152NLin2009cAsym_desc-preproc_bold.nii.gz,/work/ioannou_lab/elizabeth.szentmiklo/abide_data/derivatives/fmriprep/ABIDE2/UNKNOWN/sub-29130/ses-1/func/sub-29130_ses-1_task-rest_run-1_desc-confounds_regressors.tsv,/work/ioannou_lab/elizabeth.szentmiklo/abide_data/atlases/cc200/cc200_roi_atlas.nii.gz,/work/ioannou_lab/elizabeth.szentmiklo/abide_data/derivatives/fmriprep/ABIDE2/UNKNOWN/sub-29130/ses-1/func/sub-29130_ses-1_task-rest_run-1_space-MNI152NLin2009cAsym_desc-brain_mask.nii.gz,2.0
ABIDE2,ABIDEII-TCD_1_sub-29131_ses-1_run-1,/work/ioannou_lab/elizabeth.szentmiklo/abide_data/derivatives/fmriprep/ABIDE2/UNKNOWN/sub-29131/ses-1/func/sub-29131_ses-1_task-rest_run-1_space-MNI152NLin2009cAsym_desc-preproc_bold.nii.gz,/work/ioannou_lab/elizabeth.szentmiklo/abide_data/derivatives/fmriprep/ABIDE2/UNKNOWN/sub-29131/ses-1/func/sub-29131_ses-1_task-rest_run-1_desc-confounds_regressors.tsv,/work/ioannou_lab/elizabeth.szentmiklo/abide_data/atlases/cc200/cc200_roi_atlas.nii.gz,/work/ioannou_lab/elizabeth.szentmiklo/abide_data/derivatives/fmriprep/ABIDE2/UNKNOWN/sub-29131/ses-1/func/sub-29131_ses-1_task-rest_run-1_space-MNI152NLin2009cAsym_desc-brain_mask.nii.gz,2.0
ABIDE2,ABIDEII-TCD_1_sub-29132_ses-1_run-1,/work/ioannou_lab/elizabeth.szentmiklo/abide_data/derivatives/fmriprep/ABIDE2/UNKNOWN/sub-29132/ses-1/func/sub-29132_ses-1_task-rest_run-1_space-MNI152NLin2009cAsym_desc-preproc_bold.nii.gz,/work/ioannou_lab/elizabeth.szentmiklo/abide_data/derivatives/fmriprep/ABIDE2/UNKNOWN/sub-29132/ses-1/func/sub-29132_ses-1_task-rest_run-1_desc-confounds_regressors.tsv,/work/ioannou_lab/elizabeth.szentmiklo/abide_data/atlases/cc200/cc200_roi_atlas.nii.gz,/work/ioannou_lab/elizabeth.szentmiklo/abide_data/derivatives/fmriprep/ABIDE2/UNKNOWN/sub-29132/ses-1/func/sub-29132_ses-1_task-rest_run-1_space-MNI152NLin2009cAsym_desc-brain_mask.nii.gz,2.0
ABIDE2,ABIDEII-TCD_1_sub-29133_ses-1_run-1,/work/ioannou_lab/elizabeth.szentmiklo/abide_data/derivatives/fmriprep/ABIDE2/UNKNOWN/sub-29133/ses-1/func/sub-29133_ses-1_task-rest_run-1_space-MNI152NLin2009cAsym_desc-preproc_bold.nii.gz,/work/ioannou_lab/elizabeth.szentmiklo/abide_data/derivatives/fmriprep/ABIDE2/UNKNOWN/sub-29133/ses-1/func/sub-29133_ses-1_task-rest_run-1_desc-confounds_regressors.tsv,/work/ioannou_lab/elizabeth.szentmiklo/abide_data/atlases/cc200/cc200_roi_atlas.nii.gz,/work/ioannou_lab/elizabeth.szentmiklo/abide_data/derivatives/fmriprep/ABIDE2/UNKNOWN/sub-29133/ses-1/func/sub-29133_ses-1_task-rest_run-1_space-MNI152NLin2009cAsym_desc-brain_mask.nii.gz,2.0
ABIDE2,ABIDEII-TCD_1_sub-29134_ses-1_run-1,/work/ioannou_lab/elizabeth.szentmiklo/abide_data/derivatives/fmriprep/ABIDE2/UNKNOWN/sub-29134/ses-1/func/sub-29134_ses-1_task-rest_run-1_space-MNI152NLin2009cAsym_desc-preproc_bold.nii.gz,/work/ioannou_lab/elizabeth.szentmiklo/abide_data/derivatives/fmriprep/ABIDE2/UNKNOWN/sub-29134/ses-1/func/sub-29134_ses-1_task-rest_run-1_desc-confounds_regressors.tsv,/work/ioannou_lab/elizabeth.szentmiklo/abide_data/atlases/cc200/cc200_roi_atlas.nii.gz,/work/ioannou_lab/elizabeth.szentmiklo/abide_data/derivatives/fmriprep/ABIDE2/UNKNOWN/sub-29134/ses-1/func/sub-29134_ses-1_task-rest_run-1_space-MNI152NLin2009cAsym_desc-brain_mask.nii.gz,2.0
ABIDE2,ABIDEII-TCD_1_sub-29135_ses-1_run-1,/work/ioannou_lab/elizabeth.szentmiklo/abide_data/derivatives/fmriprep/ABIDE2/UNKNOWN/sub-29135/ses-1/func/sub-29135_ses-1_task-rest_run-1_space-MNI152NLin2009cAsym_desc-preproc_bold.nii.gz,/work/ioannou_lab/elizabeth.szentmiklo/abide_data/derivatives/fmriprep/ABIDE2/UNKNOWN/sub-29135/ses-1/func/sub-29135_ses-1_task-rest_run-1_desc-confounds_regressors.tsv,/work/ioannou_lab/elizabeth.szentmiklo/abide_data/atlases/cc200/cc200_roi_atlas.nii.gz,/work/ioannou_lab/elizabeth.szentmiklo/abide_data/derivatives/fmriprep/ABIDE2/UNKNOWN/sub-29135/ses-1/func/sub-29135_ses-1_task-rest_run-1_space-MNI152NLin2009cAsym_desc-brain_mask.nii.gz,2.0
ABIDE2,ABIDEII-TCD_1_sub-29136_ses-1_run-1,/work/ioannou_lab/elizabeth.szentmiklo/abide_data/derivatives/fmriprep/ABIDE2/UNKNOWN/sub-29136/ses-1/func/sub-29136_ses-1_task-rest_run-1_space-MNI152NLin2009cAsym_desc-preproc_bold.nii.gz,/work/ioannou_lab/elizabeth.szentmiklo/abide_data/derivatives/fmriprep/ABIDE2/UNKNOWN/sub-29136/ses-1/func/sub-29136_ses-1_task-rest_run-1_desc-confounds_regressors.tsv,/work/ioannou_lab/elizabeth.szentmiklo/abide_data/atlases/cc200/cc200_roi_atlas.nii.gz,/work/ioannou_lab/elizabeth.szentmiklo/abide_data/derivatives/fmriprep/ABIDE2/UNKNOWN/sub-29136/ses-1/func/sub-29136_ses-1_task-rest_run-1_space-MNI152NLin2009cAsym_desc-brain_mask.nii.gz,2.0
ABIDE2,ABIDEII-TCD_1_sub-29137_ses-1_run-1,/work/ioannou_lab/elizabeth.szentmiklo/abide_data/derivatives/fmriprep/ABIDE2/UNKNOWN/sub-29137/ses-1/func/sub-29137_ses-1_task-rest_run-1_space-MNI152NLin2009cAsym_desc-preproc_bold.nii.gz,/work/ioannou_lab/elizabeth.szentmiklo/abide_data/derivatives/fmriprep/ABIDE2/UNKNOWN/sub-29137/ses-1/func/sub-29137_ses-1_task-rest_run-1_desc-confounds_regressors.tsv,/work/ioannou_lab/elizabeth.szentmiklo/abide_data/atlases/cc200/cc200_roi_atlas.nii.gz,/work/ioannou_lab/elizabeth.szentmiklo/abide_data/derivatives/fmriprep/ABIDE2/UNKNOWN/sub-29137/ses-1/func/sub-29137_ses-1_task-rest_run-1_space-MNI152NLin2009cAsym_desc-brain_mask.nii.gz,2.0
ABIDE2,ABIDEII-NYU_2_sub-29150_ses-1_run-1,/work/ioannou_lab/elizabeth.szentmiklo/abide_data/derivatives/fmriprep/ABIDE2/UNKNOWN/sub-29150/ses-1/func/sub-29150_ses-1_task-rest_run-1_space-MNI152NLin2009cAsym_desc-preproc_bold.nii.gz,/work/ioannou_lab/elizabeth.szentmiklo/abide_data/derivatives/fmriprep/ABIDE2/UNKNOWN/sub-29150/ses-1/func/sub-29150_ses-1_task-rest_run-1_desc-confounds_regressors.tsv,/work/ioannou_lab/elizabeth.szentmiklo/abide_data/atlases/cc200/cc200_roi_atlas.nii.gz,/work/ioannou_lab/elizabeth.szentmiklo/abide_data/derivatives/fmriprep/ABIDE2/UNKNOWN/sub-29150/ses-1/func/sub-29150_ses-1_task-rest_run-1_space-MNI152NLin2009cAsym_desc-brain_mask.nii.gz,2.0
ABIDE2,ABIDEII-NYU_2_sub-29151_ses-1_run-1,/work/ioannou_lab/elizabeth.szentmiklo/abide_data/derivatives/fmriprep/ABIDE2/UNKNOWN/sub-29151/ses-1/func/sub-29151_ses-1_task-rest_run-1_space-MNI152NLin2009cAsym_desc-preproc_bold.nii.gz,/work/ioannou_lab/elizabeth.szentmiklo/abide_data/derivatives/fmriprep/ABIDE2/UNKNOWN/sub-29151/ses-1/func/sub-29151_ses-1_task-rest_run-1_desc-confounds_regressors.tsv,/work/ioannou_lab/elizabeth.szentmiklo/abide_data/atlases/cc200/cc200_roi_atlas.nii.gz,/work/ioannou_lab/elizabeth.szentmiklo/abide_data/derivatives/fmriprep/ABIDE2/UNKNOWN/sub-29151/ses-1/func/sub-29151_ses-1_task-rest_run-1_space-MNI152NLin2009cAsym_desc-brain_mask.nii.gz,2.0
ABIDE2,ABIDEII-NYU_2_sub-29152_ses-1_run-1,/work/ioannou_lab/elizabeth.szentmiklo/abide_data/derivatives/fmriprep/ABIDE2/UNKNOWN/sub-29152/ses-1/func/sub-29152_ses-1_task-rest_run-1_space-MNI152NLin2009cAsym_desc-preproc_bold.nii.gz,/work/ioannou_lab/elizabeth.szentmiklo/abide_data/derivatives/fmriprep/ABIDE2/UNKNOWN/sub-29152/ses-1/func/sub-29152_ses-1_task-rest_run-1_desc-confounds_regressors.tsv,/work/ioannou_lab/elizabeth.szentmiklo/abide_data/atlases/cc200/cc200_roi_atlas.nii.gz,/work/ioannou_lab/elizabeth.szentmiklo/abide_data/derivatives/fmriprep/ABIDE2/UNKNOWN/sub-29152/ses-1/func/sub-29152_ses-1_task-rest_run-1_space-MNI152NLin2009cAsym_desc-brain_mask.nii.gz,2.0
ABIDE2,ABIDEII-NYU_2_sub-29153_ses-1_run-1,/work/ioannou_lab/elizabeth.szentmiklo/abide_data/derivatives/fmriprep/ABIDE2/UNKNOWN/sub-29153/ses-1/func/sub-29153_ses-1_task-rest_run-1_space-MNI152NLin2009cAsym_desc-preproc_bold.nii.gz,/work/ioannou_lab/elizabeth.szentmiklo/abide_data/derivatives/fmriprep/ABIDE2/UNKNOWN/sub-29153/ses-1/func/sub-29153_ses-1_task-rest_run-1_desc-confounds_regressors.tsv,/work/ioannou_lab/elizabeth.szentmiklo/abide_data/atlases/cc200/cc200_roi_atlas.nii.gz,/work/ioannou_lab/elizabeth.szentmiklo/abide_data/derivatives/fmriprep/ABIDE2/UNKNOWN/sub-29153/ses-1/func/sub-29153_ses-1_task-rest_run-1_space-MNI152NLin2009cAsym_desc-brain_mask.nii.gz,2.0
ABIDE2,ABIDEII-NYU_2_sub-29154_ses-1_run-1,/work/ioannou_lab/elizabeth.szentmiklo/abide_data/derivatives/fmriprep/ABIDE2/UNKNOWN/sub-29154/ses-1/func/sub-29154_ses-1_task-rest_run-1_space-MNI152NLin2009cAsym_desc-preproc_bold.nii.gz,/work/ioannou_lab/elizabeth.szentmiklo/abide_data/derivatives/fmriprep/ABIDE2/UNKNOWN/sub-29154/ses-1/func/sub-29154_ses-1_task-rest_run-1_desc-confounds_regressors.tsv,/work/ioannou_lab/elizabeth.szentmiklo/abide_data/atlases/cc200/cc200_roi_atlas.nii.gz,/work/ioannou_lab/elizabeth.szentmiklo/abide_data/derivatives/fmriprep/ABIDE2/UNKNOWN/sub-29154/ses-1/func/sub-29154_ses-1_task-rest_run-1_space-MNI152NLin2009cAsym_desc-brain_mask.nii.gz,2.0
ABIDE2,ABIDEII-NYU_2_sub-29155_ses-1_run-1,/work/ioannou_lab/elizabeth.szentmiklo/abide_data/derivatives/fmriprep/ABIDE2/UNKNOWN/sub-29155/ses-1/func/sub-29155_ses-1_task-rest_run-1_space-MNI152NLin2009cAsym_desc-preproc_bold.nii.gz,/work/ioannou_lab/elizabeth.szentmiklo/abide_data/derivatives/fmriprep/ABIDE2/UNKNOWN/sub-29155/ses-1/func/sub-29155_ses-1_task-rest_run-1_desc-confounds_regressors.tsv,/work/ioannou_lab/elizabeth.szentmiklo/abide_data/atlases/cc200/cc200_roi_atlas.nii.gz,/work/ioannou_lab/elizabeth.szentmiklo/abide_data/derivatives/fmriprep/ABIDE2/UNKNOWN/sub-29155/ses-1/func/sub-29155_ses-1_task-rest_run-1_space-MNI152NLin2009cAsym_desc-brain_mask.nii.gz,2.0
ABIDE2,ABIDEII-NYU_2_sub-29157_ses-1_run-1,/work/ioannou_lab/elizabeth.szentmiklo/abide_data/derivatives/fmriprep/ABIDE2/UNKNOWN/sub-29157/ses-1/func/sub-29157_ses-1_task-rest_run-1_space-MNI152NLin2009cAsym_desc-preproc_bold.nii.gz,/work/ioannou_lab/elizabeth.szentmiklo/abide_data/derivatives/fmriprep/ABIDE2/UNKNOWN/sub-29157/ses-1/func/sub-29157_ses-1_task-rest_run-1_desc-confounds_regressors.tsv,/work/ioannou_lab/elizabeth.szentmiklo/abide_data/atlases/cc200/cc200_roi_atlas.nii.gz,/work/ioannou_lab/elizabeth.szentmiklo/abide_data/derivatives/fmriprep/ABIDE2/UNKNOWN/sub-29157/ses-1/func/sub-29157_ses-1_task-rest_run-1_space-MNI152NLin2009cAsym_desc-brain_mask.nii.gz,2.0
ABIDE2,ABIDEII-NYU_2_sub-29158_ses-1_run-1,/work/ioannou_lab/elizabeth.szentmiklo/abide_data/derivatives/fmriprep/ABIDE2/UNKNOWN/sub-29158/ses-1/func/sub-29158_ses-1_task-rest_run-1_space-MNI152NLin2009cAsym_desc-preproc_bold.nii.gz,/work/ioannou_lab/elizabeth.szentmiklo/abide_data/derivatives/fmriprep/ABIDE2/UNKNOWN/sub-29158/ses-1/func/sub-29158_ses-1_task-rest_run-1_desc-confounds_regressors.tsv,/work/ioannou_lab/elizabeth.szentmiklo/abide_data/atlases/cc200/cc200_roi_atlas.nii.gz,/work/ioannou_lab/elizabeth.szentmiklo/abide_data/derivatives/fmriprep/ABIDE2/UNKNOWN/sub-29158/ses-1/func/sub-29158_ses-1_task-rest_run-1_space-MNI152NLin2009cAsym_desc-brain_mask.nii.gz,2.0
ABIDE2,ABIDEII-NYU_2_sub-29161_ses-1_run-1,/work/ioannou_lab/elizabeth.szentmiklo/abide_data/derivatives/fmriprep/ABIDE2/UNKNOWN/sub-29161/ses-1/func/sub-29161_ses-1_task-rest_run-1_space-MNI152NLin2009cAsym_desc-preproc_bold.nii.gz,/work/ioannou_lab/elizabeth.szentmiklo/abide_data/derivatives/fmriprep/ABIDE2/UNKNOWN/sub-29161/ses-1/func/sub-29161_ses-1_task-rest_run-1_desc-confounds_regressors.tsv,/work/ioannou_lab/elizabeth.szentmiklo/abide_data/atlases/cc200/cc200_roi_atlas.nii.gz,/work/ioannou_lab/elizabeth.szentmiklo/abide_data/derivatives/fmriprep/ABIDE2/UNKNOWN/sub-29161/ses-1/func/sub-29161_ses-1_task-rest_run-1_space-MNI152NLin2009cAsym_desc-brain_mask.nii.gz,2.0
ABIDE2,ABIDEII-NYU_2_sub-29163_ses-1_run-1,/work/ioannou_lab/elizabeth.szentmiklo/abide_data/derivatives/fmriprep/ABIDE2/UNKNOWN/sub-29163/ses-1/func/sub-29163_ses-1_task-rest_run-1_space-MNI152NLin2009cAsym_desc-preproc_bold.nii.gz,/work/ioannou_lab/elizabeth.szentmiklo/abide_data/derivatives/fmriprep/ABIDE2/UNKNOWN/sub-29163/ses-1/func/sub-29163_ses-1_task-rest_run-1_desc-confounds_regressors.tsv,/work/ioannou_lab/elizabeth.szentmiklo/abide_data/atlases/cc200/cc200_roi_atlas.nii.gz,/work/ioannou_lab/elizabeth.szentmiklo/abide_data/derivatives/fmriprep/ABIDE2/UNKNOWN/sub-29163/ses-1/func/sub-29163_ses-1_task-rest_run-1_space-MNI152NLin2009cAsym_desc-brain_mask.nii.gz,2.0
ABIDE2,ABIDEII-NYU_2_sub-29166_ses-1_run-1,/work/ioannou_lab/elizabeth.szentmiklo/abide_data/derivatives/fmriprep/ABIDE2/UNKNOWN/sub-29166/ses-1/func/sub-29166_ses-1_task-rest_run-1_space-MNI152NLin2009cAsym_desc-preproc_bold.nii.gz,/work/ioannou_lab/elizabeth.szentmiklo/abide_data/derivatives/fmriprep/ABIDE2/UNKNOWN/sub-29166/ses-1/func/sub-29166_ses-1_task-rest_run-1_desc-confounds_regressors.tsv,/work/ioannou_lab/elizabeth.szentmiklo/abide_data/atlases/cc200/cc200_roi_atlas.nii.gz,/work/ioannou_lab/elizabeth.szentmiklo/abide_data/derivatives/fmriprep/ABIDE2/UNKNOWN/sub-29166/ses-1/func/sub-29166_ses-1_task-rest_run-1_space-MNI152NLin2009cAsym_desc-brain_mask.nii.gz,2.0
ABIDE2,ABIDEII-NYU_2_sub-29169_ses-1_run-1,/work/ioannou_lab/elizabeth.szentmiklo/abide_data/derivatives/fmriprep/ABIDE2/UNKNOWN/sub-29169/ses-1/func/sub-29169_ses-1_task-rest_run-1_space-MNI152NLin2009cAsym_desc-preproc_bold.nii.gz,/work/ioannou_lab/elizabeth.szentmiklo/abide_data/derivatives/fmriprep/ABIDE2/UNKNOWN/sub-29169/ses-1/func/sub-29169_ses-1_task-rest_run-1_desc-confounds_regressors.tsv,/work/ioannou_lab/elizabeth.szentmiklo/abide_data/atlases/cc200/cc200_roi_atlas.nii.gz,/work/ioannou_lab/elizabeth.szentmiklo/abide_data/derivatives/fmriprep/ABIDE2/UNKNOWN/sub-29169/ses-1/func/sub-29169_ses-1_task-rest_run-1_space-MNI152NLin2009cAsym_desc-brain_mask.nii.gz,2.0
ABIDE2,ABIDEII-NYU_2_sub-29172_ses-1_run-1,/work/ioannou_lab/elizabeth.szentmiklo/abide_data/derivatives/fmriprep/ABIDE2/UNKNOWN/sub-29172/ses-1/func/sub-29172_ses-1_task-rest_run-1_space-MNI152NLin2009cAsym_desc-preproc_bold.nii.gz,/work/ioannou_lab/elizabeth.szentmiklo/abide_data/derivatives/fmriprep/ABIDE2/UNKNOWN/sub-29172/ses-1/func/sub-29172_ses-1_task-rest_run-1_desc-confounds_regressors.tsv,/work/ioannou_lab/elizabeth.szentmiklo/abide_data/atlases/cc200/cc200_roi_atlas.nii.gz,/work/ioannou_lab/elizabeth.szentmiklo/abide_data/derivatives/fmriprep/ABIDE2/UNKNOWN/sub-29172/ses-1/func/sub-29172_ses-1_task-rest_run-1_space-MNI152NLin2009cAsym_desc-brain_mask.nii.gz,2.0
ABIDE2,ABIDEII-NYU_2_sub-29173_ses-1_run-1,/work/ioannou_lab/elizabeth.szentmiklo/abide_data/derivatives/fmriprep/ABIDE2/UNKNOWN/sub-29173/ses-1/func/sub-29173_ses-1_task-rest_run-1_space-MNI152NLin2009cAsym_desc-preproc_bold.nii.gz,/work/ioannou_lab/elizabeth.szentmiklo/abide_data/derivatives/fmriprep/ABIDE2/UNKNOWN/sub-29173/ses-1/func/sub-29173_ses-1_task-rest_run-1_desc-confounds_regressors.tsv,/work/ioannou_lab/elizabeth.szentmiklo/abide_data/atlases/cc200/cc200_roi_atlas.nii.gz,/work/ioannou_lab/elizabeth.szentmiklo/abide_data/derivatives/fmriprep/ABIDE2/UNKNOWN/sub-29173/ses-1/func/sub-29173_ses-1_task-rest_run-1_space-MNI152NLin2009cAsym_desc-brain_mask.nii.gz,2.0
ABIDE2,ABIDEII-NYU_2_sub-29176_ses-1_run-1,/work/ioannou_lab/elizabeth.szentmiklo/abide_data/derivatives/fmriprep/ABIDE2/UNKNOWN/sub-29176/ses-1/func/sub-29176_ses-1_task-rest_run-1_space-MNI152NLin2009cAsym_desc-preproc_bold.nii.gz,/work/ioannou_lab/elizabeth.szentmiklo/abide_data/derivatives/fmriprep/ABIDE2/UNKNOWN/sub-29176/ses-1/func/sub-29176_ses-1_task-rest_run-1_desc-confounds_regressors.tsv,/work/ioannou_lab/elizabeth.szentmiklo/abide_data/atlases/cc200/cc200_roi_atlas.nii.gz,/work/ioannou_lab/elizabeth.szentmiklo/abide_data/derivatives/fmriprep/ABIDE2/UNKNOWN/sub-29176/ses-1/func/sub-29176_ses-1_task-rest_run-1_space-MNI152NLin2009cAsym_desc-brain_mask.nii.gz,2.0
ABIDE2,ABIDEII-NYU_1_sub-29180_ses-1_run-1,/work/ioannou_lab/elizabeth.szentmiklo/abide_data/derivatives/fmriprep/ABIDE2/UNKNOWN/sub-29180/ses-1/func/sub-29180_ses-1_task-rest_run-1_space-MNI152NLin2009cAsym_desc-preproc_bold.nii.gz,/work/ioannou_lab/elizabeth.szentmiklo/abide_data/derivatives/fmriprep/ABIDE2/UNKNOWN/sub-29180/ses-1/func/sub-29180_ses-1_task-rest_run-1_desc-confounds_regressors.tsv,/work/ioannou_lab/elizabeth.szentmiklo/abide_data/atlases/cc200/cc200_roi_atlas.nii.gz,/work/ioannou_lab/elizabeth.szentmiklo/abide_data/derivatives/fmriprep/ABIDE2/UNKNOWN/sub-29180/ses-1/func/sub-29180_ses-1_task-rest_run-1_space-MNI152NLin2009cAsym_desc-brain_mask.nii.gz,2.0
ABIDE2,ABIDEII-NYU_1_sub-29181_ses-1_run-1,/work/ioannou_lab/elizabeth.szentmiklo/abide_data/derivatives/fmriprep/ABIDE2/UNKNOWN/sub-29181/ses-1/func/sub-29181_ses-1_task-rest_run-1_space-MNI152NLin2009cAsym_desc-preproc_bold.nii.gz,/work/ioannou_lab/elizabeth.szentmiklo/abide_data/derivatives/fmriprep/ABIDE2/UNKNOWN/sub-29181/ses-1/func/sub-29181_ses-1_task-rest_run-1_desc-confounds_regressors.tsv,/work/ioannou_lab/elizabeth.szentmiklo/abide_data/atlases/cc200/cc200_roi_atlas.nii.gz,/work/ioannou_lab/elizabeth.szentmiklo/abide_data/derivatives/fmriprep/ABIDE2/UNKNOWN/sub-29181/ses-1/func/sub-29181_ses-1_task-rest_run-1_space-MNI152NLin2009cAsym_desc-brain_mask.nii.gz,2.0
ABIDE2,ABIDEII-NYU_1_sub-29183_ses-1_run-1,/work/ioannou_lab/elizabeth.szentmiklo/abide_data/derivatives/fmriprep/ABIDE2/UNKNOWN/sub-29183/ses-1/func/sub-29183_ses-1_task-rest_run-1_space-MNI152NLin2009cAsym_desc-preproc_bold.nii.gz,/work/ioannou_lab/elizabeth.szentmiklo/abide_data/derivatives/fmriprep/ABIDE2/UNKNOWN/sub-29183/ses-1/func/sub-29183_ses-1_task-rest_run-1_desc-confounds_regressors.tsv,/work/ioannou_lab/elizabeth.szentmiklo/abide_data/atlases/cc200/cc200_roi_atlas.nii.gz,/work/ioannou_lab/elizabeth.szentmiklo/abide_data/derivatives/fmriprep/ABIDE2/UNKNOWN/sub-29183/ses-1/func/sub-29183_ses-1_task-rest_run-1_space-MNI152NLin2009cAsym_desc-brain_mask.nii.gz,2.0
ABIDE2,ABIDEII-NYU_1_sub-29184_ses-1_run-1,/work/ioannou_lab/elizabeth.szentmiklo/abide_data/derivatives/fmriprep/ABIDE2/UNKNOWN/sub-29184/ses-1/func/sub-29184_ses-1_task-rest_run-1_space-MNI152NLin2009cAsym_desc-preproc_bold.nii.gz,/work/ioannou_lab/elizabeth.szentmiklo/abide_data/derivatives/fmriprep/ABIDE2/UNKNOWN/sub-29184/ses-1/func/sub-29184_ses-1_task-rest_run-1_desc-confounds_regressors.tsv,/work/ioannou_lab/elizabeth.szentmiklo/abide_data/atlases/cc200/cc200_roi_atlas.nii.gz,/work/ioannou_lab/elizabeth.szentmiklo/abide_data/derivatives/fmriprep/ABIDE2/UNKNOWN/sub-29184/ses-1/func/sub-29184_ses-1_task-rest_run-1_space-MNI152NLin2009cAsym_desc-brain_mask.nii.gz,2.0
ABIDE2,ABIDEII-NYU_1_sub-29192_ses-1_run-1,/work/ioannou_lab/elizabeth.szentmiklo/abide_data/derivatives/fmriprep/ABIDE2/UNKNOWN/sub-29192/ses-1/func/sub-29192_ses-1_task-rest_run-1_space-MNI152NLin2009cAsym_desc-preproc_bold.nii.gz,/work/ioannou_lab/elizabeth.szentmiklo/abide_data/derivatives/fmriprep/ABIDE2/UNKNOWN/sub-29192/ses-1/func/sub-29192_ses-1_task-rest_run-1_desc-confounds_regressors.tsv,/work/ioannou_lab/elizabeth.szentmiklo/abide_data/atlases/cc200/cc200_roi_atlas.nii.gz,/work/ioannou_lab/elizabeth.szentmiklo/abide_data/derivatives/fmriprep/ABIDE2/UNKNOWN/sub-29192/ses-1/func/sub-29192_ses-1_task-rest_run-1_space-MNI152NLin2009cAsym_desc-brain_mask.nii.gz,2.0
ABIDE2,ABIDEII-NYU_1_sub-29195_ses-1_run-1,/work/ioannou_lab/elizabeth.szentmiklo/abide_data/derivatives/fmriprep/ABIDE2/UNKNOWN/sub-29195/ses-1/func/sub-29195_ses-1_task-rest_run-1_space-MNI152NLin2009cAsym_desc-preproc_bold.nii.gz,/work/ioannou_lab/elizabeth.szentmiklo/abide_data/derivatives/fmriprep/ABIDE2/UNKNOWN/sub-29195/ses-1/func/sub-29195_ses-1_task-rest_run-1_desc-confounds_regressors.tsv,/work/ioannou_lab/elizabeth.szentmiklo/abide_data/atlases/cc200/cc200_roi_atlas.nii.gz,/work/ioannou_lab/elizabeth.szentmiklo/abide_data/derivatives/fmriprep/ABIDE2/UNKNOWN/sub-29195/ses-1/func/sub-29195_ses-1_task-rest_run-1_space-MNI152NLin2009cAsym_desc-brain_mask.nii.gz,2.0
ABIDE2,ABIDEII-NYU_1_sub-29197_ses-1_run-1,/work/ioannou_lab/elizabeth.szentmiklo/abide_data/derivatives/fmriprep/ABIDE2/UNKNOWN/sub-29197/ses-1/func/sub-29197_ses-1_task-rest_run-1_space-MNI152NLin2009cAsym_desc-preproc_bold.nii.gz,/work/ioannou_lab/elizabeth.szentmiklo/abide_data/derivatives/fmriprep/ABIDE2/UNKNOWN/sub-29197/ses-1/func/sub-29197_ses-1_task-rest_run-1_desc-confounds_regressors.tsv,/work/ioannou_lab/elizabeth.szentmiklo/abide_data/atlases/cc200/cc200_roi_atlas.nii.gz,/work/ioannou_lab/elizabeth.szentmiklo/abide_data/derivatives/fmriprep/ABIDE2/UNKNOWN/sub-29197/ses-1/func/sub-29197_ses-1_task-rest_run-1_space-MNI152NLin2009cAsym_desc-brain_mask.nii.gz,2.0
ABIDE2,ABIDEII-NYU_1_sub-29203_ses-1_run-1,/work/ioannou_lab/elizabeth.szentmiklo/abide_data/derivatives/fmriprep/ABIDE2/UNKNOWN/sub-29203/ses-1/func/sub-29203_ses-1_task-rest_run-1_space-MNI152NLin2009cAsym_desc-preproc_bold.nii.gz,/work/ioannou_lab/elizabeth.szentmiklo/abide_data/derivatives/fmriprep/ABIDE2/UNKNOWN/sub-29203/ses-1/func/sub-29203_ses-1_task-rest_run-1_desc-confounds_regressors.tsv,/work/ioannou_lab/elizabeth.szentmiklo/abide_data/atlases/cc200/cc200_roi_atlas.nii.gz,/work/ioannou_lab/elizabeth.szentmiklo/abide_data/derivatives/fmriprep/ABIDE2/UNKNOWN/sub-29203/ses-1/func/sub-29203_ses-1_task-rest_run-1_space-MNI152NLin2009cAsym_desc-brain_mask.nii.gz,2.0
ABIDE2,ABIDEII-NYU_1_sub-29207_ses-1_run-1,/work/ioannou_lab/elizabeth.szentmiklo/abide_data/derivatives/fmriprep/ABIDE2/UNKNOWN/sub-29207/ses-1/func/sub-29207_ses-1_task-rest_run-1_space-MNI152NLin2009cAsym_desc-preproc_bold.nii.gz,/work/ioannou_lab/elizabeth.szentmiklo/abide_data/derivatives/fmriprep/ABIDE2/UNKNOWN/sub-29207/ses-1/func/sub-29207_ses-1_task-rest_run-1_desc-confounds_regressors.tsv,/work/ioannou_lab/elizabeth.szentmiklo/abide_data/atlases/cc200/cc200_roi_atlas.nii.gz,/work/ioannou_lab/elizabeth.szentmiklo/abide_data/derivatives/fmriprep/ABIDE2/UNKNOWN/sub-29207/ses-1/func/sub-29207_ses-1_task-rest_run-1_space-MNI152NLin2009cAsym_desc-brain_mask.nii.gz,2.0
ABIDE2,ABIDEII-NYU_1_sub-29209_ses-1_run-1,/work/ioannou_lab/elizabeth.szentmiklo/abide_data/derivatives/fmriprep/ABIDE2/UNKNOWN/sub-29209/ses-1/func/sub-29209_ses-1_task-rest_run-1_space-MNI152NLin2009cAsym_desc-preproc_bold.nii.gz,/work/ioannou_lab/elizabeth.szentmiklo/abide_data/derivatives/fmriprep/ABIDE2/UNKNOWN/sub-29209/ses-1/func/sub-29209_ses-1_task-rest_run-1_desc-confounds_regressors.tsv,/work/ioannou_lab/elizabeth.szentmiklo/abide_data/atlases/cc200/cc200_roi_atlas.nii.gz,/work/ioannou_lab/elizabeth.szentmiklo/abide_data/derivatives/fmriprep/ABIDE2/UNKNOWN/sub-29209/ses-1/func/sub-29209_ses-1_task-rest_run-1_space-MNI152NLin2009cAsym_desc-brain_mask.nii.gz,2.0
ABIDE2,ABIDEII-NYU_1_sub-29210_ses-1_run-1,/work/ioannou_lab/elizabeth.szentmiklo/abide_data/derivatives/fmriprep/ABIDE2/UNKNOWN/sub-29210/ses-1/func/sub-29210_ses-1_task-rest_run-1_space-MNI152NLin2009cAsym_desc-preproc_bold.nii.gz,/work/ioannou_lab/elizabeth.szentmiklo/abide_data/derivatives/fmriprep/ABIDE2/UNKNOWN/sub-29210/ses-1/func/sub-29210_ses-1_task-rest_run-1_desc-confounds_regressors.tsv,/work/ioannou_lab/elizabeth.szentmiklo/abide_data/atlases/cc200/cc200_roi_atlas.nii.gz,/work/ioannou_lab/elizabeth.szentmiklo/abide_data/derivatives/fmriprep/ABIDE2/UNKNOWN/sub-29210/ses-1/func/sub-29210_ses-1_task-rest_run-1_space-MNI152NLin2009cAsym_desc-brain_mask.nii.gz,2.0
ABIDE2,ABIDEII-NYU_1_sub-29213_ses-1_run-1,/work/ioannou_lab/elizabeth.szentmiklo/abide_data/derivatives/fmriprep/ABIDE2/UNKNOWN/sub-29213/ses-1/func/sub-29213_ses-1_task-rest_run-1_space-MNI152NLin2009cAsym_desc-preproc_bold.nii.gz,/work/ioannou_lab/elizabeth.szentmiklo/abide_data/derivatives/fmriprep/ABIDE2/UNKNOWN/sub-29213/ses-1/func/sub-29213_ses-1_task-rest_run-1_desc-confounds_regressors.tsv,/work/ioannou_lab/elizabeth.szentmiklo/abide_data/atlases/cc200/cc200_roi_atlas.nii.gz,/work/ioannou_lab/elizabeth.szentmiklo/abide_data/derivatives/fmriprep/ABIDE2/UNKNOWN/sub-29213/ses-1/func/sub-29213_ses-1_task-rest_run-1_space-MNI152NLin2009cAsym_desc-brain_mask.nii.gz,2.0
ABIDE2,ABIDEII-NYU_1_sub-29221_ses-1_run-1,/work/ioannou_lab/elizabeth.szentmiklo/abide_data/derivatives/fmriprep/ABIDE2/UNKNOWN/sub-29221/ses-1/func/sub-29221_ses-1_task-rest_run-1_space-MNI152NLin2009cAsym_desc-preproc_bold.nii.gz,/work/ioannou_lab/elizabeth.szentmiklo/abide_data/derivatives/fmriprep/ABIDE2/UNKNOWN/sub-29221/ses-1/func/sub-29221_ses-1_task-rest_run-1_desc-confounds_regressors.tsv,/work/ioannou_lab/elizabeth.szentmiklo/abide_data/atlases/cc200/cc200_roi_atlas.nii.gz,/work/ioannou_lab/elizabeth.szentmiklo/abide_data/derivatives/fmriprep/ABIDE2/UNKNOWN/sub-29221/ses-1/func/sub-29221_ses-1_task-rest_run-1_space-MNI152NLin2009cAsym_desc-brain_mask.nii.gz,2.0
ABIDE2,ABIDEII-NYU_1_sub-29224_ses-1_run-1,/work/ioannou_lab/elizabeth.szentmiklo/abide_data/derivatives/fmriprep/ABIDE2/UNKNOWN/sub-29224/ses-1/func/sub-29224_ses-1_task-rest_run-1_space-MNI152NLin2009cAsym_desc-preproc_bold.nii.gz,/work/ioannou_lab/elizabeth.szentmiklo/abide_data/derivatives/fmriprep/ABIDE2/UNKNOWN/sub-29224/ses-1/func/sub-29224_ses-1_task-rest_run-1_desc-confounds_regressors.tsv,/work/ioannou_lab/elizabeth.szentmiklo/abide_data/atlases/cc200/cc200_roi_atlas.nii.gz,/work/ioannou_lab/elizabeth.szentmiklo/abide_data/derivatives/fmriprep/ABIDE2/UNKNOWN/sub-29224/ses-1/func/sub-29224_ses-1_task-rest_run-1_space-MNI152NLin2009cAsym_desc-brain_mask.nii.gz,2.0
ABIDE2,ABIDEII-NYU_1_sub-29228_ses-1_run-1,/work/ioannou_lab/elizabeth.szentmiklo/abide_data/derivatives/fmriprep/ABIDE2/UNKNOWN/sub-29228/ses-1/func/sub-29228_ses-1_task-rest_run-1_space-MNI152NLin2009cAsym_desc-preproc_bold.nii.gz,/work/ioannou_lab/elizabeth.szentmiklo/abide_data/derivatives/fmriprep/ABIDE2/UNKNOWN/sub-29228/ses-1/func/sub-29228_ses-1_task-rest_run-1_desc-confounds_regressors.tsv,/work/ioannou_lab/elizabeth.szentmiklo/abide_data/atlases/cc200/cc200_roi_atlas.nii.gz,/work/ioannou_lab/elizabeth.szentmiklo/abide_data/derivatives/fmriprep/ABIDE2/UNKNOWN/sub-29228/ses-1/func/sub-29228_ses-1_task-rest_run-1_space-MNI152NLin2009cAsym_desc-brain_mask.nii.gz,2.0
ABIDE2,ABIDEII-NYU_1_sub-29229_ses-1_run-1,/work/ioannou_lab/elizabeth.szentmiklo/abide_data/derivatives/fmriprep/ABIDE2/UNKNOWN/sub-29229/ses-1/func/sub-29229_ses-1_task-rest_run-1_space-MNI152NLin2009cAsym_desc-preproc_bold.nii.gz,/work/ioannou_lab/elizabeth.szentmiklo/abide_data/derivatives/fmriprep/ABIDE2/UNKNOWN/sub-29229/ses-1/func/sub-29229_ses-1_task-rest_run-1_desc-confounds_regressors.tsv,/work/ioannou_lab/elizabeth.szentmiklo/abide_data/atlases/cc200/cc200_roi_atlas.nii.gz,/work/ioannou_lab/elizabeth.szentmiklo/abide_data/derivatives/fmriprep/ABIDE2/UNKNOWN/sub-29229/ses-1/func/sub-29229_ses-1_task-rest_run-1_space-MNI152NLin2009cAsym_desc-brain_mask.nii.gz,2.0
ABIDE2,ABIDEII-NYU_1_sub-29232_ses-1_run-1,/work/ioannou_lab/elizabeth.szentmiklo/abide_data/derivatives/fmriprep/ABIDE2/UNKNOWN/sub-29232/ses-1/func/sub-29232_ses-1_task-rest_run-1_space-MNI152NLin2009cAsym_desc-preproc_bold.nii.gz,/work/ioannou_lab/elizabeth.szentmiklo/abide_data/derivatives/fmriprep/ABIDE2/UNKNOWN/sub-29232/ses-1/func/sub-29232_ses-1_task-rest_run-1_desc-confounds_regressors.tsv,/work/ioannou_lab/elizabeth.szentmiklo/abide_data/atlases/cc200/cc200_roi_atlas.nii.gz,/work/ioannou_lab/elizabeth.szentmiklo/abide_data/derivatives/fmriprep/ABIDE2/UNKNOWN/sub-29232/ses-1/func/sub-29232_ses-1_task-rest_run-1_space-MNI152NLin2009cAsym_desc-brain_mask.nii.gz,2.0
ABIDE2,ABIDEII-NYU_1_sub-29236_ses-1_run-1,/work/ioannou_lab/elizabeth.szentmiklo/abide_data/derivatives/fmriprep/ABIDE2/UNKNOWN/sub-29236/ses-1/func/sub-29236_ses-1_task-rest_run-1_space-MNI152NLin2009cAsym_desc-preproc_bold.nii.gz,/work/ioannou_lab/elizabeth.szentmiklo/abide_data/derivatives/fmriprep/ABIDE2/UNKNOWN/sub-29236/ses-1/func/sub-29236_ses-1_task-rest_run-1_desc-confounds_regressors.tsv,/work/ioannou_lab/elizabeth.szentmiklo/abide_data/atlases/cc200/cc200_roi_atlas.nii.gz,/work/ioannou_lab/elizabeth.szentmiklo/abide_data/derivatives/fmriprep/ABIDE2/UNKNOWN/sub-29236/ses-1/func/sub-29236_ses-1_task-rest_run-1_space-MNI152NLin2009cAsym_desc-brain_mask.nii.gz,2.0
ABIDE2,ABIDEII-NYU_1_sub-29237_ses-1_run-1,/work/ioannou_lab/elizabeth.szentmiklo/abide_data/derivatives/fmriprep/ABIDE2/UNKNOWN/sub-29237/ses-1/func/sub-29237_ses-1_task-rest_run-1_space-MNI152NLin2009cAsym_desc-preproc_bold.nii.gz,/work/ioannou_lab/elizabeth.szentmiklo/abide_data/derivatives/fmriprep/ABIDE2/UNKNOWN/sub-29237/ses-1/func/sub-29237_ses-1_task-rest_run-1_desc-confounds_regressors.tsv,/work/ioannou_lab/elizabeth.szentmiklo/abide_data/atlases/cc200/cc200_roi_atlas.nii.gz,/work/ioannou_lab/elizabeth.szentmiklo/abide_data/derivatives/fmriprep/ABIDE2/UNKNOWN/sub-29237/ses-1/func/sub-29237_ses-1_task-rest_run-1_space-MNI152NLin2009cAsym_desc-brain_mask.nii.gz,2.0
ABIDE2,ABIDEII-NYU_1_sub-29246_ses-1_run-1,/work/ioannou_lab/elizabeth.szentmiklo/abide_data/derivatives/fmriprep/ABIDE2/UNKNOWN/sub-29246/ses-1/func/sub-29246_ses-1_task-rest_run-1_space-MNI152NLin2009cAsym_desc-preproc_bold.nii.gz,/work/ioannou_lab/elizabeth.szentmiklo/abide_data/derivatives/fmriprep/ABIDE2/UNKNOWN/sub-29246/ses-1/func/sub-29246_ses-1_task-rest_run-1_desc-confounds_regressors.tsv,/work/ioannou_lab/elizabeth.szentmiklo/abide_data/atlases/cc200/cc200_roi_atlas.nii.gz,/work/ioannou_lab/elizabeth.szentmiklo/abide_data/derivatives/fmriprep/ABIDE2/UNKNOWN/sub-29246/ses-1/func/sub-29246_ses-1_task-rest_run-1_space-MNI152NLin2009cAsym_desc-brain_mask.nii.gz,2.0
ABIDE2,ABIDEII-NYU_1_sub-29247_ses-1_run-1,/work/ioannou_lab/elizabeth.szentmiklo/abide_data/derivatives/fmriprep/ABIDE2/UNKNOWN/sub-29247/ses-1/func/sub-29247_ses-1_task-rest_run-1_space-MNI152NLin2009cAsym_desc-preproc_bold.nii.gz,/work/ioannou_lab/elizabeth.szentmiklo/abide_data/derivatives/fmriprep/ABIDE2/UNKNOWN/sub-29247/ses-1/func/sub-29247_ses-1_task-rest_run-1_desc-confounds_regressors.tsv,/work/ioannou_lab/elizabeth.szentmiklo/abide_data/atlases/cc200/cc200_roi_atlas.nii.gz,/work/ioannou_lab/elizabeth.szentmiklo/abide_data/derivatives/fmriprep/ABIDE2/UNKNOWN/sub-29247/ses-1/func/sub-29247_ses-1_task-rest_run-1_space-MNI152NLin2009cAsym_desc-brain_mask.nii.gz,2.0
ABIDE2,ABIDEII-NYU_1_sub-29250_ses-1_run-1,/work/ioannou_lab/elizabeth.szentmiklo/abide_data/derivatives/fmriprep/ABIDE2/UNKNOWN/sub-29250/ses-1/func/sub-29250_ses-1_task-rest_run-1_space-MNI152NLin2009cAsym_desc-preproc_bold.nii.gz,/work/ioannou_lab/elizabeth.szentmiklo/abide_data/derivatives/fmriprep/ABIDE2/UNKNOWN/sub-29250/ses-1/func/sub-29250_ses-1_task-rest_run-1_desc-confounds_regressors.tsv,/work/ioannou_lab/elizabeth.szentmiklo/abide_data/atlases/cc200/cc200_roi_atlas.nii.gz,/work/ioannou_lab/elizabeth.szentmiklo/abide_data/derivatives/fmriprep/ABIDE2/UNKNOWN/sub-29250/ses-1/func/sub-29250_ses-1_task-rest_run-1_space-MNI152NLin2009cAsym_desc-brain_mask.nii.gz,2.0
ABIDE2,ABIDEII-KKI_1_sub-29273_ses-1_run-1,/work/ioannou_lab/elizabeth.szentmiklo/abide_data/derivatives/fmriprep/ABIDE2/UNKNOWN/sub-29273/ses-1/func/sub-29273_ses-1_task-rest_acq-rc8chan_run-1_space-MNI152NLin2009cAsym_desc-preproc_bold.nii.gz,/work/ioannou_lab/elizabeth.szentmiklo/abide_data/derivatives/fmriprep/ABIDE2/UNKNOWN/sub-29273/ses-1/func/sub-29273_ses-1_task-rest_acq-rc8chan_run-1_desc-confounds_regressors.tsv,/work/ioannou_lab/elizabeth.szentmiklo/abide_data/atlases/cc200/cc200_roi_atlas.nii.gz,/work/ioannou_lab/elizabeth.szentmiklo/abide_data/derivatives/fmriprep/ABIDE2/UNKNOWN/sub-29273/ses-1/func/sub-29273_ses-1_task-rest_acq-rc8chan_run-1_space-MNI152NLin2009cAsym_desc-brain_mask.nii.gz,2.5
ABIDE2,ABIDEII-KKI_1_sub-29275_ses-1_run-1,/work/ioannou_lab/elizabeth.szentmiklo/abide_data/derivatives/fmriprep/ABIDE2/UNKNOWN/sub-29275/ses-1/func/sub-29275_ses-1_task-rest_acq-rc8chan_run-1_space-MNI152NLin2009cAsym_desc-preproc_bold.nii.gz,/work/ioannou_lab/elizabeth.szentmiklo/abide_data/derivatives/fmriprep/ABIDE2/UNKNOWN/sub-29275/ses-1/func/sub-29275_ses-1_task-rest_acq-rc8chan_run-1_desc-confounds_regressors.tsv,/work/ioannou_lab/elizabeth.szentmiklo/abide_data/atlases/cc200/cc200_roi_atlas.nii.gz,/work/ioannou_lab/elizabeth.szentmiklo/abide_data/derivatives/fmriprep/ABIDE2/UNKNOWN/sub-29275/ses-1/func/sub-29275_ses-1_task-rest_acq-rc8chan_run-1_space-MNI152NLin2009cAsym_desc-brain_mask.nii.gz,2.5
ABIDE2,ABIDEII-KKI_1_sub-29276_ses-1_run-1,/work/ioannou_lab/elizabeth.szentmiklo/abide_data/derivatives/fmriprep/ABIDE2/UNKNOWN/sub-29276/ses-1/func/sub-29276_ses-1_task-rest_acq-rc8chan_run-1_space-MNI152NLin2009cAsym_desc-preproc_bold.nii.gz,/work/ioannou_lab/elizabeth.szentmiklo/abide_data/derivatives/fmriprep/ABIDE2/UNKNOWN/sub-29276/ses-1/func/sub-29276_ses-1_task-rest_acq-rc8chan_run-1_desc-confounds_regressors.tsv,/work/ioannou_lab/elizabeth.szentmiklo/abide_data/atlases/cc200/cc200_roi_atlas.nii.gz,/work/ioannou_lab/elizabeth.szentmiklo/abide_data/derivatives/fmriprep/ABIDE2/UNKNOWN/sub-29276/ses-1/func/sub-29276_ses-1_task-rest_acq-rc8chan_run-1_space-MNI152NLin2009cAsym_desc-brain_mask.nii.gz,2.5
ABIDE2,ABIDEII-KKI_1_sub-29277_ses-1_run-1,/work/ioannou_lab/elizabeth.szentmiklo/abide_data/derivatives/fmriprep/ABIDE2/UNKNOWN/sub-29277/ses-1/func/sub-29277_ses-1_task-rest_acq-rc8chan_run-1_space-MNI152NLin2009cAsym_desc-preproc_bold.nii.gz,/work/ioannou_lab/elizabeth.szentmiklo/abide_data/derivatives/fmriprep/ABIDE2/UNKNOWN/sub-29277/ses-1/func/sub-29277_ses-1_task-rest_acq-rc8chan_run-1_desc-confounds_regressors.tsv,/work/ioannou_lab/elizabeth.szentmiklo/abide_data/atlases/cc200/cc200_roi_atlas.nii.gz,/work/ioannou_lab/elizabeth.szentmiklo/abide_data/derivatives/fmriprep/ABIDE2/UNKNOWN/sub-29277/ses-1/func/sub-29277_ses-1_task-rest_acq-rc8chan_run-1_space-MNI152NLin2009cAsym_desc-brain_mask.nii.gz,2.5
ABIDE2,ABIDEII-KKI_1_sub-29278_ses-1_run-1,/work/ioannou_lab/elizabeth.szentmiklo/abide_data/derivatives/fmriprep/ABIDE2/UNKNOWN/sub-29278/ses-1/func/sub-29278_ses-1_task-rest_acq-rc8chan_run-1_space-MNI152NLin2009cAsym_desc-preproc_bold.nii.gz,/work/ioannou_lab/elizabeth.szentmiklo/abide_data/derivatives/fmriprep/ABIDE2/UNKNOWN/sub-29278/ses-1/func/sub-29278_ses-1_task-rest_acq-rc8chan_run-1_desc-confounds_regressors.tsv,/work/ioannou_lab/elizabeth.szentmiklo/abide_data/atlases/cc200/cc200_roi_atlas.nii.gz,/work/ioannou_lab/elizabeth.szentmiklo/abide_data/derivatives/fmriprep/ABIDE2/UNKNOWN/sub-29278/ses-1/func/sub-29278_ses-1_task-rest_acq-rc8chan_run-1_space-MNI152NLin2009cAsym_desc-brain_mask.nii.gz,2.5
ABIDE2,ABIDEII-KKI_1_sub-29279_ses-1_run-1,/work/ioannou_lab/elizabeth.szentmiklo/abide_data/derivatives/fmriprep/ABIDE2/UNKNOWN/sub-29279/ses-1/func/sub-29279_ses-1_task-rest_acq-rc8chan_run-1_space-MNI152NLin2009cAsym_desc-preproc_bold.nii.gz,/work/ioannou_lab/elizabeth.szentmiklo/abide_data/derivatives/fmriprep/ABIDE2/UNKNOWN/sub-29279/ses-1/func/sub-29279_ses-1_task-rest_acq-rc8chan_run-1_desc-confounds_regressors.tsv,/work/ioannou_lab/elizabeth.szentmiklo/abide_data/atlases/cc200/cc200_roi_atlas.nii.gz,/work/ioannou_lab/elizabeth.szentmiklo/abide_data/derivatives/fmriprep/ABIDE2/UNKNOWN/sub-29279/ses-1/func/sub-29279_ses-1_task-rest_acq-rc8chan_run-1_space-MNI152NLin2009cAsym_desc-brain_mask.nii.gz,2.5
ABIDE2,ABIDEII-KKI_1_sub-29280_ses-1_run-1,/work/ioannou_lab/elizabeth.szentmiklo/abide_data/derivatives/fmriprep/ABIDE2/UNKNOWN/sub-29280/ses-1/func/sub-29280_ses-1_task-rest_acq-rc8chan_run-1_space-MNI152NLin2009cAsym_desc-preproc_bold.nii.gz,/work/ioannou_lab/elizabeth.szentmiklo/abide_data/derivatives/fmriprep/ABIDE2/UNKNOWN/sub-29280/ses-1/func/sub-29280_ses-1_task-rest_acq-rc8chan_run-1_desc-confounds_regressors.tsv,/work/ioannou_lab/elizabeth.szentmiklo/abide_data/atlases/cc200/cc200_roi_atlas.nii.gz,/work/ioannou_lab/elizabeth.szentmiklo/abide_data/derivatives/fmriprep/ABIDE2/UNKNOWN/sub-29280/ses-1/func/sub-29280_ses-1_task-rest_acq-rc8chan_run-1_space-MNI152NLin2009cAsym_desc-brain_mask.nii.gz,2.5
ABIDE2,ABIDEII-KKI_1_sub-29281_ses-1_run-1,/work/ioannou_lab/elizabeth.szentmiklo/abide_data/derivatives/fmriprep/ABIDE2/UNKNOWN/sub-29281/ses-1/func/sub-29281_ses-1_task-rest_acq-rc8chan_run-1_space-MNI152NLin2009cAsym_desc-preproc_bold.nii.gz,/work/ioannou_lab/elizabeth.szentmiklo/abide_data/derivatives/fmriprep/ABIDE2/UNKNOWN/sub-29281/ses-1/func/sub-29281_ses-1_task-rest_acq-rc8chan_run-1_desc-confounds_regressors.tsv,/work/ioannou_lab/elizabeth.szentmiklo/abide_data/atlases/cc200/cc200_roi_atlas.nii.gz,/work/ioannou_lab/elizabeth.szentmiklo/abide_data/derivatives/fmriprep/ABIDE2/UNKNOWN/sub-29281/ses-1/func/sub-29281_ses-1_task-rest_acq-rc8chan_run-1_space-MNI152NLin2009cAsym_desc-brain_mask.nii.gz,2.5
ABIDE2,ABIDEII-KKI_1_sub-29282_ses-1_run-1,/work/ioannou_lab/elizabeth.szentmiklo/abide_data/derivatives/fmriprep/ABIDE2/UNKNOWN/sub-29282/ses-1/func/sub-29282_ses-1_task-rest_acq-rc8chan_run-1_space-MNI152NLin2009cAsym_desc-preproc_bold.nii.gz,/work/ioannou_lab/elizabeth.szentmiklo/abide_data/derivatives/fmriprep/ABIDE2/UNKNOWN/sub-29282/ses-1/func/sub-29282_ses-1_task-rest_acq-rc8chan_run-1_desc-confounds_regressors.tsv,/work/ioannou_lab/elizabeth.szentmiklo/abide_data/atlases/cc200/cc200_roi_atlas.nii.gz,/work/ioannou_lab/elizabeth.szentmiklo/abide_data/derivatives/fmriprep/ABIDE2/UNKNOWN/sub-29282/ses-1/func/sub-29282_ses-1_task-rest_acq-rc8chan_run-1_space-MNI152NLin2009cAsym_desc-brain_mask.nii.gz,2.5
ABIDE2,ABIDEII-KKI_1_sub-29283_ses-1_run-1,/work/ioannou_lab/elizabeth.szentmiklo/abide_data/derivatives/fmriprep/ABIDE2/UNKNOWN/sub-29283/ses-1/func/sub-29283_ses-1_task-rest_acq-rc8chan_run-1_space-MNI152NLin2009cAsym_desc-preproc_bold.nii.gz,/work/ioannou_lab/elizabeth.szentmiklo/abide_data/derivatives/fmriprep/ABIDE2/UNKNOWN/sub-29283/ses-1/func/sub-29283_ses-1_task-rest_acq-rc8chan_run-1_desc-confounds_regressors.tsv,/work/ioannou_lab/elizabeth.szentmiklo/abide_data/atlases/cc200/cc200_roi_atlas.nii.gz,/work/ioannou_lab/elizabeth.szentmiklo/abide_data/derivatives/fmriprep/ABIDE2/UNKNOWN/sub-29283/ses-1/func/sub-29283_ses-1_task-rest_acq-rc8chan_run-1_space-MNI152NLin2009cAsym_desc-brain_mask.nii.gz,2.5
ABIDE2,ABIDEII-KKI_1_sub-29284_ses-1_run-1,/work/ioannou_lab/elizabeth.szentmiklo/abide_data/derivatives/fmriprep/ABIDE2/UNKNOWN/sub-29284/ses-1/func/sub-29284_ses-1_task-rest_acq-rc8chan_run-1_space-MNI152NLin2009cAsym_desc-preproc_bold.nii.gz,/work/ioannou_lab/elizabeth.szentmiklo/abide_data/derivatives/fmriprep/ABIDE2/UNKNOWN/sub-29284/ses-1/func/sub-29284_ses-1_task-rest_acq-rc8chan_run-1_desc-confounds_regressors.tsv,/work/ioannou_lab/elizabeth.szentmiklo/abide_data/atlases/cc200/cc200_roi_atlas.nii.gz,/work/ioannou_lab/elizabeth.szentmiklo/abide_data/derivatives/fmriprep/ABIDE2/UNKNOWN/sub-29284/ses-1/func/sub-29284_ses-1_task-rest_acq-rc8chan_run-1_space-MNI152NLin2009cAsym_desc-brain_mask.nii.gz,2.5
ABIDE2,ABIDEII-KKI_1_sub-29285_ses-1_run-1,/work/ioannou_lab/elizabeth.szentmiklo/abide_data/derivatives/fmriprep/ABIDE2/UNKNOWN/sub-29285/ses-1/func/sub-29285_ses-1_task-rest_acq-rc8chan_run-1_space-MNI152NLin2009cAsym_desc-preproc_bold.nii.gz,/work/ioannou_lab/elizabeth.szentmiklo/abide_data/derivatives/fmriprep/ABIDE2/UNKNOWN/sub-29285/ses-1/func/sub-29285_ses-1_task-rest_acq-rc8chan_run-1_desc-confounds_regressors.tsv,/work/ioannou_lab/elizabeth.szentmiklo/abide_data/atlases/cc200/cc200_roi_atlas.nii.gz,/work/ioannou_lab/elizabeth.szentmiklo/abide_data/derivatives/fmriprep/ABIDE2/UNKNOWN/sub-29285/ses-1/func/sub-29285_ses-1_task-rest_acq-rc8chan_run-1_space-MNI152NLin2009cAsym_desc-brain_mask.nii.gz,2.5
ABIDE2,ABIDEII-KKI_1_sub-29287_ses-1_run-1,/work/ioannou_lab/elizabeth.szentmiklo/abide_data/derivatives/fmriprep/ABIDE2/UNKNOWN/sub-29287/ses-1/func/sub-29287_ses-1_task-rest_acq-rc8chan_run-1_space-MNI152NLin2009cAsym_desc-preproc_bold.nii.gz,/work/ioannou_lab/elizabeth.szentmiklo/abide_data/derivatives/fmriprep/ABIDE2/UNKNOWN/sub-29287/ses-1/func/sub-29287_ses-1_task-rest_acq-rc8chan_run-1_desc-confounds_regressors.tsv,/work/ioannou_lab/elizabeth.szentmiklo/abide_data/atlases/cc200/cc200_roi_atlas.nii.gz,/work/ioannou_lab/elizabeth.szentmiklo/abide_data/derivatives/fmriprep/ABIDE2/UNKNOWN/sub-29287/ses-1/func/sub-29287_ses-1_task-rest_acq-rc8chan_run-1_space-MNI152NLin2009cAsym_desc-brain_mask.nii.gz,2.5
ABIDE2,ABIDEII-KKI_1_sub-29288_ses-1_run-1,/work/ioannou_lab/elizabeth.szentmiklo/abide_data/derivatives/fmriprep/ABIDE2/UNKNOWN/sub-29288/ses-1/func/sub-29288_ses-1_task-rest_acq-rc8chan_run-1_space-MNI152NLin2009cAsym_desc-preproc_bold.nii.gz,/work/ioannou_lab/elizabeth.szentmiklo/abide_data/derivatives/fmriprep/ABIDE2/UNKNOWN/sub-29288/ses-1/func/sub-29288_ses-1_task-rest_acq-rc8chan_run-1_desc-confounds_regressors.tsv,/work/ioannou_lab/elizabeth.szentmiklo/abide_data/atlases/cc200/cc200_roi_atlas.nii.gz,/work/ioannou_lab/elizabeth.szentmiklo/abide_data/derivatives/fmriprep/ABIDE2/UNKNOWN/sub-29288/ses-1/func/sub-29288_ses-1_task-rest_acq-rc8chan_run-1_space-MNI152NLin2009cAsym_desc-brain_mask.nii.gz,2.5
ABIDE2,ABIDEII-KKI_1_sub-29289_ses-1_run-1,/work/ioannou_lab/elizabeth.szentmiklo/abide_data/derivatives/fmriprep/ABIDE2/UNKNOWN/sub-29289/ses-1/func/sub-29289_ses-1_task-rest_acq-rc8chan_run-1_space-MNI152NLin2009cAsym_desc-preproc_bold.nii.gz,/work/ioannou_lab/elizabeth.szentmiklo/abide_data/derivatives/fmriprep/ABIDE2/UNKNOWN/sub-29289/ses-1/func/sub-29289_ses-1_task-rest_acq-rc8chan_run-1_desc-confounds_regressors.tsv,/work/ioannou_lab/elizabeth.szentmiklo/abide_data/atlases/cc200/cc200_roi_atlas.nii.gz,/work/ioannou_lab/elizabeth.szentmiklo/abide_data/derivatives/fmriprep/ABIDE2/UNKNOWN/sub-29289/ses-1/func/sub-29289_ses-1_task-rest_acq-rc8chan_run-1_space-MNI152NLin2009cAsym_desc-brain_mask.nii.gz,2.5
ABIDE2,ABIDEII-KKI_1_sub-29290_ses-1_run-1,/work/ioannou_lab/elizabeth.szentmiklo/abide_data/derivatives/fmriprep/ABIDE2/UNKNOWN/sub-29290/ses-1/func/sub-29290_ses-1_task-rest_acq-rc8chan_run-1_space-MNI152NLin2009cAsym_desc-preproc_bold.nii.gz,/work/ioannou_lab/elizabeth.szentmiklo/abide_data/derivatives/fmriprep/ABIDE2/UNKNOWN/sub-29290/ses-1/func/sub-29290_ses-1_task-rest_acq-rc8chan_run-1_desc-confounds_regressors.tsv,/work/ioannou_lab/elizabeth.szentmiklo/abide_data/atlases/cc200/cc200_roi_atlas.nii.gz,/work/ioannou_lab/elizabeth.szentmiklo/abide_data/derivatives/fmriprep/ABIDE2/UNKNOWN/sub-29290/ses-1/func/sub-29290_ses-1_task-rest_acq-rc8chan_run-1_space-MNI152NLin2009cAsym_desc-brain_mask.nii.gz,2.5
ABIDE2,ABIDEII-KKI_1_sub-29291_ses-1_run-1,/work/ioannou_lab/elizabeth.szentmiklo/abide_data/derivatives/fmriprep/ABIDE2/UNKNOWN/sub-29291/ses-1/func/sub-29291_ses-1_task-rest_acq-rc8chan_run-1_space-MNI152NLin2009cAsym_desc-preproc_bold.nii.gz,/work/ioannou_lab/elizabeth.szentmiklo/abide_data/derivatives/fmriprep/ABIDE2/UNKNOWN/sub-29291/ses-1/func/sub-29291_ses-1_task-rest_acq-rc8chan_run-1_desc-confounds_regressors.tsv,/work/ioannou_lab/elizabeth.szentmiklo/abide_data/atlases/cc200/cc200_roi_atlas.nii.gz,/work/ioannou_lab/elizabeth.szentmiklo/abide_data/derivatives/fmriprep/ABIDE2/UNKNOWN/sub-29291/ses-1/func/sub-29291_ses-1_task-rest_acq-rc8chan_run-1_space-MNI152NLin2009cAsym_desc-brain_mask.nii.gz,2.5
ABIDE2,ABIDEII-KKI_1_sub-29292_ses-1_run-1,/work/ioannou_lab/elizabeth.szentmiklo/abide_data/derivatives/fmriprep/ABIDE2/UNKNOWN/sub-29292/ses-1/func/sub-29292_ses-1_task-rest_acq-rc8chan_run-1_space-MNI152NLin2009cAsym_desc-preproc_bold.nii.gz,/work/ioannou_lab/elizabeth.szentmiklo/abide_data/derivatives/fmriprep/ABIDE2/UNKNOWN/sub-29292/ses-1/func/sub-29292_ses-1_task-rest_acq-rc8chan_run-1_desc-confounds_regressors.tsv,/work/ioannou_lab/elizabeth.szentmiklo/abide_data/atlases/cc200/cc200_roi_atlas.nii.gz,/work/ioannou_lab/elizabeth.szentmiklo/abide_data/derivatives/fmriprep/ABIDE2/UNKNOWN/sub-29292/ses-1/func/sub-29292_ses-1_task-rest_acq-rc8chan_run-1_space-MNI152NLin2009cAsym_desc-brain_mask.nii.gz,2.5
ABIDE2,ABIDEII-KKI_1_sub-29293_ses-1_run-1,/work/ioannou_lab/elizabeth.szentmiklo/abide_data/derivatives/fmriprep/ABIDE2/UNKNOWN/sub-29293/ses-1/func/sub-29293_ses-1_task-rest_acq-rc8chan_run-1_space-MNI152NLin2009cAsym_desc-preproc_bold.nii.gz,/work/ioannou_lab/elizabeth.szentmiklo/abide_data/derivatives/fmriprep/ABIDE2/UNKNOWN/sub-29293/ses-1/func/sub-29293_ses-1_task-rest_acq-rc8chan_run-1_desc-confounds_regressors.tsv,/work/ioannou_lab/elizabeth.szentmiklo/abide_data/atlases/cc200/cc200_roi_atlas.nii.gz,/work/ioannou_lab/elizabeth.szentmiklo/abide_data/derivatives/fmriprep/ABIDE2/UNKNOWN/sub-29293/ses-1/func/sub-29293_ses-1_task-rest_acq-rc8chan_run-1_space-MNI152NLin2009cAsym_desc-brain_mask.nii.gz,2.5
ABIDE2,ABIDEII-KKI_1_sub-29294_ses-1_run-1,/work/ioannou_lab/elizabeth.szentmiklo/abide_data/derivatives/fmriprep/ABIDE2/UNKNOWN/sub-29294/ses-1/func/sub-29294_ses-1_task-rest_acq-rc8chan_run-1_space-MNI152NLin2009cAsym_desc-preproc_bold.nii.gz,/work/ioannou_lab/elizabeth.szentmiklo/abide_data/derivatives/fmriprep/ABIDE2/UNKNOWN/sub-29294/ses-1/func/sub-29294_ses-1_task-rest_acq-rc8chan_run-1_desc-confounds_regressors.tsv,/work/ioannou_lab/elizabeth.szentmiklo/abide_data/atlases/cc200/cc200_roi_atlas.nii.gz,/work/ioannou_lab/elizabeth.szentmiklo/abide_data/derivatives/fmriprep/ABIDE2/UNKNOWN/sub-29294/ses-1/func/sub-29294_ses-1_task-rest_acq-rc8chan_run-1_space-MNI152NLin2009cAsym_desc-brain_mask.nii.gz,2.5
ABIDE2,ABIDEII-KKI_1_sub-29295_ses-1_run-1,/work/ioannou_lab/elizabeth.szentmiklo/abide_data/derivatives/fmriprep/ABIDE2/UNKNOWN/sub-29295/ses-1/func/sub-29295_ses-1_task-rest_acq-rc8chan_run-1_space-MNI152NLin2009cAsym_desc-preproc_bold.nii.gz,/work/ioannou_lab/elizabeth.szentmiklo/abide_data/derivatives/fmriprep/ABIDE2/UNKNOWN/sub-29295/ses-1/func/sub-29295_ses-1_task-rest_acq-rc8chan_run-1_desc-confounds_regressors.tsv,/work/ioannou_lab/elizabeth.szentmiklo/abide_data/atlases/cc200/cc200_roi_atlas.nii.gz,/work/ioannou_lab/elizabeth.szentmiklo/abide_data/derivatives/fmriprep/ABIDE2/UNKNOWN/sub-29295/ses-1/func/sub-29295_ses-1_task-rest_acq-rc8chan_run-1_space-MNI152NLin2009cAsym_desc-brain_mask.nii.gz,2.5
ABIDE2,ABIDEII-KKI_1_sub-29296_ses-1_run-1,/work/ioannou_lab/elizabeth.szentmiklo/abide_data/derivatives/fmriprep/ABIDE2/UNKNOWN/sub-29296/ses-1/func/sub-29296_ses-1_task-rest_acq-rc8chan_run-1_space-MNI152NLin2009cAsym_desc-preproc_bold.nii.gz,/work/ioannou_lab/elizabeth.szentmiklo/abide_data/derivatives/fmriprep/ABIDE2/UNKNOWN/sub-29296/ses-1/func/sub-29296_ses-1_task-rest_acq-rc8chan_run-1_desc-confounds_regressors.tsv,/work/ioannou_lab/elizabeth.szentmiklo/abide_data/atlases/cc200/cc200_roi_atlas.nii.gz,/work/ioannou_lab/elizabeth.szentmiklo/abide_data/derivatives/fmriprep/ABIDE2/UNKNOWN/sub-29296/ses-1/func/sub-29296_ses-1_task-rest_acq-rc8chan_run-1_space-MNI152NLin2009cAsym_desc-brain_mask.nii.gz,2.5
ABIDE2,ABIDEII-KKI_1_sub-29297_ses-1_run-1,/work/ioannou_lab/elizabeth.szentmiklo/abide_data/derivatives/fmriprep/ABIDE2/UNKNOWN/sub-29297/ses-1/func/sub-29297_ses-1_task-rest_acq-rc8chan_run-1_space-MNI152NLin2009cAsym_desc-preproc_bold.nii.gz,/work/ioannou_lab/elizabeth.szentmiklo/abide_data/derivatives/fmriprep/ABIDE2/UNKNOWN/sub-29297/ses-1/func/sub-29297_ses-1_task-rest_acq-rc8chan_run-1_desc-confounds_regressors.tsv,/work/ioannou_lab/elizabeth.szentmiklo/abide_data/atlases/cc200/cc200_roi_atlas.nii.gz,/work/ioannou_lab/elizabeth.szentmiklo/abide_data/derivatives/fmriprep/ABIDE2/UNKNOWN/sub-29297/ses-1/func/sub-29297_ses-1_task-rest_acq-rc8chan_run-1_space-MNI152NLin2009cAsym_desc-brain_mask.nii.gz,2.5
ABIDE2,ABIDEII-KKI_1_sub-29298_ses-1_run-1,/work/ioannou_lab/elizabeth.szentmiklo/abide_data/derivatives/fmriprep/ABIDE2/UNKNOWN/sub-29298/ses-1/func/sub-29298_ses-1_task-rest_acq-rc8chan_run-1_space-MNI152NLin2009cAsym_desc-preproc_bold.nii.gz,/work/ioannou_lab/elizabeth.szentmiklo/abide_data/derivatives/fmriprep/ABIDE2/UNKNOWN/sub-29298/ses-1/func/sub-29298_ses-1_task-rest_acq-rc8chan_run-1_desc-confounds_regressors.tsv,/work/ioannou_lab/elizabeth.szentmiklo/abide_data/atlases/cc200/cc200_roi_atlas.nii.gz,/work/ioannou_lab/elizabeth.szentmiklo/abide_data/derivatives/fmriprep/ABIDE2/UNKNOWN/sub-29298/ses-1/func/sub-29298_ses-1_task-rest_acq-rc8chan_run-1_space-MNI152NLin2009cAsym_desc-brain_mask.nii.gz,2.5
ABIDE2,ABIDEII-KKI_1_sub-29299_ses-1_run-1,/work/ioannou_lab/elizabeth.szentmiklo/abide_data/derivatives/fmriprep/ABIDE2/UNKNOWN/sub-29299/ses-1/func/sub-29299_ses-1_task-rest_acq-rc8chan_run-1_space-MNI152NLin2009cAsym_desc-preproc_bold.nii.gz,/work/ioannou_lab/elizabeth.szentmiklo/abide_data/derivatives/fmriprep/ABIDE2/UNKNOWN/sub-29299/ses-1/func/sub-29299_ses-1_task-rest_acq-rc8chan_run-1_desc-confounds_regressors.tsv,/work/ioannou_lab/elizabeth.szentmiklo/abide_data/atlases/cc200/cc200_roi_atlas.nii.gz,/work/ioannou_lab/elizabeth.szentmiklo/abide_data/derivatives/fmriprep/ABIDE2/UNKNOWN/sub-29299/ses-1/func/sub-29299_ses-1_task-rest_acq-rc8chan_run-1_space-MNI152NLin2009cAsym_desc-brain_mask.nii.gz,2.5
ABIDE2,ABIDEII-KKI_1_sub-29300_ses-1_run-1,/work/ioannou_lab/elizabeth.szentmiklo/abide_data/derivatives/fmriprep/ABIDE2/UNKNOWN/sub-29300/ses-1/func/sub-29300_ses-1_task-rest_acq-rc8chan_run-1_space-MNI152NLin2009cAsym_desc-preproc_bold.nii.gz,/work/ioannou_lab/elizabeth.szentmiklo/abide_data/derivatives/fmriprep/ABIDE2/UNKNOWN/sub-29300/ses-1/func/sub-29300_ses-1_task-rest_acq-rc8chan_run-1_desc-confounds_regressors.tsv,/work/ioannou_lab/elizabeth.szentmiklo/abide_data/atlases/cc200/cc200_roi_atlas.nii.gz,/work/ioannou_lab/elizabeth.szentmiklo/abide_data/derivatives/fmriprep/ABIDE2/UNKNOWN/sub-29300/ses-1/func/sub-29300_ses-1_task-rest_acq-rc8chan_run-1_space-MNI152NLin2009cAsym_desc-brain_mask.nii.gz,2.5
ABIDE2,ABIDEII-KKI_1_sub-29301_ses-1_run-1,/work/ioannou_lab/elizabeth.szentmiklo/abide_data/derivatives/fmriprep/ABIDE2/UNKNOWN/sub-29301/ses-1/func/sub-29301_ses-1_task-rest_acq-rc8chan_run-1_space-MNI152NLin2009cAsym_desc-preproc_bold.nii.gz,/work/ioannou_lab/elizabeth.szentmiklo/abide_data/derivatives/fmriprep/ABIDE2/UNKNOWN/sub-29301/ses-1/func/sub-29301_ses-1_task-rest_acq-rc8chan_run-1_desc-confounds_regressors.tsv,/work/ioannou_lab/elizabeth.szentmiklo/abide_data/atlases/cc200/cc200_roi_atlas.nii.gz,/work/ioannou_lab/elizabeth.szentmiklo/abide_data/derivatives/fmriprep/ABIDE2/UNKNOWN/sub-29301/ses-1/func/sub-29301_ses-1_task-rest_acq-rc8chan_run-1_space-MNI152NLin2009cAsym_desc-brain_mask.nii.gz,2.5
ABIDE2,ABIDEII-KKI_1_sub-29302_ses-1_run-1,/work/ioannou_lab/elizabeth.szentmiklo/abide_data/derivatives/fmriprep/ABIDE2/UNKNOWN/sub-29302/ses-1/func/sub-29302_ses-1_task-rest_acq-rc8chan_run-1_space-MNI152NLin2009cAsym_desc-preproc_bold.nii.gz,/work/ioannou_lab/elizabeth.szentmiklo/abide_data/derivatives/fmriprep/ABIDE2/UNKNOWN/sub-29302/ses-1/func/sub-29302_ses-1_task-rest_acq-rc8chan_run-1_desc-confounds_regressors.tsv,/work/ioannou_lab/elizabeth.szentmiklo/abide_data/atlases/cc200/cc200_roi_atlas.nii.gz,/work/ioannou_lab/elizabeth.szentmiklo/abide_data/derivatives/fmriprep/ABIDE2/UNKNOWN/sub-29302/ses-1/func/sub-29302_ses-1_task-rest_acq-rc8chan_run-1_space-MNI152NLin2009cAsym_desc-brain_mask.nii.gz,2.5
ABIDE2,ABIDEII-KKI_1_sub-29304_ses-1_run-1,/work/ioannou_lab/elizabeth.szentmiklo/abide_data/derivatives/fmriprep/ABIDE2/UNKNOWN/sub-29304/ses-1/func/sub-29304_ses-1_task-rest_acq-rc8chan_run-1_space-MNI152NLin2009cAsym_desc-preproc_bold.nii.gz,/work/ioannou_lab/elizabeth.szentmiklo/abide_data/derivatives/fmriprep/ABIDE2/UNKNOWN/sub-29304/ses-1/func/sub-29304_ses-1_task-rest_acq-rc8chan_run-1_desc-confounds_regressors.tsv,/work/ioannou_lab/elizabeth.szentmiklo/abide_data/atlases/cc200/cc200_roi_atlas.nii.gz,/work/ioannou_lab/elizabeth.szentmiklo/abide_data/derivatives/fmriprep/ABIDE2/UNKNOWN/sub-29304/ses-1/func/sub-29304_ses-1_task-rest_acq-rc8chan_run-1_space-MNI152NLin2009cAsym_desc-brain_mask.nii.gz,2.5
ABIDE2,ABIDEII-KKI_1_sub-29305_ses-1_run-1,/work/ioannou_lab/elizabeth.szentmiklo/abide_data/derivatives/fmriprep/ABIDE2/UNKNOWN/sub-29305/ses-1/func/sub-29305_ses-1_task-rest_acq-rc8chan_run-1_space-MNI152NLin2009cAsym_desc-preproc_bold.nii.gz,/work/ioannou_lab/elizabeth.szentmiklo/abide_data/derivatives/fmriprep/ABIDE2/UNKNOWN/sub-29305/ses-1/func/sub-29305_ses-1_task-rest_acq-rc8chan_run-1_desc-confounds_regressors.tsv,/work/ioannou_lab/elizabeth.szentmiklo/abide_data/atlases/cc200/cc200_roi_atlas.nii.gz,/work/ioannou_lab/elizabeth.szentmiklo/abide_data/derivatives/fmriprep/ABIDE2/UNKNOWN/sub-29305/ses-1/func/sub-29305_ses-1_task-rest_acq-rc8chan_run-1_space-MNI152NLin2009cAsym_desc-brain_mask.nii.gz,2.5
ABIDE2,ABIDEII-KKI_1_sub-29306_ses-1_run-1,/work/ioannou_lab/elizabeth.szentmiklo/abide_data/derivatives/fmriprep/ABIDE2/UNKNOWN/sub-29306/ses-1/func/sub-29306_ses-1_task-rest_acq-rc8chan_run-1_space-MNI152NLin2009cAsym_desc-preproc_bold.nii.gz,/work/ioannou_lab/elizabeth.szentmiklo/abide_data/derivatives/fmriprep/ABIDE2/UNKNOWN/sub-29306/ses-1/func/sub-29306_ses-1_task-rest_acq-rc8chan_run-1_desc-confounds_regressors.tsv,/work/ioannou_lab/elizabeth.szentmiklo/abide_data/atlases/cc200/cc200_roi_atlas.nii.gz,/work/ioannou_lab/elizabeth.szentmiklo/abide_data/derivatives/fmriprep/ABIDE2/UNKNOWN/sub-29306/ses-1/func/sub-29306_ses-1_task-rest_acq-rc8chan_run-1_space-MNI152NLin2009cAsym_desc-brain_mask.nii.gz,2.5
ABIDE2,ABIDEII-KKI_1_sub-29307_ses-1_run-1,/work/ioannou_lab/elizabeth.szentmiklo/abide_data/derivatives/fmriprep/ABIDE2/UNKNOWN/sub-29307/ses-1/func/sub-29307_ses-1_task-rest_acq-rc8chan_run-1_space-MNI152NLin2009cAsym_desc-preproc_bold.nii.gz,/work/ioannou_lab/elizabeth.szentmiklo/abide_data/derivatives/fmriprep/ABIDE2/UNKNOWN/sub-29307/ses-1/func/sub-29307_ses-1_task-rest_acq-rc8chan_run-1_desc-confounds_regressors.tsv,/work/ioannou_lab/elizabeth.szentmiklo/abide_data/atlases/cc200/cc200_roi_atlas.nii.gz,/work/ioannou_lab/elizabeth.szentmiklo/abide_data/derivatives/fmriprep/ABIDE2/UNKNOWN/sub-29307/ses-1/func/sub-29307_ses-1_task-rest_acq-rc8chan_run-1_space-MNI152NLin2009cAsym_desc-brain_mask.nii.gz,2.5
ABIDE2,ABIDEII-KKI_1_sub-29308_ses-1_run-1,/work/ioannou_lab/elizabeth.szentmiklo/abide_data/derivatives/fmriprep/ABIDE2/UNKNOWN/sub-29308/ses-1/func/sub-29308_ses-1_task-rest_acq-rc8chan_run-1_space-MNI152NLin2009cAsym_desc-preproc_bold.nii.gz,/work/ioannou_lab/elizabeth.szentmiklo/abide_data/derivatives/fmriprep/ABIDE2/UNKNOWN/sub-29308/ses-1/func/sub-29308_ses-1_task-rest_acq-rc8chan_run-1_desc-confounds_regressors.tsv,/work/ioannou_lab/elizabeth.szentmiklo/abide_data/atlases/cc200/cc200_roi_atlas.nii.gz,/work/ioannou_lab/elizabeth.szentmiklo/abide_data/derivatives/fmriprep/ABIDE2/UNKNOWN/sub-29308/ses-1/func/sub-29308_ses-1_task-rest_acq-rc8chan_run-1_space-MNI152NLin2009cAsym_desc-brain_mask.nii.gz,2.5
ABIDE2,ABIDEII-KKI_1_sub-29309_ses-1_run-1,/work/ioannou_lab/elizabeth.szentmiklo/abide_data/derivatives/fmriprep/ABIDE2/UNKNOWN/sub-29309/ses-1/func/sub-29309_ses-1_task-rest_acq-rc8chan_run-1_space-MNI152NLin2009cAsym_desc-preproc_bold.nii.gz,/work/ioannou_lab/elizabeth.szentmiklo/abide_data/derivatives/fmriprep/ABIDE2/UNKNOWN/sub-29309/ses-1/func/sub-29309_ses-1_task-rest_acq-rc8chan_run-1_desc-confounds_regressors.tsv,/work/ioannou_lab/elizabeth.szentmiklo/abide_data/atlases/cc200/cc200_roi_atlas.nii.gz,/work/ioannou_lab/elizabeth.szentmiklo/abide_data/derivatives/fmriprep/ABIDE2/UNKNOWN/sub-29309/ses-1/func/sub-29309_ses-1_task-rest_acq-rc8chan_run-1_space-MNI152NLin2009cAsym_desc-brain_mask.nii.gz,2.5
ABIDE2,ABIDEII-KKI_1_sub-29310_ses-1_run-1,/work/ioannou_lab/elizabeth.szentmiklo/abide_data/derivatives/fmriprep/ABIDE2/UNKNOWN/sub-29310/ses-1/func/sub-29310_ses-1_task-rest_acq-rc8chan_run-1_space-MNI152NLin2009cAsym_desc-preproc_bold.nii.gz,/work/ioannou_lab/elizabeth.szentmiklo/abide_data/derivatives/fmriprep/ABIDE2/UNKNOWN/sub-29310/ses-1/func/sub-29310_ses-1_task-rest_acq-rc8chan_run-1_desc-confounds_regressors.tsv,/work/ioannou_lab/elizabeth.szentmiklo/abide_data/atlases/cc200/cc200_roi_atlas.nii.gz,/work/ioannou_lab/elizabeth.szentmiklo/abide_data/derivatives/fmriprep/ABIDE2/UNKNOWN/sub-29310/ses-1/func/sub-29310_ses-1_task-rest_acq-rc8chan_run-1_space-MNI152NLin2009cAsym_desc-brain_mask.nii.gz,2.5
ABIDE2,ABIDEII-KKI_1_sub-29311_ses-1_run-1,/work/ioannou_lab/elizabeth.szentmiklo/abide_data/derivatives/fmriprep/ABIDE2/UNKNOWN/sub-29311/ses-1/func/sub-29311_ses-1_task-rest_acq-rc8chan_run-1_space-MNI152NLin2009cAsym_desc-preproc_bold.nii.gz,/work/ioannou_lab/elizabeth.szentmiklo/abide_data/derivatives/fmriprep/ABIDE2/UNKNOWN/sub-29311/ses-1/func/sub-29311_ses-1_task-rest_acq-rc8chan_run-1_desc-confounds_regressors.tsv,/work/ioannou_lab/elizabeth.szentmiklo/abide_data/atlases/cc200/cc200_roi_atlas.nii.gz,/work/ioannou_lab/elizabeth.szentmiklo/abide_data/derivatives/fmriprep/ABIDE2/UNKNOWN/sub-29311/ses-1/func/sub-29311_ses-1_task-rest_acq-rc8chan_run-1_space-MNI152NLin2009cAsym_desc-brain_mask.nii.gz,2.5
ABIDE2,ABIDEII-KKI_1_sub-29312_ses-1_run-1,/work/ioannou_lab/elizabeth.szentmiklo/abide_data/derivatives/fmriprep/ABIDE2/UNKNOWN/sub-29312/ses-1/func/sub-29312_ses-1_task-rest_acq-rc8chan_run-1_space-MNI152NLin2009cAsym_desc-preproc_bold.nii.gz,/work/ioannou_lab/elizabeth.szentmiklo/abide_data/derivatives/fmriprep/ABIDE2/UNKNOWN/sub-29312/ses-1/func/sub-29312_ses-1_task-rest_acq-rc8chan_run-1_desc-confounds_regressors.tsv,/work/ioannou_lab/elizabeth.szentmiklo/abide_data/atlases/cc200/cc200_roi_atlas.nii.gz,/work/ioannou_lab/elizabeth.szentmiklo/abide_data/derivatives/fmriprep/ABIDE2/UNKNOWN/sub-29312/ses-1/func/sub-29312_ses-1_task-rest_acq-rc8chan_run-1_space-MNI152NLin2009cAsym_desc-brain_mask.nii.gz,2.5
ABIDE2,ABIDEII-KKI_1_sub-29313_ses-1_run-1,/work/ioannou_lab/elizabeth.szentmiklo/abide_data/derivatives/fmriprep/ABIDE2/UNKNOWN/sub-29313/ses-1/func/sub-29313_ses-1_task-rest_acq-rc8chan_run-1_space-MNI152NLin2009cAsym_desc-preproc_bold.nii.gz,/work/ioannou_lab/elizabeth.szentmiklo/abide_data/derivatives/fmriprep/ABIDE2/UNKNOWN/sub-29313/ses-1/func/sub-29313_ses-1_task-rest_acq-rc8chan_run-1_desc-confounds_regressors.tsv,/work/ioannou_lab/elizabeth.szentmiklo/abide_data/atlases/cc200/cc200_roi_atlas.nii.gz,/work/ioannou_lab/elizabeth.szentmiklo/abide_data/derivatives/fmriprep/ABIDE2/UNKNOWN/sub-29313/ses-1/func/sub-29313_ses-1_task-rest_acq-rc8chan_run-1_space-MNI152NLin2009cAsym_desc-brain_mask.nii.gz,2.5
ABIDE2,ABIDEII-KKI_1_sub-29314_ses-1_run-1,/work/ioannou_lab/elizabeth.szentmiklo/abide_data/derivatives/fmriprep/ABIDE2/UNKNOWN/sub-29314/ses-1/func/sub-29314_ses-1_task-rest_acq-rc8chan_run-1_space-MNI152NLin2009cAsym_desc-preproc_bold.nii.gz,/work/ioannou_lab/elizabeth.szentmiklo/abide_data/derivatives/fmriprep/ABIDE2/UNKNOWN/sub-29314/ses-1/func/sub-29314_ses-1_task-rest_acq-rc8chan_run-1_desc-confounds_regressors.tsv,/work/ioannou_lab/elizabeth.szentmiklo/abide_data/atlases/cc200/cc200_roi_atlas.nii.gz,/work/ioannou_lab/elizabeth.szentmiklo/abide_data/derivatives/fmriprep/ABIDE2/UNKNOWN/sub-29314/ses-1/func/sub-29314_ses-1_task-rest_acq-rc8chan_run-1_space-MNI152NLin2009cAsym_desc-brain_mask.nii.gz,2.5
ABIDE2,ABIDEII-KKI_1_sub-29315_ses-1_run-1,/work/ioannou_lab/elizabeth.szentmiklo/abide_data/derivatives/fmriprep/ABIDE2/UNKNOWN/sub-29315/ses-1/func/sub-29315_ses-1_task-rest_acq-rc8chan_run-1_space-MNI152NLin2009cAsym_desc-preproc_bold.nii.gz,/work/ioannou_lab/elizabeth.szentmiklo/abide_data/derivatives/fmriprep/ABIDE2/UNKNOWN/sub-29315/ses-1/func/sub-29315_ses-1_task-rest_acq-rc8chan_run-1_desc-confounds_regressors.tsv,/work/ioannou_lab/elizabeth.szentmiklo/abide_data/atlases/cc200/cc200_roi_atlas.nii.gz,/work/ioannou_lab/elizabeth.szentmiklo/abide_data/derivatives/fmriprep/ABIDE2/UNKNOWN/sub-29315/ses-1/func/sub-29315_ses-1_task-rest_acq-rc8chan_run-1_space-MNI152NLin2009cAsym_desc-brain_mask.nii.gz,2.5
ABIDE2,ABIDEII-KKI_1_sub-29316_ses-1_run-1,/work/ioannou_lab/elizabeth.szentmiklo/abide_data/derivatives/fmriprep/ABIDE2/UNKNOWN/sub-29316/ses-1/func/sub-29316_ses-1_task-rest_acq-rc8chan_run-1_space-MNI152NLin2009cAsym_desc-preproc_bold.nii.gz,/work/ioannou_lab/elizabeth.szentmiklo/abide_data/derivatives/fmriprep/ABIDE2/UNKNOWN/sub-29316/ses-1/func/sub-29316_ses-1_task-rest_acq-rc8chan_run-1_desc-confounds_regressors.tsv,/work/ioannou_lab/elizabeth.szentmiklo/abide_data/atlases/cc200/cc200_roi_atlas.nii.gz,/work/ioannou_lab/elizabeth.szentmiklo/abide_data/derivatives/fmriprep/ABIDE2/UNKNOWN/sub-29316/ses-1/func/sub-29316_ses-1_task-rest_acq-rc8chan_run-1_space-MNI152NLin2009cAsym_desc-brain_mask.nii.gz,2.5
ABIDE2,ABIDEII-KKI_1_sub-29317_ses-1_run-1,/work/ioannou_lab/elizabeth.szentmiklo/abide_data/derivatives/fmriprep/ABIDE2/UNKNOWN/sub-29317/ses-1/func/sub-29317_ses-1_task-rest_acq-rc8chan_run-1_space-MNI152NLin2009cAsym_desc-preproc_bold.nii.gz,/work/ioannou_lab/elizabeth.szentmiklo/abide_data/derivatives/fmriprep/ABIDE2/UNKNOWN/sub-29317/ses-1/func/sub-29317_ses-1_task-rest_acq-rc8chan_run-1_desc-confounds_regressors.tsv,/work/ioannou_lab/elizabeth.szentmiklo/abide_data/atlases/cc200/cc200_roi_atlas.nii.gz,/work/ioannou_lab/elizabeth.szentmiklo/abide_data/derivatives/fmriprep/ABIDE2/UNKNOWN/sub-29317/ses-1/func/sub-29317_ses-1_task-rest_acq-rc8chan_run-1_space-MNI152NLin2009cAsym_desc-brain_mask.nii.gz,2.5
ABIDE2,ABIDEII-KKI_1_sub-29318_ses-1_run-1,/work/ioannou_lab/elizabeth.szentmiklo/abide_data/derivatives/fmriprep/ABIDE2/UNKNOWN/sub-29318/ses-1/func/sub-29318_ses-1_task-rest_acq-rc8chan_run-1_space-MNI152NLin2009cAsym_desc-preproc_bold.nii.gz,/work/ioannou_lab/elizabeth.szentmiklo/abide_data/derivatives/fmriprep/ABIDE2/UNKNOWN/sub-29318/ses-1/func/sub-29318_ses-1_task-rest_acq-rc8chan_run-1_desc-confounds_regressors.tsv,/work/ioannou_lab/elizabeth.szentmiklo/abide_data/atlases/cc200/cc200_roi_atlas.nii.gz,/work/ioannou_lab/elizabeth.szentmiklo/abide_data/derivatives/fmriprep/ABIDE2/UNKNOWN/sub-29318/ses-1/func/sub-29318_ses-1_task-rest_acq-rc8chan_run-1_space-MNI152NLin2009cAsym_desc-brain_mask.nii.gz,2.5
ABIDE2,ABIDEII-KKI_1_sub-29319_ses-1_run-1,/work/ioannou_lab/elizabeth.szentmiklo/abide_data/derivatives/fmriprep/ABIDE2/UNKNOWN/sub-29319/ses-1/func/sub-29319_ses-1_task-rest_acq-rc8chan_run-1_space-MNI152NLin2009cAsym_desc-preproc_bold.nii.gz,/work/ioannou_lab/elizabeth.szentmiklo/abide_data/derivatives/fmriprep/ABIDE2/UNKNOWN/sub-29319/ses-1/func/sub-29319_ses-1_task-rest_acq-rc8chan_run-1_desc-confounds_regressors.tsv,/work/ioannou_lab/elizabeth.szentmiklo/abide_data/atlases/cc200/cc200_roi_atlas.nii.gz,/work/ioannou_lab/elizabeth.szentmiklo/abide_data/derivatives/fmriprep/ABIDE2/UNKNOWN/sub-29319/ses-1/func/sub-29319_ses-1_task-rest_acq-rc8chan_run-1_space-MNI152NLin2009cAsym_desc-brain_mask.nii.gz,2.5
ABIDE2,ABIDEII-KKI_1_sub-29320_ses-1_run-1,/work/ioannou_lab/elizabeth.szentmiklo/abide_data/derivatives/fmriprep/ABIDE2/UNKNOWN/sub-29320/ses-1/func/sub-29320_ses-1_task-rest_acq-rc8chan_run-1_space-MNI152NLin2009cAsym_desc-preproc_bold.nii.gz,/work/ioannou_lab/elizabeth.szentmiklo/abide_data/derivatives/fmriprep/ABIDE2/UNKNOWN/sub-29320/ses-1/func/sub-29320_ses-1_task-rest_acq-rc8chan_run-1_desc-confounds_regressors.tsv,/work/ioannou_lab/elizabeth.szentmiklo/abide_data/atlases/cc200/cc200_roi_atlas.nii.gz,/work/ioannou_lab/elizabeth.szentmiklo/abide_data/derivatives/fmriprep/ABIDE2/UNKNOWN/sub-29320/ses-1/func/sub-29320_ses-1_task-rest_acq-rc8chan_run-1_space-MNI152NLin2009cAsym_desc-brain_mask.nii.gz,2.5
ABIDE2,ABIDEII-KKI_1_sub-29321_ses-1_run-1,/work/ioannou_lab/elizabeth.szentmiklo/abide_data/derivatives/fmriprep/ABIDE2/UNKNOWN/sub-29321/ses-1/func/sub-29321_ses-1_task-rest_acq-rc8chan_run-1_space-MNI152NLin2009cAsym_desc-preproc_bold.nii.gz,/work/ioannou_lab/elizabeth.szentmiklo/abide_data/derivatives/fmriprep/ABIDE2/UNKNOWN/sub-29321/ses-1/func/sub-29321_ses-1_task-rest_acq-rc8chan_run-1_desc-confounds_regressors.tsv,/work/ioannou_lab/elizabeth.szentmiklo/abide_data/atlases/cc200/cc200_roi_atlas.nii.gz,/work/ioannou_lab/elizabeth.szentmiklo/abide_data/derivatives/fmriprep/ABIDE2/UNKNOWN/sub-29321/ses-1/func/sub-29321_ses-1_task-rest_acq-rc8chan_run-1_space-MNI152NLin2009cAsym_desc-brain_mask.nii.gz,2.5
ABIDE2,ABIDEII-KKI_1_sub-29322_ses-1_run-1,/work/ioannou_lab/elizabeth.szentmiklo/abide_data/derivatives/fmriprep/ABIDE2/UNKNOWN/sub-29322/ses-1/func/sub-29322_ses-1_task-rest_acq-rc8chan_run-1_space-MNI152NLin2009cAsym_desc-preproc_bold.nii.gz,/work/ioannou_lab/elizabeth.szentmiklo/abide_data/derivatives/fmriprep/ABIDE2/UNKNOWN/sub-29322/ses-1/func/sub-29322_ses-1_task-rest_acq-rc8chan_run-1_desc-confounds_regressors.tsv,/work/ioannou_lab/elizabeth.szentmiklo/abide_data/atlases/cc200/cc200_roi_atlas.nii.gz,/work/ioannou_lab/elizabeth.szentmiklo/abide_data/derivatives/fmriprep/ABIDE2/UNKNOWN/sub-29322/ses-1/func/sub-29322_ses-1_task-rest_acq-rc8chan_run-1_space-MNI152NLin2009cAsym_desc-brain_mask.nii.gz,2.5
ABIDE2,ABIDEII-KKI_1_sub-29324_ses-1_run-1,/work/ioannou_lab/elizabeth.szentmiklo/abide_data/derivatives/fmriprep/ABIDE2/UNKNOWN/sub-29324/ses-1/func/sub-29324_ses-1_task-rest_acq-rc8chan_run-1_space-MNI152NLin2009cAsym_desc-preproc_bold.nii.gz,/work/ioannou_lab/elizabeth.szentmiklo/abide_data/derivatives/fmriprep/ABIDE2/UNKNOWN/sub-29324/ses-1/func/sub-29324_ses-1_task-rest_acq-rc8chan_run-1_desc-confounds_regressors.tsv,/work/ioannou_lab/elizabeth.szentmiklo/abide_data/atlases/cc200/cc200_roi_atlas.nii.gz,/work/ioannou_lab/elizabeth.szentmiklo/abide_data/derivatives/fmriprep/ABIDE2/UNKNOWN/sub-29324/ses-1/func/sub-29324_ses-1_task-rest_acq-rc8chan_run-1_space-MNI152NLin2009cAsym_desc-brain_mask.nii.gz,2.5
ABIDE2,ABIDEII-KKI_1_sub-29325_ses-1_run-1,/work/ioannou_lab/elizabeth.szentmiklo/abide_data/derivatives/fmriprep/ABIDE2/UNKNOWN/sub-29325/ses-1/func/sub-29325_ses-1_task-rest_acq-rc8chan_run-1_space-MNI152NLin2009cAsym_desc-preproc_bold.nii.gz,/work/ioannou_lab/elizabeth.szentmiklo/abide_data/derivatives/fmriprep/ABIDE2/UNKNOWN/sub-29325/ses-1/func/sub-29325_ses-1_task-rest_acq-rc8chan_run-1_desc-confounds_regressors.tsv,/work/ioannou_lab/elizabeth.szentmiklo/abide_data/atlases/cc200/cc200_roi_atlas.nii.gz,/work/ioannou_lab/elizabeth.szentmiklo/abide_data/derivatives/fmriprep/ABIDE2/UNKNOWN/sub-29325/ses-1/func/sub-29325_ses-1_task-rest_acq-rc8chan_run-1_space-MNI152NLin2009cAsym_desc-brain_mask.nii.gz,2.5
ABIDE2,ABIDEII-KKI_1_sub-29326_ses-1_run-1,/work/ioannou_lab/elizabeth.szentmiklo/abide_data/derivatives/fmriprep/ABIDE2/UNKNOWN/sub-29326/ses-1/func/sub-29326_ses-1_task-rest_acq-rc8chan_run-1_space-MNI152NLin2009cAsym_desc-preproc_bold.nii.gz,/work/ioannou_lab/elizabeth.szentmiklo/abide_data/derivatives/fmriprep/ABIDE2/UNKNOWN/sub-29326/ses-1/func/sub-29326_ses-1_task-rest_acq-rc8chan_run-1_desc-confounds_regressors.tsv,/work/ioannou_lab/elizabeth.szentmiklo/abide_data/atlases/cc200/cc200_roi_atlas.nii.gz,/work/ioannou_lab/elizabeth.szentmiklo/abide_data/derivatives/fmriprep/ABIDE2/UNKNOWN/sub-29326/ses-1/func/sub-29326_ses-1_task-rest_acq-rc8chan_run-1_space-MNI152NLin2009cAsym_desc-brain_mask.nii.gz,2.5
ABIDE2,ABIDEII-KKI_1_sub-29327_ses-1_run-1,/work/ioannou_lab/elizabeth.szentmiklo/abide_data/derivatives/fmriprep/ABIDE2/UNKNOWN/sub-29327/ses-1/func/sub-29327_ses-1_task-rest_acq-rc8chan_run-1_space-MNI152NLin2009cAsym_desc-preproc_bold.nii.gz,/work/ioannou_lab/elizabeth.szentmiklo/abide_data/derivatives/fmriprep/ABIDE2/UNKNOWN/sub-29327/ses-1/func/sub-29327_ses-1_task-rest_acq-rc8chan_run-1_desc-confounds_regressors.tsv,/work/ioannou_lab/elizabeth.szentmiklo/abide_data/atlases/cc200/cc200_roi_atlas.nii.gz,/work/ioannou_lab/elizabeth.szentmiklo/abide_data/derivatives/fmriprep/ABIDE2/UNKNOWN/sub-29327/ses-1/func/sub-29327_ses-1_task-rest_acq-rc8chan_run-1_space-MNI152NLin2009cAsym_desc-brain_mask.nii.gz,2.5
ABIDE2,ABIDEII-KKI_1_sub-29328_ses-1_run-1,/work/ioannou_lab/elizabeth.szentmiklo/abide_data/derivatives/fmriprep/ABIDE2/UNKNOWN/sub-29328/ses-1/func/sub-29328_ses-1_task-rest_acq-rc8chan_run-1_space-MNI152NLin2009cAsym_desc-preproc_bold.nii.gz,/work/ioannou_lab/elizabeth.szentmiklo/abide_data/derivatives/fmriprep/ABIDE2/UNKNOWN/sub-29328/ses-1/func/sub-29328_ses-1_task-rest_acq-rc8chan_run-1_desc-confounds_regressors.tsv,/work/ioannou_lab/elizabeth.szentmiklo/abide_data/atlases/cc200/cc200_roi_atlas.nii.gz,/work/ioannou_lab/elizabeth.szentmiklo/abide_data/derivatives/fmriprep/ABIDE2/UNKNOWN/sub-29328/ses-1/func/sub-29328_ses-1_task-rest_acq-rc8chan_run-1_space-MNI152NLin2009cAsym_desc-brain_mask.nii.gz,2.5
ABIDE2,ABIDEII-KKI_1_sub-29329_ses-1_run-1,/work/ioannou_lab/elizabeth.szentmiklo/abide_data/derivatives/fmriprep/ABIDE2/UNKNOWN/sub-29329/ses-1/func/sub-29329_ses-1_task-rest_acq-rc8chan_run-1_space-MNI152NLin2009cAsym_desc-preproc_bold.nii.gz,/work/ioannou_lab/elizabeth.szentmiklo/abide_data/derivatives/fmriprep/ABIDE2/UNKNOWN/sub-29329/ses-1/func/sub-29329_ses-1_task-rest_acq-rc8chan_run-1_desc-confounds_regressors.tsv,/work/ioannou_lab/elizabeth.szentmiklo/abide_data/atlases/cc200/cc200_roi_atlas.nii.gz,/work/ioannou_lab/elizabeth.szentmiklo/abide_data/derivatives/fmriprep/ABIDE2/UNKNOWN/sub-29329/ses-1/func/sub-29329_ses-1_task-rest_acq-rc8chan_run-1_space-MNI152NLin2009cAsym_desc-brain_mask.nii.gz,2.5
ABIDE2,ABIDEII-KKI_1_sub-29330_ses-1_run-1,/work/ioannou_lab/elizabeth.szentmiklo/abide_data/derivatives/fmriprep/ABIDE2/UNKNOWN/sub-29330/ses-1/func/sub-29330_ses-1_task-rest_acq-rc8chan_run-1_space-MNI152NLin2009cAsym_desc-preproc_bold.nii.gz,/work/ioannou_lab/elizabeth.szentmiklo/abide_data/derivatives/fmriprep/ABIDE2/UNKNOWN/sub-29330/ses-1/func/sub-29330_ses-1_task-rest_acq-rc8chan_run-1_desc-confounds_regressors.tsv,/work/ioannou_lab/elizabeth.szentmiklo/abide_data/atlases/cc200/cc200_roi_atlas.nii.gz,/work/ioannou_lab/elizabeth.szentmiklo/abide_data/derivatives/fmriprep/ABIDE2/UNKNOWN/sub-29330/ses-1/func/sub-29330_ses-1_task-rest_acq-rc8chan_run-1_space-MNI152NLin2009cAsym_desc-brain_mask.nii.gz,2.5
ABIDE2,ABIDEII-KKI_1_sub-29332_ses-1_run-1,/work/ioannou_lab/elizabeth.szentmiklo/abide_data/derivatives/fmriprep/ABIDE2/UNKNOWN/sub-29332/ses-1/func/sub-29332_ses-1_task-rest_acq-rc8chan_run-1_space-MNI152NLin2009cAsym_desc-preproc_bold.nii.gz,/work/ioannou_lab/elizabeth.szentmiklo/abide_data/derivatives/fmriprep/ABIDE2/UNKNOWN/sub-29332/ses-1/func/sub-29332_ses-1_task-rest_acq-rc8chan_run-1_desc-confounds_regressors.tsv,/work/ioannou_lab/elizabeth.szentmiklo/abide_data/atlases/cc200/cc200_roi_atlas.nii.gz,/work/ioannou_lab/elizabeth.szentmiklo/abide_data/derivatives/fmriprep/ABIDE2/UNKNOWN/sub-29332/ses-1/func/sub-29332_ses-1_task-rest_acq-rc8chan_run-1_space-MNI152NLin2009cAsym_desc-brain_mask.nii.gz,2.5
ABIDE2,ABIDEII-KKI_1_sub-29333_ses-1_run-1,/work/ioannou_lab/elizabeth.szentmiklo/abide_data/derivatives/fmriprep/ABIDE2/UNKNOWN/sub-29333/ses-1/func/sub-29333_ses-1_task-rest_acq-rc8chan_run-1_space-MNI152NLin2009cAsym_desc-preproc_bold.nii.gz,/work/ioannou_lab/elizabeth.szentmiklo/abide_data/derivatives/fmriprep/ABIDE2/UNKNOWN/sub-29333/ses-1/func/sub-29333_ses-1_task-rest_acq-rc8chan_run-1_desc-confounds_regressors.tsv,/work/ioannou_lab/elizabeth.szentmiklo/abide_data/atlases/cc200/cc200_roi_atlas.nii.gz,/work/ioannou_lab/elizabeth.szentmiklo/abide_data/derivatives/fmriprep/ABIDE2/UNKNOWN/sub-29333/ses-1/func/sub-29333_ses-1_task-rest_acq-rc8chan_run-1_space-MNI152NLin2009cAsym_desc-brain_mask.nii.gz,2.5
ABIDE2,ABIDEII-KKI_1_sub-29334_ses-1_run-1,/work/ioannou_lab/elizabeth.szentmiklo/abide_data/derivatives/fmriprep/ABIDE2/UNKNOWN/sub-29334/ses-1/func/sub-29334_ses-1_task-rest_acq-rc8chan_run-1_space-MNI152NLin2009cAsym_desc-preproc_bold.nii.gz,/work/ioannou_lab/elizabeth.szentmiklo/abide_data/derivatives/fmriprep/ABIDE2/UNKNOWN/sub-29334/ses-1/func/sub-29334_ses-1_task-rest_acq-rc8chan_run-1_desc-confounds_regressors.tsv,/work/ioannou_lab/elizabeth.szentmiklo/abide_data/atlases/cc200/cc200_roi_atlas.nii.gz,/work/ioannou_lab/elizabeth.szentmiklo/abide_data/derivatives/fmriprep/ABIDE2/UNKNOWN/sub-29334/ses-1/func/sub-29334_ses-1_task-rest_acq-rc8chan_run-1_space-MNI152NLin2009cAsym_desc-brain_mask.nii.gz,2.5
ABIDE2,ABIDEII-KKI_1_sub-29336_ses-1_run-1,/work/ioannou_lab/elizabeth.szentmiklo/abide_data/derivatives/fmriprep/ABIDE2/UNKNOWN/sub-29336/ses-1/func/sub-29336_ses-1_task-rest_acq-rc8chan_run-1_space-MNI152NLin2009cAsym_desc-preproc_bold.nii.gz,/work/ioannou_lab/elizabeth.szentmiklo/abide_data/derivatives/fmriprep/ABIDE2/UNKNOWN/sub-29336/ses-1/func/sub-29336_ses-1_task-rest_acq-rc8chan_run-1_desc-confounds_regressors.tsv,/work/ioannou_lab/elizabeth.szentmiklo/abide_data/atlases/cc200/cc200_roi_atlas.nii.gz,/work/ioannou_lab/elizabeth.szentmiklo/abide_data/derivatives/fmriprep/ABIDE2/UNKNOWN/sub-29336/ses-1/func/sub-29336_ses-1_task-rest_acq-rc8chan_run-1_space-MNI152NLin2009cAsym_desc-brain_mask.nii.gz,2.5
ABIDE2,ABIDEII-KKI_1_sub-29337_ses-1_run-1,/work/ioannou_lab/elizabeth.szentmiklo/abide_data/derivatives/fmriprep/ABIDE2/UNKNOWN/sub-29337/ses-1/func/sub-29337_ses-1_task-rest_acq-rc8chan_run-1_space-MNI152NLin2009cAsym_desc-preproc_bold.nii.gz,/work/ioannou_lab/elizabeth.szentmiklo/abide_data/derivatives/fmriprep/ABIDE2/UNKNOWN/sub-29337/ses-1/func/sub-29337_ses-1_task-rest_acq-rc8chan_run-1_desc-confounds_regressors.tsv,/work/ioannou_lab/elizabeth.szentmiklo/abide_data/atlases/cc200/cc200_roi_atlas.nii.gz,/work/ioannou_lab/elizabeth.szentmiklo/abide_data/derivatives/fmriprep/ABIDE2/UNKNOWN/sub-29337/ses-1/func/sub-29337_ses-1_task-rest_acq-rc8chan_run-1_space-MNI152NLin2009cAsym_desc-brain_mask.nii.gz,2.5
ABIDE2,ABIDEII-KKI_1_sub-29338_ses-1_run-1,/work/ioannou_lab/elizabeth.szentmiklo/abide_data/derivatives/fmriprep/ABIDE2/UNKNOWN/sub-29338/ses-1/func/sub-29338_ses-1_task-rest_acq-rc8chan_run-1_space-MNI152NLin2009cAsym_desc-preproc_bold.nii.gz,/work/ioannou_lab/elizabeth.szentmiklo/abide_data/derivatives/fmriprep/ABIDE2/UNKNOWN/sub-29338/ses-1/func/sub-29338_ses-1_task-rest_acq-rc8chan_run-1_desc-confounds_regressors.tsv,/work/ioannou_lab/elizabeth.szentmiklo/abide_data/atlases/cc200/cc200_roi_atlas.nii.gz,/work/ioannou_lab/elizabeth.szentmiklo/abide_data/derivatives/fmriprep/ABIDE2/UNKNOWN/sub-29338/ses-1/func/sub-29338_ses-1_task-rest_acq-rc8chan_run-1_space-MNI152NLin2009cAsym_desc-brain_mask.nii.gz,2.5
ABIDE2,ABIDEII-KKI_1_sub-29339_ses-1_run-1,/work/ioannou_lab/elizabeth.szentmiklo/abide_data/derivatives/fmriprep/ABIDE2/UNKNOWN/sub-29339/ses-1/func/sub-29339_ses-1_task-rest_acq-rc8chan_run-1_space-MNI152NLin2009cAsym_desc-preproc_bold.nii.gz,/work/ioannou_lab/elizabeth.szentmiklo/abide_data/derivatives/fmriprep/ABIDE2/UNKNOWN/sub-29339/ses-1/func/sub-29339_ses-1_task-rest_acq-rc8chan_run-1_desc-confounds_regressors.tsv,/work/ioannou_lab/elizabeth.szentmiklo/abide_data/atlases/cc200/cc200_roi_atlas.nii.gz,/work/ioannou_lab/elizabeth.szentmiklo/abide_data/derivatives/fmriprep/ABIDE2/UNKNOWN/sub-29339/ses-1/func/sub-29339_ses-1_task-rest_acq-rc8chan_run-1_space-MNI152NLin2009cAsym_desc-brain_mask.nii.gz,2.5
ABIDE2,ABIDEII-KKI_1_sub-29340_ses-1_run-1,/work/ioannou_lab/elizabeth.szentmiklo/abide_data/derivatives/fmriprep/ABIDE2/UNKNOWN/sub-29340/ses-1/func/sub-29340_ses-1_task-rest_acq-rc8chan_run-1_space-MNI152NLin2009cAsym_desc-preproc_bold.nii.gz,/work/ioannou_lab/elizabeth.szentmiklo/abide_data/derivatives/fmriprep/ABIDE2/UNKNOWN/sub-29340/ses-1/func/sub-29340_ses-1_task-rest_acq-rc8chan_run-1_desc-confounds_regressors.tsv,/work/ioannou_lab/elizabeth.szentmiklo/abide_data/atlases/cc200/cc200_roi_atlas.nii.gz,/work/ioannou_lab/elizabeth.szentmiklo/abide_data/derivatives/fmriprep/ABIDE2/UNKNOWN/sub-29340/ses-1/func/sub-29340_ses-1_task-rest_acq-rc8chan_run-1_space-MNI152NLin2009cAsym_desc-brain_mask.nii.gz,2.5
ABIDE2,ABIDEII-KKI_1_sub-29341_ses-1_run-1,/work/ioannou_lab/elizabeth.szentmiklo/abide_data/derivatives/fmriprep/ABIDE2/UNKNOWN/sub-29341/ses-1/func/sub-29341_ses-1_task-rest_acq-rc8chan_run-1_space-MNI152NLin2009cAsym_desc-preproc_bold.nii.gz,/work/ioannou_lab/elizabeth.szentmiklo/abide_data/derivatives/fmriprep/ABIDE2/UNKNOWN/sub-29341/ses-1/func/sub-29341_ses-1_task-rest_acq-rc8chan_run-1_desc-confounds_regressors.tsv,/work/ioannou_lab/elizabeth.szentmiklo/abide_data/atlases/cc200/cc200_roi_atlas.nii.gz,/work/ioannou_lab/elizabeth.szentmiklo/abide_data/derivatives/fmriprep/ABIDE2/UNKNOWN/sub-29341/ses-1/func/sub-29341_ses-1_task-rest_acq-rc8chan_run-1_space-MNI152NLin2009cAsym_desc-brain_mask.nii.gz,2.5
ABIDE2,ABIDEII-KKI_1_sub-29343_ses-1_run-1,/work/ioannou_lab/elizabeth.szentmiklo/abide_data/derivatives/fmriprep/ABIDE2/UNKNOWN/sub-29343/ses-1/func/sub-29343_ses-1_task-rest_acq-rc8chan_run-1_space-MNI152NLin2009cAsym_desc-preproc_bold.nii.gz,/work/ioannou_lab/elizabeth.szentmiklo/abide_data/derivatives/fmriprep/ABIDE2/UNKNOWN/sub-29343/ses-1/func/sub-29343_ses-1_task-rest_acq-rc8chan_run-1_desc-confounds_regressors.tsv,/work/ioannou_lab/elizabeth.szentmiklo/abide_data/atlases/cc200/cc200_roi_atlas.nii.gz,/work/ioannou_lab/elizabeth.szentmiklo/abide_data/derivatives/fmriprep/ABIDE2/UNKNOWN/sub-29343/ses-1/func/sub-29343_ses-1_task-rest_acq-rc8chan_run-1_space-MNI152NLin2009cAsym_desc-brain_mask.nii.gz,2.5
ABIDE2,ABIDEII-KKI_1_sub-29344_ses-1_run-1,/work/ioannou_lab/elizabeth.szentmiklo/abide_data/derivatives/fmriprep/ABIDE2/UNKNOWN/sub-29344/ses-1/func/sub-29344_ses-1_task-rest_acq-rc8chan_run-1_space-MNI152NLin2009cAsym_desc-preproc_bold.nii.gz,/work/ioannou_lab/elizabeth.szentmiklo/abide_data/derivatives/fmriprep/ABIDE2/UNKNOWN/sub-29344/ses-1/func/sub-29344_ses-1_task-rest_acq-rc8chan_run-1_desc-confounds_regressors.tsv,/work/ioannou_lab/elizabeth.szentmiklo/abide_data/atlases/cc200/cc200_roi_atlas.nii.gz,/work/ioannou_lab/elizabeth.szentmiklo/abide_data/derivatives/fmriprep/ABIDE2/UNKNOWN/sub-29344/ses-1/func/sub-29344_ses-1_task-rest_acq-rc8chan_run-1_space-MNI152NLin2009cAsym_desc-brain_mask.nii.gz,2.5
ABIDE2,ABIDEII-KKI_1_sub-29345_ses-1_run-1,/work/ioannou_lab/elizabeth.szentmiklo/abide_data/derivatives/fmriprep/ABIDE2/UNKNOWN/sub-29345/ses-1/func/sub-29345_ses-1_task-rest_acq-rc8chan_run-1_space-MNI152NLin2009cAsym_desc-preproc_bold.nii.gz,/work/ioannou_lab/elizabeth.szentmiklo/abide_data/derivatives/fmriprep/ABIDE2/UNKNOWN/sub-29345/ses-1/func/sub-29345_ses-1_task-rest_acq-rc8chan_run-1_desc-confounds_regressors.tsv,/work/ioannou_lab/elizabeth.szentmiklo/abide_data/atlases/cc200/cc200_roi_atlas.nii.gz,/work/ioannou_lab/elizabeth.szentmiklo/abide_data/derivatives/fmriprep/ABIDE2/UNKNOWN/sub-29345/ses-1/func/sub-29345_ses-1_task-rest_acq-rc8chan_run-1_space-MNI152NLin2009cAsym_desc-brain_mask.nii.gz,2.5
ABIDE2,ABIDEII-KKI_1_sub-29347_ses-1_run-1,/work/ioannou_lab/elizabeth.szentmiklo/abide_data/derivatives/fmriprep/ABIDE2/UNKNOWN/sub-29347/ses-1/func/sub-29347_ses-1_task-rest_acq-rc8chan_run-1_space-MNI152NLin2009cAsym_desc-preproc_bold.nii.gz,/work/ioannou_lab/elizabeth.szentmiklo/abide_data/derivatives/fmriprep/ABIDE2/UNKNOWN/sub-29347/ses-1/func/sub-29347_ses-1_task-rest_acq-rc8chan_run-1_desc-confounds_regressors.tsv,/work/ioannou_lab/elizabeth.szentmiklo/abide_data/atlases/cc200/cc200_roi_atlas.nii.gz,/work/ioannou_lab/elizabeth.szentmiklo/abide_data/derivatives/fmriprep/ABIDE2/UNKNOWN/sub-29347/ses-1/func/sub-29347_ses-1_task-rest_acq-rc8chan_run-1_space-MNI152NLin2009cAsym_desc-brain_mask.nii.gz,2.5
ABIDE2,ABIDEII-KKI_1_sub-29348_ses-1_run-1,/work/ioannou_lab/elizabeth.szentmiklo/abide_data/derivatives/fmriprep/ABIDE2/UNKNOWN/sub-29348/ses-1/func/sub-29348_ses-1_task-rest_acq-rc8chan_run-1_space-MNI152NLin2009cAsym_desc-preproc_bold.nii.gz,/work/ioannou_lab/elizabeth.szentmiklo/abide_data/derivatives/fmriprep/ABIDE2/UNKNOWN/sub-29348/ses-1/func/sub-29348_ses-1_task-rest_acq-rc8chan_run-1_desc-confounds_regressors.tsv,/work/ioannou_lab/elizabeth.szentmiklo/abide_data/atlases/cc200/cc200_roi_atlas.nii.gz,/work/ioannou_lab/elizabeth.szentmiklo/abide_data/derivatives/fmriprep/ABIDE2/UNKNOWN/sub-29348/ses-1/func/sub-29348_ses-1_task-rest_acq-rc8chan_run-1_space-MNI152NLin2009cAsym_desc-brain_mask.nii.gz,2.5
ABIDE2,ABIDEII-KKI_1_sub-29349_ses-1_run-1,/work/ioannou_lab/elizabeth.szentmiklo/abide_data/derivatives/fmriprep/ABIDE2/UNKNOWN/sub-29349/ses-1/func/sub-29349_ses-1_task-rest_acq-rc8chan_run-1_space-MNI152NLin2009cAsym_desc-preproc_bold.nii.gz,/work/ioannou_lab/elizabeth.szentmiklo/abide_data/derivatives/fmriprep/ABIDE2/UNKNOWN/sub-29349/ses-1/func/sub-29349_ses-1_task-rest_acq-rc8chan_run-1_desc-confounds_regressors.tsv,/work/ioannou_lab/elizabeth.szentmiklo/abide_data/atlases/cc200/cc200_roi_atlas.nii.gz,/work/ioannou_lab/elizabeth.szentmiklo/abide_data/derivatives/fmriprep/ABIDE2/UNKNOWN/sub-29349/ses-1/func/sub-29349_ses-1_task-rest_acq-rc8chan_run-1_space-MNI152NLin2009cAsym_desc-brain_mask.nii.gz,2.5
ABIDE2,ABIDEII-KKI_1_sub-29350_ses-1_run-1,/work/ioannou_lab/elizabeth.szentmiklo/abide_data/derivatives/fmriprep/ABIDE2/UNKNOWN/sub-29350/ses-1/func/sub-29350_ses-1_task-rest_acq-rc8chan_run-1_space-MNI152NLin2009cAsym_desc-preproc_bold.nii.gz,/work/ioannou_lab/elizabeth.szentmiklo/abide_data/derivatives/fmriprep/ABIDE2/UNKNOWN/sub-29350/ses-1/func/sub-29350_ses-1_task-rest_acq-rc8chan_run-1_desc-confounds_regressors.tsv,/work/ioannou_lab/elizabeth.szentmiklo/abide_data/atlases/cc200/cc200_roi_atlas.nii.gz,/work/ioannou_lab/elizabeth.szentmiklo/abide_data/derivatives/fmriprep/ABIDE2/UNKNOWN/sub-29350/ses-1/func/sub-29350_ses-1_task-rest_acq-rc8chan_run-1_space-MNI152NLin2009cAsym_desc-brain_mask.nii.gz,2.5
ABIDE2,ABIDEII-KKI_1_sub-29351_ses-1_run-1,/work/ioannou_lab/elizabeth.szentmiklo/abide_data/derivatives/fmriprep/ABIDE2/UNKNOWN/sub-29351/ses-1/func/sub-29351_ses-1_task-rest_acq-rc8chan_run-1_space-MNI152NLin2009cAsym_desc-preproc_bold.nii.gz,/work/ioannou_lab/elizabeth.szentmiklo/abide_data/derivatives/fmriprep/ABIDE2/UNKNOWN/sub-29351/ses-1/func/sub-29351_ses-1_task-rest_acq-rc8chan_run-1_desc-confounds_regressors.tsv,/work/ioannou_lab/elizabeth.szentmiklo/abide_data/atlases/cc200/cc200_roi_atlas.nii.gz,/work/ioannou_lab/elizabeth.szentmiklo/abide_data/derivatives/fmriprep/ABIDE2/UNKNOWN/sub-29351/ses-1/func/sub-29351_ses-1_task-rest_acq-rc8chan_run-1_space-MNI152NLin2009cAsym_desc-brain_mask.nii.gz,2.5
ABIDE2,ABIDEII-KKI_1_sub-29352_ses-1_run-1,/work/ioannou_lab/elizabeth.szentmiklo/abide_data/derivatives/fmriprep/ABIDE2/UNKNOWN/sub-29352/ses-1/func/sub-29352_ses-1_task-rest_acq-rc8chan_run-1_space-MNI152NLin2009cAsym_desc-preproc_bold.nii.gz,/work/ioannou_lab/elizabeth.szentmiklo/abide_data/derivatives/fmriprep/ABIDE2/UNKNOWN/sub-29352/ses-1/func/sub-29352_ses-1_task-rest_acq-rc8chan_run-1_desc-confounds_regressors.tsv,/work/ioannou_lab/elizabeth.szentmiklo/abide_data/atlases/cc200/cc200_roi_atlas.nii.gz,/work/ioannou_lab/elizabeth.szentmiklo/abide_data/derivatives/fmriprep/ABIDE2/UNKNOWN/sub-29352/ses-1/func/sub-29352_ses-1_task-rest_acq-rc8chan_run-1_space-MNI152NLin2009cAsym_desc-brain_mask.nii.gz,2.5
ABIDE2,ABIDEII-KKI_1_sub-29354_ses-1_run-1,/work/ioannou_lab/elizabeth.szentmiklo/abide_data/derivatives/fmriprep/ABIDE2/UNKNOWN/sub-29354/ses-1/func/sub-29354_ses-1_task-rest_acq-rc8chan_run-1_space-MNI152NLin2009cAsym_desc-preproc_bold.nii.gz,/work/ioannou_lab/elizabeth.szentmiklo/abide_data/derivatives/fmriprep/ABIDE2/UNKNOWN/sub-29354/ses-1/func/sub-29354_ses-1_task-rest_acq-rc8chan_run-1_desc-confounds_regressors.tsv,/work/ioannou_lab/elizabeth.szentmiklo/abide_data/atlases/cc200/cc200_roi_atlas.nii.gz,/work/ioannou_lab/elizabeth.szentmiklo/abide_data/derivatives/fmriprep/ABIDE2/UNKNOWN/sub-29354/ses-1/func/sub-29354_ses-1_task-rest_acq-rc8chan_run-1_space-MNI152NLin2009cAsym_desc-brain_mask.nii.gz,2.5
ABIDE2,ABIDEII-KKI_1_sub-29355_ses-1_run-1,/work/ioannou_lab/elizabeth.szentmiklo/abide_data/derivatives/fmriprep/ABIDE2/UNKNOWN/sub-29355/ses-1/func/sub-29355_ses-1_task-rest_acq-rc8chan_run-1_space-MNI152NLin2009cAsym_desc-preproc_bold.nii.gz,/work/ioannou_lab/elizabeth.szentmiklo/abide_data/derivatives/fmriprep/ABIDE2/UNKNOWN/sub-29355/ses-1/func/sub-29355_ses-1_task-rest_acq-rc8chan_run-1_desc-confounds_regressors.tsv,/work/ioannou_lab/elizabeth.szentmiklo/abide_data/atlases/cc200/cc200_roi_atlas.nii.gz,/work/ioannou_lab/elizabeth.szentmiklo/abide_data/derivatives/fmriprep/ABIDE2/UNKNOWN/sub-29355/ses-1/func/sub-29355_ses-1_task-rest_acq-rc8chan_run-1_space-MNI152NLin2009cAsym_desc-brain_mask.nii.gz,2.5
ABIDE2,ABIDEII-KKI_1_sub-29356_ses-1_run-1,/work/ioannou_lab/elizabeth.szentmiklo/abide_data/derivatives/fmriprep/ABIDE2/UNKNOWN/sub-29356/ses-1/func/sub-29356_ses-1_task-rest_acq-rc8chan_run-1_space-MNI152NLin2009cAsym_desc-preproc_bold.nii.gz,/work/ioannou_lab/elizabeth.szentmiklo/abide_data/derivatives/fmriprep/ABIDE2/UNKNOWN/sub-29356/ses-1/func/sub-29356_ses-1_task-rest_acq-rc8chan_run-1_desc-confounds_regressors.tsv,/work/ioannou_lab/elizabeth.szentmiklo/abide_data/atlases/cc200/cc200_roi_atlas.nii.gz,/work/ioannou_lab/elizabeth.szentmiklo/abide_data/derivatives/fmriprep/ABIDE2/UNKNOWN/sub-29356/ses-1/func/sub-29356_ses-1_task-rest_acq-rc8chan_run-1_space-MNI152NLin2009cAsym_desc-brain_mask.nii.gz,2.5
ABIDE2,ABIDEII-KKI_1_sub-29357_ses-1_run-1,/work/ioannou_lab/elizabeth.szentmiklo/abide_data/derivatives/fmriprep/ABIDE2/UNKNOWN/sub-29357/ses-1/func/sub-29357_ses-1_task-rest_acq-rc8chan_run-1_space-MNI152NLin2009cAsym_desc-preproc_bold.nii.gz,/work/ioannou_lab/elizabeth.szentmiklo/abide_data/derivatives/fmriprep/ABIDE2/UNKNOWN/sub-29357/ses-1/func/sub-29357_ses-1_task-rest_acq-rc8chan_run-1_desc-confounds_regressors.tsv,/work/ioannou_lab/elizabeth.szentmiklo/abide_data/atlases/cc200/cc200_roi_atlas.nii.gz,/work/ioannou_lab/elizabeth.szentmiklo/abide_data/derivatives/fmriprep/ABIDE2/UNKNOWN/sub-29357/ses-1/func/sub-29357_ses-1_task-rest_acq-rc8chan_run-1_space-MNI152NLin2009cAsym_desc-brain_mask.nii.gz,2.5
ABIDE2,ABIDEII-KKI_1_sub-29358_ses-1_run-1,/work/ioannou_lab/elizabeth.szentmiklo/abide_data/derivatives/fmriprep/ABIDE2/UNKNOWN/sub-29358/ses-1/func/sub-29358_ses-1_task-rest_acq-rc8chan_run-1_space-MNI152NLin2009cAsym_desc-preproc_bold.nii.gz,/work/ioannou_lab/elizabeth.szentmiklo/abide_data/derivatives/fmriprep/ABIDE2/UNKNOWN/sub-29358/ses-1/func/sub-29358_ses-1_task-rest_acq-rc8chan_run-1_desc-confounds_regressors.tsv,/work/ioannou_lab/elizabeth.szentmiklo/abide_data/atlases/cc200/cc200_roi_atlas.nii.gz,/work/ioannou_lab/elizabeth.szentmiklo/abide_data/derivatives/fmriprep/ABIDE2/UNKNOWN/sub-29358/ses-1/func/sub-29358_ses-1_task-rest_acq-rc8chan_run-1_space-MNI152NLin2009cAsym_desc-brain_mask.nii.gz,2.5
ABIDE2,ABIDEII-KKI_1_sub-29359_ses-1_run-1,/work/ioannou_lab/elizabeth.szentmiklo/abide_data/derivatives/fmriprep/ABIDE2/UNKNOWN/sub-29359/ses-1/func/sub-29359_ses-1_task-rest_acq-rc8chan_run-1_space-MNI152NLin2009cAsym_desc-preproc_bold.nii.gz,/work/ioannou_lab/elizabeth.szentmiklo/abide_data/derivatives/fmriprep/ABIDE2/UNKNOWN/sub-29359/ses-1/func/sub-29359_ses-1_task-rest_acq-rc8chan_run-1_desc-confounds_regressors.tsv,/work/ioannou_lab/elizabeth.szentmiklo/abide_data/atlases/cc200/cc200_roi_atlas.nii.gz,/work/ioannou_lab/elizabeth.szentmiklo/abide_data/derivatives/fmriprep/ABIDE2/UNKNOWN/sub-29359/ses-1/func/sub-29359_ses-1_task-rest_acq-rc8chan_run-1_space-MNI152NLin2009cAsym_desc-brain_mask.nii.gz,2.5
ABIDE2,ABIDEII-KKI_1_sub-29360_ses-1_run-1,/work/ioannou_lab/elizabeth.szentmiklo/abide_data/derivatives/fmriprep/ABIDE2/UNKNOWN/sub-29360/ses-1/func/sub-29360_ses-1_task-rest_acq-rc8chan_run-1_space-MNI152NLin2009cAsym_desc-preproc_bold.nii.gz,/work/ioannou_lab/elizabeth.szentmiklo/abide_data/derivatives/fmriprep/ABIDE2/UNKNOWN/sub-29360/ses-1/func/sub-29360_ses-1_task-rest_acq-rc8chan_run-1_desc-confounds_regressors.tsv,/work/ioannou_lab/elizabeth.szentmiklo/abide_data/atlases/cc200/cc200_roi_atlas.nii.gz,/work/ioannou_lab/elizabeth.szentmiklo/abide_data/derivatives/fmriprep/ABIDE2/UNKNOWN/sub-29360/ses-1/func/sub-29360_ses-1_task-rest_acq-rc8chan_run-1_space-MNI152NLin2009cAsym_desc-brain_mask.nii.gz,2.5
ABIDE2,ABIDEII-KKI_1_sub-29361_ses-1_run-1,/work/ioannou_lab/elizabeth.szentmiklo/abide_data/derivatives/fmriprep/ABIDE2/UNKNOWN/sub-29361/ses-1/func/sub-29361_ses-1_task-rest_acq-rc8chan_run-1_space-MNI152NLin2009cAsym_desc-preproc_bold.nii.gz,/work/ioannou_lab/elizabeth.szentmiklo/abide_data/derivatives/fmriprep/ABIDE2/UNKNOWN/sub-29361/ses-1/func/sub-29361_ses-1_task-rest_acq-rc8chan_run-1_desc-confounds_regressors.tsv,/work/ioannou_lab/elizabeth.szentmiklo/abide_data/atlases/cc200/cc200_roi_atlas.nii.gz,/work/ioannou_lab/elizabeth.szentmiklo/abide_data/derivatives/fmriprep/ABIDE2/UNKNOWN/sub-29361/ses-1/func/sub-29361_ses-1_task-rest_acq-rc8chan_run-1_space-MNI152NLin2009cAsym_desc-brain_mask.nii.gz,2.5
ABIDE2,ABIDEII-KKI_1_sub-29362_ses-1_run-1,/work/ioannou_lab/elizabeth.szentmiklo/abide_data/derivatives/fmriprep/ABIDE2/UNKNOWN/sub-29362/ses-1/func/sub-29362_ses-1_task-rest_acq-rc8chan_run-1_space-MNI152NLin2009cAsym_desc-preproc_bold.nii.gz,/work/ioannou_lab/elizabeth.szentmiklo/abide_data/derivatives/fmriprep/ABIDE2/UNKNOWN/sub-29362/ses-1/func/sub-29362_ses-1_task-rest_acq-rc8chan_run-1_desc-confounds_regressors.tsv,/work/ioannou_lab/elizabeth.szentmiklo/abide_data/atlases/cc200/cc200_roi_atlas.nii.gz,/work/ioannou_lab/elizabeth.szentmiklo/abide_data/derivatives/fmriprep/ABIDE2/UNKNOWN/sub-29362/ses-1/func/sub-29362_ses-1_task-rest_acq-rc8chan_run-1_space-MNI152NLin2009cAsym_desc-brain_mask.nii.gz,2.5
ABIDE2,ABIDEII-KKI_1_sub-29363_ses-1_run-1,/work/ioannou_lab/elizabeth.szentmiklo/abide_data/derivatives/fmriprep/ABIDE2/UNKNOWN/sub-29363/ses-1/func/sub-29363_ses-1_task-rest_acq-rc8chan_run-1_space-MNI152NLin2009cAsym_desc-preproc_bold.nii.gz,/work/ioannou_lab/elizabeth.szentmiklo/abide_data/derivatives/fmriprep/ABIDE2/UNKNOWN/sub-29363/ses-1/func/sub-29363_ses-1_task-rest_acq-rc8chan_run-1_desc-confounds_regressors.tsv,/work/ioannou_lab/elizabeth.szentmiklo/abide_data/atlases/cc200/cc200_roi_atlas.nii.gz,/work/ioannou_lab/elizabeth.szentmiklo/abide_data/derivatives/fmriprep/ABIDE2/UNKNOWN/sub-29363/ses-1/func/sub-29363_ses-1_task-rest_acq-rc8chan_run-1_space-MNI152NLin2009cAsym_desc-brain_mask.nii.gz,2.5
ABIDE2,ABIDEII-KKI_1_sub-29364_ses-1_run-1,/work/ioannou_lab/elizabeth.szentmiklo/abide_data/derivatives/fmriprep/ABIDE2/UNKNOWN/sub-29364/ses-1/func/sub-29364_ses-1_task-rest_acq-rc8chan_run-1_space-MNI152NLin2009cAsym_desc-preproc_bold.nii.gz,/work/ioannou_lab/elizabeth.szentmiklo/abide_data/derivatives/fmriprep/ABIDE2/UNKNOWN/sub-29364/ses-1/func/sub-29364_ses-1_task-rest_acq-rc8chan_run-1_desc-confounds_regressors.tsv,/work/ioannou_lab/elizabeth.szentmiklo/abide_data/atlases/cc200/cc200_roi_atlas.nii.gz,/work/ioannou_lab/elizabeth.szentmiklo/abide_data/derivatives/fmriprep/ABIDE2/UNKNOWN/sub-29364/ses-1/func/sub-29364_ses-1_task-rest_acq-rc8chan_run-1_space-MNI152NLin2009cAsym_desc-brain_mask.nii.gz,2.5
ABIDE2,ABIDEII-KKI_1_sub-29365_ses-1_run-1,/work/ioannou_lab/elizabeth.szentmiklo/abide_data/derivatives/fmriprep/ABIDE2/UNKNOWN/sub-29365/ses-1/func/sub-29365_ses-1_task-rest_acq-rc32chan_run-1_space-MNI152NLin2009cAsym_desc-preproc_bold.nii.gz,/work/ioannou_lab/elizabeth.szentmiklo/abide_data/derivatives/fmriprep/ABIDE2/UNKNOWN/sub-29365/ses-1/func/sub-29365_ses-1_task-rest_acq-rc32chan_run-1_desc-confounds_regressors.tsv,/work/ioannou_lab/elizabeth.szentmiklo/abide_data/atlases/cc200/cc200_roi_atlas.nii.gz,/work/ioannou_lab/elizabeth.szentmiklo/abide_data/derivatives/fmriprep/ABIDE2/UNKNOWN/sub-29365/ses-1/func/sub-29365_ses-1_task-rest_acq-rc32chan_run-1_space-MNI152NLin2009cAsym_desc-brain_mask.nii.gz,2.5
ABIDE2,ABIDEII-KKI_1_sub-29366_ses-1_run-1,/work/ioannou_lab/elizabeth.szentmiklo/abide_data/derivatives/fmriprep/ABIDE2/UNKNOWN/sub-29366/ses-1/func/sub-29366_ses-1_task-rest_acq-rc32chan_run-1_space-MNI152NLin2009cAsym_desc-preproc_bold.nii.gz,/work/ioannou_lab/elizabeth.szentmiklo/abide_data/derivatives/fmriprep/ABIDE2/UNKNOWN/sub-29366/ses-1/func/sub-29366_ses-1_task-rest_acq-rc32chan_run-1_desc-confounds_regressors.tsv,/work/ioannou_lab/elizabeth.szentmiklo/abide_data/atlases/cc200/cc200_roi_atlas.nii.gz,/work/ioannou_lab/elizabeth.szentmiklo/abide_data/derivatives/fmriprep/ABIDE2/UNKNOWN/sub-29366/ses-1/func/sub-29366_ses-1_task-rest_acq-rc32chan_run-1_space-MNI152NLin2009cAsym_desc-brain_mask.nii.gz,2.5
ABIDE2,ABIDEII-KKI_1_sub-29367_ses-1_run-1,/work/ioannou_lab/elizabeth.szentmiklo/abide_data/derivatives/fmriprep/ABIDE2/UNKNOWN/sub-29367/ses-1/func/sub-29367_ses-1_task-rest_acq-rc8chan_run-1_space-MNI152NLin2009cAsym_desc-preproc_bold.nii.gz,/work/ioannou_lab/elizabeth.szentmiklo/abide_data/derivatives/fmriprep/ABIDE2/UNKNOWN/sub-29367/ses-1/func/sub-29367_ses-1_task-rest_acq-rc8chan_run-1_desc-confounds_regressors.tsv,/work/ioannou_lab/elizabeth.szentmiklo/abide_data/atlases/cc200/cc200_roi_atlas.nii.gz,/work/ioannou_lab/elizabeth.szentmiklo/abide_data/derivatives/fmriprep/ABIDE2/UNKNOWN/sub-29367/ses-1/func/sub-29367_ses-1_task-rest_acq-rc8chan_run-1_space-MNI152NLin2009cAsym_desc-brain_mask.nii.gz,2.5
ABIDE2,ABIDEII-KKI_1_sub-29368_ses-1_run-1,/work/ioannou_lab/elizabeth.szentmiklo/abide_data/derivatives/fmriprep/ABIDE2/UNKNOWN/sub-29368/ses-1/func/sub-29368_ses-1_task-rest_acq-rc8chan_run-1_space-MNI152NLin2009cAsym_desc-preproc_bold.nii.gz,/work/ioannou_lab/elizabeth.szentmiklo/abide_data/derivatives/fmriprep/ABIDE2/UNKNOWN/sub-29368/ses-1/func/sub-29368_ses-1_task-rest_acq-rc8chan_run-1_desc-confounds_regressors.tsv,/work/ioannou_lab/elizabeth.szentmiklo/abide_data/atlases/cc200/cc200_roi_atlas.nii.gz,/work/ioannou_lab/elizabeth.szentmiklo/abide_data/derivatives/fmriprep/ABIDE2/UNKNOWN/sub-29368/ses-1/func/sub-29368_ses-1_task-rest_acq-rc8chan_run-1_space-MNI152NLin2009cAsym_desc-brain_mask.nii.gz,2.5
ABIDE2,ABIDEII-KKI_1_sub-29370_ses-1_run-1,/work/ioannou_lab/elizabeth.szentmiklo/abide_data/derivatives/fmriprep/ABIDE2/UNKNOWN/sub-29370/ses-1/func/sub-29370_ses-1_task-rest_acq-rc8chan_run-1_space-MNI152NLin2009cAsym_desc-preproc_bold.nii.gz,/work/ioannou_lab/elizabeth.szentmiklo/abide_data/derivatives/fmriprep/ABIDE2/UNKNOWN/sub-29370/ses-1/func/sub-29370_ses-1_task-rest_acq-rc8chan_run-1_desc-confounds_regressors.tsv,/work/ioannou_lab/elizabeth.szentmiklo/abide_data/atlases/cc200/cc200_roi_atlas.nii.gz,/work/ioannou_lab/elizabeth.szentmiklo/abide_data/derivatives/fmriprep/ABIDE2/UNKNOWN/sub-29370/ses-1/func/sub-29370_ses-1_task-rest_acq-rc8chan_run-1_space-MNI152NLin2009cAsym_desc-brain_mask.nii.gz,2.5
ABIDE2,ABIDEII-KKI_1_sub-29371_ses-1_run-1,/work/ioannou_lab/elizabeth.szentmiklo/abide_data/derivatives/fmriprep/ABIDE2/UNKNOWN/sub-29371/ses-1/func/sub-29371_ses-1_task-rest_acq-rc8chan_run-1_space-MNI152NLin2009cAsym_desc-preproc_bold.nii.gz,/work/ioannou_lab/elizabeth.szentmiklo/abide_data/derivatives/fmriprep/ABIDE2/UNKNOWN/sub-29371/ses-1/func/sub-29371_ses-1_task-rest_acq-rc8chan_run-1_desc-confounds_regressors.tsv,/work/ioannou_lab/elizabeth.szentmiklo/abide_data/atlases/cc200/cc200_roi_atlas.nii.gz,/work/ioannou_lab/elizabeth.szentmiklo/abide_data/derivatives/fmriprep/ABIDE2/UNKNOWN/sub-29371/ses-1/func/sub-29371_ses-1_task-rest_acq-rc8chan_run-1_space-MNI152NLin2009cAsym_desc-brain_mask.nii.gz,2.5
ABIDE2,ABIDEII-KKI_1_sub-29372_ses-1_run-1,/work/ioannou_lab/elizabeth.szentmiklo/abide_data/derivatives/fmriprep/ABIDE2/UNKNOWN/sub-29372/ses-1/func/sub-29372_ses-1_task-rest_acq-rc8chan_run-1_space-MNI152NLin2009cAsym_desc-preproc_bold.nii.gz,/work/ioannou_lab/elizabeth.szentmiklo/abide_data/derivatives/fmriprep/ABIDE2/UNKNOWN/sub-29372/ses-1/func/sub-29372_ses-1_task-rest_acq-rc8chan_run-1_desc-confounds_regressors.tsv,/work/ioannou_lab/elizabeth.szentmiklo/abide_data/atlases/cc200/cc200_roi_atlas.nii.gz,/work/ioannou_lab/elizabeth.szentmiklo/abide_data/derivatives/fmriprep/ABIDE2/UNKNOWN/sub-29372/ses-1/func/sub-29372_ses-1_task-rest_acq-rc8chan_run-1_space-MNI152NLin2009cAsym_desc-brain_mask.nii.gz,2.5
ABIDE2,ABIDEII-KKI_1_sub-29373_ses-1_run-1,/work/ioannou_lab/elizabeth.szentmiklo/abide_data/derivatives/fmriprep/ABIDE2/UNKNOWN/sub-29373/ses-1/func/sub-29373_ses-1_task-rest_acq-rc8chan_run-1_space-MNI152NLin2009cAsym_desc-preproc_bold.nii.gz,/work/ioannou_lab/elizabeth.szentmiklo/abide_data/derivatives/fmriprep/ABIDE2/UNKNOWN/sub-29373/ses-1/func/sub-29373_ses-1_task-rest_acq-rc8chan_run-1_desc-confounds_regressors.tsv,/work/ioannou_lab/elizabeth.szentmiklo/abide_data/atlases/cc200/cc200_roi_atlas.nii.gz,/work/ioannou_lab/elizabeth.szentmiklo/abide_data/derivatives/fmriprep/ABIDE2/UNKNOWN/sub-29373/ses-1/func/sub-29373_ses-1_task-rest_acq-rc8chan_run-1_space-MNI152NLin2009cAsym_desc-brain_mask.nii.gz,2.5
ABIDE2,ABIDEII-KKI_1_sub-29375_ses-1_run-1,/work/ioannou_lab/elizabeth.szentmiklo/abide_data/derivatives/fmriprep/ABIDE2/UNKNOWN/sub-29375/ses-1/func/sub-29375_ses-1_task-rest_acq-rc8chan_run-1_space-MNI152NLin2009cAsym_desc-preproc_bold.nii.gz,/work/ioannou_lab/elizabeth.szentmiklo/abide_data/derivatives/fmriprep/ABIDE2/UNKNOWN/sub-29375/ses-1/func/sub-29375_ses-1_task-rest_acq-rc8chan_run-1_desc-confounds_regressors.tsv,/work/ioannou_lab/elizabeth.szentmiklo/abide_data/atlases/cc200/cc200_roi_atlas.nii.gz,/work/ioannou_lab/elizabeth.szentmiklo/abide_data/derivatives/fmriprep/ABIDE2/UNKNOWN/sub-29375/ses-1/func/sub-29375_ses-1_task-rest_acq-rc8chan_run-1_space-MNI152NLin2009cAsym_desc-brain_mask.nii.gz,2.5
ABIDE2,ABIDEII-KKI_1_sub-29376_ses-1_run-1,/work/ioannou_lab/elizabeth.szentmiklo/abide_data/derivatives/fmriprep/ABIDE2/UNKNOWN/sub-29376/ses-1/func/sub-29376_ses-1_task-rest_acq-rc8chan_run-1_space-MNI152NLin2009cAsym_desc-preproc_bold.nii.gz,/work/ioannou_lab/elizabeth.szentmiklo/abide_data/derivatives/fmriprep/ABIDE2/UNKNOWN/sub-29376/ses-1/func/sub-29376_ses-1_task-rest_acq-rc8chan_run-1_desc-confounds_regressors.tsv,/work/ioannou_lab/elizabeth.szentmiklo/abide_data/atlases/cc200/cc200_roi_atlas.nii.gz,/work/ioannou_lab/elizabeth.szentmiklo/abide_data/derivatives/fmriprep/ABIDE2/UNKNOWN/sub-29376/ses-1/func/sub-29376_ses-1_task-rest_acq-rc8chan_run-1_space-MNI152NLin2009cAsym_desc-brain_mask.nii.gz,2.5
ABIDE2,ABIDEII-KKI_1_sub-29377_ses-1_run-1,/work/ioannou_lab/elizabeth.szentmiklo/abide_data/derivatives/fmriprep/ABIDE2/UNKNOWN/sub-29377/ses-1/func/sub-29377_ses-1_task-rest_acq-rc8chan_run-1_space-MNI152NLin2009cAsym_desc-preproc_bold.nii.gz,/work/ioannou_lab/elizabeth.szentmiklo/abide_data/derivatives/fmriprep/ABIDE2/UNKNOWN/sub-29377/ses-1/func/sub-29377_ses-1_task-rest_acq-rc8chan_run-1_desc-confounds_regressors.tsv,/work/ioannou_lab/elizabeth.szentmiklo/abide_data/atlases/cc200/cc200_roi_atlas.nii.gz,/work/ioannou_lab/elizabeth.szentmiklo/abide_data/derivatives/fmriprep/ABIDE2/UNKNOWN/sub-29377/ses-1/func/sub-29377_ses-1_task-rest_acq-rc8chan_run-1_space-MNI152NLin2009cAsym_desc-brain_mask.nii.gz,2.5
ABIDE2,ABIDEII-KKI_1_sub-29378_ses-1_run-1,/work/ioannou_lab/elizabeth.szentmiklo/abide_data/derivatives/fmriprep/ABIDE2/UNKNOWN/sub-29378/ses-1/func/sub-29378_ses-1_task-rest_acq-rc8chan_run-1_space-MNI152NLin2009cAsym_desc-preproc_bold.nii.gz,/work/ioannou_lab/elizabeth.szentmiklo/abide_data/derivatives/fmriprep/ABIDE2/UNKNOWN/sub-29378/ses-1/func/sub-29378_ses-1_task-rest_acq-rc8chan_run-1_desc-confounds_regressors.tsv,/work/ioannou_lab/elizabeth.szentmiklo/abide_data/atlases/cc200/cc200_roi_atlas.nii.gz,/work/ioannou_lab/elizabeth.szentmiklo/abide_data/derivatives/fmriprep/ABIDE2/UNKNOWN/sub-29378/ses-1/func/sub-29378_ses-1_task-rest_acq-rc8chan_run-1_space-MNI152NLin2009cAsym_desc-brain_mask.nii.gz,2.5
ABIDE2,ABIDEII-KKI_1_sub-29379_ses-1_run-1,/work/ioannou_lab/elizabeth.szentmiklo/abide_data/derivatives/fmriprep/ABIDE2/UNKNOWN/sub-29379/ses-1/func/sub-29379_ses-1_task-rest_acq-rc8chan_run-1_space-MNI152NLin2009cAsym_desc-preproc_bold.nii.gz,/work/ioannou_lab/elizabeth.szentmiklo/abide_data/derivatives/fmriprep/ABIDE2/UNKNOWN/sub-29379/ses-1/func/sub-29379_ses-1_task-rest_acq-rc8chan_run-1_desc-confounds_regressors.tsv,/work/ioannou_lab/elizabeth.szentmiklo/abide_data/atlases/cc200/cc200_roi_atlas.nii.gz,/work/ioannou_lab/elizabeth.szentmiklo/abide_data/derivatives/fmriprep/ABIDE2/UNKNOWN/sub-29379/ses-1/func/sub-29379_ses-1_task-rest_acq-rc8chan_run-1_space-MNI152NLin2009cAsym_desc-brain_mask.nii.gz,2.5
ABIDE2,ABIDEII-KKI_1_sub-29380_ses-1_run-1,/work/ioannou_lab/elizabeth.szentmiklo/abide_data/derivatives/fmriprep/ABIDE2/UNKNOWN/sub-29380/ses-1/func/sub-29380_ses-1_task-rest_acq-rc8chan_run-1_space-MNI152NLin2009cAsym_desc-preproc_bold.nii.gz,/work/ioannou_lab/elizabeth.szentmiklo/abide_data/derivatives/fmriprep/ABIDE2/UNKNOWN/sub-29380/ses-1/func/sub-29380_ses-1_task-rest_acq-rc8chan_run-1_desc-confounds_regressors.tsv,/work/ioannou_lab/elizabeth.szentmiklo/abide_data/atlases/cc200/cc200_roi_atlas.nii.gz,/work/ioannou_lab/elizabeth.szentmiklo/abide_data/derivatives/fmriprep/ABIDE2/UNKNOWN/sub-29380/ses-1/func/sub-29380_ses-1_task-rest_acq-rc8chan_run-1_space-MNI152NLin2009cAsym_desc-brain_mask.nii.gz,2.5
ABIDE2,ABIDEII-KKI_1_sub-29381_ses-1_run-1,/work/ioannou_lab/elizabeth.szentmiklo/abide_data/derivatives/fmriprep/ABIDE2/UNKNOWN/sub-29381/ses-1/func/sub-29381_ses-1_task-rest_acq-rc8chan_run-1_space-MNI152NLin2009cAsym_desc-preproc_bold.nii.gz,/work/ioannou_lab/elizabeth.szentmiklo/abide_data/derivatives/fmriprep/ABIDE2/UNKNOWN/sub-29381/ses-1/func/sub-29381_ses-1_task-rest_acq-rc8chan_run-1_desc-confounds_regressors.tsv,/work/ioannou_lab/elizabeth.szentmiklo/abide_data/atlases/cc200/cc200_roi_atlas.nii.gz,/work/ioannou_lab/elizabeth.szentmiklo/abide_data/derivatives/fmriprep/ABIDE2/UNKNOWN/sub-29381/ses-1/func/sub-29381_ses-1_task-rest_acq-rc8chan_run-1_space-MNI152NLin2009cAsym_desc-brain_mask.nii.gz,2.5
ABIDE2,ABIDEII-KKI_1_sub-29382_ses-1_run-1,/work/ioannou_lab/elizabeth.szentmiklo/abide_data/derivatives/fmriprep/ABIDE2/UNKNOWN/sub-29382/ses-1/func/sub-29382_ses-1_task-rest_acq-rc8chan_run-1_space-MNI152NLin2009cAsym_desc-preproc_bold.nii.gz,/work/ioannou_lab/elizabeth.szentmiklo/abide_data/derivatives/fmriprep/ABIDE2/UNKNOWN/sub-29382/ses-1/func/sub-29382_ses-1_task-rest_acq-rc8chan_run-1_desc-confounds_regressors.tsv,/work/ioannou_lab/elizabeth.szentmiklo/abide_data/atlases/cc200/cc200_roi_atlas.nii.gz,/work/ioannou_lab/elizabeth.szentmiklo/abide_data/derivatives/fmriprep/ABIDE2/UNKNOWN/sub-29382/ses-1/func/sub-29382_ses-1_task-rest_acq-rc8chan_run-1_space-MNI152NLin2009cAsym_desc-brain_mask.nii.gz,2.5
ABIDE2,ABIDEII-KKI_1_sub-29383_ses-1_run-1,/work/ioannou_lab/elizabeth.szentmiklo/abide_data/derivatives/fmriprep/ABIDE2/UNKNOWN/sub-29383/ses-1/func/sub-29383_ses-1_task-rest_acq-rc8chan_run-1_space-MNI152NLin2009cAsym_desc-preproc_bold.nii.gz,/work/ioannou_lab/elizabeth.szentmiklo/abide_data/derivatives/fmriprep/ABIDE2/UNKNOWN/sub-29383/ses-1/func/sub-29383_ses-1_task-rest_acq-rc8chan_run-1_desc-confounds_regressors.tsv,/work/ioannou_lab/elizabeth.szentmiklo/abide_data/atlases/cc200/cc200_roi_atlas.nii.gz,/work/ioannou_lab/elizabeth.szentmiklo/abide_data/derivatives/fmriprep/ABIDE2/UNKNOWN/sub-29383/ses-1/func/sub-29383_ses-1_task-rest_acq-rc8chan_run-1_space-MNI152NLin2009cAsym_desc-brain_mask.nii.gz,2.5
ABIDE2,ABIDEII-KKI_1_sub-29384_ses-1_run-1,/work/ioannou_lab/elizabeth.szentmiklo/abide_data/derivatives/fmriprep/ABIDE2/UNKNOWN/sub-29384/ses-1/func/sub-29384_ses-1_task-rest_acq-rc8chan_run-1_space-MNI152NLin2009cAsym_desc-preproc_bold.nii.gz,/work/ioannou_lab/elizabeth.szentmiklo/abide_data/derivatives/fmriprep/ABIDE2/UNKNOWN/sub-29384/ses-1/func/sub-29384_ses-1_task-rest_acq-rc8chan_run-1_desc-confounds_regressors.tsv,/work/ioannou_lab/elizabeth.szentmiklo/abide_data/atlases/cc200/cc200_roi_atlas.nii.gz,/work/ioannou_lab/elizabeth.szentmiklo/abide_data/derivatives/fmriprep/ABIDE2/UNKNOWN/sub-29384/ses-1/func/sub-29384_ses-1_task-rest_acq-rc8chan_run-1_space-MNI152NLin2009cAsym_desc-brain_mask.nii.gz,2.5
ABIDE2,ABIDEII-KKI_1_sub-29385_ses-1_run-1,/work/ioannou_lab/elizabeth.szentmiklo/abide_data/derivatives/fmriprep/ABIDE2/UNKNOWN/sub-29385/ses-1/func/sub-29385_ses-1_task-rest_acq-rc8chan_run-1_space-MNI152NLin2009cAsym_desc-preproc_bold.nii.gz,/work/ioannou_lab/elizabeth.szentmiklo/abide_data/derivatives/fmriprep/ABIDE2/UNKNOWN/sub-29385/ses-1/func/sub-29385_ses-1_task-rest_acq-rc8chan_run-1_desc-confounds_regressors.tsv,/work/ioannou_lab/elizabeth.szentmiklo/abide_data/atlases/cc200/cc200_roi_atlas.nii.gz,/work/ioannou_lab/elizabeth.szentmiklo/abide_data/derivatives/fmriprep/ABIDE2/UNKNOWN/sub-29385/ses-1/func/sub-29385_ses-1_task-rest_acq-rc8chan_run-1_space-MNI152NLin2009cAsym_desc-brain_mask.nii.gz,2.5
ABIDE2,ABIDEII-KKI_1_sub-29386_ses-1_run-1,/work/ioannou_lab/elizabeth.szentmiklo/abide_data/derivatives/fmriprep/ABIDE2/UNKNOWN/sub-29386/ses-1/func/sub-29386_ses-1_task-rest_acq-rc8chan_run-1_space-MNI152NLin2009cAsym_desc-preproc_bold.nii.gz,/work/ioannou_lab/elizabeth.szentmiklo/abide_data/derivatives/fmriprep/ABIDE2/UNKNOWN/sub-29386/ses-1/func/sub-29386_ses-1_task-rest_acq-rc8chan_run-1_desc-confounds_regressors.tsv,/work/ioannou_lab/elizabeth.szentmiklo/abide_data/atlases/cc200/cc200_roi_atlas.nii.gz,/work/ioannou_lab/elizabeth.szentmiklo/abide_data/derivatives/fmriprep/ABIDE2/UNKNOWN/sub-29386/ses-1/func/sub-29386_ses-1_task-rest_acq-rc8chan_run-1_space-MNI152NLin2009cAsym_desc-brain_mask.nii.gz,2.5
ABIDE2,ABIDEII-KKI_1_sub-29387_ses-1_run-1,/work/ioannou_lab/elizabeth.szentmiklo/abide_data/derivatives/fmriprep/ABIDE2/UNKNOWN/sub-29387/ses-1/func/sub-29387_ses-1_task-rest_acq-rc8chan_run-1_space-MNI152NLin2009cAsym_desc-preproc_bold.nii.gz,/work/ioannou_lab/elizabeth.szentmiklo/abide_data/derivatives/fmriprep/ABIDE2/UNKNOWN/sub-29387/ses-1/func/sub-29387_ses-1_task-rest_acq-rc8chan_run-1_desc-confounds_regressors.tsv,/work/ioannou_lab/elizabeth.szentmiklo/abide_data/atlases/cc200/cc200_roi_atlas.nii.gz,/work/ioannou_lab/elizabeth.szentmiklo/abide_data/derivatives/fmriprep/ABIDE2/UNKNOWN/sub-29387/ses-1/func/sub-29387_ses-1_task-rest_acq-rc8chan_run-1_space-MNI152NLin2009cAsym_desc-brain_mask.nii.gz,2.5
ABIDE2,ABIDEII-KKI_1_sub-29389_ses-1_run-1,/work/ioannou_lab/elizabeth.szentmiklo/abide_data/derivatives/fmriprep/ABIDE2/UNKNOWN/sub-29389/ses-1/func/sub-29389_ses-1_task-rest_acq-rc8chan_run-1_space-MNI152NLin2009cAsym_desc-preproc_bold.nii.gz,/work/ioannou_lab/elizabeth.szentmiklo/abide_data/derivatives/fmriprep/ABIDE2/UNKNOWN/sub-29389/ses-1/func/sub-29389_ses-1_task-rest_acq-rc8chan_run-1_desc-confounds_regressors.tsv,/work/ioannou_lab/elizabeth.szentmiklo/abide_data/atlases/cc200/cc200_roi_atlas.nii.gz,/work/ioannou_lab/elizabeth.szentmiklo/abide_data/derivatives/fmriprep/ABIDE2/UNKNOWN/sub-29389/ses-1/func/sub-29389_ses-1_task-rest_acq-rc8chan_run-1_space-MNI152NLin2009cAsym_desc-brain_mask.nii.gz,2.5
ABIDE2,ABIDEII-KKI_1_sub-29390_ses-1_run-1,/work/ioannou_lab/elizabeth.szentmiklo/abide_data/derivatives/fmriprep/ABIDE2/UNKNOWN/sub-29390/ses-1/func/sub-29390_ses-1_task-rest_acq-rc8chan_run-1_space-MNI152NLin2009cAsym_desc-preproc_bold.nii.gz,/work/ioannou_lab/elizabeth.szentmiklo/abide_data/derivatives/fmriprep/ABIDE2/UNKNOWN/sub-29390/ses-1/func/sub-29390_ses-1_task-rest_acq-rc8chan_run-1_desc-confounds_regressors.tsv,/work/ioannou_lab/elizabeth.szentmiklo/abide_data/atlases/cc200/cc200_roi_atlas.nii.gz,/work/ioannou_lab/elizabeth.szentmiklo/abide_data/derivatives/fmriprep/ABIDE2/UNKNOWN/sub-29390/ses-1/func/sub-29390_ses-1_task-rest_acq-rc8chan_run-1_space-MNI152NLin2009cAsym_desc-brain_mask.nii.gz,2.5
ABIDE2,ABIDEII-KKI_1_sub-29391_ses-1_run-1,/work/ioannou_lab/elizabeth.szentmiklo/abide_data/derivatives/fmriprep/ABIDE2/UNKNOWN/sub-29391/ses-1/func/sub-29391_ses-1_task-rest_acq-rc8chan_run-1_space-MNI152NLin2009cAsym_desc-preproc_bold.nii.gz,/work/ioannou_lab/elizabeth.szentmiklo/abide_data/derivatives/fmriprep/ABIDE2/UNKNOWN/sub-29391/ses-1/func/sub-29391_ses-1_task-rest_acq-rc8chan_run-1_desc-confounds_regressors.tsv,/work/ioannou_lab/elizabeth.szentmiklo/abide_data/atlases/cc200/cc200_roi_atlas.nii.gz,/work/ioannou_lab/elizabeth.szentmiklo/abide_data/derivatives/fmriprep/ABIDE2/UNKNOWN/sub-29391/ses-1/func/sub-29391_ses-1_task-rest_acq-rc8chan_run-1_space-MNI152NLin2009cAsym_desc-brain_mask.nii.gz,2.5
ABIDE2,ABIDEII-KKI_1_sub-29392_ses-1_run-1,/work/ioannou_lab/elizabeth.szentmiklo/abide_data/derivatives/fmriprep/ABIDE2/UNKNOWN/sub-29392/ses-1/func/sub-29392_ses-1_task-rest_acq-rc8chan_run-1_space-MNI152NLin2009cAsym_desc-preproc_bold.nii.gz,/work/ioannou_lab/elizabeth.szentmiklo/abide_data/derivatives/fmriprep/ABIDE2/UNKNOWN/sub-29392/ses-1/func/sub-29392_ses-1_task-rest_acq-rc8chan_run-1_desc-confounds_regressors.tsv,/work/ioannou_lab/elizabeth.szentmiklo/abide_data/atlases/cc200/cc200_roi_atlas.nii.gz,/work/ioannou_lab/elizabeth.szentmiklo/abide_data/derivatives/fmriprep/ABIDE2/UNKNOWN/sub-29392/ses-1/func/sub-29392_ses-1_task-rest_acq-rc8chan_run-1_space-MNI152NLin2009cAsym_desc-brain_mask.nii.gz,2.5
ABIDE2,ABIDEII-KKI_1_sub-29393_ses-1_run-1,/work/ioannou_lab/elizabeth.szentmiklo/abide_data/derivatives/fmriprep/ABIDE2/UNKNOWN/sub-29393/ses-1/func/sub-29393_ses-1_task-rest_acq-rc8chan_run-1_space-MNI152NLin2009cAsym_desc-preproc_bold.nii.gz,/work/ioannou_lab/elizabeth.szentmiklo/abide_data/derivatives/fmriprep/ABIDE2/UNKNOWN/sub-29393/ses-1/func/sub-29393_ses-1_task-rest_acq-rc8chan_run-1_desc-confounds_regressors.tsv,/work/ioannou_lab/elizabeth.szentmiklo/abide_data/atlases/cc200/cc200_roi_atlas.nii.gz,/work/ioannou_lab/elizabeth.szentmiklo/abide_data/derivatives/fmriprep/ABIDE2/UNKNOWN/sub-29393/ses-1/func/sub-29393_ses-1_task-rest_acq-rc8chan_run-1_space-MNI152NLin2009cAsym_desc-brain_mask.nii.gz,2.5
ABIDE2,ABIDEII-KKI_1_sub-29394_ses-1_run-1,/work/ioannou_lab/elizabeth.szentmiklo/abide_data/derivatives/fmriprep/ABIDE2/UNKNOWN/sub-29394/ses-1/func/sub-29394_ses-1_task-rest_acq-rc8chan_run-1_space-MNI152NLin2009cAsym_desc-preproc_bold.nii.gz,/work/ioannou_lab/elizabeth.szentmiklo/abide_data/derivatives/fmriprep/ABIDE2/UNKNOWN/sub-29394/ses-1/func/sub-29394_ses-1_task-rest_acq-rc8chan_run-1_desc-confounds_regressors.tsv,/work/ioannou_lab/elizabeth.szentmiklo/abide_data/atlases/cc200/cc200_roi_atlas.nii.gz,/work/ioannou_lab/elizabeth.szentmiklo/abide_data/derivatives/fmriprep/ABIDE2/UNKNOWN/sub-29394/ses-1/func/sub-29394_ses-1_task-rest_acq-rc8chan_run-1_space-MNI152NLin2009cAsym_desc-brain_mask.nii.gz,2.5
ABIDE2,ABIDEII-KKI_1_sub-29396_ses-1_run-1,/work/ioannou_lab/elizabeth.szentmiklo/abide_data/derivatives/fmriprep/ABIDE2/UNKNOWN/sub-29396/ses-1/func/sub-29396_ses-1_task-rest_acq-rc8chan_run-1_space-MNI152NLin2009cAsym_desc-preproc_bold.nii.gz,/work/ioannou_lab/elizabeth.szentmiklo/abide_data/derivatives/fmriprep/ABIDE2/UNKNOWN/sub-29396/ses-1/func/sub-29396_ses-1_task-rest_acq-rc8chan_run-1_desc-confounds_regressors.tsv,/work/ioannou_lab/elizabeth.szentmiklo/abide_data/atlases/cc200/cc200_roi_atlas.nii.gz,/work/ioannou_lab/elizabeth.szentmiklo/abide_data/derivatives/fmriprep/ABIDE2/UNKNOWN/sub-29396/ses-1/func/sub-29396_ses-1_task-rest_acq-rc8chan_run-1_space-MNI152NLin2009cAsym_desc-brain_mask.nii.gz,2.5
ABIDE2,ABIDEII-KKI_1_sub-29397_ses-1_run-1,/work/ioannou_lab/elizabeth.szentmiklo/abide_data/derivatives/fmriprep/ABIDE2/UNKNOWN/sub-29397/ses-1/func/sub-29397_ses-1_task-rest_acq-rc8chan_run-1_space-MNI152NLin2009cAsym_desc-preproc_bold.nii.gz,/work/ioannou_lab/elizabeth.szentmiklo/abide_data/derivatives/fmriprep/ABIDE2/UNKNOWN/sub-29397/ses-1/func/sub-29397_ses-1_task-rest_acq-rc8chan_run-1_desc-confounds_regressors.tsv,/work/ioannou_lab/elizabeth.szentmiklo/abide_data/atlases/cc200/cc200_roi_atlas.nii.gz,/work/ioannou_lab/elizabeth.szentmiklo/abide_data/derivatives/fmriprep/ABIDE2/UNKNOWN/sub-29397/ses-1/func/sub-29397_ses-1_task-rest_acq-rc8chan_run-1_space-MNI152NLin2009cAsym_desc-brain_mask.nii.gz,2.5
ABIDE2,ABIDEII-KKI_1_sub-29399_ses-1_run-1,/work/ioannou_lab/elizabeth.szentmiklo/abide_data/derivatives/fmriprep/ABIDE2/UNKNOWN/sub-29399/ses-1/func/sub-29399_ses-1_task-rest_acq-rc8chan_run-1_space-MNI152NLin2009cAsym_desc-preproc_bold.nii.gz,/work/ioannou_lab/elizabeth.szentmiklo/abide_data/derivatives/fmriprep/ABIDE2/UNKNOWN/sub-29399/ses-1/func/sub-29399_ses-1_task-rest_acq-rc8chan_run-1_desc-confounds_regressors.tsv,/work/ioannou_lab/elizabeth.szentmiklo/abide_data/atlases/cc200/cc200_roi_atlas.nii.gz,/work/ioannou_lab/elizabeth.szentmiklo/abide_data/derivatives/fmriprep/ABIDE2/UNKNOWN/sub-29399/ses-1/func/sub-29399_ses-1_task-rest_acq-rc8chan_run-1_space-MNI152NLin2009cAsym_desc-brain_mask.nii.gz,2.5
ABIDE2,ABIDEII-KKI_1_sub-29400_ses-1_run-1,/work/ioannou_lab/elizabeth.szentmiklo/abide_data/derivatives/fmriprep/ABIDE2/UNKNOWN/sub-29400/ses-1/func/sub-29400_ses-1_task-rest_acq-rc8chan_run-1_space-MNI152NLin2009cAsym_desc-preproc_bold.nii.gz,/work/ioannou_lab/elizabeth.szentmiklo/abide_data/derivatives/fmriprep/ABIDE2/UNKNOWN/sub-29400/ses-1/func/sub-29400_ses-1_task-rest_acq-rc8chan_run-1_desc-confounds_regressors.tsv,/work/ioannou_lab/elizabeth.szentmiklo/abide_data/atlases/cc200/cc200_roi_atlas.nii.gz,/work/ioannou_lab/elizabeth.szentmiklo/abide_data/derivatives/fmriprep/ABIDE2/UNKNOWN/sub-29400/ses-1/func/sub-29400_ses-1_task-rest_acq-rc8chan_run-1_space-MNI152NLin2009cAsym_desc-brain_mask.nii.gz,2.5
ABIDE2,ABIDEII-KKI_1_sub-29401_ses-1_run-1,/work/ioannou_lab/elizabeth.szentmiklo/abide_data/derivatives/fmriprep/ABIDE2/UNKNOWN/sub-29401/ses-1/func/sub-29401_ses-1_task-rest_acq-rc8chan_run-1_space-MNI152NLin2009cAsym_desc-preproc_bold.nii.gz,/work/ioannou_lab/elizabeth.szentmiklo/abide_data/derivatives/fmriprep/ABIDE2/UNKNOWN/sub-29401/ses-1/func/sub-29401_ses-1_task-rest_acq-rc8chan_run-1_desc-confounds_regressors.tsv,/work/ioannou_lab/elizabeth.szentmiklo/abide_data/atlases/cc200/cc200_roi_atlas.nii.gz,/work/ioannou_lab/elizabeth.szentmiklo/abide_data/derivatives/fmriprep/ABIDE2/UNKNOWN/sub-29401/ses-1/func/sub-29401_ses-1_task-rest_acq-rc8chan_run-1_space-MNI152NLin2009cAsym_desc-brain_mask.nii.gz,2.5
ABIDE2,ABIDEII-KKI_1_sub-29403_ses-1_run-1,/work/ioannou_lab/elizabeth.szentmiklo/abide_data/derivatives/fmriprep/ABIDE2/UNKNOWN/sub-29403/ses-1/func/sub-29403_ses-1_task-rest_acq-rc8chan_run-1_space-MNI152NLin2009cAsym_desc-preproc_bold.nii.gz,/work/ioannou_lab/elizabeth.szentmiklo/abide_data/derivatives/fmriprep/ABIDE2/UNKNOWN/sub-29403/ses-1/func/sub-29403_ses-1_task-rest_acq-rc8chan_run-1_desc-confounds_regressors.tsv,/work/ioannou_lab/elizabeth.szentmiklo/abide_data/atlases/cc200/cc200_roi_atlas.nii.gz,/work/ioannou_lab/elizabeth.szentmiklo/abide_data/derivatives/fmriprep/ABIDE2/UNKNOWN/sub-29403/ses-1/func/sub-29403_ses-1_task-rest_acq-rc8chan_run-1_space-MNI152NLin2009cAsym_desc-brain_mask.nii.gz,2.5
ABIDE2,ABIDEII-KKI_1_sub-29404_ses-1_run-1,/work/ioannou_lab/elizabeth.szentmiklo/abide_data/derivatives/fmriprep/ABIDE2/UNKNOWN/sub-29404/ses-1/func/sub-29404_ses-1_task-rest_acq-rc8chan_run-1_space-MNI152NLin2009cAsym_desc-preproc_bold.nii.gz,/work/ioannou_lab/elizabeth.szentmiklo/abide_data/derivatives/fmriprep/ABIDE2/UNKNOWN/sub-29404/ses-1/func/sub-29404_ses-1_task-rest_acq-rc8chan_run-1_desc-confounds_regressors.tsv,/work/ioannou_lab/elizabeth.szentmiklo/abide_data/atlases/cc200/cc200_roi_atlas.nii.gz,/work/ioannou_lab/elizabeth.szentmiklo/abide_data/derivatives/fmriprep/ABIDE2/UNKNOWN/sub-29404/ses-1/func/sub-29404_ses-1_task-rest_acq-rc8chan_run-1_space-MNI152NLin2009cAsym_desc-brain_mask.nii.gz,2.5
ABIDE2,ABIDEII-KKI_1_sub-29405_ses-1_run-1,/work/ioannou_lab/elizabeth.szentmiklo/abide_data/derivatives/fmriprep/ABIDE2/UNKNOWN/sub-29405/ses-1/func/sub-29405_ses-1_task-rest_acq-rc32chan_run-1_space-MNI152NLin2009cAsym_desc-preproc_bold.nii.gz,/work/ioannou_lab/elizabeth.szentmiklo/abide_data/derivatives/fmriprep/ABIDE2/UNKNOWN/sub-29405/ses-1/func/sub-29405_ses-1_task-rest_acq-rc32chan_run-1_desc-confounds_regressors.tsv,/work/ioannou_lab/elizabeth.szentmiklo/abide_data/atlases/cc200/cc200_roi_atlas.nii.gz,/work/ioannou_lab/elizabeth.szentmiklo/abide_data/derivatives/fmriprep/ABIDE2/UNKNOWN/sub-29405/ses-1/func/sub-29405_ses-1_task-rest_acq-rc32chan_run-1_space-MNI152NLin2009cAsym_desc-brain_mask.nii.gz,2.5
ABIDE2,ABIDEII-KKI_1_sub-29407_ses-1_run-1,/work/ioannou_lab/elizabeth.szentmiklo/abide_data/derivatives/fmriprep/ABIDE2/UNKNOWN/sub-29407/ses-1/func/sub-29407_ses-1_task-rest_acq-rc32chan_run-1_space-MNI152NLin2009cAsym_desc-preproc_bold.nii.gz,/work/ioannou_lab/elizabeth.szentmiklo/abide_data/derivatives/fmriprep/ABIDE2/UNKNOWN/sub-29407/ses-1/func/sub-29407_ses-1_task-rest_acq-rc32chan_run-1_desc-confounds_regressors.tsv,/work/ioannou_lab/elizabeth.szentmiklo/abide_data/atlases/cc200/cc200_roi_atlas.nii.gz,/work/ioannou_lab/elizabeth.szentmiklo/abide_data/derivatives/fmriprep/ABIDE2/UNKNOWN/sub-29407/ses-1/func/sub-29407_ses-1_task-rest_acq-rc32chan_run-1_space-MNI152NLin2009cAsym_desc-brain_mask.nii.gz,2.5
ABIDE2,ABIDEII-KKI_1_sub-29408_ses-1_run-1,/work/ioannou_lab/elizabeth.szentmiklo/abide_data/derivatives/fmriprep/ABIDE2/UNKNOWN/sub-29408/ses-1/func/sub-29408_ses-1_task-rest_acq-rc8chan_run-1_space-MNI152NLin2009cAsym_desc-preproc_bold.nii.gz,/work/ioannou_lab/elizabeth.szentmiklo/abide_data/derivatives/fmriprep/ABIDE2/UNKNOWN/sub-29408/ses-1/func/sub-29408_ses-1_task-rest_acq-rc8chan_run-1_desc-confounds_regressors.tsv,/work/ioannou_lab/elizabeth.szentmiklo/abide_data/atlases/cc200/cc200_roi_atlas.nii.gz,/work/ioannou_lab/elizabeth.szentmiklo/abide_data/derivatives/fmriprep/ABIDE2/UNKNOWN/sub-29408/ses-1/func/sub-29408_ses-1_task-rest_acq-rc8chan_run-1_space-MNI152NLin2009cAsym_desc-brain_mask.nii.gz,2.5
ABIDE2,ABIDEII-KKI_1_sub-29409_ses-1_run-1,/work/ioannou_lab/elizabeth.szentmiklo/abide_data/derivatives/fmriprep/ABIDE2/UNKNOWN/sub-29409/ses-1/func/sub-29409_ses-1_task-rest_acq-rc32chan_run-1_space-MNI152NLin2009cAsym_desc-preproc_bold.nii.gz,/work/ioannou_lab/elizabeth.szentmiklo/abide_data/derivatives/fmriprep/ABIDE2/UNKNOWN/sub-29409/ses-1/func/sub-29409_ses-1_task-rest_acq-rc32chan_run-1_desc-confounds_regressors.tsv,/work/ioannou_lab/elizabeth.szentmiklo/abide_data/atlases/cc200/cc200_roi_atlas.nii.gz,/work/ioannou_lab/elizabeth.szentmiklo/abide_data/derivatives/fmriprep/ABIDE2/UNKNOWN/sub-29409/ses-1/func/sub-29409_ses-1_task-rest_acq-rc32chan_run-1_space-MNI152NLin2009cAsym_desc-brain_mask.nii.gz,2.5
ABIDE2,ABIDEII-KKI_1_sub-29410_ses-1_run-1,/work/ioannou_lab/elizabeth.szentmiklo/abide_data/derivatives/fmriprep/ABIDE2/UNKNOWN/sub-29410/ses-1/func/sub-29410_ses-1_task-rest_acq-rc8chan_run-1_space-MNI152NLin2009cAsym_desc-preproc_bold.nii.gz,/work/ioannou_lab/elizabeth.szentmiklo/abide_data/derivatives/fmriprep/ABIDE2/UNKNOWN/sub-29410/ses-1/func/sub-29410_ses-1_task-rest_acq-rc8chan_run-1_desc-confounds_regressors.tsv,/work/ioannou_lab/elizabeth.szentmiklo/abide_data/atlases/cc200/cc200_roi_atlas.nii.gz,/work/ioannou_lab/elizabeth.szentmiklo/abide_data/derivatives/fmriprep/ABIDE2/UNKNOWN/sub-29410/ses-1/func/sub-29410_ses-1_task-rest_acq-rc8chan_run-1_space-MNI152NLin2009cAsym_desc-brain_mask.nii.gz,2.5
ABIDE2,ABIDEII-KKI_1_sub-29411_ses-1_run-1,/work/ioannou_lab/elizabeth.szentmiklo/abide_data/derivatives/fmriprep/ABIDE2/UNKNOWN/sub-29411/ses-1/func/sub-29411_ses-1_task-rest_acq-rc32chan_run-1_space-MNI152NLin2009cAsym_desc-preproc_bold.nii.gz,/work/ioannou_lab/elizabeth.szentmiklo/abide_data/derivatives/fmriprep/ABIDE2/UNKNOWN/sub-29411/ses-1/func/sub-29411_ses-1_task-rest_acq-rc32chan_run-1_desc-confounds_regressors.tsv,/work/ioannou_lab/elizabeth.szentmiklo/abide_data/atlases/cc200/cc200_roi_atlas.nii.gz,/work/ioannou_lab/elizabeth.szentmiklo/abide_data/derivatives/fmriprep/ABIDE2/UNKNOWN/sub-29411/ses-1/func/sub-29411_ses-1_task-rest_acq-rc32chan_run-1_space-MNI152NLin2009cAsym_desc-brain_mask.nii.gz,2.5
ABIDE2,ABIDEII-KKI_1_sub-29412_ses-1_run-1,/work/ioannou_lab/elizabeth.szentmiklo/abide_data/derivatives/fmriprep/ABIDE2/UNKNOWN/sub-29412/ses-1/func/sub-29412_ses-1_task-rest_acq-rc32chan_run-1_space-MNI152NLin2009cAsym_desc-preproc_bold.nii.gz,/work/ioannou_lab/elizabeth.szentmiklo/abide_data/derivatives/fmriprep/ABIDE2/UNKNOWN/sub-29412/ses-1/func/sub-29412_ses-1_task-rest_acq-rc32chan_run-1_desc-confounds_regressors.tsv,/work/ioannou_lab/elizabeth.szentmiklo/abide_data/atlases/cc200/cc200_roi_atlas.nii.gz,/work/ioannou_lab/elizabeth.szentmiklo/abide_data/derivatives/fmriprep/ABIDE2/UNKNOWN/sub-29412/ses-1/func/sub-29412_ses-1_task-rest_acq-rc32chan_run-1_space-MNI152NLin2009cAsym_desc-brain_mask.nii.gz,2.5
ABIDE2,ABIDEII-KKI_1_sub-29413_ses-1_run-1,/work/ioannou_lab/elizabeth.szentmiklo/abide_data/derivatives/fmriprep/ABIDE2/UNKNOWN/sub-29413/ses-1/func/sub-29413_ses-1_task-rest_acq-rc32chan_run-1_space-MNI152NLin2009cAsym_desc-preproc_bold.nii.gz,/work/ioannou_lab/elizabeth.szentmiklo/abide_data/derivatives/fmriprep/ABIDE2/UNKNOWN/sub-29413/ses-1/func/sub-29413_ses-1_task-rest_acq-rc32chan_run-1_desc-confounds_regressors.tsv,/work/ioannou_lab/elizabeth.szentmiklo/abide_data/atlases/cc200/cc200_roi_atlas.nii.gz,/work/ioannou_lab/elizabeth.szentmiklo/abide_data/derivatives/fmriprep/ABIDE2/UNKNOWN/sub-29413/ses-1/func/sub-29413_ses-1_task-rest_acq-rc32chan_run-1_space-MNI152NLin2009cAsym_desc-brain_mask.nii.gz,2.5
ABIDE2,ABIDEII-KKI_1_sub-29414_ses-1_run-1,/work/ioannou_lab/elizabeth.szentmiklo/abide_data/derivatives/fmriprep/ABIDE2/UNKNOWN/sub-29414/ses-1/func/sub-29414_ses-1_task-rest_acq-rc32chan_run-1_space-MNI152NLin2009cAsym_desc-preproc_bold.nii.gz,/work/ioannou_lab/elizabeth.szentmiklo/abide_data/derivatives/fmriprep/ABIDE2/UNKNOWN/sub-29414/ses-1/func/sub-29414_ses-1_task-rest_acq-rc32chan_run-1_desc-confounds_regressors.tsv,/work/ioannou_lab/elizabeth.szentmiklo/abide_data/atlases/cc200/cc200_roi_atlas.nii.gz,/work/ioannou_lab/elizabeth.szentmiklo/abide_data/derivatives/fmriprep/ABIDE2/UNKNOWN/sub-29414/ses-1/func/sub-29414_ses-1_task-rest_acq-rc32chan_run-1_space-MNI152NLin2009cAsym_desc-brain_mask.nii.gz,2.5
ABIDE2,ABIDEII-KKI_1_sub-29415_ses-1_run-1,/work/ioannou_lab/elizabeth.szentmiklo/abide_data/derivatives/fmriprep/ABIDE2/UNKNOWN/sub-29415/ses-1/func/sub-29415_ses-1_task-rest_acq-rc8chan_run-1_space-MNI152NLin2009cAsym_desc-preproc_bold.nii.gz,/work/ioannou_lab/elizabeth.szentmiklo/abide_data/derivatives/fmriprep/ABIDE2/UNKNOWN/sub-29415/ses-1/func/sub-29415_ses-1_task-rest_acq-rc8chan_run-1_desc-confounds_regressors.tsv,/work/ioannou_lab/elizabeth.szentmiklo/abide_data/atlases/cc200/cc200_roi_atlas.nii.gz,/work/ioannou_lab/elizabeth.szentmiklo/abide_data/derivatives/fmriprep/ABIDE2/UNKNOWN/sub-29415/ses-1/func/sub-29415_ses-1_task-rest_acq-rc8chan_run-1_space-MNI152NLin2009cAsym_desc-brain_mask.nii.gz,2.5
ABIDE2,ABIDEII-KKI_1_sub-29416_ses-1_run-1,/work/ioannou_lab/elizabeth.szentmiklo/abide_data/derivatives/fmriprep/ABIDE2/UNKNOWN/sub-29416/ses-1/func/sub-29416_ses-1_task-rest_acq-rc32chan_run-1_space-MNI152NLin2009cAsym_desc-preproc_bold.nii.gz,/work/ioannou_lab/elizabeth.szentmiklo/abide_data/derivatives/fmriprep/ABIDE2/UNKNOWN/sub-29416/ses-1/func/sub-29416_ses-1_task-rest_acq-rc32chan_run-1_desc-confounds_regressors.tsv,/work/ioannou_lab/elizabeth.szentmiklo/abide_data/atlases/cc200/cc200_roi_atlas.nii.gz,/work/ioannou_lab/elizabeth.szentmiklo/abide_data/derivatives/fmriprep/ABIDE2/UNKNOWN/sub-29416/ses-1/func/sub-29416_ses-1_task-rest_acq-rc32chan_run-1_space-MNI152NLin2009cAsym_desc-brain_mask.nii.gz,2.5
ABIDE2,ABIDEII-KKI_1_sub-29417_ses-1_run-1,/work/ioannou_lab/elizabeth.szentmiklo/abide_data/derivatives/fmriprep/ABIDE2/UNKNOWN/sub-29417/ses-1/func/sub-29417_ses-1_task-rest_acq-rc32chan_run-1_space-MNI152NLin2009cAsym_desc-preproc_bold.nii.gz,/work/ioannou_lab/elizabeth.szentmiklo/abide_data/derivatives/fmriprep/ABIDE2/UNKNOWN/sub-29417/ses-1/func/sub-29417_ses-1_task-rest_acq-rc32chan_run-1_desc-confounds_regressors.tsv,/work/ioannou_lab/elizabeth.szentmiklo/abide_data/atlases/cc200/cc200_roi_atlas.nii.gz,/work/ioannou_lab/elizabeth.szentmiklo/abide_data/derivatives/fmriprep/ABIDE2/UNKNOWN/sub-29417/ses-1/func/sub-29417_ses-1_task-rest_acq-rc32chan_run-1_space-MNI152NLin2009cAsym_desc-brain_mask.nii.gz,2.5
ABIDE2,ABIDEII-KKI_1_sub-29418_ses-1_run-1,/work/ioannou_lab/elizabeth.szentmiklo/abide_data/derivatives/fmriprep/ABIDE2/UNKNOWN/sub-29418/ses-1/func/sub-29418_ses-1_task-rest_acq-rc32chan_run-1_space-MNI152NLin2009cAsym_desc-preproc_bold.nii.gz,/work/ioannou_lab/elizabeth.szentmiklo/abide_data/derivatives/fmriprep/ABIDE2/UNKNOWN/sub-29418/ses-1/func/sub-29418_ses-1_task-rest_acq-rc32chan_run-1_desc-confounds_regressors.tsv,/work/ioannou_lab/elizabeth.szentmiklo/abide_data/atlases/cc200/cc200_roi_atlas.nii.gz,/work/ioannou_lab/elizabeth.szentmiklo/abide_data/derivatives/fmriprep/ABIDE2/UNKNOWN/sub-29418/ses-1/func/sub-29418_ses-1_task-rest_acq-rc32chan_run-1_space-MNI152NLin2009cAsym_desc-brain_mask.nii.gz,2.5
ABIDE2,ABIDEII-KKI_1_sub-29419_ses-1_run-1,/work/ioannou_lab/elizabeth.szentmiklo/abide_data/derivatives/fmriprep/ABIDE2/UNKNOWN/sub-29419/ses-1/func/sub-29419_ses-1_task-rest_acq-rc32chan_run-1_space-MNI152NLin2009cAsym_desc-preproc_bold.nii.gz,/work/ioannou_lab/elizabeth.szentmiklo/abide_data/derivatives/fmriprep/ABIDE2/UNKNOWN/sub-29419/ses-1/func/sub-29419_ses-1_task-rest_acq-rc32chan_run-1_desc-confounds_regressors.tsv,/work/ioannou_lab/elizabeth.szentmiklo/abide_data/atlases/cc200/cc200_roi_atlas.nii.gz,/work/ioannou_lab/elizabeth.szentmiklo/abide_data/derivatives/fmriprep/ABIDE2/UNKNOWN/sub-29419/ses-1/func/sub-29419_ses-1_task-rest_acq-rc32chan_run-1_space-MNI152NLin2009cAsym_desc-brain_mask.nii.gz,2.5
ABIDE2,ABIDEII-KKI_1_sub-29420_ses-1_run-1,/work/ioannou_lab/elizabeth.szentmiklo/abide_data/derivatives/fmriprep/ABIDE2/UNKNOWN/sub-29420/ses-1/func/sub-29420_ses-1_task-rest_acq-rc8chan_run-1_space-MNI152NLin2009cAsym_desc-preproc_bold.nii.gz,/work/ioannou_lab/elizabeth.szentmiklo/abide_data/derivatives/fmriprep/ABIDE2/UNKNOWN/sub-29420/ses-1/func/sub-29420_ses-1_task-rest_acq-rc8chan_run-1_desc-confounds_regressors.tsv,/work/ioannou_lab/elizabeth.szentmiklo/abide_data/atlases/cc200/cc200_roi_atlas.nii.gz,/work/ioannou_lab/elizabeth.szentmiklo/abide_data/derivatives/fmriprep/ABIDE2/UNKNOWN/sub-29420/ses-1/func/sub-29420_ses-1_task-rest_acq-rc8chan_run-1_space-MNI152NLin2009cAsym_desc-brain_mask.nii.gz,2.5
ABIDE2,ABIDEII-KKI_1_sub-29421_ses-1_run-1,/work/ioannou_lab/elizabeth.szentmiklo/abide_data/derivatives/fmriprep/ABIDE2/UNKNOWN/sub-29421/ses-1/func/sub-29421_ses-1_task-rest_acq-rc32chan_run-1_space-MNI152NLin2009cAsym_desc-preproc_bold.nii.gz,/work/ioannou_lab/elizabeth.szentmiklo/abide_data/derivatives/fmriprep/ABIDE2/UNKNOWN/sub-29421/ses-1/func/sub-29421_ses-1_task-rest_acq-rc32chan_run-1_desc-confounds_regressors.tsv,/work/ioannou_lab/elizabeth.szentmiklo/abide_data/atlases/cc200/cc200_roi_atlas.nii.gz,/work/ioannou_lab/elizabeth.szentmiklo/abide_data/derivatives/fmriprep/ABIDE2/UNKNOWN/sub-29421/ses-1/func/sub-29421_ses-1_task-rest_acq-rc32chan_run-1_space-MNI152NLin2009cAsym_desc-brain_mask.nii.gz,2.5
ABIDE2,ABIDEII-KKI_1_sub-29422_ses-1_run-1,/work/ioannou_lab/elizabeth.szentmiklo/abide_data/derivatives/fmriprep/ABIDE2/UNKNOWN/sub-29422/ses-1/func/sub-29422_ses-1_task-rest_acq-rc8chan_run-1_space-MNI152NLin2009cAsym_desc-preproc_bold.nii.gz,/work/ioannou_lab/elizabeth.szentmiklo/abide_data/derivatives/fmriprep/ABIDE2/UNKNOWN/sub-29422/ses-1/func/sub-29422_ses-1_task-rest_acq-rc8chan_run-1_desc-confounds_regressors.tsv,/work/ioannou_lab/elizabeth.szentmiklo/abide_data/atlases/cc200/cc200_roi_atlas.nii.gz,/work/ioannou_lab/elizabeth.szentmiklo/abide_data/derivatives/fmriprep/ABIDE2/UNKNOWN/sub-29422/ses-1/func/sub-29422_ses-1_task-rest_acq-rc8chan_run-1_space-MNI152NLin2009cAsym_desc-brain_mask.nii.gz,2.5
ABIDE2,ABIDEII-KKI_1_sub-29423_ses-1_run-1,/work/ioannou_lab/elizabeth.szentmiklo/abide_data/derivatives/fmriprep/ABIDE2/UNKNOWN/sub-29423/ses-1/func/sub-29423_ses-1_task-rest_acq-rc32chan_run-1_space-MNI152NLin2009cAsym_desc-preproc_bold.nii.gz,/work/ioannou_lab/elizabeth.szentmiklo/abide_data/derivatives/fmriprep/ABIDE2/UNKNOWN/sub-29423/ses-1/func/sub-29423_ses-1_task-rest_acq-rc32chan_run-1_desc-confounds_regressors.tsv,/work/ioannou_lab/elizabeth.szentmiklo/abide_data/atlases/cc200/cc200_roi_atlas.nii.gz,/work/ioannou_lab/elizabeth.szentmiklo/abide_data/derivatives/fmriprep/ABIDE2/UNKNOWN/sub-29423/ses-1/func/sub-29423_ses-1_task-rest_acq-rc32chan_run-1_space-MNI152NLin2009cAsym_desc-brain_mask.nii.gz,2.5
ABIDE2,ABIDEII-KKI_1_sub-29424_ses-1_run-1,/work/ioannou_lab/elizabeth.szentmiklo/abide_data/derivatives/fmriprep/ABIDE2/UNKNOWN/sub-29424/ses-1/func/sub-29424_ses-1_task-rest_acq-rc8chan_run-1_space-MNI152NLin2009cAsym_desc-preproc_bold.nii.gz,/work/ioannou_lab/elizabeth.szentmiklo/abide_data/derivatives/fmriprep/ABIDE2/UNKNOWN/sub-29424/ses-1/func/sub-29424_ses-1_task-rest_acq-rc8chan_run-1_desc-confounds_regressors.tsv,/work/ioannou_lab/elizabeth.szentmiklo/abide_data/atlases/cc200/cc200_roi_atlas.nii.gz,/work/ioannou_lab/elizabeth.szentmiklo/abide_data/derivatives/fmriprep/ABIDE2/UNKNOWN/sub-29424/ses-1/func/sub-29424_ses-1_task-rest_acq-rc8chan_run-1_space-MNI152NLin2009cAsym_desc-brain_mask.nii.gz,2.5
ABIDE2,ABIDEII-KKI_1_sub-29425_ses-1_run-1,/work/ioannou_lab/elizabeth.szentmiklo/abide_data/derivatives/fmriprep/ABIDE2/UNKNOWN/sub-29425/ses-1/func/sub-29425_ses-1_task-rest_acq-rc32chan_run-1_space-MNI152NLin2009cAsym_desc-preproc_bold.nii.gz,/work/ioannou_lab/elizabeth.szentmiklo/abide_data/derivatives/fmriprep/ABIDE2/UNKNOWN/sub-29425/ses-1/func/sub-29425_ses-1_task-rest_acq-rc32chan_run-1_desc-confounds_regressors.tsv,/work/ioannou_lab/elizabeth.szentmiklo/abide_data/atlases/cc200/cc200_roi_atlas.nii.gz,/work/ioannou_lab/elizabeth.szentmiklo/abide_data/derivatives/fmriprep/ABIDE2/UNKNOWN/sub-29425/ses-1/func/sub-29425_ses-1_task-rest_acq-rc32chan_run-1_space-MNI152NLin2009cAsym_desc-brain_mask.nii.gz,2.5
ABIDE2,ABIDEII-KKI_1_sub-29427_ses-1_run-1,/work/ioannou_lab/elizabeth.szentmiklo/abide_data/derivatives/fmriprep/ABIDE2/UNKNOWN/sub-29427/ses-1/func/sub-29427_ses-1_task-rest_acq-rc32chan_run-1_space-MNI152NLin2009cAsym_desc-preproc_bold.nii.gz,/work/ioannou_lab/elizabeth.szentmiklo/abide_data/derivatives/fmriprep/ABIDE2/UNKNOWN/sub-29427/ses-1/func/sub-29427_ses-1_task-rest_acq-rc32chan_run-1_desc-confounds_regressors.tsv,/work/ioannou_lab/elizabeth.szentmiklo/abide_data/atlases/cc200/cc200_roi_atlas.nii.gz,/work/ioannou_lab/elizabeth.szentmiklo/abide_data/derivatives/fmriprep/ABIDE2/UNKNOWN/sub-29427/ses-1/func/sub-29427_ses-1_task-rest_acq-rc32chan_run-1_space-MNI152NLin2009cAsym_desc-brain_mask.nii.gz,2.5
ABIDE2,ABIDEII-KKI_1_sub-29428_ses-1_run-1,/work/ioannou_lab/elizabeth.szentmiklo/abide_data/derivatives/fmriprep/ABIDE2/UNKNOWN/sub-29428/ses-1/func/sub-29428_ses-1_task-rest_acq-rc32chan_run-1_space-MNI152NLin2009cAsym_desc-preproc_bold.nii.gz,/work/ioannou_lab/elizabeth.szentmiklo/abide_data/derivatives/fmriprep/ABIDE2/UNKNOWN/sub-29428/ses-1/func/sub-29428_ses-1_task-rest_acq-rc32chan_run-1_desc-confounds_regressors.tsv,/work/ioannou_lab/elizabeth.szentmiklo/abide_data/atlases/cc200/cc200_roi_atlas.nii.gz,/work/ioannou_lab/elizabeth.szentmiklo/abide_data/derivatives/fmriprep/ABIDE2/UNKNOWN/sub-29428/ses-1/func/sub-29428_ses-1_task-rest_acq-rc32chan_run-1_space-MNI152NLin2009cAsym_desc-brain_mask.nii.gz,2.5
ABIDE2,ABIDEII-KKI_1_sub-29429_ses-1_run-1,/work/ioannou_lab/elizabeth.szentmiklo/abide_data/derivatives/fmriprep/ABIDE2/UNKNOWN/sub-29429/ses-1/func/sub-29429_ses-1_task-rest_acq-rc32chan_run-1_space-MNI152NLin2009cAsym_desc-preproc_bold.nii.gz,/work/ioannou_lab/elizabeth.szentmiklo/abide_data/derivatives/fmriprep/ABIDE2/UNKNOWN/sub-29429/ses-1/func/sub-29429_ses-1_task-rest_acq-rc32chan_run-1_desc-confounds_regressors.tsv,/work/ioannou_lab/elizabeth.szentmiklo/abide_data/atlases/cc200/cc200_roi_atlas.nii.gz,/work/ioannou_lab/elizabeth.szentmiklo/abide_data/derivatives/fmriprep/ABIDE2/UNKNOWN/sub-29429/ses-1/func/sub-29429_ses-1_task-rest_acq-rc32chan_run-1_space-MNI152NLin2009cAsym_desc-brain_mask.nii.gz,2.5
ABIDE2,ABIDEII-KKI_1_sub-29430_ses-1_run-1,/work/ioannou_lab/elizabeth.szentmiklo/abide_data/derivatives/fmriprep/ABIDE2/UNKNOWN/sub-29430/ses-1/func/sub-29430_ses-1_task-rest_acq-rc32chan_run-1_space-MNI152NLin2009cAsym_desc-preproc_bold.nii.gz,/work/ioannou_lab/elizabeth.szentmiklo/abide_data/derivatives/fmriprep/ABIDE2/UNKNOWN/sub-29430/ses-1/func/sub-29430_ses-1_task-rest_acq-rc32chan_run-1_desc-confounds_regressors.tsv,/work/ioannou_lab/elizabeth.szentmiklo/abide_data/atlases/cc200/cc200_roi_atlas.nii.gz,/work/ioannou_lab/elizabeth.szentmiklo/abide_data/derivatives/fmriprep/ABIDE2/UNKNOWN/sub-29430/ses-1/func/sub-29430_ses-1_task-rest_acq-rc32chan_run-1_space-MNI152NLin2009cAsym_desc-brain_mask.nii.gz,2.5
ABIDE2,ABIDEII-KKI_1_sub-29431_ses-1_run-1,/work/ioannou_lab/elizabeth.szentmiklo/abide_data/derivatives/fmriprep/ABIDE2/UNKNOWN/sub-29431/ses-1/func/sub-29431_ses-1_task-rest_acq-rc32chan_run-1_space-MNI152NLin2009cAsym_desc-preproc_bold.nii.gz,/work/ioannou_lab/elizabeth.szentmiklo/abide_data/derivatives/fmriprep/ABIDE2/UNKNOWN/sub-29431/ses-1/func/sub-29431_ses-1_task-rest_acq-rc32chan_run-1_desc-confounds_regressors.tsv,/work/ioannou_lab/elizabeth.szentmiklo/abide_data/atlases/cc200/cc200_roi_atlas.nii.gz,/work/ioannou_lab/elizabeth.szentmiklo/abide_data/derivatives/fmriprep/ABIDE2/UNKNOWN/sub-29431/ses-1/func/sub-29431_ses-1_task-rest_acq-rc32chan_run-1_space-MNI152NLin2009cAsym_desc-brain_mask.nii.gz,2.5
ABIDE2,ABIDEII-KKI_1_sub-29432_ses-1_run-1,/work/ioannou_lab/elizabeth.szentmiklo/abide_data/derivatives/fmriprep/ABIDE2/UNKNOWN/sub-29432/ses-1/func/sub-29432_ses-1_task-rest_acq-rc8chan_run-1_space-MNI152NLin2009cAsym_desc-preproc_bold.nii.gz,/work/ioannou_lab/elizabeth.szentmiklo/abide_data/derivatives/fmriprep/ABIDE2/UNKNOWN/sub-29432/ses-1/func/sub-29432_ses-1_task-rest_acq-rc8chan_run-1_desc-confounds_regressors.tsv,/work/ioannou_lab/elizabeth.szentmiklo/abide_data/atlases/cc200/cc200_roi_atlas.nii.gz,/work/ioannou_lab/elizabeth.szentmiklo/abide_data/derivatives/fmriprep/ABIDE2/UNKNOWN/sub-29432/ses-1/func/sub-29432_ses-1_task-rest_acq-rc8chan_run-1_space-MNI152NLin2009cAsym_desc-brain_mask.nii.gz,2.5
ABIDE2,ABIDEII-KKI_1_sub-29434_ses-1_run-1,/work/ioannou_lab/elizabeth.szentmiklo/abide_data/derivatives/fmriprep/ABIDE2/UNKNOWN/sub-29434/ses-1/func/sub-29434_ses-1_task-rest_acq-rc8chan_run-1_space-MNI152NLin2009cAsym_desc-preproc_bold.nii.gz,/work/ioannou_lab/elizabeth.szentmiklo/abide_data/derivatives/fmriprep/ABIDE2/UNKNOWN/sub-29434/ses-1/func/sub-29434_ses-1_task-rest_acq-rc8chan_run-1_desc-confounds_regressors.tsv,/work/ioannou_lab/elizabeth.szentmiklo/abide_data/atlases/cc200/cc200_roi_atlas.nii.gz,/work/ioannou_lab/elizabeth.szentmiklo/abide_data/derivatives/fmriprep/ABIDE2/UNKNOWN/sub-29434/ses-1/func/sub-29434_ses-1_task-rest_acq-rc8chan_run-1_space-MNI152NLin2009cAsym_desc-brain_mask.nii.gz,2.5
ABIDE2,ABIDEII-KKI_1_sub-29435_ses-1_run-1,/work/ioannou_lab/elizabeth.szentmiklo/abide_data/derivatives/fmriprep/ABIDE2/UNKNOWN/sub-29435/ses-1/func/sub-29435_ses-1_task-rest_acq-rc32chan_run-1_space-MNI152NLin2009cAsym_desc-preproc_bold.nii.gz,/work/ioannou_lab/elizabeth.szentmiklo/abide_data/derivatives/fmriprep/ABIDE2/UNKNOWN/sub-29435/ses-1/func/sub-29435_ses-1_task-rest_acq-rc32chan_run-1_desc-confounds_regressors.tsv,/work/ioannou_lab/elizabeth.szentmiklo/abide_data/atlases/cc200/cc200_roi_atlas.nii.gz,/work/ioannou_lab/elizabeth.szentmiklo/abide_data/derivatives/fmriprep/ABIDE2/UNKNOWN/sub-29435/ses-1/func/sub-29435_ses-1_task-rest_acq-rc32chan_run-1_space-MNI152NLin2009cAsym_desc-brain_mask.nii.gz,2.5
ABIDE2,ABIDEII-KKI_1_sub-29436_ses-1_run-1,/work/ioannou_lab/elizabeth.szentmiklo/abide_data/derivatives/fmriprep/ABIDE2/UNKNOWN/sub-29436/ses-1/func/sub-29436_ses-1_task-rest_acq-rc8chan_run-1_space-MNI152NLin2009cAsym_desc-preproc_bold.nii.gz,/work/ioannou_lab/elizabeth.szentmiklo/abide_data/derivatives/fmriprep/ABIDE2/UNKNOWN/sub-29436/ses-1/func/sub-29436_ses-1_task-rest_acq-rc8chan_run-1_desc-confounds_regressors.tsv,/work/ioannou_lab/elizabeth.szentmiklo/abide_data/atlases/cc200/cc200_roi_atlas.nii.gz,/work/ioannou_lab/elizabeth.szentmiklo/abide_data/derivatives/fmriprep/ABIDE2/UNKNOWN/sub-29436/ses-1/func/sub-29436_ses-1_task-rest_acq-rc8chan_run-1_space-MNI152NLin2009cAsym_desc-brain_mask.nii.gz,2.5
ABIDE2,ABIDEII-KKI_1_sub-29437_ses-1_run-1,/work/ioannou_lab/elizabeth.szentmiklo/abide_data/derivatives/fmriprep/ABIDE2/UNKNOWN/sub-29437/ses-1/func/sub-29437_ses-1_task-rest_acq-rc8chan_run-1_space-MNI152NLin2009cAsym_desc-preproc_bold.nii.gz,/work/ioannou_lab/elizabeth.szentmiklo/abide_data/derivatives/fmriprep/ABIDE2/UNKNOWN/sub-29437/ses-1/func/sub-29437_ses-1_task-rest_acq-rc8chan_run-1_desc-confounds_regressors.tsv,/work/ioannou_lab/elizabeth.szentmiklo/abide_data/atlases/cc200/cc200_roi_atlas.nii.gz,/work/ioannou_lab/elizabeth.szentmiklo/abide_data/derivatives/fmriprep/ABIDE2/UNKNOWN/sub-29437/ses-1/func/sub-29437_ses-1_task-rest_acq-rc8chan_run-1_space-MNI152NLin2009cAsym_desc-brain_mask.nii.gz,2.5
ABIDE2,ABIDEII-KKI_1_sub-29438_ses-1_run-1,/work/ioannou_lab/elizabeth.szentmiklo/abide_data/derivatives/fmriprep/ABIDE2/UNKNOWN/sub-29438/ses-1/func/sub-29438_ses-1_task-rest_acq-rc8chan_run-1_space-MNI152NLin2009cAsym_desc-preproc_bold.nii.gz,/work/ioannou_lab/elizabeth.szentmiklo/abide_data/derivatives/fmriprep/ABIDE2/UNKNOWN/sub-29438/ses-1/func/sub-29438_ses-1_task-rest_acq-rc8chan_run-1_desc-confounds_regressors.tsv,/work/ioannou_lab/elizabeth.szentmiklo/abide_data/atlases/cc200/cc200_roi_atlas.nii.gz,/work/ioannou_lab/elizabeth.szentmiklo/abide_data/derivatives/fmriprep/ABIDE2/UNKNOWN/sub-29438/ses-1/func/sub-29438_ses-1_task-rest_acq-rc8chan_run-1_space-MNI152NLin2009cAsym_desc-brain_mask.nii.gz,2.5
ABIDE2,ABIDEII-KKI_1_sub-29439_ses-1_run-1,/work/ioannou_lab/elizabeth.szentmiklo/abide_data/derivatives/fmriprep/ABIDE2/UNKNOWN/sub-29439/ses-1/func/sub-29439_ses-1_task-rest_acq-rc8chan_run-1_space-MNI152NLin2009cAsym_desc-preproc_bold.nii.gz,/work/ioannou_lab/elizabeth.szentmiklo/abide_data/derivatives/fmriprep/ABIDE2/UNKNOWN/sub-29439/ses-1/func/sub-29439_ses-1_task-rest_acq-rc8chan_run-1_desc-confounds_regressors.tsv,/work/ioannou_lab/elizabeth.szentmiklo/abide_data/atlases/cc200/cc200_roi_atlas.nii.gz,/work/ioannou_lab/elizabeth.szentmiklo/abide_data/derivatives/fmriprep/ABIDE2/UNKNOWN/sub-29439/ses-1/func/sub-29439_ses-1_task-rest_acq-rc8chan_run-1_space-MNI152NLin2009cAsym_desc-brain_mask.nii.gz,2.5
ABIDE2,ABIDEII-KKI_1_sub-29441_ses-1_run-1,/work/ioannou_lab/elizabeth.szentmiklo/abide_data/derivatives/fmriprep/ABIDE2/UNKNOWN/sub-29441/ses-1/func/sub-29441_ses-1_task-rest_acq-rc8chan_run-1_space-MNI152NLin2009cAsym_desc-preproc_bold.nii.gz,/work/ioannou_lab/elizabeth.szentmiklo/abide_data/derivatives/fmriprep/ABIDE2/UNKNOWN/sub-29441/ses-1/func/sub-29441_ses-1_task-rest_acq-rc8chan_run-1_desc-confounds_regressors.tsv,/work/ioannou_lab/elizabeth.szentmiklo/abide_data/atlases/cc200/cc200_roi_atlas.nii.gz,/work/ioannou_lab/elizabeth.szentmiklo/abide_data/derivatives/fmriprep/ABIDE2/UNKNOWN/sub-29441/ses-1/func/sub-29441_ses-1_task-rest_acq-rc8chan_run-1_space-MNI152NLin2009cAsym_desc-brain_mask.nii.gz,2.5
ABIDE2,ABIDEII-KKI_1_sub-29442_ses-1_run-1,/work/ioannou_lab/elizabeth.szentmiklo/abide_data/derivatives/fmriprep/ABIDE2/UNKNOWN/sub-29442/ses-1/func/sub-29442_ses-1_task-rest_acq-rc8chan_run-1_space-MNI152NLin2009cAsym_desc-preproc_bold.nii.gz,/work/ioannou_lab/elizabeth.szentmiklo/abide_data/derivatives/fmriprep/ABIDE2/UNKNOWN/sub-29442/ses-1/func/sub-29442_ses-1_task-rest_acq-rc8chan_run-1_desc-confounds_regressors.tsv,/work/ioannou_lab/elizabeth.szentmiklo/abide_data/atlases/cc200/cc200_roi_atlas.nii.gz,/work/ioannou_lab/elizabeth.szentmiklo/abide_data/derivatives/fmriprep/ABIDE2/UNKNOWN/sub-29442/ses-1/func/sub-29442_ses-1_task-rest_acq-rc8chan_run-1_space-MNI152NLin2009cAsym_desc-brain_mask.nii.gz,2.5
ABIDE2,ABIDEII-KKI_1_sub-29443_ses-1_run-1,/work/ioannou_lab/elizabeth.szentmiklo/abide_data/derivatives/fmriprep/ABIDE2/UNKNOWN/sub-29443/ses-1/func/sub-29443_ses-1_task-rest_acq-rc32chan_run-1_space-MNI152NLin2009cAsym_desc-preproc_bold.nii.gz,/work/ioannou_lab/elizabeth.szentmiklo/abide_data/derivatives/fmriprep/ABIDE2/UNKNOWN/sub-29443/ses-1/func/sub-29443_ses-1_task-rest_acq-rc32chan_run-1_desc-confounds_regressors.tsv,/work/ioannou_lab/elizabeth.szentmiklo/abide_data/atlases/cc200/cc200_roi_atlas.nii.gz,/work/ioannou_lab/elizabeth.szentmiklo/abide_data/derivatives/fmriprep/ABIDE2/UNKNOWN/sub-29443/ses-1/func/sub-29443_ses-1_task-rest_acq-rc32chan_run-1_space-MNI152NLin2009cAsym_desc-brain_mask.nii.gz,2.5
ABIDE2,ABIDEII-KKI_1_sub-29444_ses-1_run-1,/work/ioannou_lab/elizabeth.szentmiklo/abide_data/derivatives/fmriprep/ABIDE2/UNKNOWN/sub-29444/ses-1/func/sub-29444_ses-1_task-rest_acq-rc32chan_run-1_space-MNI152NLin2009cAsym_desc-preproc_bold.nii.gz,/work/ioannou_lab/elizabeth.szentmiklo/abide_data/derivatives/fmriprep/ABIDE2/UNKNOWN/sub-29444/ses-1/func/sub-29444_ses-1_task-rest_acq-rc32chan_run-1_desc-confounds_regressors.tsv,/work/ioannou_lab/elizabeth.szentmiklo/abide_data/atlases/cc200/cc200_roi_atlas.nii.gz,/work/ioannou_lab/elizabeth.szentmiklo/abide_data/derivatives/fmriprep/ABIDE2/UNKNOWN/sub-29444/ses-1/func/sub-29444_ses-1_task-rest_acq-rc32chan_run-1_space-MNI152NLin2009cAsym_desc-brain_mask.nii.gz,2.5
ABIDE2,ABIDEII-KKI_1_sub-29445_ses-1_run-1,/work/ioannou_lab/elizabeth.szentmiklo/abide_data/derivatives/fmriprep/ABIDE2/UNKNOWN/sub-29445/ses-1/func/sub-29445_ses-1_task-rest_acq-rc8chan_run-1_space-MNI152NLin2009cAsym_desc-preproc_bold.nii.gz,/work/ioannou_lab/elizabeth.szentmiklo/abide_data/derivatives/fmriprep/ABIDE2/UNKNOWN/sub-29445/ses-1/func/sub-29445_ses-1_task-rest_acq-rc8chan_run-1_desc-confounds_regressors.tsv,/work/ioannou_lab/elizabeth.szentmiklo/abide_data/atlases/cc200/cc200_roi_atlas.nii.gz,/work/ioannou_lab/elizabeth.szentmiklo/abide_data/derivatives/fmriprep/ABIDE2/UNKNOWN/sub-29445/ses-1/func/sub-29445_ses-1_task-rest_acq-rc8chan_run-1_space-MNI152NLin2009cAsym_desc-brain_mask.nii.gz,2.5
ABIDE2,ABIDEII-KKI_1_sub-29446_ses-1_run-1,/work/ioannou_lab/elizabeth.szentmiklo/abide_data/derivatives/fmriprep/ABIDE2/UNKNOWN/sub-29446/ses-1/func/sub-29446_ses-1_task-rest_acq-rc8chan_run-1_space-MNI152NLin2009cAsym_desc-preproc_bold.nii.gz,/work/ioannou_lab/elizabeth.szentmiklo/abide_data/derivatives/fmriprep/ABIDE2/UNKNOWN/sub-29446/ses-1/func/sub-29446_ses-1_task-rest_acq-rc8chan_run-1_desc-confounds_regressors.tsv,/work/ioannou_lab/elizabeth.szentmiklo/abide_data/atlases/cc200/cc200_roi_atlas.nii.gz,/work/ioannou_lab/elizabeth.szentmiklo/abide_data/derivatives/fmriprep/ABIDE2/UNKNOWN/sub-29446/ses-1/func/sub-29446_ses-1_task-rest_acq-rc8chan_run-1_space-MNI152NLin2009cAsym_desc-brain_mask.nii.gz,2.5
ABIDE2,ABIDEII-KKI_1_sub-29447_ses-1_run-1,/work/ioannou_lab/elizabeth.szentmiklo/abide_data/derivatives/fmriprep/ABIDE2/UNKNOWN/sub-29447/ses-1/func/sub-29447_ses-1_task-rest_acq-rc32chan_run-1_space-MNI152NLin2009cAsym_desc-preproc_bold.nii.gz,/work/ioannou_lab/elizabeth.szentmiklo/abide_data/derivatives/fmriprep/ABIDE2/UNKNOWN/sub-29447/ses-1/func/sub-29447_ses-1_task-rest_acq-rc32chan_run-1_desc-confounds_regressors.tsv,/work/ioannou_lab/elizabeth.szentmiklo/abide_data/atlases/cc200/cc200_roi_atlas.nii.gz,/work/ioannou_lab/elizabeth.szentmiklo/abide_data/derivatives/fmriprep/ABIDE2/UNKNOWN/sub-29447/ses-1/func/sub-29447_ses-1_task-rest_acq-rc32chan_run-1_space-MNI152NLin2009cAsym_desc-brain_mask.nii.gz,2.5
ABIDE2,ABIDEII-KKI_1_sub-29448_ses-1_run-1,/work/ioannou_lab/elizabeth.szentmiklo/abide_data/derivatives/fmriprep/ABIDE2/UNKNOWN/sub-29448/ses-1/func/sub-29448_ses-1_task-rest_acq-rc32chan_run-1_space-MNI152NLin2009cAsym_desc-preproc_bold.nii.gz,/work/ioannou_lab/elizabeth.szentmiklo/abide_data/derivatives/fmriprep/ABIDE2/UNKNOWN/sub-29448/ses-1/func/sub-29448_ses-1_task-rest_acq-rc32chan_run-1_desc-confounds_regressors.tsv,/work/ioannou_lab/elizabeth.szentmiklo/abide_data/atlases/cc200/cc200_roi_atlas.nii.gz,/work/ioannou_lab/elizabeth.szentmiklo/abide_data/derivatives/fmriprep/ABIDE2/UNKNOWN/sub-29448/ses-1/func/sub-29448_ses-1_task-rest_acq-rc32chan_run-1_space-MNI152NLin2009cAsym_desc-brain_mask.nii.gz,2.5
ABIDE2,ABIDEII-KKI_1_sub-29449_ses-1_run-1,/work/ioannou_lab/elizabeth.szentmiklo/abide_data/derivatives/fmriprep/ABIDE2/UNKNOWN/sub-29449/ses-1/func/sub-29449_ses-1_task-rest_acq-rc32chan_run-1_space-MNI152NLin2009cAsym_desc-preproc_bold.nii.gz,/work/ioannou_lab/elizabeth.szentmiklo/abide_data/derivatives/fmriprep/ABIDE2/UNKNOWN/sub-29449/ses-1/func/sub-29449_ses-1_task-rest_acq-rc32chan_run-1_desc-confounds_regressors.tsv,/work/ioannou_lab/elizabeth.szentmiklo/abide_data/atlases/cc200/cc200_roi_atlas.nii.gz,/work/ioannou_lab/elizabeth.szentmiklo/abide_data/derivatives/fmriprep/ABIDE2/UNKNOWN/sub-29449/ses-1/func/sub-29449_ses-1_task-rest_acq-rc32chan_run-1_space-MNI152NLin2009cAsym_desc-brain_mask.nii.gz,2.5
ABIDE2,ABIDEII-KKI_1_sub-29450_ses-1_run-1,/work/ioannou_lab/elizabeth.szentmiklo/abide_data/derivatives/fmriprep/ABIDE2/UNKNOWN/sub-29450/ses-1/func/sub-29450_ses-1_task-rest_acq-rc8chan_run-1_space-MNI152NLin2009cAsym_desc-preproc_bold.nii.gz,/work/ioannou_lab/elizabeth.szentmiklo/abide_data/derivatives/fmriprep/ABIDE2/UNKNOWN/sub-29450/ses-1/func/sub-29450_ses-1_task-rest_acq-rc8chan_run-1_desc-confounds_regressors.tsv,/work/ioannou_lab/elizabeth.szentmiklo/abide_data/atlases/cc200/cc200_roi_atlas.nii.gz,/work/ioannou_lab/elizabeth.szentmiklo/abide_data/derivatives/fmriprep/ABIDE2/UNKNOWN/sub-29450/ses-1/func/sub-29450_ses-1_task-rest_acq-rc8chan_run-1_space-MNI152NLin2009cAsym_desc-brain_mask.nii.gz,2.5
ABIDE2,ABIDEII-KKI_1_sub-29451_ses-1_run-1,/work/ioannou_lab/elizabeth.szentmiklo/abide_data/derivatives/fmriprep/ABIDE2/UNKNOWN/sub-29451/ses-1/func/sub-29451_ses-1_task-rest_acq-rc32chan_run-1_space-MNI152NLin2009cAsym_desc-preproc_bold.nii.gz,/work/ioannou_lab/elizabeth.szentmiklo/abide_data/derivatives/fmriprep/ABIDE2/UNKNOWN/sub-29451/ses-1/func/sub-29451_ses-1_task-rest_acq-rc32chan_run-1_desc-confounds_regressors.tsv,/work/ioannou_lab/elizabeth.szentmiklo/abide_data/atlases/cc200/cc200_roi_atlas.nii.gz,/work/ioannou_lab/elizabeth.szentmiklo/abide_data/derivatives/fmriprep/ABIDE2/UNKNOWN/sub-29451/ses-1/func/sub-29451_ses-1_task-rest_acq-rc32chan_run-1_space-MNI152NLin2009cAsym_desc-brain_mask.nii.gz,2.5
ABIDE2,ABIDEII-KKI_1_sub-29453_ses-1_run-1,/work/ioannou_lab/elizabeth.szentmiklo/abide_data/derivatives/fmriprep/ABIDE2/UNKNOWN/sub-29453/ses-1/func/sub-29453_ses-1_task-rest_acq-rc32chan_run-1_space-MNI152NLin2009cAsym_desc-preproc_bold.nii.gz,/work/ioannou_lab/elizabeth.szentmiklo/abide_data/derivatives/fmriprep/ABIDE2/UNKNOWN/sub-29453/ses-1/func/sub-29453_ses-1_task-rest_acq-rc32chan_run-1_desc-confounds_regressors.tsv,/work/ioannou_lab/elizabeth.szentmiklo/abide_data/atlases/cc200/cc200_roi_atlas.nii.gz,/work/ioannou_lab/elizabeth.szentmiklo/abide_data/derivatives/fmriprep/ABIDE2/UNKNOWN/sub-29453/ses-1/func/sub-29453_ses-1_task-rest_acq-rc32chan_run-1_space-MNI152NLin2009cAsym_desc-brain_mask.nii.gz,2.5
ABIDE2,ABIDEII-KKI_1_sub-29454_ses-1_run-1,/work/ioannou_lab/elizabeth.szentmiklo/abide_data/derivatives/fmriprep/ABIDE2/UNKNOWN/sub-29454/ses-1/func/sub-29454_ses-1_task-rest_acq-rc32chan_run-1_space-MNI152NLin2009cAsym_desc-preproc_bold.nii.gz,/work/ioannou_lab/elizabeth.szentmiklo/abide_data/derivatives/fmriprep/ABIDE2/UNKNOWN/sub-29454/ses-1/func/sub-29454_ses-1_task-rest_acq-rc32chan_run-1_desc-confounds_regressors.tsv,/work/ioannou_lab/elizabeth.szentmiklo/abide_data/atlases/cc200/cc200_roi_atlas.nii.gz,/work/ioannou_lab/elizabeth.szentmiklo/abide_data/derivatives/fmriprep/ABIDE2/UNKNOWN/sub-29454/ses-1/func/sub-29454_ses-1_task-rest_acq-rc32chan_run-1_space-MNI152NLin2009cAsym_desc-brain_mask.nii.gz,2.5
ABIDE2,ABIDEII-KKI_1_sub-29455_ses-1_run-1,/work/ioannou_lab/elizabeth.szentmiklo/abide_data/derivatives/fmriprep/ABIDE2/UNKNOWN/sub-29455/ses-1/func/sub-29455_ses-1_task-rest_acq-rc32chan_run-1_space-MNI152NLin2009cAsym_desc-preproc_bold.nii.gz,/work/ioannou_lab/elizabeth.szentmiklo/abide_data/derivatives/fmriprep/ABIDE2/UNKNOWN/sub-29455/ses-1/func/sub-29455_ses-1_task-rest_acq-rc32chan_run-1_desc-confounds_regressors.tsv,/work/ioannou_lab/elizabeth.szentmiklo/abide_data/atlases/cc200/cc200_roi_atlas.nii.gz,/work/ioannou_lab/elizabeth.szentmiklo/abide_data/derivatives/fmriprep/ABIDE2/UNKNOWN/sub-29455/ses-1/func/sub-29455_ses-1_task-rest_acq-rc32chan_run-1_space-MNI152NLin2009cAsym_desc-brain_mask.nii.gz,2.5
ABIDE2,ABIDEII-KKI_1_sub-29456_ses-1_run-1,/work/ioannou_lab/elizabeth.szentmiklo/abide_data/derivatives/fmriprep/ABIDE2/UNKNOWN/sub-29456/ses-1/func/sub-29456_ses-1_task-rest_acq-rc32chan_run-1_space-MNI152NLin2009cAsym_desc-preproc_bold.nii.gz,/work/ioannou_lab/elizabeth.szentmiklo/abide_data/derivatives/fmriprep/ABIDE2/UNKNOWN/sub-29456/ses-1/func/sub-29456_ses-1_task-rest_acq-rc32chan_run-1_desc-confounds_regressors.tsv,/work/ioannou_lab/elizabeth.szentmiklo/abide_data/atlases/cc200/cc200_roi_atlas.nii.gz,/work/ioannou_lab/elizabeth.szentmiklo/abide_data/derivatives/fmriprep/ABIDE2/UNKNOWN/sub-29456/ses-1/func/sub-29456_ses-1_task-rest_acq-rc32chan_run-1_space-MNI152NLin2009cAsym_desc-brain_mask.nii.gz,2.5
ABIDE2,ABIDEII-KKI_1_sub-29457_ses-1_run-1,/work/ioannou_lab/elizabeth.szentmiklo/abide_data/derivatives/fmriprep/ABIDE2/UNKNOWN/sub-29457/ses-1/func/sub-29457_ses-1_task-rest_acq-rc32chan_run-1_space-MNI152NLin2009cAsym_desc-preproc_bold.nii.gz,/work/ioannou_lab/elizabeth.szentmiklo/abide_data/derivatives/fmriprep/ABIDE2/UNKNOWN/sub-29457/ses-1/func/sub-29457_ses-1_task-rest_acq-rc32chan_run-1_desc-confounds_regressors.tsv,/work/ioannou_lab/elizabeth.szentmiklo/abide_data/atlases/cc200/cc200_roi_atlas.nii.gz,/work/ioannou_lab/elizabeth.szentmiklo/abide_data/derivatives/fmriprep/ABIDE2/UNKNOWN/sub-29457/ses-1/func/sub-29457_ses-1_task-rest_acq-rc32chan_run-1_space-MNI152NLin2009cAsym_desc-brain_mask.nii.gz,2.5
ABIDE2,ABIDEII-KKI_1_sub-29458_ses-1_run-1,/work/ioannou_lab/elizabeth.szentmiklo/abide_data/derivatives/fmriprep/ABIDE2/UNKNOWN/sub-29458/ses-1/func/sub-29458_ses-1_task-rest_acq-rc32chan_run-1_space-MNI152NLin2009cAsym_desc-preproc_bold.nii.gz,/work/ioannou_lab/elizabeth.szentmiklo/abide_data/derivatives/fmriprep/ABIDE2/UNKNOWN/sub-29458/ses-1/func/sub-29458_ses-1_task-rest_acq-rc32chan_run-1_desc-confounds_regressors.tsv,/work/ioannou_lab/elizabeth.szentmiklo/abide_data/atlases/cc200/cc200_roi_atlas.nii.gz,/work/ioannou_lab/elizabeth.szentmiklo/abide_data/derivatives/fmriprep/ABIDE2/UNKNOWN/sub-29458/ses-1/func/sub-29458_ses-1_task-rest_acq-rc32chan_run-1_space-MNI152NLin2009cAsym_desc-brain_mask.nii.gz,2.5
ABIDE2,ABIDEII-KKI_1_sub-29459_ses-1_run-1,/work/ioannou_lab/elizabeth.szentmiklo/abide_data/derivatives/fmriprep/ABIDE2/UNKNOWN/sub-29459/ses-1/func/sub-29459_ses-1_task-rest_acq-rc32chan_run-1_space-MNI152NLin2009cAsym_desc-preproc_bold.nii.gz,/work/ioannou_lab/elizabeth.szentmiklo/abide_data/derivatives/fmriprep/ABIDE2/UNKNOWN/sub-29459/ses-1/func/sub-29459_ses-1_task-rest_acq-rc32chan_run-1_desc-confounds_regressors.tsv,/work/ioannou_lab/elizabeth.szentmiklo/abide_data/atlases/cc200/cc200_roi_atlas.nii.gz,/work/ioannou_lab/elizabeth.szentmiklo/abide_data/derivatives/fmriprep/ABIDE2/UNKNOWN/sub-29459/ses-1/func/sub-29459_ses-1_task-rest_acq-rc32chan_run-1_space-MNI152NLin2009cAsym_desc-brain_mask.nii.gz,2.5
ABIDE2,ABIDEII-KKI_1_sub-29460_ses-1_run-1,/work/ioannou_lab/elizabeth.szentmiklo/abide_data/derivatives/fmriprep/ABIDE2/UNKNOWN/sub-29460/ses-1/func/sub-29460_ses-1_task-rest_acq-rc32chan_run-1_space-MNI152NLin2009cAsym_desc-preproc_bold.nii.gz,/work/ioannou_lab/elizabeth.szentmiklo/abide_data/derivatives/fmriprep/ABIDE2/UNKNOWN/sub-29460/ses-1/func/sub-29460_ses-1_task-rest_acq-rc32chan_run-1_desc-confounds_regressors.tsv,/work/ioannou_lab/elizabeth.szentmiklo/abide_data/atlases/cc200/cc200_roi_atlas.nii.gz,/work/ioannou_lab/elizabeth.szentmiklo/abide_data/derivatives/fmriprep/ABIDE2/UNKNOWN/sub-29460/ses-1/func/sub-29460_ses-1_task-rest_acq-rc32chan_run-1_space-MNI152NLin2009cAsym_desc-brain_mask.nii.gz,2.5
ABIDE2,ABIDEII-KKI_1_sub-29461_ses-1_run-1,/work/ioannou_lab/elizabeth.szentmiklo/abide_data/derivatives/fmriprep/ABIDE2/UNKNOWN/sub-29461/ses-1/func/sub-29461_ses-1_task-rest_acq-rc32chan_run-1_space-MNI152NLin2009cAsym_desc-preproc_bold.nii.gz,/work/ioannou_lab/elizabeth.szentmiklo/abide_data/derivatives/fmriprep/ABIDE2/UNKNOWN/sub-29461/ses-1/func/sub-29461_ses-1_task-rest_acq-rc32chan_run-1_desc-confounds_regressors.tsv,/work/ioannou_lab/elizabeth.szentmiklo/abide_data/atlases/cc200/cc200_roi_atlas.nii.gz,/work/ioannou_lab/elizabeth.szentmiklo/abide_data/derivatives/fmriprep/ABIDE2/UNKNOWN/sub-29461/ses-1/func/sub-29461_ses-1_task-rest_acq-rc32chan_run-1_space-MNI152NLin2009cAsym_desc-brain_mask.nii.gz,2.5
ABIDE2,ABIDEII-KKI_1_sub-29462_ses-1_run-1,/work/ioannou_lab/elizabeth.szentmiklo/abide_data/derivatives/fmriprep/ABIDE2/UNKNOWN/sub-29462/ses-1/func/sub-29462_ses-1_task-rest_acq-rc32chan_run-1_space-MNI152NLin2009cAsym_desc-preproc_bold.nii.gz,/work/ioannou_lab/elizabeth.szentmiklo/abide_data/derivatives/fmriprep/ABIDE2/UNKNOWN/sub-29462/ses-1/func/sub-29462_ses-1_task-rest_acq-rc32chan_run-1_desc-confounds_regressors.tsv,/work/ioannou_lab/elizabeth.szentmiklo/abide_data/atlases/cc200/cc200_roi_atlas.nii.gz,/work/ioannou_lab/elizabeth.szentmiklo/abide_data/derivatives/fmriprep/ABIDE2/UNKNOWN/sub-29462/ses-1/func/sub-29462_ses-1_task-rest_acq-rc32chan_run-1_space-MNI152NLin2009cAsym_desc-brain_mask.nii.gz,2.5
ABIDE2,ABIDEII-KKI_1_sub-29463_ses-1_run-1,/work/ioannou_lab/elizabeth.szentmiklo/abide_data/derivatives/fmriprep/ABIDE2/UNKNOWN/sub-29463/ses-1/func/sub-29463_ses-1_task-rest_acq-rc32chan_run-1_space-MNI152NLin2009cAsym_desc-preproc_bold.nii.gz,/work/ioannou_lab/elizabeth.szentmiklo/abide_data/derivatives/fmriprep/ABIDE2/UNKNOWN/sub-29463/ses-1/func/sub-29463_ses-1_task-rest_acq-rc32chan_run-1_desc-confounds_regressors.tsv,/work/ioannou_lab/elizabeth.szentmiklo/abide_data/atlases/cc200/cc200_roi_atlas.nii.gz,/work/ioannou_lab/elizabeth.szentmiklo/abide_data/derivatives/fmriprep/ABIDE2/UNKNOWN/sub-29463/ses-1/func/sub-29463_ses-1_task-rest_acq-rc32chan_run-1_space-MNI152NLin2009cAsym_desc-brain_mask.nii.gz,2.5
ABIDE2,ABIDEII-KKI_1_sub-29464_ses-1_run-1,/work/ioannou_lab/elizabeth.szentmiklo/abide_data/derivatives/fmriprep/ABIDE2/UNKNOWN/sub-29464/ses-1/func/sub-29464_ses-1_task-rest_acq-rc32chan_run-1_space-MNI152NLin2009cAsym_desc-preproc_bold.nii.gz,/work/ioannou_lab/elizabeth.szentmiklo/abide_data/derivatives/fmriprep/ABIDE2/UNKNOWN/sub-29464/ses-1/func/sub-29464_ses-1_task-rest_acq-rc32chan_run-1_desc-confounds_regressors.tsv,/work/ioannou_lab/elizabeth.szentmiklo/abide_data/atlases/cc200/cc200_roi_atlas.nii.gz,/work/ioannou_lab/elizabeth.szentmiklo/abide_data/derivatives/fmriprep/ABIDE2/UNKNOWN/sub-29464/ses-1/func/sub-29464_ses-1_task-rest_acq-rc32chan_run-1_space-MNI152NLin2009cAsym_desc-brain_mask.nii.gz,2.5
ABIDE2,ABIDEII-KKI_1_sub-29465_ses-1_run-1,/work/ioannou_lab/elizabeth.szentmiklo/abide_data/derivatives/fmriprep/ABIDE2/UNKNOWN/sub-29465/ses-1/func/sub-29465_ses-1_task-rest_acq-rc32chan_run-1_space-MNI152NLin2009cAsym_desc-preproc_bold.nii.gz,/work/ioannou_lab/elizabeth.szentmiklo/abide_data/derivatives/fmriprep/ABIDE2/UNKNOWN/sub-29465/ses-1/func/sub-29465_ses-1_task-rest_acq-rc32chan_run-1_desc-confounds_regressors.tsv,/work/ioannou_lab/elizabeth.szentmiklo/abide_data/atlases/cc200/cc200_roi_atlas.nii.gz,/work/ioannou_lab/elizabeth.szentmiklo/abide_data/derivatives/fmriprep/ABIDE2/UNKNOWN/sub-29465/ses-1/func/sub-29465_ses-1_task-rest_acq-rc32chan_run-1_space-MNI152NLin2009cAsym_desc-brain_mask.nii.gz,2.5
ABIDE2,ABIDEII-KKI_1_sub-29466_ses-1_run-1,/work/ioannou_lab/elizabeth.szentmiklo/abide_data/derivatives/fmriprep/ABIDE2/UNKNOWN/sub-29466/ses-1/func/sub-29466_ses-1_task-rest_acq-rc32chan_run-1_space-MNI152NLin2009cAsym_desc-preproc_bold.nii.gz,/work/ioannou_lab/elizabeth.szentmiklo/abide_data/derivatives/fmriprep/ABIDE2/UNKNOWN/sub-29466/ses-1/func/sub-29466_ses-1_task-rest_acq-rc32chan_run-1_desc-confounds_regressors.tsv,/work/ioannou_lab/elizabeth.szentmiklo/abide_data/atlases/cc200/cc200_roi_atlas.nii.gz,/work/ioannou_lab/elizabeth.szentmiklo/abide_data/derivatives/fmriprep/ABIDE2/UNKNOWN/sub-29466/ses-1/func/sub-29466_ses-1_task-rest_acq-rc32chan_run-1_space-MNI152NLin2009cAsym_desc-brain_mask.nii.gz,2.5
ABIDE2,ABIDEII-KKI_1_sub-29467_ses-1_run-1,/work/ioannou_lab/elizabeth.szentmiklo/abide_data/derivatives/fmriprep/ABIDE2/UNKNOWN/sub-29467/ses-1/func/sub-29467_ses-1_task-rest_acq-rc32chan_run-1_space-MNI152NLin2009cAsym_desc-preproc_bold.nii.gz,/work/ioannou_lab/elizabeth.szentmiklo/abide_data/derivatives/fmriprep/ABIDE2/UNKNOWN/sub-29467/ses-1/func/sub-29467_ses-1_task-rest_acq-rc32chan_run-1_desc-confounds_regressors.tsv,/work/ioannou_lab/elizabeth.szentmiklo/abide_data/atlases/cc200/cc200_roi_atlas.nii.gz,/work/ioannou_lab/elizabeth.szentmiklo/abide_data/derivatives/fmriprep/ABIDE2/UNKNOWN/sub-29467/ses-1/func/sub-29467_ses-1_task-rest_acq-rc32chan_run-1_space-MNI152NLin2009cAsym_desc-brain_mask.nii.gz,2.5
ABIDE2,ABIDEII-KKI_1_sub-29468_ses-1_run-1,/work/ioannou_lab/elizabeth.szentmiklo/abide_data/derivatives/fmriprep/ABIDE2/UNKNOWN/sub-29468/ses-1/func/sub-29468_ses-1_task-rest_acq-rc8chan_run-1_space-MNI152NLin2009cAsym_desc-preproc_bold.nii.gz,/work/ioannou_lab/elizabeth.szentmiklo/abide_data/derivatives/fmriprep/ABIDE2/UNKNOWN/sub-29468/ses-1/func/sub-29468_ses-1_task-rest_acq-rc8chan_run-1_desc-confounds_regressors.tsv,/work/ioannou_lab/elizabeth.szentmiklo/abide_data/atlases/cc200/cc200_roi_atlas.nii.gz,/work/ioannou_lab/elizabeth.szentmiklo/abide_data/derivatives/fmriprep/ABIDE2/UNKNOWN/sub-29468/ses-1/func/sub-29468_ses-1_task-rest_acq-rc8chan_run-1_space-MNI152NLin2009cAsym_desc-brain_mask.nii.gz,2.5
ABIDE2,ABIDEII-KKI_1_sub-29469_ses-1_run-1,/work/ioannou_lab/elizabeth.szentmiklo/abide_data/derivatives/fmriprep/ABIDE2/UNKNOWN/sub-29469/ses-1/func/sub-29469_ses-1_task-rest_acq-rc32chan_run-1_space-MNI152NLin2009cAsym_desc-preproc_bold.nii.gz,/work/ioannou_lab/elizabeth.szentmiklo/abide_data/derivatives/fmriprep/ABIDE2/UNKNOWN/sub-29469/ses-1/func/sub-29469_ses-1_task-rest_acq-rc32chan_run-1_desc-confounds_regressors.tsv,/work/ioannou_lab/elizabeth.szentmiklo/abide_data/atlases/cc200/cc200_roi_atlas.nii.gz,/work/ioannou_lab/elizabeth.szentmiklo/abide_data/derivatives/fmriprep/ABIDE2/UNKNOWN/sub-29469/ses-1/func/sub-29469_ses-1_task-rest_acq-rc32chan_run-1_space-MNI152NLin2009cAsym_desc-brain_mask.nii.gz,2.5
ABIDE2,ABIDEII-KKI_1_sub-29470_ses-1_run-1,/work/ioannou_lab/elizabeth.szentmiklo/abide_data/derivatives/fmriprep/ABIDE2/UNKNOWN/sub-29470/ses-1/func/sub-29470_ses-1_task-rest_acq-rc32chan_run-1_space-MNI152NLin2009cAsym_desc-preproc_bold.nii.gz,/work/ioannou_lab/elizabeth.szentmiklo/abide_data/derivatives/fmriprep/ABIDE2/UNKNOWN/sub-29470/ses-1/func/sub-29470_ses-1_task-rest_acq-rc32chan_run-1_desc-confounds_regressors.tsv,/work/ioannou_lab/elizabeth.szentmiklo/abide_data/atlases/cc200/cc200_roi_atlas.nii.gz,/work/ioannou_lab/elizabeth.szentmiklo/abide_data/derivatives/fmriprep/ABIDE2/UNKNOWN/sub-29470/ses-1/func/sub-29470_ses-1_task-rest_acq-rc32chan_run-1_space-MNI152NLin2009cAsym_desc-brain_mask.nii.gz,2.5
ABIDE2,ABIDEII-KKI_1_sub-29471_ses-1_run-1,/work/ioannou_lab/elizabeth.szentmiklo/abide_data/derivatives/fmriprep/ABIDE2/UNKNOWN/sub-29471/ses-1/func/sub-29471_ses-1_task-rest_acq-rc32chan_run-1_space-MNI152NLin2009cAsym_desc-preproc_bold.nii.gz,/work/ioannou_lab/elizabeth.szentmiklo/abide_data/derivatives/fmriprep/ABIDE2/UNKNOWN/sub-29471/ses-1/func/sub-29471_ses-1_task-rest_acq-rc32chan_run-1_desc-confounds_regressors.tsv,/work/ioannou_lab/elizabeth.szentmiklo/abide_data/atlases/cc200/cc200_roi_atlas.nii.gz,/work/ioannou_lab/elizabeth.szentmiklo/abide_data/derivatives/fmriprep/ABIDE2/UNKNOWN/sub-29471/ses-1/func/sub-29471_ses-1_task-rest_acq-rc32chan_run-1_space-MNI152NLin2009cAsym_desc-brain_mask.nii.gz,2.5
ABIDE2,ABIDEII-KKI_1_sub-29472_ses-1_run-1,/work/ioannou_lab/elizabeth.szentmiklo/abide_data/derivatives/fmriprep/ABIDE2/UNKNOWN/sub-29472/ses-1/func/sub-29472_ses-1_task-rest_acq-rc8chan_run-1_space-MNI152NLin2009cAsym_desc-preproc_bold.nii.gz,/work/ioannou_lab/elizabeth.szentmiklo/abide_data/derivatives/fmriprep/ABIDE2/UNKNOWN/sub-29472/ses-1/func/sub-29472_ses-1_task-rest_acq-rc8chan_run-1_desc-confounds_regressors.tsv,/work/ioannou_lab/elizabeth.szentmiklo/abide_data/atlases/cc200/cc200_roi_atlas.nii.gz,/work/ioannou_lab/elizabeth.szentmiklo/abide_data/derivatives/fmriprep/ABIDE2/UNKNOWN/sub-29472/ses-1/func/sub-29472_ses-1_task-rest_acq-rc8chan_run-1_space-MNI152NLin2009cAsym_desc-brain_mask.nii.gz,2.5
ABIDE2,ABIDEII-KKI_1_sub-29473_ses-1_run-1,/work/ioannou_lab/elizabeth.szentmiklo/abide_data/derivatives/fmriprep/ABIDE2/UNKNOWN/sub-29473/ses-1/func/sub-29473_ses-1_task-rest_acq-rc32chan_run-1_space-MNI152NLin2009cAsym_desc-preproc_bold.nii.gz,/work/ioannou_lab/elizabeth.szentmiklo/abide_data/derivatives/fmriprep/ABIDE2/UNKNOWN/sub-29473/ses-1/func/sub-29473_ses-1_task-rest_acq-rc32chan_run-1_desc-confounds_regressors.tsv,/work/ioannou_lab/elizabeth.szentmiklo/abide_data/atlases/cc200/cc200_roi_atlas.nii.gz,/work/ioannou_lab/elizabeth.szentmiklo/abide_data/derivatives/fmriprep/ABIDE2/UNKNOWN/sub-29473/ses-1/func/sub-29473_ses-1_task-rest_acq-rc32chan_run-1_space-MNI152NLin2009cAsym_desc-brain_mask.nii.gz,2.5
ABIDE2,ABIDEII-KKI_1_sub-29474_ses-1_run-1,/work/ioannou_lab/elizabeth.szentmiklo/abide_data/derivatives/fmriprep/ABIDE2/UNKNOWN/sub-29474/ses-1/func/sub-29474_ses-1_task-rest_acq-rc32chan_run-1_space-MNI152NLin2009cAsym_desc-preproc_bold.nii.gz,/work/ioannou_lab/elizabeth.szentmiklo/abide_data/derivatives/fmriprep/ABIDE2/UNKNOWN/sub-29474/ses-1/func/sub-29474_ses-1_task-rest_acq-rc32chan_run-1_desc-confounds_regressors.tsv,/work/ioannou_lab/elizabeth.szentmiklo/abide_data/atlases/cc200/cc200_roi_atlas.nii.gz,/work/ioannou_lab/elizabeth.szentmiklo/abide_data/derivatives/fmriprep/ABIDE2/UNKNOWN/sub-29474/ses-1/func/sub-29474_ses-1_task-rest_acq-rc32chan_run-1_space-MNI152NLin2009cAsym_desc-brain_mask.nii.gz,2.5
ABIDE2,ABIDEII-KKI_1_sub-29475_ses-1_run-1,/work/ioannou_lab/elizabeth.szentmiklo/abide_data/derivatives/fmriprep/ABIDE2/UNKNOWN/sub-29475/ses-1/func/sub-29475_ses-1_task-rest_acq-rc32chan_run-1_space-MNI152NLin2009cAsym_desc-preproc_bold.nii.gz,/work/ioannou_lab/elizabeth.szentmiklo/abide_data/derivatives/fmriprep/ABIDE2/UNKNOWN/sub-29475/ses-1/func/sub-29475_ses-1_task-rest_acq-rc32chan_run-1_desc-confounds_regressors.tsv,/work/ioannou_lab/elizabeth.szentmiklo/abide_data/atlases/cc200/cc200_roi_atlas.nii.gz,/work/ioannou_lab/elizabeth.szentmiklo/abide_data/derivatives/fmriprep/ABIDE2/UNKNOWN/sub-29475/ses-1/func/sub-29475_ses-1_task-rest_acq-rc32chan_run-1_space-MNI152NLin2009cAsym_desc-brain_mask.nii.gz,2.5
ABIDE2,ABIDEII-KKI_1_sub-29476_ses-1_run-1,/work/ioannou_lab/elizabeth.szentmiklo/abide_data/derivatives/fmriprep/ABIDE2/UNKNOWN/sub-29476/ses-1/func/sub-29476_ses-1_task-rest_acq-rc32chan_run-1_space-MNI152NLin2009cAsym_desc-preproc_bold.nii.gz,/work/ioannou_lab/elizabeth.szentmiklo/abide_data/derivatives/fmriprep/ABIDE2/UNKNOWN/sub-29476/ses-1/func/sub-29476_ses-1_task-rest_acq-rc32chan_run-1_desc-confounds_regressors.tsv,/work/ioannou_lab/elizabeth.szentmiklo/abide_data/atlases/cc200/cc200_roi_atlas.nii.gz,/work/ioannou_lab/elizabeth.szentmiklo/abide_data/derivatives/fmriprep/ABIDE2/UNKNOWN/sub-29476/ses-1/func/sub-29476_ses-1_task-rest_acq-rc32chan_run-1_space-MNI152NLin2009cAsym_desc-brain_mask.nii.gz,2.5
ABIDE2,ABIDEII-KKI_1_sub-29477_ses-1_run-1,/work/ioannou_lab/elizabeth.szentmiklo/abide_data/derivatives/fmriprep/ABIDE2/UNKNOWN/sub-29477/ses-1/func/sub-29477_ses-1_task-rest_acq-rc32chan_run-1_space-MNI152NLin2009cAsym_desc-preproc_bold.nii.gz,/work/ioannou_lab/elizabeth.szentmiklo/abide_data/derivatives/fmriprep/ABIDE2/UNKNOWN/sub-29477/ses-1/func/sub-29477_ses-1_task-rest_acq-rc32chan_run-1_desc-confounds_regressors.tsv,/work/ioannou_lab/elizabeth.szentmiklo/abide_data/atlases/cc200/cc200_roi_atlas.nii.gz,/work/ioannou_lab/elizabeth.szentmiklo/abide_data/derivatives/fmriprep/ABIDE2/UNKNOWN/sub-29477/ses-1/func/sub-29477_ses-1_task-rest_acq-rc32chan_run-1_space-MNI152NLin2009cAsym_desc-brain_mask.nii.gz,2.5
ABIDE2,ABIDEII-KKI_1_sub-29478_ses-1_run-1,/work/ioannou_lab/elizabeth.szentmiklo/abide_data/derivatives/fmriprep/ABIDE2/UNKNOWN/sub-29478/ses-1/func/sub-29478_ses-1_task-rest_acq-rc32chan_run-1_space-MNI152NLin2009cAsym_desc-preproc_bold.nii.gz,/work/ioannou_lab/elizabeth.szentmiklo/abide_data/derivatives/fmriprep/ABIDE2/UNKNOWN/sub-29478/ses-1/func/sub-29478_ses-1_task-rest_acq-rc32chan_run-1_desc-confounds_regressors.tsv,/work/ioannou_lab/elizabeth.szentmiklo/abide_data/atlases/cc200/cc200_roi_atlas.nii.gz,/work/ioannou_lab/elizabeth.szentmiklo/abide_data/derivatives/fmriprep/ABIDE2/UNKNOWN/sub-29478/ses-1/func/sub-29478_ses-1_task-rest_acq-rc32chan_run-1_space-MNI152NLin2009cAsym_desc-brain_mask.nii.gz,2.5
ABIDE2,ABIDEII-KKI_1_sub-29479_ses-1_run-1,/work/ioannou_lab/elizabeth.szentmiklo/abide_data/derivatives/fmriprep/ABIDE2/UNKNOWN/sub-29479/ses-1/func/sub-29479_ses-1_task-rest_acq-rc32chan_run-1_space-MNI152NLin2009cAsym_desc-preproc_bold.nii.gz,/work/ioannou_lab/elizabeth.szentmiklo/abide_data/derivatives/fmriprep/ABIDE2/UNKNOWN/sub-29479/ses-1/func/sub-29479_ses-1_task-rest_acq-rc32chan_run-1_desc-confounds_regressors.tsv,/work/ioannou_lab/elizabeth.szentmiklo/abide_data/atlases/cc200/cc200_roi_atlas.nii.gz,/work/ioannou_lab/elizabeth.szentmiklo/abide_data/derivatives/fmriprep/ABIDE2/UNKNOWN/sub-29479/ses-1/func/sub-29479_ses-1_task-rest_acq-rc32chan_run-1_space-MNI152NLin2009cAsym_desc-brain_mask.nii.gz,2.5
ABIDE2,ABIDEII-KKI_1_sub-29480_ses-1_run-1,/work/ioannou_lab/elizabeth.szentmiklo/abide_data/derivatives/fmriprep/ABIDE2/UNKNOWN/sub-29480/ses-1/func/sub-29480_ses-1_task-rest_acq-rc32chan_run-1_space-MNI152NLin2009cAsym_desc-preproc_bold.nii.gz,/work/ioannou_lab/elizabeth.szentmiklo/abide_data/derivatives/fmriprep/ABIDE2/UNKNOWN/sub-29480/ses-1/func/sub-29480_ses-1_task-rest_acq-rc32chan_run-1_desc-confounds_regressors.tsv,/work/ioannou_lab/elizabeth.szentmiklo/abide_data/atlases/cc200/cc200_roi_atlas.nii.gz,/work/ioannou_lab/elizabeth.szentmiklo/abide_data/derivatives/fmriprep/ABIDE2/UNKNOWN/sub-29480/ses-1/func/sub-29480_ses-1_task-rest_acq-rc32chan_run-1_space-MNI152NLin2009cAsym_desc-brain_mask.nii.gz,2.5
ABIDE2,ABIDEII-KKI_1_sub-29481_ses-1_run-1,/work/ioannou_lab/elizabeth.szentmiklo/abide_data/derivatives/fmriprep/ABIDE2/UNKNOWN/sub-29481/ses-1/func/sub-29481_ses-1_task-rest_acq-rc32chan_run-1_space-MNI152NLin2009cAsym_desc-preproc_bold.nii.gz,/work/ioannou_lab/elizabeth.szentmiklo/abide_data/derivatives/fmriprep/ABIDE2/UNKNOWN/sub-29481/ses-1/func/sub-29481_ses-1_task-rest_acq-rc32chan_run-1_desc-confounds_regressors.tsv,/work/ioannou_lab/elizabeth.szentmiklo/abide_data/atlases/cc200/cc200_roi_atlas.nii.gz,/work/ioannou_lab/elizabeth.szentmiklo/abide_data/derivatives/fmriprep/ABIDE2/UNKNOWN/sub-29481/ses-1/func/sub-29481_ses-1_task-rest_acq-rc32chan_run-1_space-MNI152NLin2009cAsym_desc-brain_mask.nii.gz,2.5
ABIDE2,ABIDEII-KKI_1_sub-29482_ses-1_run-1,/work/ioannou_lab/elizabeth.szentmiklo/abide_data/derivatives/fmriprep/ABIDE2/UNKNOWN/sub-29482/ses-1/func/sub-29482_ses-1_task-rest_acq-rc32chan_run-1_space-MNI152NLin2009cAsym_desc-preproc_bold.nii.gz,/work/ioannou_lab/elizabeth.szentmiklo/abide_data/derivatives/fmriprep/ABIDE2/UNKNOWN/sub-29482/ses-1/func/sub-29482_ses-1_task-rest_acq-rc32chan_run-1_desc-confounds_regressors.tsv,/work/ioannou_lab/elizabeth.szentmiklo/abide_data/atlases/cc200/cc200_roi_atlas.nii.gz,/work/ioannou_lab/elizabeth.szentmiklo/abide_data/derivatives/fmriprep/ABIDE2/UNKNOWN/sub-29482/ses-1/func/sub-29482_ses-1_task-rest_acq-rc32chan_run-1_space-MNI152NLin2009cAsym_desc-brain_mask.nii.gz,2.5
ABIDE2,ABIDEII-KKI_1_sub-29483_ses-1_run-1,/work/ioannou_lab/elizabeth.szentmiklo/abide_data/derivatives/fmriprep/ABIDE2/UNKNOWN/sub-29483/ses-1/func/sub-29483_ses-1_task-rest_acq-rc32chan_run-1_space-MNI152NLin2009cAsym_desc-preproc_bold.nii.gz,/work/ioannou_lab/elizabeth.szentmiklo/abide_data/derivatives/fmriprep/ABIDE2/UNKNOWN/sub-29483/ses-1/func/sub-29483_ses-1_task-rest_acq-rc32chan_run-1_desc-confounds_regressors.tsv,/work/ioannou_lab/elizabeth.szentmiklo/abide_data/atlases/cc200/cc200_roi_atlas.nii.gz,/work/ioannou_lab/elizabeth.szentmiklo/abide_data/derivatives/fmriprep/ABIDE2/UNKNOWN/sub-29483/ses-1/func/sub-29483_ses-1_task-rest_acq-rc32chan_run-1_space-MNI152NLin2009cAsym_desc-brain_mask.nii.gz,2.5
ABIDE2,ABIDEII-KKI_1_sub-29484_ses-1_run-1,/work/ioannou_lab/elizabeth.szentmiklo/abide_data/derivatives/fmriprep/ABIDE2/UNKNOWN/sub-29484/ses-1/func/sub-29484_ses-1_task-rest_acq-rc32chan_run-1_space-MNI152NLin2009cAsym_desc-preproc_bold.nii.gz,/work/ioannou_lab/elizabeth.szentmiklo/abide_data/derivatives/fmriprep/ABIDE2/UNKNOWN/sub-29484/ses-1/func/sub-29484_ses-1_task-rest_acq-rc32chan_run-1_desc-confounds_regressors.tsv,/work/ioannou_lab/elizabeth.szentmiklo/abide_data/atlases/cc200/cc200_roi_atlas.nii.gz,/work/ioannou_lab/elizabeth.szentmiklo/abide_data/derivatives/fmriprep/ABIDE2/UNKNOWN/sub-29484/ses-1/func/sub-29484_ses-1_task-rest_acq-rc32chan_run-1_space-MNI152NLin2009cAsym_desc-brain_mask.nii.gz,2.5
ABIDE2,ABIDEII-KKI_1_sub-29485_ses-1_run-1,/work/ioannou_lab/elizabeth.szentmiklo/abide_data/derivatives/fmriprep/ABIDE2/UNKNOWN/sub-29485/ses-1/func/sub-29485_ses-1_task-rest_acq-rc32chan_run-1_space-MNI152NLin2009cAsym_desc-preproc_bold.nii.gz,/work/ioannou_lab/elizabeth.szentmiklo/abide_data/derivatives/fmriprep/ABIDE2/UNKNOWN/sub-29485/ses-1/func/sub-29485_ses-1_task-rest_acq-rc32chan_run-1_desc-confounds_regressors.tsv,/work/ioannou_lab/elizabeth.szentmiklo/abide_data/atlases/cc200/cc200_roi_atlas.nii.gz,/work/ioannou_lab/elizabeth.szentmiklo/abide_data/derivatives/fmriprep/ABIDE2/UNKNOWN/sub-29485/ses-1/func/sub-29485_ses-1_task-rest_acq-rc32chan_run-1_space-MNI152NLin2009cAsym_desc-brain_mask.nii.gz,2.5
ABIDE2,ABIDEII-USM_1_sub-29504_ses-1_run-1,/work/ioannou_lab/elizabeth.szentmiklo/abide_data/derivatives/fmriprep/ABIDE2/UNKNOWN/sub-29504/ses-1/func/sub-29504_ses-1_task-rest_run-1_space-MNI152NLin2009cAsym_desc-preproc_bold.nii.gz,/work/ioannou_lab/elizabeth.szentmiklo/abide_data/derivatives/fmriprep/ABIDE2/UNKNOWN/sub-29504/ses-1/func/sub-29504_ses-1_task-rest_run-1_desc-confounds_regressors.tsv,/work/ioannou_lab/elizabeth.szentmiklo/abide_data/atlases/cc200/cc200_roi_atlas.nii.gz,/work/ioannou_lab/elizabeth.szentmiklo/abide_data/derivatives/fmriprep/ABIDE2/UNKNOWN/sub-29504/ses-1/func/sub-29504_ses-1_task-rest_run-1_space-MNI152NLin2009cAsym_desc-brain_mask.nii.gz,2.0
ABIDE2,ABIDEII-IP_1_sub-29580_ses-1_run-1,/work/ioannou_lab/elizabeth.szentmiklo/abide_data/derivatives/fmriprep/ABIDE2/UNKNOWN/sub-29580/ses-1/func/sub-29580_ses-1_task-rest_run-1_space-MNI152NLin2009cAsym_desc-preproc_bold.nii.gz,/work/ioannou_lab/elizabeth.szentmiklo/abide_data/derivatives/fmriprep/ABIDE2/UNKNOWN/sub-29580/ses-1/func/sub-29580_ses-1_task-rest_run-1_desc-confounds_regressors.tsv,/work/ioannou_lab/elizabeth.szentmiklo/abide_data/atlases/cc200/cc200_roi_atlas.nii.gz,/work/ioannou_lab/elizabeth.szentmiklo/abide_data/derivatives/fmriprep/ABIDE2/UNKNOWN/sub-29580/ses-1/func/sub-29580_ses-1_task-rest_run-1_space-MNI152NLin2009cAsym_desc-brain_mask.nii.gz,2.7
ABIDE2,ABIDEII-IP_1_sub-29580_ses-1_run-2,/work/ioannou_lab/elizabeth.szentmiklo/abide_data/derivatives/fmriprep/ABIDE2/UNKNOWN/sub-29580/ses-1/func/sub-29580_ses-1_task-rest_run-2_space-MNI152NLin2009cAsym_desc-preproc_bold.nii.gz,/work/ioannou_lab/elizabeth.szentmiklo/abide_data/derivatives/fmriprep/ABIDE2/UNKNOWN/sub-29580/ses-1/func/sub-29580_ses-1_task-rest_run-2_desc-confounds_regressors.tsv,/work/ioannou_lab/elizabeth.szentmiklo/abide_data/atlases/cc200/cc200_roi_atlas.nii.gz,/work/ioannou_lab/elizabeth.szentmiklo/abide_data/derivatives/fmriprep/ABIDE2/UNKNOWN/sub-29580/ses-1/func/sub-29580_ses-1_task-rest_run-2_space-MNI152NLin2009cAsym_desc-brain_mask.nii.gz,2.7
ABIDE2,ABIDEII-IP_1_sub-29580_ses-1_run-3,/work/ioannou_lab/elizabeth.szentmiklo/abide_data/derivatives/fmriprep/ABIDE2/UNKNOWN/sub-29580/ses-1/func/sub-29580_ses-1_task-rest_run-3_space-MNI152NLin2009cAsym_desc-preproc_bold.nii.gz,/work/ioannou_lab/elizabeth.szentmiklo/abide_data/derivatives/fmriprep/ABIDE2/UNKNOWN/sub-29580/ses-1/func/sub-29580_ses-1_task-rest_run-3_desc-confounds_regressors.tsv,/work/ioannou_lab/elizabeth.szentmiklo/abide_data/atlases/cc200/cc200_roi_atlas.nii.gz,/work/ioannou_lab/elizabeth.szentmiklo/abide_data/derivatives/fmriprep/ABIDE2/UNKNOWN/sub-29580/ses-1/func/sub-29580_ses-1_task-rest_run-3_space-MNI152NLin2009cAsym_desc-brain_mask.nii.gz,2.7
ABIDE2,ABIDEII-IP_1_sub-29581_ses-1_run-1,/work/ioannou_lab/elizabeth.szentmiklo/abide_data/derivatives/fmriprep/ABIDE2/UNKNOWN/sub-29581/ses-1/func/sub-29581_ses-1_task-rest_run-1_space-MNI152NLin2009cAsym_desc-preproc_bold.nii.gz,/work/ioannou_lab/elizabeth.szentmiklo/abide_data/derivatives/fmriprep/ABIDE2/UNKNOWN/sub-29581/ses-1/func/sub-29581_ses-1_task-rest_run-1_desc-confounds_regressors.tsv,/work/ioannou_lab/elizabeth.szentmiklo/abide_data/atlases/cc200/cc200_roi_atlas.nii.gz,/work/ioannou_lab/elizabeth.szentmiklo/abide_data/derivatives/fmriprep/ABIDE2/UNKNOWN/sub-29581/ses-1/func/sub-29581_ses-1_task-rest_run-1_space-MNI152NLin2009cAsym_desc-brain_mask.nii.gz,2.7
ABIDE2,ABIDEII-IP_1_sub-29581_ses-1_run-2,/work/ioannou_lab/elizabeth.szentmiklo/abide_data/derivatives/fmriprep/ABIDE2/UNKNOWN/sub-29581/ses-1/func/sub-29581_ses-1_task-rest_run-2_space-MNI152NLin2009cAsym_desc-preproc_bold.nii.gz,/work/ioannou_lab/elizabeth.szentmiklo/abide_data/derivatives/fmriprep/ABIDE2/UNKNOWN/sub-29581/ses-1/func/sub-29581_ses-1_task-rest_run-2_desc-confounds_regressors.tsv,/work/ioannou_lab/elizabeth.szentmiklo/abide_data/atlases/cc200/cc200_roi_atlas.nii.gz,/work/ioannou_lab/elizabeth.szentmiklo/abide_data/derivatives/fmriprep/ABIDE2/UNKNOWN/sub-29581/ses-1/func/sub-29581_ses-1_task-rest_run-2_space-MNI152NLin2009cAsym_desc-brain_mask.nii.gz,2.7
ABIDE2,ABIDEII-IP_1_sub-29581_ses-1_run-3,/work/ioannou_lab/elizabeth.szentmiklo/abide_data/derivatives/fmriprep/ABIDE2/UNKNOWN/sub-29581/ses-1/func/sub-29581_ses-1_task-rest_run-3_space-MNI152NLin2009cAsym_desc-preproc_bold.nii.gz,/work/ioannou_lab/elizabeth.szentmiklo/abide_data/derivatives/fmriprep/ABIDE2/UNKNOWN/sub-29581/ses-1/func/sub-29581_ses-1_task-rest_run-3_desc-confounds_regressors.tsv,/work/ioannou_lab/elizabeth.szentmiklo/abide_data/atlases/cc200/cc200_roi_atlas.nii.gz,/work/ioannou_lab/elizabeth.szentmiklo/abide_data/derivatives/fmriprep/ABIDE2/UNKNOWN/sub-29581/ses-1/func/sub-29581_ses-1_task-rest_run-3_space-MNI152NLin2009cAsym_desc-brain_mask.nii.gz,2.7
ABIDE2,ABIDEII-IP_1_sub-29582_ses-1_run-1,/work/ioannou_lab/elizabeth.szentmiklo/abide_data/derivatives/fmriprep/ABIDE2/UNKNOWN/sub-29582/ses-1/func/sub-29582_ses-1_task-rest_run-1_space-MNI152NLin2009cAsym_desc-preproc_bold.nii.gz,/work/ioannou_lab/elizabeth.szentmiklo/abide_data/derivatives/fmriprep/ABIDE2/UNKNOWN/sub-29582/ses-1/func/sub-29582_ses-1_task-rest_run-1_desc-confounds_regressors.tsv,/work/ioannou_lab/elizabeth.szentmiklo/abide_data/atlases/cc200/cc200_roi_atlas.nii.gz,/work/ioannou_lab/elizabeth.szentmiklo/abide_data/derivatives/fmriprep/ABIDE2/UNKNOWN/sub-29582/ses-1/func/sub-29582_ses-1_task-rest_run-1_space-MNI152NLin2009cAsym_desc-brain_mask.nii.gz,2.7
ABIDE2,ABIDEII-IP_1_sub-29582_ses-1_run-2,/work/ioannou_lab/elizabeth.szentmiklo/abide_data/derivatives/fmriprep/ABIDE2/UNKNOWN/sub-29582/ses-1/func/sub-29582_ses-1_task-rest_run-2_space-MNI152NLin2009cAsym_desc-preproc_bold.nii.gz,/work/ioannou_lab/elizabeth.szentmiklo/abide_data/derivatives/fmriprep/ABIDE2/UNKNOWN/sub-29582/ses-1/func/sub-29582_ses-1_task-rest_run-2_desc-confounds_regressors.tsv,/work/ioannou_lab/elizabeth.szentmiklo/abide_data/atlases/cc200/cc200_roi_atlas.nii.gz,/work/ioannou_lab/elizabeth.szentmiklo/abide_data/derivatives/fmriprep/ABIDE2/UNKNOWN/sub-29582/ses-1/func/sub-29582_ses-1_task-rest_run-2_space-MNI152NLin2009cAsym_desc-brain_mask.nii.gz,2.7
ABIDE2,ABIDEII-IP_1_sub-29583_ses-1_run-1,/work/ioannou_lab/elizabeth.szentmiklo/abide_data/derivatives/fmriprep/ABIDE2/UNKNOWN/sub-29583/ses-1/func/sub-29583_ses-1_task-rest_run-1_space-MNI152NLin2009cAsym_desc-preproc_bold.nii.gz,/work/ioannou_lab/elizabeth.szentmiklo/abide_data/derivatives/fmriprep/ABIDE2/UNKNOWN/sub-29583/ses-1/func/sub-29583_ses-1_task-rest_run-1_desc-confounds_regressors.tsv,/work/ioannou_lab/elizabeth.szentmiklo/abide_data/atlases/cc200/cc200_roi_atlas.nii.gz,/work/ioannou_lab/elizabeth.szentmiklo/abide_data/derivatives/fmriprep/ABIDE2/UNKNOWN/sub-29583/ses-1/func/sub-29583_ses-1_task-rest_run-1_space-MNI152NLin2009cAsym_desc-brain_mask.nii.gz,2.7
ABIDE2,ABIDEII-IP_1_sub-29583_ses-1_run-2,/work/ioannou_lab/elizabeth.szentmiklo/abide_data/derivatives/fmriprep/ABIDE2/UNKNOWN/sub-29583/ses-1/func/sub-29583_ses-1_task-rest_run-2_space-MNI152NLin2009cAsym_desc-preproc_bold.nii.gz,/work/ioannou_lab/elizabeth.szentmiklo/abide_data/derivatives/fmriprep/ABIDE2/UNKNOWN/sub-29583/ses-1/func/sub-29583_ses-1_task-rest_run-2_desc-confounds_regressors.tsv,/work/ioannou_lab/elizabeth.szentmiklo/abide_data/atlases/cc200/cc200_roi_atlas.nii.gz,/work/ioannou_lab/elizabeth.szentmiklo/abide_data/derivatives/fmriprep/ABIDE2/UNKNOWN/sub-29583/ses-1/func/sub-29583_ses-1_task-rest_run-2_space-MNI152NLin2009cAsym_desc-brain_mask.nii.gz,2.7
ABIDE2,ABIDEII-IP_1_sub-29583_ses-1_run-3,/work/ioannou_lab/elizabeth.szentmiklo/abide_data/derivatives/fmriprep/ABIDE2/UNKNOWN/sub-29583/ses-1/func/sub-29583_ses-1_task-rest_run-3_space-MNI152NLin2009cAsym_desc-preproc_bold.nii.gz,/work/ioannou_lab/elizabeth.szentmiklo/abide_data/derivatives/fmriprep/ABIDE2/UNKNOWN/sub-29583/ses-1/func/sub-29583_ses-1_task-rest_run-3_desc-confounds_regressors.tsv,/work/ioannou_lab/elizabeth.szentmiklo/abide_data/atlases/cc200/cc200_roi_atlas.nii.gz,/work/ioannou_lab/elizabeth.szentmiklo/abide_data/derivatives/fmriprep/ABIDE2/UNKNOWN/sub-29583/ses-1/func/sub-29583_ses-1_task-rest_run-3_space-MNI152NLin2009cAsym_desc-brain_mask.nii.gz,2.7
ABIDE2,ABIDEII-IP_1_sub-29584_ses-1_run-1,/work/ioannou_lab/elizabeth.szentmiklo/abide_data/derivatives/fmriprep/ABIDE2/UNKNOWN/sub-29584/ses-1/func/sub-29584_ses-1_task-rest_run-1_space-MNI152NLin2009cAsym_desc-preproc_bold.nii.gz,/work/ioannou_lab/elizabeth.szentmiklo/abide_data/derivatives/fmriprep/ABIDE2/UNKNOWN/sub-29584/ses-1/func/sub-29584_ses-1_task-rest_run-1_desc-confounds_regressors.tsv,/work/ioannou_lab/elizabeth.szentmiklo/abide_data/atlases/cc200/cc200_roi_atlas.nii.gz,/work/ioannou_lab/elizabeth.szentmiklo/abide_data/derivatives/fmriprep/ABIDE2/UNKNOWN/sub-29584/ses-1/func/sub-29584_ses-1_task-rest_run-1_space-MNI152NLin2009cAsym_desc-brain_mask.nii.gz,2.7
ABIDE2,ABIDEII-IP_1_sub-29584_ses-1_run-2,/work/ioannou_lab/elizabeth.szentmiklo/abide_data/derivatives/fmriprep/ABIDE2/UNKNOWN/sub-29584/ses-1/func/sub-29584_ses-1_task-rest_run-2_space-MNI152NLin2009cAsym_desc-preproc_bold.nii.gz,/work/ioannou_lab/elizabeth.szentmiklo/abide_data/derivatives/fmriprep/ABIDE2/UNKNOWN/sub-29584/ses-1/func/sub-29584_ses-1_task-rest_run-2_desc-confounds_regressors.tsv,/work/ioannou_lab/elizabeth.szentmiklo/abide_data/atlases/cc200/cc200_roi_atlas.nii.gz,/work/ioannou_lab/elizabeth.szentmiklo/abide_data/derivatives/fmriprep/ABIDE2/UNKNOWN/sub-29584/ses-1/func/sub-29584_ses-1_task-rest_run-2_space-MNI152NLin2009cAsym_desc-brain_mask.nii.gz,2.7
ABIDE2,ABIDEII-IP_1_sub-29584_ses-1_run-3,/work/ioannou_lab/elizabeth.szentmiklo/abide_data/derivatives/fmriprep/ABIDE2/UNKNOWN/sub-29584/ses-1/func/sub-29584_ses-1_task-rest_run-3_space-MNI152NLin2009cAsym_desc-preproc_bold.nii.gz,/work/ioannou_lab/elizabeth.szentmiklo/abide_data/derivatives/fmriprep/ABIDE2/UNKNOWN/sub-29584/ses-1/func/sub-29584_ses-1_task-rest_run-3_desc-confounds_regressors.tsv,/work/ioannou_lab/elizabeth.szentmiklo/abide_data/atlases/cc200/cc200_roi_atlas.nii.gz,/work/ioannou_lab/elizabeth.szentmiklo/abide_data/derivatives/fmriprep/ABIDE2/UNKNOWN/sub-29584/ses-1/func/sub-29584_ses-1_task-rest_run-3_space-MNI152NLin2009cAsym_desc-brain_mask.nii.gz,2.7
ABIDE2,ABIDEII-IP_1_sub-29585_ses-1_run-1,/work/ioannou_lab/elizabeth.szentmiklo/abide_data/derivatives/fmriprep/ABIDE2/UNKNOWN/sub-29585/ses-1/func/sub-29585_ses-1_task-rest_run-1_space-MNI152NLin2009cAsym_desc-preproc_bold.nii.gz,/work/ioannou_lab/elizabeth.szentmiklo/abide_data/derivatives/fmriprep/ABIDE2/UNKNOWN/sub-29585/ses-1/func/sub-29585_ses-1_task-rest_run-1_desc-confounds_regressors.tsv,/work/ioannou_lab/elizabeth.szentmiklo/abide_data/atlases/cc200/cc200_roi_atlas.nii.gz,/work/ioannou_lab/elizabeth.szentmiklo/abide_data/derivatives/fmriprep/ABIDE2/UNKNOWN/sub-29585/ses-1/func/sub-29585_ses-1_task-rest_run-1_space-MNI152NLin2009cAsym_desc-brain_mask.nii.gz,2.7
ABIDE2,ABIDEII-IP_1_sub-29585_ses-1_run-2,/work/ioannou_lab/elizabeth.szentmiklo/abide_data/derivatives/fmriprep/ABIDE2/UNKNOWN/sub-29585/ses-1/func/sub-29585_ses-1_task-rest_run-2_space-MNI152NLin2009cAsym_desc-preproc_bold.nii.gz,/work/ioannou_lab/elizabeth.szentmiklo/abide_data/derivatives/fmriprep/ABIDE2/UNKNOWN/sub-29585/ses-1/func/sub-29585_ses-1_task-rest_run-2_desc-confounds_regressors.tsv,/work/ioannou_lab/elizabeth.szentmiklo/abide_data/atlases/cc200/cc200_roi_atlas.nii.gz,/work/ioannou_lab/elizabeth.szentmiklo/abide_data/derivatives/fmriprep/ABIDE2/UNKNOWN/sub-29585/ses-1/func/sub-29585_ses-1_task-rest_run-2_space-MNI152NLin2009cAsym_desc-brain_mask.nii.gz,2.7
ABIDE2,ABIDEII-IP_1_sub-29585_ses-1_run-3,/work/ioannou_lab/elizabeth.szentmiklo/abide_data/derivatives/fmriprep/ABIDE2/UNKNOWN/sub-29585/ses-1/func/sub-29585_ses-1_task-rest_run-3_space-MNI152NLin2009cAsym_desc-preproc_bold.nii.gz,/work/ioannou_lab/elizabeth.szentmiklo/abide_data/derivatives/fmriprep/ABIDE2/UNKNOWN/sub-29585/ses-1/func/sub-29585_ses-1_task-rest_run-3_desc-confounds_regressors.tsv,/work/ioannou_lab/elizabeth.szentmiklo/abide_data/atlases/cc200/cc200_roi_atlas.nii.gz,/work/ioannou_lab/elizabeth.szentmiklo/abide_data/derivatives/fmriprep/ABIDE2/UNKNOWN/sub-29585/ses-1/func/sub-29585_ses-1_task-rest_run-3_space-MNI152NLin2009cAsym_desc-brain_mask.nii.gz,2.7
ABIDE2,ABIDEII-IP_1_sub-29587_ses-1_run-1,/work/ioannou_lab/elizabeth.szentmiklo/abide_data/derivatives/fmriprep/ABIDE2/UNKNOWN/sub-29587/ses-1/func/sub-29587_ses-1_task-rest_run-1_space-MNI152NLin2009cAsym_desc-preproc_bold.nii.gz,/work/ioannou_lab/elizabeth.szentmiklo/abide_data/derivatives/fmriprep/ABIDE2/UNKNOWN/sub-29587/ses-1/func/sub-29587_ses-1_task-rest_run-1_desc-confounds_regressors.tsv,/work/ioannou_lab/elizabeth.szentmiklo/abide_data/atlases/cc200/cc200_roi_atlas.nii.gz,/work/ioannou_lab/elizabeth.szentmiklo/abide_data/derivatives/fmriprep/ABIDE2/UNKNOWN/sub-29587/ses-1/func/sub-29587_ses-1_task-rest_run-1_space-MNI152NLin2009cAsym_desc-brain_mask.nii.gz,2.7
ABIDE2,ABIDEII-IP_1_sub-29587_ses-1_run-2,/work/ioannou_lab/elizabeth.szentmiklo/abide_data/derivatives/fmriprep/ABIDE2/UNKNOWN/sub-29587/ses-1/func/sub-29587_ses-1_task-rest_run-2_space-MNI152NLin2009cAsym_desc-preproc_bold.nii.gz,/work/ioannou_lab/elizabeth.szentmiklo/abide_data/derivatives/fmriprep/ABIDE2/UNKNOWN/sub-29587/ses-1/func/sub-29587_ses-1_task-rest_run-2_desc-confounds_regressors.tsv,/work/ioannou_lab/elizabeth.szentmiklo/abide_data/atlases/cc200/cc200_roi_atlas.nii.gz,/work/ioannou_lab/elizabeth.szentmiklo/abide_data/derivatives/fmriprep/ABIDE2/UNKNOWN/sub-29587/ses-1/func/sub-29587_ses-1_task-rest_run-2_space-MNI152NLin2009cAsym_desc-brain_mask.nii.gz,2.7
ABIDE2,ABIDEII-IP_1_sub-29587_ses-1_run-3,/work/ioannou_lab/elizabeth.szentmiklo/abide_data/derivatives/fmriprep/ABIDE2/UNKNOWN/sub-29587/ses-1/func/sub-29587_ses-1_task-rest_run-3_space-MNI152NLin2009cAsym_desc-preproc_bold.nii.gz,/work/ioannou_lab/elizabeth.szentmiklo/abide_data/derivatives/fmriprep/ABIDE2/UNKNOWN/sub-29587/ses-1/func/sub-29587_ses-1_task-rest_run-3_desc-confounds_regressors.tsv,/work/ioannou_lab/elizabeth.szentmiklo/abide_data/atlases/cc200/cc200_roi_atlas.nii.gz,/work/ioannou_lab/elizabeth.szentmiklo/abide_data/derivatives/fmriprep/ABIDE2/UNKNOWN/sub-29587/ses-1/func/sub-29587_ses-1_task-rest_run-3_space-MNI152NLin2009cAsym_desc-brain_mask.nii.gz,2.7
ABIDE2,ABIDEII-IP_1_sub-29588_ses-1_run-1,/work/ioannou_lab/elizabeth.szentmiklo/abide_data/derivatives/fmriprep/ABIDE2/UNKNOWN/sub-29588/ses-1/func/sub-29588_ses-1_task-rest_run-1_space-MNI152NLin2009cAsym_desc-preproc_bold.nii.gz,/work/ioannou_lab/elizabeth.szentmiklo/abide_data/derivatives/fmriprep/ABIDE2/UNKNOWN/sub-29588/ses-1/func/sub-29588_ses-1_task-rest_run-1_desc-confounds_regressors.tsv,/work/ioannou_lab/elizabeth.szentmiklo/abide_data/atlases/cc200/cc200_roi_atlas.nii.gz,/work/ioannou_lab/elizabeth.szentmiklo/abide_data/derivatives/fmriprep/ABIDE2/UNKNOWN/sub-29588/ses-1/func/sub-29588_ses-1_task-rest_run-1_space-MNI152NLin2009cAsym_desc-brain_mask.nii.gz,2.7
ABIDE2,ABIDEII-IP_1_sub-29588_ses-1_run-2,/work/ioannou_lab/elizabeth.szentmiklo/abide_data/derivatives/fmriprep/ABIDE2/UNKNOWN/sub-29588/ses-1/func/sub-29588_ses-1_task-rest_run-2_space-MNI152NLin2009cAsym_desc-preproc_bold.nii.gz,/work/ioannou_lab/elizabeth.szentmiklo/abide_data/derivatives/fmriprep/ABIDE2/UNKNOWN/sub-29588/ses-1/func/sub-29588_ses-1_task-rest_run-2_desc-confounds_regressors.tsv,/work/ioannou_lab/elizabeth.szentmiklo/abide_data/atlases/cc200/cc200_roi_atlas.nii.gz,/work/ioannou_lab/elizabeth.szentmiklo/abide_data/derivatives/fmriprep/ABIDE2/UNKNOWN/sub-29588/ses-1/func/sub-29588_ses-1_task-rest_run-2_space-MNI152NLin2009cAsym_desc-brain_mask.nii.gz,2.7
ABIDE2,ABIDEII-IP_1_sub-29588_ses-1_run-3,/work/ioannou_lab/elizabeth.szentmiklo/abide_data/derivatives/fmriprep/ABIDE2/UNKNOWN/sub-29588/ses-1/func/sub-29588_ses-1_task-rest_run-3_space-MNI152NLin2009cAsym_desc-preproc_bold.nii.gz,/work/ioannou_lab/elizabeth.szentmiklo/abide_data/derivatives/fmriprep/ABIDE2/UNKNOWN/sub-29588/ses-1/func/sub-29588_ses-1_task-rest_run-3_desc-confounds_regressors.tsv,/work/ioannou_lab/elizabeth.szentmiklo/abide_data/atlases/cc200/cc200_roi_atlas.nii.gz,/work/ioannou_lab/elizabeth.szentmiklo/abide_data/derivatives/fmriprep/ABIDE2/UNKNOWN/sub-29588/ses-1/func/sub-29588_ses-1_task-rest_run-3_space-MNI152NLin2009cAsym_desc-brain_mask.nii.gz,2.7
ABIDE2,ABIDEII-IP_1_sub-29589_ses-1_run-1,/work/ioannou_lab/elizabeth.szentmiklo/abide_data/derivatives/fmriprep/ABIDE2/UNKNOWN/sub-29589/ses-1/func/sub-29589_ses-1_task-rest_run-1_space-MNI152NLin2009cAsym_desc-preproc_bold.nii.gz,/work/ioannou_lab/elizabeth.szentmiklo/abide_data/derivatives/fmriprep/ABIDE2/UNKNOWN/sub-29589/ses-1/func/sub-29589_ses-1_task-rest_run-1_desc-confounds_regressors.tsv,/work/ioannou_lab/elizabeth.szentmiklo/abide_data/atlases/cc200/cc200_roi_atlas.nii.gz,/work/ioannou_lab/elizabeth.szentmiklo/abide_data/derivatives/fmriprep/ABIDE2/UNKNOWN/sub-29589/ses-1/func/sub-29589_ses-1_task-rest_run-1_space-MNI152NLin2009cAsym_desc-brain_mask.nii.gz,2.7
ABIDE2,ABIDEII-IP_1_sub-29589_ses-1_run-3,/work/ioannou_lab/elizabeth.szentmiklo/abide_data/derivatives/fmriprep/ABIDE2/UNKNOWN/sub-29589/ses-1/func/sub-29589_ses-1_task-rest_run-3_space-MNI152NLin2009cAsym_desc-preproc_bold.nii.gz,/work/ioannou_lab/elizabeth.szentmiklo/abide_data/derivatives/fmriprep/ABIDE2/UNKNOWN/sub-29589/ses-1/func/sub-29589_ses-1_task-rest_run-3_desc-confounds_regressors.tsv,/work/ioannou_lab/elizabeth.szentmiklo/abide_data/atlases/cc200/cc200_roi_atlas.nii.gz,/work/ioannou_lab/elizabeth.szentmiklo/abide_data/derivatives/fmriprep/ABIDE2/UNKNOWN/sub-29589/ses-1/func/sub-29589_ses-1_task-rest_run-3_space-MNI152NLin2009cAsym_desc-brain_mask.nii.gz,2.7
ABIDE2,ABIDEII-IP_1_sub-29590_ses-1_run-1,/work/ioannou_lab/elizabeth.szentmiklo/abide_data/derivatives/fmriprep/ABIDE2/UNKNOWN/sub-29590/ses-1/func/sub-29590_ses-1_task-rest_run-1_space-MNI152NLin2009cAsym_desc-preproc_bold.nii.gz,/work/ioannou_lab/elizabeth.szentmiklo/abide_data/derivatives/fmriprep/ABIDE2/UNKNOWN/sub-29590/ses-1/func/sub-29590_ses-1_task-rest_run-1_desc-confounds_regressors.tsv,/work/ioannou_lab/elizabeth.szentmiklo/abide_data/atlases/cc200/cc200_roi_atlas.nii.gz,/work/ioannou_lab/elizabeth.szentmiklo/abide_data/derivatives/fmriprep/ABIDE2/UNKNOWN/sub-29590/ses-1/func/sub-29590_ses-1_task-rest_run-1_space-MNI152NLin2009cAsym_desc-brain_mask.nii.gz,2.7
ABIDE2,ABIDEII-IP_1_sub-29590_ses-1_run-2,/work/ioannou_lab/elizabeth.szentmiklo/abide_data/derivatives/fmriprep/ABIDE2/UNKNOWN/sub-29590/ses-1/func/sub-29590_ses-1_task-rest_run-2_space-MNI152NLin2009cAsym_desc-preproc_bold.nii.gz,/work/ioannou_lab/elizabeth.szentmiklo/abide_data/derivatives/fmriprep/ABIDE2/UNKNOWN/sub-29590/ses-1/func/sub-29590_ses-1_task-rest_run-2_desc-confounds_regressors.tsv,/work/ioannou_lab/elizabeth.szentmiklo/abide_data/atlases/cc200/cc200_roi_atlas.nii.gz,/work/ioannou_lab/elizabeth.szentmiklo/abide_data/derivatives/fmriprep/ABIDE2/UNKNOWN/sub-29590/ses-1/func/sub-29590_ses-1_task-rest_run-2_space-MNI152NLin2009cAsym_desc-brain_mask.nii.gz,2.7
ABIDE2,ABIDEII-IP_1_sub-29590_ses-1_run-3,/work/ioannou_lab/elizabeth.szentmiklo/abide_data/derivatives/fmriprep/ABIDE2/UNKNOWN/sub-29590/ses-1/func/sub-29590_ses-1_task-rest_run-3_space-MNI152NLin2009cAsym_desc-preproc_bold.nii.gz,/work/ioannou_lab/elizabeth.szentmiklo/abide_data/derivatives/fmriprep/ABIDE2/UNKNOWN/sub-29590/ses-1/func/sub-29590_ses-1_task-rest_run-3_desc-confounds_regressors.tsv,/work/ioannou_lab/elizabeth.szentmiklo/abide_data/atlases/cc200/cc200_roi_atlas.nii.gz,/work/ioannou_lab/elizabeth.szentmiklo/abide_data/derivatives/fmriprep/ABIDE2/UNKNOWN/sub-29590/ses-1/func/sub-29590_ses-1_task-rest_run-3_space-MNI152NLin2009cAsym_desc-brain_mask.nii.gz,2.7
ABIDE2,ABIDEII-IP_1_sub-29591_ses-1_run-1,/work/ioannou_lab/elizabeth.szentmiklo/abide_data/derivatives/fmriprep/ABIDE2/UNKNOWN/sub-29591/ses-1/func/sub-29591_ses-1_task-rest_run-1_space-MNI152NLin2009cAsym_desc-preproc_bold.nii.gz,/work/ioannou_lab/elizabeth.szentmiklo/abide_data/derivatives/fmriprep/ABIDE2/UNKNOWN/sub-29591/ses-1/func/sub-29591_ses-1_task-rest_run-1_desc-confounds_regressors.tsv,/work/ioannou_lab/elizabeth.szentmiklo/abide_data/atlases/cc200/cc200_roi_atlas.nii.gz,/work/ioannou_lab/elizabeth.szentmiklo/abide_data/derivatives/fmriprep/ABIDE2/UNKNOWN/sub-29591/ses-1/func/sub-29591_ses-1_task-rest_run-1_space-MNI152NLin2009cAsym_desc-brain_mask.nii.gz,2.7
ABIDE2,ABIDEII-IP_1_sub-29591_ses-1_run-2,/work/ioannou_lab/elizabeth.szentmiklo/abide_data/derivatives/fmriprep/ABIDE2/UNKNOWN/sub-29591/ses-1/func/sub-29591_ses-1_task-rest_run-2_space-MNI152NLin2009cAsym_desc-preproc_bold.nii.gz,/work/ioannou_lab/elizabeth.szentmiklo/abide_data/derivatives/fmriprep/ABIDE2/UNKNOWN/sub-29591/ses-1/func/sub-29591_ses-1_task-rest_run-2_desc-confounds_regressors.tsv,/work/ioannou_lab/elizabeth.szentmiklo/abide_data/atlases/cc200/cc200_roi_atlas.nii.gz,/work/ioannou_lab/elizabeth.szentmiklo/abide_data/derivatives/fmriprep/ABIDE2/UNKNOWN/sub-29591/ses-1/func/sub-29591_ses-1_task-rest_run-2_space-MNI152NLin2009cAsym_desc-brain_mask.nii.gz,2.7
ABIDE2,ABIDEII-IP_1_sub-29591_ses-1_run-3,/work/ioannou_lab/elizabeth.szentmiklo/abide_data/derivatives/fmriprep/ABIDE2/UNKNOWN/sub-29591/ses-1/func/sub-29591_ses-1_task-rest_run-3_space-MNI152NLin2009cAsym_desc-preproc_bold.nii.gz,/work/ioannou_lab/elizabeth.szentmiklo/abide_data/derivatives/fmriprep/ABIDE2/UNKNOWN/sub-29591/ses-1/func/sub-29591_ses-1_task-rest_run-3_desc-confounds_regressors.tsv,/work/ioannou_lab/elizabeth.szentmiklo/abide_data/atlases/cc200/cc200_roi_atlas.nii.gz,/work/ioannou_lab/elizabeth.szentmiklo/abide_data/derivatives/fmriprep/ABIDE2/UNKNOWN/sub-29591/ses-1/func/sub-29591_ses-1_task-rest_run-3_space-MNI152NLin2009cAsym_desc-brain_mask.nii.gz,2.7
ABIDE2,ABIDEII-IP_1_sub-29592_ses-1_run-1,/work/ioannou_lab/elizabeth.szentmiklo/abide_data/derivatives/fmriprep/ABIDE2/UNKNOWN/sub-29592/ses-1/func/sub-29592_ses-1_task-rest_run-1_space-MNI152NLin2009cAsym_desc-preproc_bold.nii.gz,/work/ioannou_lab/elizabeth.szentmiklo/abide_data/derivatives/fmriprep/ABIDE2/UNKNOWN/sub-29592/ses-1/func/sub-29592_ses-1_task-rest_run-1_desc-confounds_regressors.tsv,/work/ioannou_lab/elizabeth.szentmiklo/abide_data/atlases/cc200/cc200_roi_atlas.nii.gz,/work/ioannou_lab/elizabeth.szentmiklo/abide_data/derivatives/fmriprep/ABIDE2/UNKNOWN/sub-29592/ses-1/func/sub-29592_ses-1_task-rest_run-1_space-MNI152NLin2009cAsym_desc-brain_mask.nii.gz,2.7
ABIDE2,ABIDEII-IP_1_sub-29592_ses-1_run-2,/work/ioannou_lab/elizabeth.szentmiklo/abide_data/derivatives/fmriprep/ABIDE2/UNKNOWN/sub-29592/ses-1/func/sub-29592_ses-1_task-rest_run-2_space-MNI152NLin2009cAsym_desc-preproc_bold.nii.gz,/work/ioannou_lab/elizabeth.szentmiklo/abide_data/derivatives/fmriprep/ABIDE2/UNKNOWN/sub-29592/ses-1/func/sub-29592_ses-1_task-rest_run-2_desc-confounds_regressors.tsv,/work/ioannou_lab/elizabeth.szentmiklo/abide_data/atlases/cc200/cc200_roi_atlas.nii.gz,/work/ioannou_lab/elizabeth.szentmiklo/abide_data/derivatives/fmriprep/ABIDE2/UNKNOWN/sub-29592/ses-1/func/sub-29592_ses-1_task-rest_run-2_space-MNI152NLin2009cAsym_desc-brain_mask.nii.gz,2.7
ABIDE2,ABIDEII-IP_1_sub-29592_ses-1_run-3,/work/ioannou_lab/elizabeth.szentmiklo/abide_data/derivatives/fmriprep/ABIDE2/UNKNOWN/sub-29592/ses-1/func/sub-29592_ses-1_task-rest_run-3_space-MNI152NLin2009cAsym_desc-preproc_bold.nii.gz,/work/ioannou_lab/elizabeth.szentmiklo/abide_data/derivatives/fmriprep/ABIDE2/UNKNOWN/sub-29592/ses-1/func/sub-29592_ses-1_task-rest_run-3_desc-confounds_regressors.tsv,/work/ioannou_lab/elizabeth.szentmiklo/abide_data/atlases/cc200/cc200_roi_atlas.nii.gz,/work/ioannou_lab/elizabeth.szentmiklo/abide_data/derivatives/fmriprep/ABIDE2/UNKNOWN/sub-29592/ses-1/func/sub-29592_ses-1_task-rest_run-3_space-MNI152NLin2009cAsym_desc-brain_mask.nii.gz,2.7
ABIDE2,ABIDEII-IP_1_sub-29593_ses-1_run-1,/work/ioannou_lab/elizabeth.szentmiklo/abide_data/derivatives/fmriprep/ABIDE2/UNKNOWN/sub-29593/ses-1/func/sub-29593_ses-1_task-rest_run-1_space-MNI152NLin2009cAsym_desc-preproc_bold.nii.gz,/work/ioannou_lab/elizabeth.szentmiklo/abide_data/derivatives/fmriprep/ABIDE2/UNKNOWN/sub-29593/ses-1/func/sub-29593_ses-1_task-rest_run-1_desc-confounds_regressors.tsv,/work/ioannou_lab/elizabeth.szentmiklo/abide_data/atlases/cc200/cc200_roi_atlas.nii.gz,/work/ioannou_lab/elizabeth.szentmiklo/abide_data/derivatives/fmriprep/ABIDE2/UNKNOWN/sub-29593/ses-1/func/sub-29593_ses-1_task-rest_run-1_space-MNI152NLin2009cAsym_desc-brain_mask.nii.gz,2.7
ABIDE2,ABIDEII-IP_1_sub-29593_ses-1_run-2,/work/ioannou_lab/elizabeth.szentmiklo/abide_data/derivatives/fmriprep/ABIDE2/UNKNOWN/sub-29593/ses-1/func/sub-29593_ses-1_task-rest_run-2_space-MNI152NLin2009cAsym_desc-preproc_bold.nii.gz,/work/ioannou_lab/elizabeth.szentmiklo/abide_data/derivatives/fmriprep/ABIDE2/UNKNOWN/sub-29593/ses-1/func/sub-29593_ses-1_task-rest_run-2_desc-confounds_regressors.tsv,/work/ioannou_lab/elizabeth.szentmiklo/abide_data/atlases/cc200/cc200_roi_atlas.nii.gz,/work/ioannou_lab/elizabeth.szentmiklo/abide_data/derivatives/fmriprep/ABIDE2/UNKNOWN/sub-29593/ses-1/func/sub-29593_ses-1_task-rest_run-2_space-MNI152NLin2009cAsym_desc-brain_mask.nii.gz,2.7
ABIDE2,ABIDEII-IP_1_sub-29593_ses-1_run-3,/work/ioannou_lab/elizabeth.szentmiklo/abide_data/derivatives/fmriprep/ABIDE2/UNKNOWN/sub-29593/ses-1/func/sub-29593_ses-1_task-rest_run-3_space-MNI152NLin2009cAsym_desc-preproc_bold.nii.gz,/work/ioannou_lab/elizabeth.szentmiklo/abide_data/derivatives/fmriprep/ABIDE2/UNKNOWN/sub-29593/ses-1/func/sub-29593_ses-1_task-rest_run-3_desc-confounds_regressors.tsv,/work/ioannou_lab/elizabeth.szentmiklo/abide_data/atlases/cc200/cc200_roi_atlas.nii.gz,/work/ioannou_lab/elizabeth.szentmiklo/abide_data/derivatives/fmriprep/ABIDE2/UNKNOWN/sub-29593/ses-1/func/sub-29593_ses-1_task-rest_run-3_space-MNI152NLin2009cAsym_desc-brain_mask.nii.gz,2.7
ABIDE2,ABIDEII-IP_1_sub-29594_ses-1_run-1,/work/ioannou_lab/elizabeth.szentmiklo/abide_data/derivatives/fmriprep/ABIDE2/UNKNOWN/sub-29594/ses-1/func/sub-29594_ses-1_task-rest_run-1_space-MNI152NLin2009cAsym_desc-preproc_bold.nii.gz,/work/ioannou_lab/elizabeth.szentmiklo/abide_data/derivatives/fmriprep/ABIDE2/UNKNOWN/sub-29594/ses-1/func/sub-29594_ses-1_task-rest_run-1_desc-confounds_regressors.tsv,/work/ioannou_lab/elizabeth.szentmiklo/abide_data/atlases/cc200/cc200_roi_atlas.nii.gz,/work/ioannou_lab/elizabeth.szentmiklo/abide_data/derivatives/fmriprep/ABIDE2/UNKNOWN/sub-29594/ses-1/func/sub-29594_ses-1_task-rest_run-1_space-MNI152NLin2009cAsym_desc-brain_mask.nii.gz,2.7
ABIDE2,ABIDEII-IP_1_sub-29594_ses-1_run-2,/work/ioannou_lab/elizabeth.szentmiklo/abide_data/derivatives/fmriprep/ABIDE2/UNKNOWN/sub-29594/ses-1/func/sub-29594_ses-1_task-rest_run-2_space-MNI152NLin2009cAsym_desc-preproc_bold.nii.gz,/work/ioannou_lab/elizabeth.szentmiklo/abide_data/derivatives/fmriprep/ABIDE2/UNKNOWN/sub-29594/ses-1/func/sub-29594_ses-1_task-rest_run-2_desc-confounds_regressors.tsv,/work/ioannou_lab/elizabeth.szentmiklo/abide_data/atlases/cc200/cc200_roi_atlas.nii.gz,/work/ioannou_lab/elizabeth.szentmiklo/abide_data/derivatives/fmriprep/ABIDE2/UNKNOWN/sub-29594/ses-1/func/sub-29594_ses-1_task-rest_run-2_space-MNI152NLin2009cAsym_desc-brain_mask.nii.gz,2.7
ABIDE2,ABIDEII-IP_1_sub-29594_ses-1_run-3,/work/ioannou_lab/elizabeth.szentmiklo/abide_data/derivatives/fmriprep/ABIDE2/UNKNOWN/sub-29594/ses-1/func/sub-29594_ses-1_task-rest_run-3_space-MNI152NLin2009cAsym_desc-preproc_bold.nii.gz,/work/ioannou_lab/elizabeth.szentmiklo/abide_data/derivatives/fmriprep/ABIDE2/UNKNOWN/sub-29594/ses-1/func/sub-29594_ses-1_task-rest_run-3_desc-confounds_regressors.tsv,/work/ioannou_lab/elizabeth.szentmiklo/abide_data/atlases/cc200/cc200_roi_atlas.nii.gz,/work/ioannou_lab/elizabeth.szentmiklo/abide_data/derivatives/fmriprep/ABIDE2/UNKNOWN/sub-29594/ses-1/func/sub-29594_ses-1_task-rest_run-3_space-MNI152NLin2009cAsym_desc-brain_mask.nii.gz,2.7
ABIDE2,ABIDEII-IP_1_sub-29595_ses-1_run-1,/work/ioannou_lab/elizabeth.szentmiklo/abide_data/derivatives/fmriprep/ABIDE2/UNKNOWN/sub-29595/ses-1/func/sub-29595_ses-1_task-rest_run-1_space-MNI152NLin2009cAsym_desc-preproc_bold.nii.gz,/work/ioannou_lab/elizabeth.szentmiklo/abide_data/derivatives/fmriprep/ABIDE2/UNKNOWN/sub-29595/ses-1/func/sub-29595_ses-1_task-rest_run-1_desc-confounds_regressors.tsv,/work/ioannou_lab/elizabeth.szentmiklo/abide_data/atlases/cc200/cc200_roi_atlas.nii.gz,/work/ioannou_lab/elizabeth.szentmiklo/abide_data/derivatives/fmriprep/ABIDE2/UNKNOWN/sub-29595/ses-1/func/sub-29595_ses-1_task-rest_run-1_space-MNI152NLin2009cAsym_desc-brain_mask.nii.gz,2.7
ABIDE2,ABIDEII-IP_1_sub-29595_ses-1_run-2,/work/ioannou_lab/elizabeth.szentmiklo/abide_data/derivatives/fmriprep/ABIDE2/UNKNOWN/sub-29595/ses-1/func/sub-29595_ses-1_task-rest_run-2_space-MNI152NLin2009cAsym_desc-preproc_bold.nii.gz,/work/ioannou_lab/elizabeth.szentmiklo/abide_data/derivatives/fmriprep/ABIDE2/UNKNOWN/sub-29595/ses-1/func/sub-29595_ses-1_task-rest_run-2_desc-confounds_regressors.tsv,/work/ioannou_lab/elizabeth.szentmiklo/abide_data/atlases/cc200/cc200_roi_atlas.nii.gz,/work/ioannou_lab/elizabeth.szentmiklo/abide_data/derivatives/fmriprep/ABIDE2/UNKNOWN/sub-29595/ses-1/func/sub-29595_ses-1_task-rest_run-2_space-MNI152NLin2009cAsym_desc-brain_mask.nii.gz,2.7
ABIDE2,ABIDEII-IP_1_sub-29595_ses-1_run-3,/work/ioannou_lab/elizabeth.szentmiklo/abide_data/derivatives/fmriprep/ABIDE2/UNKNOWN/sub-29595/ses-1/func/sub-29595_ses-1_task-rest_run-3_space-MNI152NLin2009cAsym_desc-preproc_bold.nii.gz,/work/ioannou_lab/elizabeth.szentmiklo/abide_data/derivatives/fmriprep/ABIDE2/UNKNOWN/sub-29595/ses-1/func/sub-29595_ses-1_task-rest_run-3_desc-confounds_regressors.tsv,/work/ioannou_lab/elizabeth.szentmiklo/abide_data/atlases/cc200/cc200_roi_atlas.nii.gz,/work/ioannou_lab/elizabeth.szentmiklo/abide_data/derivatives/fmriprep/ABIDE2/UNKNOWN/sub-29595/ses-1/func/sub-29595_ses-1_task-rest_run-3_space-MNI152NLin2009cAsym_desc-brain_mask.nii.gz,2.7
ABIDE2,ABIDEII-IP_1_sub-29596_ses-1_run-1,/work/ioannou_lab/elizabeth.szentmiklo/abide_data/derivatives/fmriprep/ABIDE2/UNKNOWN/sub-29596/ses-1/func/sub-29596_ses-1_task-rest_run-1_space-MNI152NLin2009cAsym_desc-preproc_bold.nii.gz,/work/ioannou_lab/elizabeth.szentmiklo/abide_data/derivatives/fmriprep/ABIDE2/UNKNOWN/sub-29596/ses-1/func/sub-29596_ses-1_task-rest_run-1_desc-confounds_regressors.tsv,/work/ioannou_lab/elizabeth.szentmiklo/abide_data/atlases/cc200/cc200_roi_atlas.nii.gz,/work/ioannou_lab/elizabeth.szentmiklo/abide_data/derivatives/fmriprep/ABIDE2/UNKNOWN/sub-29596/ses-1/func/sub-29596_ses-1_task-rest_run-1_space-MNI152NLin2009cAsym_desc-brain_mask.nii.gz,2.7
ABIDE2,ABIDEII-IP_1_sub-29596_ses-1_run-2,/work/ioannou_lab/elizabeth.szentmiklo/abide_data/derivatives/fmriprep/ABIDE2/UNKNOWN/sub-29596/ses-1/func/sub-29596_ses-1_task-rest_run-2_space-MNI152NLin2009cAsym_desc-preproc_bold.nii.gz,/work/ioannou_lab/elizabeth.szentmiklo/abide_data/derivatives/fmriprep/ABIDE2/UNKNOWN/sub-29596/ses-1/func/sub-29596_ses-1_task-rest_run-2_desc-confounds_regressors.tsv,/work/ioannou_lab/elizabeth.szentmiklo/abide_data/atlases/cc200/cc200_roi_atlas.nii.gz,/work/ioannou_lab/elizabeth.szentmiklo/abide_data/derivatives/fmriprep/ABIDE2/UNKNOWN/sub-29596/ses-1/func/sub-29596_ses-1_task-rest_run-2_space-MNI152NLin2009cAsym_desc-brain_mask.nii.gz,2.7
ABIDE2,ABIDEII-IP_1_sub-29596_ses-1_run-3,/work/ioannou_lab/elizabeth.szentmiklo/abide_data/derivatives/fmriprep/ABIDE2/UNKNOWN/sub-29596/ses-1/func/sub-29596_ses-1_task-rest_run-3_space-MNI152NLin2009cAsym_desc-preproc_bold.nii.gz,/work/ioannou_lab/elizabeth.szentmiklo/abide_data/derivatives/fmriprep/ABIDE2/UNKNOWN/sub-29596/ses-1/func/sub-29596_ses-1_task-rest_run-3_desc-confounds_regressors.tsv,/work/ioannou_lab/elizabeth.szentmiklo/abide_data/atlases/cc200/cc200_roi_atlas.nii.gz,/work/ioannou_lab/elizabeth.szentmiklo/abide_data/derivatives/fmriprep/ABIDE2/UNKNOWN/sub-29596/ses-1/func/sub-29596_ses-1_task-rest_run-3_space-MNI152NLin2009cAsym_desc-brain_mask.nii.gz,2.7
ABIDE2,ABIDEII-IP_1_sub-29596_ses-1_run-4,/work/ioannou_lab/elizabeth.szentmiklo/abide_data/derivatives/fmriprep/ABIDE2/UNKNOWN/sub-29596/ses-1/func/sub-29596_ses-1_task-rest_run-4_space-MNI152NLin2009cAsym_desc-preproc_bold.nii.gz,/work/ioannou_lab/elizabeth.szentmiklo/abide_data/derivatives/fmriprep/ABIDE2/UNKNOWN/sub-29596/ses-1/func/sub-29596_ses-1_task-rest_run-4_desc-confounds_regressors.tsv,/work/ioannou_lab/elizabeth.szentmiklo/abide_data/atlases/cc200/cc200_roi_atlas.nii.gz,/work/ioannou_lab/elizabeth.szentmiklo/abide_data/derivatives/fmriprep/ABIDE2/UNKNOWN/sub-29596/ses-1/func/sub-29596_ses-1_task-rest_run-4_space-MNI152NLin2009cAsym_desc-brain_mask.nii.gz,2.7
ABIDE2,ABIDEII-IP_1_sub-29597_ses-1_run-1,/work/ioannou_lab/elizabeth.szentmiklo/abide_data/derivatives/fmriprep/ABIDE2/UNKNOWN/sub-29597/ses-1/func/sub-29597_ses-1_task-rest_run-1_space-MNI152NLin2009cAsym_desc-preproc_bold.nii.gz,/work/ioannou_lab/elizabeth.szentmiklo/abide_data/derivatives/fmriprep/ABIDE2/UNKNOWN/sub-29597/ses-1/func/sub-29597_ses-1_task-rest_run-1_desc-confounds_regressors.tsv,/work/ioannou_lab/elizabeth.szentmiklo/abide_data/atlases/cc200/cc200_roi_atlas.nii.gz,/work/ioannou_lab/elizabeth.szentmiklo/abide_data/derivatives/fmriprep/ABIDE2/UNKNOWN/sub-29597/ses-1/func/sub-29597_ses-1_task-rest_run-1_space-MNI152NLin2009cAsym_desc-brain_mask.nii.gz,2.7
ABIDE2,ABIDEII-IP_1_sub-29597_ses-1_run-2,/work/ioannou_lab/elizabeth.szentmiklo/abide_data/derivatives/fmriprep/ABIDE2/UNKNOWN/sub-29597/ses-1/func/sub-29597_ses-1_task-rest_run-2_space-MNI152NLin2009cAsym_desc-preproc_bold.nii.gz,/work/ioannou_lab/elizabeth.szentmiklo/abide_data/derivatives/fmriprep/ABIDE2/UNKNOWN/sub-29597/ses-1/func/sub-29597_ses-1_task-rest_run-2_desc-confounds_regressors.tsv,/work/ioannou_lab/elizabeth.szentmiklo/abide_data/atlases/cc200/cc200_roi_atlas.nii.gz,/work/ioannou_lab/elizabeth.szentmiklo/abide_data/derivatives/fmriprep/ABIDE2/UNKNOWN/sub-29597/ses-1/func/sub-29597_ses-1_task-rest_run-2_space-MNI152NLin2009cAsym_desc-brain_mask.nii.gz,2.7
ABIDE2,ABIDEII-IP_1_sub-29597_ses-1_run-3,/work/ioannou_lab/elizabeth.szentmiklo/abide_data/derivatives/fmriprep/ABIDE2/UNKNOWN/sub-29597/ses-1/func/sub-29597_ses-1_task-rest_run-3_space-MNI152NLin2009cAsym_desc-preproc_bold.nii.gz,/work/ioannou_lab/elizabeth.szentmiklo/abide_data/derivatives/fmriprep/ABIDE2/UNKNOWN/sub-29597/ses-1/func/sub-29597_ses-1_task-rest_run-3_desc-confounds_regressors.tsv,/work/ioannou_lab/elizabeth.szentmiklo/abide_data/atlases/cc200/cc200_roi_atlas.nii.gz,/work/ioannou_lab/elizabeth.szentmiklo/abide_data/derivatives/fmriprep/ABIDE2/UNKNOWN/sub-29597/ses-1/func/sub-29597_ses-1_task-rest_run-3_space-MNI152NLin2009cAsym_desc-brain_mask.nii.gz,2.7
ABIDE2,ABIDEII-IP_1_sub-29598_ses-1_run-1,/work/ioannou_lab/elizabeth.szentmiklo/abide_data/derivatives/fmriprep/ABIDE2/UNKNOWN/sub-29598/ses-1/func/sub-29598_ses-1_task-rest_run-1_space-MNI152NLin2009cAsym_desc-preproc_bold.nii.gz,/work/ioannou_lab/elizabeth.szentmiklo/abide_data/derivatives/fmriprep/ABIDE2/UNKNOWN/sub-29598/ses-1/func/sub-29598_ses-1_task-rest_run-1_desc-confounds_regressors.tsv,/work/ioannou_lab/elizabeth.szentmiklo/abide_data/atlases/cc200/cc200_roi_atlas.nii.gz,/work/ioannou_lab/elizabeth.szentmiklo/abide_data/derivatives/fmriprep/ABIDE2/UNKNOWN/sub-29598/ses-1/func/sub-29598_ses-1_task-rest_run-1_space-MNI152NLin2009cAsym_desc-brain_mask.nii.gz,2.7
ABIDE2,ABIDEII-IP_1_sub-29598_ses-1_run-2,/work/ioannou_lab/elizabeth.szentmiklo/abide_data/derivatives/fmriprep/ABIDE2/UNKNOWN/sub-29598/ses-1/func/sub-29598_ses-1_task-rest_run-2_space-MNI152NLin2009cAsym_desc-preproc_bold.nii.gz,/work/ioannou_lab/elizabeth.szentmiklo/abide_data/derivatives/fmriprep/ABIDE2/UNKNOWN/sub-29598/ses-1/func/sub-29598_ses-1_task-rest_run-2_desc-confounds_regressors.tsv,/work/ioannou_lab/elizabeth.szentmiklo/abide_data/atlases/cc200/cc200_roi_atlas.nii.gz,/work/ioannou_lab/elizabeth.szentmiklo/abide_data/derivatives/fmriprep/ABIDE2/UNKNOWN/sub-29598/ses-1/func/sub-29598_ses-1_task-rest_run-2_space-MNI152NLin2009cAsym_desc-brain_mask.nii.gz,2.7
ABIDE2,ABIDEII-IP_1_sub-29598_ses-1_run-3,/work/ioannou_lab/elizabeth.szentmiklo/abide_data/derivatives/fmriprep/ABIDE2/UNKNOWN/sub-29598/ses-1/func/sub-29598_ses-1_task-rest_run-3_space-MNI152NLin2009cAsym_desc-preproc_bold.nii.gz,/work/ioannou_lab/elizabeth.szentmiklo/abide_data/derivatives/fmriprep/ABIDE2/UNKNOWN/sub-29598/ses-1/func/sub-29598_ses-1_task-rest_run-3_desc-confounds_regressors.tsv,/work/ioannou_lab/elizabeth.szentmiklo/abide_data/atlases/cc200/cc200_roi_atlas.nii.gz,/work/ioannou_lab/elizabeth.szentmiklo/abide_data/derivatives/fmriprep/ABIDE2/UNKNOWN/sub-29598/ses-1/func/sub-29598_ses-1_task-rest_run-3_space-MNI152NLin2009cAsym_desc-brain_mask.nii.gz,2.7
ABIDE2,ABIDEII-IP_1_sub-29600_ses-1_run-1,/work/ioannou_lab/elizabeth.szentmiklo/abide_data/derivatives/fmriprep/ABIDE2/UNKNOWN/sub-29600/ses-1/func/sub-29600_ses-1_task-rest_run-1_space-MNI152NLin2009cAsym_desc-preproc_bold.nii.gz,/work/ioannou_lab/elizabeth.szentmiklo/abide_data/derivatives/fmriprep/ABIDE2/UNKNOWN/sub-29600/ses-1/func/sub-29600_ses-1_task-rest_run-1_desc-confounds_regressors.tsv,/work/ioannou_lab/elizabeth.szentmiklo/abide_data/atlases/cc200/cc200_roi_atlas.nii.gz,/work/ioannou_lab/elizabeth.szentmiklo/abide_data/derivatives/fmriprep/ABIDE2/UNKNOWN/sub-29600/ses-1/func/sub-29600_ses-1_task-rest_run-1_space-MNI152NLin2009cAsym_desc-brain_mask.nii.gz,2.7
ABIDE2,ABIDEII-IP_1_sub-29600_ses-1_run-2,/work/ioannou_lab/elizabeth.szentmiklo/abide_data/derivatives/fmriprep/ABIDE2/UNKNOWN/sub-29600/ses-1/func/sub-29600_ses-1_task-rest_run-2_space-MNI152NLin2009cAsym_desc-preproc_bold.nii.gz,/work/ioannou_lab/elizabeth.szentmiklo/abide_data/derivatives/fmriprep/ABIDE2/UNKNOWN/sub-29600/ses-1/func/sub-29600_ses-1_task-rest_run-2_desc-confounds_regressors.tsv,/work/ioannou_lab/elizabeth.szentmiklo/abide_data/atlases/cc200/cc200_roi_atlas.nii.gz,/work/ioannou_lab/elizabeth.szentmiklo/abide_data/derivatives/fmriprep/ABIDE2/UNKNOWN/sub-29600/ses-1/func/sub-29600_ses-1_task-rest_run-2_space-MNI152NLin2009cAsym_desc-brain_mask.nii.gz,2.7
ABIDE2,ABIDEII-IP_1_sub-29600_ses-1_run-3,/work/ioannou_lab/elizabeth.szentmiklo/abide_data/derivatives/fmriprep/ABIDE2/UNKNOWN/sub-29600/ses-1/func/sub-29600_ses-1_task-rest_run-3_space-MNI152NLin2009cAsym_desc-preproc_bold.nii.gz,/work/ioannou_lab/elizabeth.szentmiklo/abide_data/derivatives/fmriprep/ABIDE2/UNKNOWN/sub-29600/ses-1/func/sub-29600_ses-1_task-rest_run-3_desc-confounds_regressors.tsv,/work/ioannou_lab/elizabeth.szentmiklo/abide_data/atlases/cc200/cc200_roi_atlas.nii.gz,/work/ioannou_lab/elizabeth.szentmiklo/abide_data/derivatives/fmriprep/ABIDE2/UNKNOWN/sub-29600/ses-1/func/sub-29600_ses-1_task-rest_run-3_space-MNI152NLin2009cAsym_desc-brain_mask.nii.gz,2.7
ABIDE2,ABIDEII-IP_1_sub-29601_ses-1_run-1,/work/ioannou_lab/elizabeth.szentmiklo/abide_data/derivatives/fmriprep/ABIDE2/UNKNOWN/sub-29601/ses-1/func/sub-29601_ses-1_task-rest_run-1_space-MNI152NLin2009cAsym_desc-preproc_bold.nii.gz,/work/ioannou_lab/elizabeth.szentmiklo/abide_data/derivatives/fmriprep/ABIDE2/UNKNOWN/sub-29601/ses-1/func/sub-29601_ses-1_task-rest_run-1_desc-confounds_regressors.tsv,/work/ioannou_lab/elizabeth.szentmiklo/abide_data/atlases/cc200/cc200_roi_atlas.nii.gz,/work/ioannou_lab/elizabeth.szentmiklo/abide_data/derivatives/fmriprep/ABIDE2/UNKNOWN/sub-29601/ses-1/func/sub-29601_ses-1_task-rest_run-1_space-MNI152NLin2009cAsym_desc-brain_mask.nii.gz,2.7
ABIDE2,ABIDEII-IP_1_sub-29601_ses-1_run-2,/work/ioannou_lab/elizabeth.szentmiklo/abide_data/derivatives/fmriprep/ABIDE2/UNKNOWN/sub-29601/ses-1/func/sub-29601_ses-1_task-rest_run-2_space-MNI152NLin2009cAsym_desc-preproc_bold.nii.gz,/work/ioannou_lab/elizabeth.szentmiklo/abide_data/derivatives/fmriprep/ABIDE2/UNKNOWN/sub-29601/ses-1/func/sub-29601_ses-1_task-rest_run-2_desc-confounds_regressors.tsv,/work/ioannou_lab/elizabeth.szentmiklo/abide_data/atlases/cc200/cc200_roi_atlas.nii.gz,/work/ioannou_lab/elizabeth.szentmiklo/abide_data/derivatives/fmriprep/ABIDE2/UNKNOWN/sub-29601/ses-1/func/sub-29601_ses-1_task-rest_run-2_space-MNI152NLin2009cAsym_desc-brain_mask.nii.gz,2.7
ABIDE2,ABIDEII-IP_1_sub-29601_ses-1_run-3,/work/ioannou_lab/elizabeth.szentmiklo/abide_data/derivatives/fmriprep/ABIDE2/UNKNOWN/sub-29601/ses-1/func/sub-29601_ses-1_task-rest_run-3_space-MNI152NLin2009cAsym_desc-preproc_bold.nii.gz,/work/ioannou_lab/elizabeth.szentmiklo/abide_data/derivatives/fmriprep/ABIDE2/UNKNOWN/sub-29601/ses-1/func/sub-29601_ses-1_task-rest_run-3_desc-confounds_regressors.tsv,/work/ioannou_lab/elizabeth.szentmiklo/abide_data/atlases/cc200/cc200_roi_atlas.nii.gz,/work/ioannou_lab/elizabeth.szentmiklo/abide_data/derivatives/fmriprep/ABIDE2/UNKNOWN/sub-29601/ses-1/func/sub-29601_ses-1_task-rest_run-3_space-MNI152NLin2009cAsym_desc-brain_mask.nii.gz,2.7
ABIDE2,ABIDEII-IP_1_sub-29602_ses-1_run-1,/work/ioannou_lab/elizabeth.szentmiklo/abide_data/derivatives/fmriprep/ABIDE2/UNKNOWN/sub-29602/ses-1/func/sub-29602_ses-1_task-rest_run-1_space-MNI152NLin2009cAsym_desc-preproc_bold.nii.gz,/work/ioannou_lab/elizabeth.szentmiklo/abide_data/derivatives/fmriprep/ABIDE2/UNKNOWN/sub-29602/ses-1/func/sub-29602_ses-1_task-rest_run-1_desc-confounds_regressors.tsv,/work/ioannou_lab/elizabeth.szentmiklo/abide_data/atlases/cc200/cc200_roi_atlas.nii.gz,/work/ioannou_lab/elizabeth.szentmiklo/abide_data/derivatives/fmriprep/ABIDE2/UNKNOWN/sub-29602/ses-1/func/sub-29602_ses-1_task-rest_run-1_space-MNI152NLin2009cAsym_desc-brain_mask.nii.gz,2.7
ABIDE2,ABIDEII-IP_1_sub-29602_ses-1_run-2,/work/ioannou_lab/elizabeth.szentmiklo/abide_data/derivatives/fmriprep/ABIDE2/UNKNOWN/sub-29602/ses-1/func/sub-29602_ses-1_task-rest_run-2_space-MNI152NLin2009cAsym_desc-preproc_bold.nii.gz,/work/ioannou_lab/elizabeth.szentmiklo/abide_data/derivatives/fmriprep/ABIDE2/UNKNOWN/sub-29602/ses-1/func/sub-29602_ses-1_task-rest_run-2_desc-confounds_regressors.tsv,/work/ioannou_lab/elizabeth.szentmiklo/abide_data/atlases/cc200/cc200_roi_atlas.nii.gz,/work/ioannou_lab/elizabeth.szentmiklo/abide_data/derivatives/fmriprep/ABIDE2/UNKNOWN/sub-29602/ses-1/func/sub-29602_ses-1_task-rest_run-2_space-MNI152NLin2009cAsym_desc-brain_mask.nii.gz,2.7
ABIDE2,ABIDEII-IP_1_sub-29602_ses-1_run-3,/work/ioannou_lab/elizabeth.szentmiklo/abide_data/derivatives/fmriprep/ABIDE2/UNKNOWN/sub-29602/ses-1/func/sub-29602_ses-1_task-rest_run-3_space-MNI152NLin2009cAsym_desc-preproc_bold.nii.gz,/work/ioannou_lab/elizabeth.szentmiklo/abide_data/derivatives/fmriprep/ABIDE2/UNKNOWN/sub-29602/ses-1/func/sub-29602_ses-1_task-rest_run-3_desc-confounds_regressors.tsv,/work/ioannou_lab/elizabeth.szentmiklo/abide_data/atlases/cc200/cc200_roi_atlas.nii.gz,/work/ioannou_lab/elizabeth.szentmiklo/abide_data/derivatives/fmriprep/ABIDE2/UNKNOWN/sub-29602/ses-1/func/sub-29602_ses-1_task-rest_run-3_space-MNI152NLin2009cAsym_desc-brain_mask.nii.gz,2.7
ABIDE2,ABIDEII-IP_1_sub-29603_ses-1_run-1,/work/ioannou_lab/elizabeth.szentmiklo/abide_data/derivatives/fmriprep/ABIDE2/UNKNOWN/sub-29603/ses-1/func/sub-29603_ses-1_task-rest_run-1_space-MNI152NLin2009cAsym_desc-preproc_bold.nii.gz,/work/ioannou_lab/elizabeth.szentmiklo/abide_data/derivatives/fmriprep/ABIDE2/UNKNOWN/sub-29603/ses-1/func/sub-29603_ses-1_task-rest_run-1_desc-confounds_regressors.tsv,/work/ioannou_lab/elizabeth.szentmiklo/abide_data/atlases/cc200/cc200_roi_atlas.nii.gz,/work/ioannou_lab/elizabeth.szentmiklo/abide_data/derivatives/fmriprep/ABIDE2/UNKNOWN/sub-29603/ses-1/func/sub-29603_ses-1_task-rest_run-1_space-MNI152NLin2009cAsym_desc-brain_mask.nii.gz,2.7
ABIDE2,ABIDEII-IP_1_sub-29603_ses-1_run-2,/work/ioannou_lab/elizabeth.szentmiklo/abide_data/derivatives/fmriprep/ABIDE2/UNKNOWN/sub-29603/ses-1/func/sub-29603_ses-1_task-rest_run-2_space-MNI152NLin2009cAsym_desc-preproc_bold.nii.gz,/work/ioannou_lab/elizabeth.szentmiklo/abide_data/derivatives/fmriprep/ABIDE2/UNKNOWN/sub-29603/ses-1/func/sub-29603_ses-1_task-rest_run-2_desc-confounds_regressors.tsv,/work/ioannou_lab/elizabeth.szentmiklo/abide_data/atlases/cc200/cc200_roi_atlas.nii.gz,/work/ioannou_lab/elizabeth.szentmiklo/abide_data/derivatives/fmriprep/ABIDE2/UNKNOWN/sub-29603/ses-1/func/sub-29603_ses-1_task-rest_run-2_space-MNI152NLin2009cAsym_desc-brain_mask.nii.gz,2.7
ABIDE2,ABIDEII-IP_1_sub-29603_ses-1_run-3,/work/ioannou_lab/elizabeth.szentmiklo/abide_data/derivatives/fmriprep/ABIDE2/UNKNOWN/sub-29603/ses-1/func/sub-29603_ses-1_task-rest_run-3_space-MNI152NLin2009cAsym_desc-preproc_bold.nii.gz,/work/ioannou_lab/elizabeth.szentmiklo/abide_data/derivatives/fmriprep/ABIDE2/UNKNOWN/sub-29603/ses-1/func/sub-29603_ses-1_task-rest_run-3_desc-confounds_regressors.tsv,/work/ioannou_lab/elizabeth.szentmiklo/abide_data/atlases/cc200/cc200_roi_atlas.nii.gz,/work/ioannou_lab/elizabeth.szentmiklo/abide_data/derivatives/fmriprep/ABIDE2/UNKNOWN/sub-29603/ses-1/func/sub-29603_ses-1_task-rest_run-3_space-MNI152NLin2009cAsym_desc-brain_mask.nii.gz,2.7
ABIDE2,ABIDEII-IP_1_sub-29604_ses-1_run-1,/work/ioannou_lab/elizabeth.szentmiklo/abide_data/derivatives/fmriprep/ABIDE2/UNKNOWN/sub-29604/ses-1/func/sub-29604_ses-1_task-rest_run-1_space-MNI152NLin2009cAsym_desc-preproc_bold.nii.gz,/work/ioannou_lab/elizabeth.szentmiklo/abide_data/derivatives/fmriprep/ABIDE2/UNKNOWN/sub-29604/ses-1/func/sub-29604_ses-1_task-rest_run-1_desc-confounds_regressors.tsv,/work/ioannou_lab/elizabeth.szentmiklo/abide_data/atlases/cc200/cc200_roi_atlas.nii.gz,/work/ioannou_lab/elizabeth.szentmiklo/abide_data/derivatives/fmriprep/ABIDE2/UNKNOWN/sub-29604/ses-1/func/sub-29604_ses-1_task-rest_run-1_space-MNI152NLin2009cAsym_desc-brain_mask.nii.gz,2.7
ABIDE2,ABIDEII-IP_1_sub-29604_ses-1_run-2,/work/ioannou_lab/elizabeth.szentmiklo/abide_data/derivatives/fmriprep/ABIDE2/UNKNOWN/sub-29604/ses-1/func/sub-29604_ses-1_task-rest_run-2_space-MNI152NLin2009cAsym_desc-preproc_bold.nii.gz,/work/ioannou_lab/elizabeth.szentmiklo/abide_data/derivatives/fmriprep/ABIDE2/UNKNOWN/sub-29604/ses-1/func/sub-29604_ses-1_task-rest_run-2_desc-confounds_regressors.tsv,/work/ioannou_lab/elizabeth.szentmiklo/abide_data/atlases/cc200/cc200_roi_atlas.nii.gz,/work/ioannou_lab/elizabeth.szentmiklo/abide_data/derivatives/fmriprep/ABIDE2/UNKNOWN/sub-29604/ses-1/func/sub-29604_ses-1_task-rest_run-2_space-MNI152NLin2009cAsym_desc-brain_mask.nii.gz,2.7
ABIDE2,ABIDEII-IP_1_sub-29604_ses-1_run-3,/work/ioannou_lab/elizabeth.szentmiklo/abide_data/derivatives/fmriprep/ABIDE2/UNKNOWN/sub-29604/ses-1/func/sub-29604_ses-1_task-rest_run-3_space-MNI152NLin2009cAsym_desc-preproc_bold.nii.gz,/work/ioannou_lab/elizabeth.szentmiklo/abide_data/derivatives/fmriprep/ABIDE2/UNKNOWN/sub-29604/ses-1/func/sub-29604_ses-1_task-rest_run-3_desc-confounds_regressors.tsv,/work/ioannou_lab/elizabeth.szentmiklo/abide_data/atlases/cc200/cc200_roi_atlas.nii.gz,/work/ioannou_lab/elizabeth.szentmiklo/abide_data/derivatives/fmriprep/ABIDE2/UNKNOWN/sub-29604/ses-1/func/sub-29604_ses-1_task-rest_run-3_space-MNI152NLin2009cAsym_desc-brain_mask.nii.gz,2.7
ABIDE2,ABIDEII-IP_1_sub-29605_ses-1_run-1,/work/ioannou_lab/elizabeth.szentmiklo/abide_data/derivatives/fmriprep/ABIDE2/UNKNOWN/sub-29605/ses-1/func/sub-29605_ses-1_task-rest_run-1_space-MNI152NLin2009cAsym_desc-preproc_bold.nii.gz,/work/ioannou_lab/elizabeth.szentmiklo/abide_data/derivatives/fmriprep/ABIDE2/UNKNOWN/sub-29605/ses-1/func/sub-29605_ses-1_task-rest_run-1_desc-confounds_regressors.tsv,/work/ioannou_lab/elizabeth.szentmiklo/abide_data/atlases/cc200/cc200_roi_atlas.nii.gz,/work/ioannou_lab/elizabeth.szentmiklo/abide_data/derivatives/fmriprep/ABIDE2/UNKNOWN/sub-29605/ses-1/func/sub-29605_ses-1_task-rest_run-1_space-MNI152NLin2009cAsym_desc-brain_mask.nii.gz,2.7
ABIDE2,ABIDEII-IP_1_sub-29605_ses-1_run-2,/work/ioannou_lab/elizabeth.szentmiklo/abide_data/derivatives/fmriprep/ABIDE2/UNKNOWN/sub-29605/ses-1/func/sub-29605_ses-1_task-rest_run-2_space-MNI152NLin2009cAsym_desc-preproc_bold.nii.gz,/work/ioannou_lab/elizabeth.szentmiklo/abide_data/derivatives/fmriprep/ABIDE2/UNKNOWN/sub-29605/ses-1/func/sub-29605_ses-1_task-rest_run-2_desc-confounds_regressors.tsv,/work/ioannou_lab/elizabeth.szentmiklo/abide_data/atlases/cc200/cc200_roi_atlas.nii.gz,/work/ioannou_lab/elizabeth.szentmiklo/abide_data/derivatives/fmriprep/ABIDE2/UNKNOWN/sub-29605/ses-1/func/sub-29605_ses-1_task-rest_run-2_space-MNI152NLin2009cAsym_desc-brain_mask.nii.gz,2.7
ABIDE2,ABIDEII-IP_1_sub-29605_ses-1_run-3,/work/ioannou_lab/elizabeth.szentmiklo/abide_data/derivatives/fmriprep/ABIDE2/UNKNOWN/sub-29605/ses-1/func/sub-29605_ses-1_task-rest_run-3_space-MNI152NLin2009cAsym_desc-preproc_bold.nii.gz,/work/ioannou_lab/elizabeth.szentmiklo/abide_data/derivatives/fmriprep/ABIDE2/UNKNOWN/sub-29605/ses-1/func/sub-29605_ses-1_task-rest_run-3_desc-confounds_regressors.tsv,/work/ioannou_lab/elizabeth.szentmiklo/abide_data/atlases/cc200/cc200_roi_atlas.nii.gz,/work/ioannou_lab/elizabeth.szentmiklo/abide_data/derivatives/fmriprep/ABIDE2/UNKNOWN/sub-29605/ses-1/func/sub-29605_ses-1_task-rest_run-3_space-MNI152NLin2009cAsym_desc-brain_mask.nii.gz,2.7
ABIDE2,ABIDEII-IP_1_sub-29606_ses-1_run-1,/work/ioannou_lab/elizabeth.szentmiklo/abide_data/derivatives/fmriprep/ABIDE2/UNKNOWN/sub-29606/ses-1/func/sub-29606_ses-1_task-rest_run-1_space-MNI152NLin2009cAsym_desc-preproc_bold.nii.gz,/work/ioannou_lab/elizabeth.szentmiklo/abide_data/derivatives/fmriprep/ABIDE2/UNKNOWN/sub-29606/ses-1/func/sub-29606_ses-1_task-rest_run-1_desc-confounds_regressors.tsv,/work/ioannou_lab/elizabeth.szentmiklo/abide_data/atlases/cc200/cc200_roi_atlas.nii.gz,/work/ioannou_lab/elizabeth.szentmiklo/abide_data/derivatives/fmriprep/ABIDE2/UNKNOWN/sub-29606/ses-1/func/sub-29606_ses-1_task-rest_run-1_space-MNI152NLin2009cAsym_desc-brain_mask.nii.gz,2.7
ABIDE2,ABIDEII-IP_1_sub-29606_ses-1_run-2,/work/ioannou_lab/elizabeth.szentmiklo/abide_data/derivatives/fmriprep/ABIDE2/UNKNOWN/sub-29606/ses-1/func/sub-29606_ses-1_task-rest_run-2_space-MNI152NLin2009cAsym_desc-preproc_bold.nii.gz,/work/ioannou_lab/elizabeth.szentmiklo/abide_data/derivatives/fmriprep/ABIDE2/UNKNOWN/sub-29606/ses-1/func/sub-29606_ses-1_task-rest_run-2_desc-confounds_regressors.tsv,/work/ioannou_lab/elizabeth.szentmiklo/abide_data/atlases/cc200/cc200_roi_atlas.nii.gz,/work/ioannou_lab/elizabeth.szentmiklo/abide_data/derivatives/fmriprep/ABIDE2/UNKNOWN/sub-29606/ses-1/func/sub-29606_ses-1_task-rest_run-2_space-MNI152NLin2009cAsym_desc-brain_mask.nii.gz,2.7
ABIDE2,ABIDEII-IP_1_sub-29607_ses-1_run-1,/work/ioannou_lab/elizabeth.szentmiklo/abide_data/derivatives/fmriprep/ABIDE2/UNKNOWN/sub-29607/ses-1/func/sub-29607_ses-1_task-rest_run-1_space-MNI152NLin2009cAsym_desc-preproc_bold.nii.gz,/work/ioannou_lab/elizabeth.szentmiklo/abide_data/derivatives/fmriprep/ABIDE2/UNKNOWN/sub-29607/ses-1/func/sub-29607_ses-1_task-rest_run-1_desc-confounds_regressors.tsv,/work/ioannou_lab/elizabeth.szentmiklo/abide_data/atlases/cc200/cc200_roi_atlas.nii.gz,/work/ioannou_lab/elizabeth.szentmiklo/abide_data/derivatives/fmriprep/ABIDE2/UNKNOWN/sub-29607/ses-1/func/sub-29607_ses-1_task-rest_run-1_space-MNI152NLin2009cAsym_desc-brain_mask.nii.gz,2.7
ABIDE2,ABIDEII-IP_1_sub-29607_ses-1_run-2,/work/ioannou_lab/elizabeth.szentmiklo/abide_data/derivatives/fmriprep/ABIDE2/UNKNOWN/sub-29607/ses-1/func/sub-29607_ses-1_task-rest_run-2_space-MNI152NLin2009cAsym_desc-preproc_bold.nii.gz,/work/ioannou_lab/elizabeth.szentmiklo/abide_data/derivatives/fmriprep/ABIDE2/UNKNOWN/sub-29607/ses-1/func/sub-29607_ses-1_task-rest_run-2_desc-confounds_regressors.tsv,/work/ioannou_lab/elizabeth.szentmiklo/abide_data/atlases/cc200/cc200_roi_atlas.nii.gz,/work/ioannou_lab/elizabeth.szentmiklo/abide_data/derivatives/fmriprep/ABIDE2/UNKNOWN/sub-29607/ses-1/func/sub-29607_ses-1_task-rest_run-2_space-MNI152NLin2009cAsym_desc-brain_mask.nii.gz,2.7
ABIDE2,ABIDEII-IP_1_sub-29607_ses-1_run-3,/work/ioannou_lab/elizabeth.szentmiklo/abide_data/derivatives/fmriprep/ABIDE2/UNKNOWN/sub-29607/ses-1/func/sub-29607_ses-1_task-rest_run-3_space-MNI152NLin2009cAsym_desc-preproc_bold.nii.gz,/work/ioannou_lab/elizabeth.szentmiklo/abide_data/derivatives/fmriprep/ABIDE2/UNKNOWN/sub-29607/ses-1/func/sub-29607_ses-1_task-rest_run-3_desc-confounds_regressors.tsv,/work/ioannou_lab/elizabeth.szentmiklo/abide_data/atlases/cc200/cc200_roi_atlas.nii.gz,/work/ioannou_lab/elizabeth.szentmiklo/abide_data/derivatives/fmriprep/ABIDE2/UNKNOWN/sub-29607/ses-1/func/sub-29607_ses-1_task-rest_run-3_space-MNI152NLin2009cAsym_desc-brain_mask.nii.gz,2.7
ABIDE2,ABIDEII-IP_1_sub-29608_ses-1_run-1,/work/ioannou_lab/elizabeth.szentmiklo/abide_data/derivatives/fmriprep/ABIDE2/UNKNOWN/sub-29608/ses-1/func/sub-29608_ses-1_task-rest_run-1_space-MNI152NLin2009cAsym_desc-preproc_bold.nii.gz,/work/ioannou_lab/elizabeth.szentmiklo/abide_data/derivatives/fmriprep/ABIDE2/UNKNOWN/sub-29608/ses-1/func/sub-29608_ses-1_task-rest_run-1_desc-confounds_regressors.tsv,/work/ioannou_lab/elizabeth.szentmiklo/abide_data/atlases/cc200/cc200_roi_atlas.nii.gz,/work/ioannou_lab/elizabeth.szentmiklo/abide_data/derivatives/fmriprep/ABIDE2/UNKNOWN/sub-29608/ses-1/func/sub-29608_ses-1_task-rest_run-1_space-MNI152NLin2009cAsym_desc-brain_mask.nii.gz,2.7
ABIDE2,ABIDEII-IP_1_sub-29608_ses-1_run-2,/work/ioannou_lab/elizabeth.szentmiklo/abide_data/derivatives/fmriprep/ABIDE2/UNKNOWN/sub-29608/ses-1/func/sub-29608_ses-1_task-rest_run-2_space-MNI152NLin2009cAsym_desc-preproc_bold.nii.gz,/work/ioannou_lab/elizabeth.szentmiklo/abide_data/derivatives/fmriprep/ABIDE2/UNKNOWN/sub-29608/ses-1/func/sub-29608_ses-1_task-rest_run-2_desc-confounds_regressors.tsv,/work/ioannou_lab/elizabeth.szentmiklo/abide_data/atlases/cc200/cc200_roi_atlas.nii.gz,/work/ioannou_lab/elizabeth.szentmiklo/abide_data/derivatives/fmriprep/ABIDE2/UNKNOWN/sub-29608/ses-1/func/sub-29608_ses-1_task-rest_run-2_space-MNI152NLin2009cAsym_desc-brain_mask.nii.gz,2.7
ABIDE2,ABIDEII-IP_1_sub-29608_ses-1_run-3,/work/ioannou_lab/elizabeth.szentmiklo/abide_data/derivatives/fmriprep/ABIDE2/UNKNOWN/sub-29608/ses-1/func/sub-29608_ses-1_task-rest_run-3_space-MNI152NLin2009cAsym_desc-preproc_bold.nii.gz,/work/ioannou_lab/elizabeth.szentmiklo/abide_data/derivatives/fmriprep/ABIDE2/UNKNOWN/sub-29608/ses-1/func/sub-29608_ses-1_task-rest_run-3_desc-confounds_regressors.tsv,/work/ioannou_lab/elizabeth.szentmiklo/abide_data/atlases/cc200/cc200_roi_atlas.nii.gz,/work/ioannou_lab/elizabeth.szentmiklo/abide_data/derivatives/fmriprep/ABIDE2/UNKNOWN/sub-29608/ses-1/func/sub-29608_ses-1_task-rest_run-3_space-MNI152NLin2009cAsym_desc-brain_mask.nii.gz,2.7
ABIDE2,ABIDEII-IP_1_sub-29609_ses-1_run-1,/work/ioannou_lab/elizabeth.szentmiklo/abide_data/derivatives/fmriprep/ABIDE2/UNKNOWN/sub-29609/ses-1/func/sub-29609_ses-1_task-rest_run-1_space-MNI152NLin2009cAsym_desc-preproc_bold.nii.gz,/work/ioannou_lab/elizabeth.szentmiklo/abide_data/derivatives/fmriprep/ABIDE2/UNKNOWN/sub-29609/ses-1/func/sub-29609_ses-1_task-rest_run-1_desc-confounds_regressors.tsv,/work/ioannou_lab/elizabeth.szentmiklo/abide_data/atlases/cc200/cc200_roi_atlas.nii.gz,/work/ioannou_lab/elizabeth.szentmiklo/abide_data/derivatives/fmriprep/ABIDE2/UNKNOWN/sub-29609/ses-1/func/sub-29609_ses-1_task-rest_run-1_space-MNI152NLin2009cAsym_desc-brain_mask.nii.gz,2.7
ABIDE2,ABIDEII-IP_1_sub-29609_ses-1_run-2,/work/ioannou_lab/elizabeth.szentmiklo/abide_data/derivatives/fmriprep/ABIDE2/UNKNOWN/sub-29609/ses-1/func/sub-29609_ses-1_task-rest_run-2_space-MNI152NLin2009cAsym_desc-preproc_bold.nii.gz,/work/ioannou_lab/elizabeth.szentmiklo/abide_data/derivatives/fmriprep/ABIDE2/UNKNOWN/sub-29609/ses-1/func/sub-29609_ses-1_task-rest_run-2_desc-confounds_regressors.tsv,/work/ioannou_lab/elizabeth.szentmiklo/abide_data/atlases/cc200/cc200_roi_atlas.nii.gz,/work/ioannou_lab/elizabeth.szentmiklo/abide_data/derivatives/fmriprep/ABIDE2/UNKNOWN/sub-29609/ses-1/func/sub-29609_ses-1_task-rest_run-2_space-MNI152NLin2009cAsym_desc-brain_mask.nii.gz,2.7
ABIDE2,ABIDEII-IP_1_sub-29610_ses-1_run-1,/work/ioannou_lab/elizabeth.szentmiklo/abide_data/derivatives/fmriprep/ABIDE2/UNKNOWN/sub-29610/ses-1/func/sub-29610_ses-1_task-rest_run-1_space-MNI152NLin2009cAsym_desc-preproc_bold.nii.gz,/work/ioannou_lab/elizabeth.szentmiklo/abide_data/derivatives/fmriprep/ABIDE2/UNKNOWN/sub-29610/ses-1/func/sub-29610_ses-1_task-rest_run-1_desc-confounds_regressors.tsv,/work/ioannou_lab/elizabeth.szentmiklo/abide_data/atlases/cc200/cc200_roi_atlas.nii.gz,/work/ioannou_lab/elizabeth.szentmiklo/abide_data/derivatives/fmriprep/ABIDE2/UNKNOWN/sub-29610/ses-1/func/sub-29610_ses-1_task-rest_run-1_space-MNI152NLin2009cAsym_desc-brain_mask.nii.gz,2.7
ABIDE2,ABIDEII-IP_1_sub-29610_ses-1_run-2,/work/ioannou_lab/elizabeth.szentmiklo/abide_data/derivatives/fmriprep/ABIDE2/UNKNOWN/sub-29610/ses-1/func/sub-29610_ses-1_task-rest_run-2_space-MNI152NLin2009cAsym_desc-preproc_bold.nii.gz,/work/ioannou_lab/elizabeth.szentmiklo/abide_data/derivatives/fmriprep/ABIDE2/UNKNOWN/sub-29610/ses-1/func/sub-29610_ses-1_task-rest_run-2_desc-confounds_regressors.tsv,/work/ioannou_lab/elizabeth.szentmiklo/abide_data/atlases/cc200/cc200_roi_atlas.nii.gz,/work/ioannou_lab/elizabeth.szentmiklo/abide_data/derivatives/fmriprep/ABIDE2/UNKNOWN/sub-29610/ses-1/func/sub-29610_ses-1_task-rest_run-2_space-MNI152NLin2009cAsym_desc-brain_mask.nii.gz,2.7
ABIDE2,ABIDEII-IP_1_sub-29610_ses-1_run-3,/work/ioannou_lab/elizabeth.szentmiklo/abide_data/derivatives/fmriprep/ABIDE2/UNKNOWN/sub-29610/ses-1/func/sub-29610_ses-1_task-rest_run-3_space-MNI152NLin2009cAsym_desc-preproc_bold.nii.gz,/work/ioannou_lab/elizabeth.szentmiklo/abide_data/derivatives/fmriprep/ABIDE2/UNKNOWN/sub-29610/ses-1/func/sub-29610_ses-1_task-rest_run-3_desc-confounds_regressors.tsv,/work/ioannou_lab/elizabeth.szentmiklo/abide_data/atlases/cc200/cc200_roi_atlas.nii.gz,/work/ioannou_lab/elizabeth.szentmiklo/abide_data/derivatives/fmriprep/ABIDE2/UNKNOWN/sub-29610/ses-1/func/sub-29610_ses-1_task-rest_run-3_space-MNI152NLin2009cAsym_desc-brain_mask.nii.gz,2.7
ABIDE2,ABIDEII-IP_1_sub-29611_ses-1_run-1,/work/ioannou_lab/elizabeth.szentmiklo/abide_data/derivatives/fmriprep/ABIDE2/UNKNOWN/sub-29611/ses-1/func/sub-29611_ses-1_task-rest_run-1_space-MNI152NLin2009cAsym_desc-preproc_bold.nii.gz,/work/ioannou_lab/elizabeth.szentmiklo/abide_data/derivatives/fmriprep/ABIDE2/UNKNOWN/sub-29611/ses-1/func/sub-29611_ses-1_task-rest_run-1_desc-confounds_regressors.tsv,/work/ioannou_lab/elizabeth.szentmiklo/abide_data/atlases/cc200/cc200_roi_atlas.nii.gz,/work/ioannou_lab/elizabeth.szentmiklo/abide_data/derivatives/fmriprep/ABIDE2/UNKNOWN/sub-29611/ses-1/func/sub-29611_ses-1_task-rest_run-1_space-MNI152NLin2009cAsym_desc-brain_mask.nii.gz,2.7
ABIDE2,ABIDEII-IP_1_sub-29611_ses-1_run-2,/work/ioannou_lab/elizabeth.szentmiklo/abide_data/derivatives/fmriprep/ABIDE2/UNKNOWN/sub-29611/ses-1/func/sub-29611_ses-1_task-rest_run-2_space-MNI152NLin2009cAsym_desc-preproc_bold.nii.gz,/work/ioannou_lab/elizabeth.szentmiklo/abide_data/derivatives/fmriprep/ABIDE2/UNKNOWN/sub-29611/ses-1/func/sub-29611_ses-1_task-rest_run-2_desc-confounds_regressors.tsv,/work/ioannou_lab/elizabeth.szentmiklo/abide_data/atlases/cc200/cc200_roi_atlas.nii.gz,/work/ioannou_lab/elizabeth.szentmiklo/abide_data/derivatives/fmriprep/ABIDE2/UNKNOWN/sub-29611/ses-1/func/sub-29611_ses-1_task-rest_run-2_space-MNI152NLin2009cAsym_desc-brain_mask.nii.gz,2.7
ABIDE2,ABIDEII-IP_1_sub-29611_ses-1_run-3,/work/ioannou_lab/elizabeth.szentmiklo/abide_data/derivatives/fmriprep/ABIDE2/UNKNOWN/sub-29611/ses-1/func/sub-29611_ses-1_task-rest_run-3_space-MNI152NLin2009cAsym_desc-preproc_bold.nii.gz,/work/ioannou_lab/elizabeth.szentmiklo/abide_data/derivatives/fmriprep/ABIDE2/UNKNOWN/sub-29611/ses-1/func/sub-29611_ses-1_task-rest_run-3_desc-confounds_regressors.tsv,/work/ioannou_lab/elizabeth.szentmiklo/abide_data/atlases/cc200/cc200_roi_atlas.nii.gz,/work/ioannou_lab/elizabeth.szentmiklo/abide_data/derivatives/fmriprep/ABIDE2/UNKNOWN/sub-29611/ses-1/func/sub-29611_ses-1_task-rest_run-3_space-MNI152NLin2009cAsym_desc-brain_mask.nii.gz,2.7
ABIDE2,ABIDEII-IP_1_sub-29612_ses-1_run-1,/work/ioannou_lab/elizabeth.szentmiklo/abide_data/derivatives/fmriprep/ABIDE2/UNKNOWN/sub-29612/ses-1/func/sub-29612_ses-1_task-rest_run-1_space-MNI152NLin2009cAsym_desc-preproc_bold.nii.gz,/work/ioannou_lab/elizabeth.szentmiklo/abide_data/derivatives/fmriprep/ABIDE2/UNKNOWN/sub-29612/ses-1/func/sub-29612_ses-1_task-rest_run-1_desc-confounds_regressors.tsv,/work/ioannou_lab/elizabeth.szentmiklo/abide_data/atlases/cc200/cc200_roi_atlas.nii.gz,/work/ioannou_lab/elizabeth.szentmiklo/abide_data/derivatives/fmriprep/ABIDE2/UNKNOWN/sub-29612/ses-1/func/sub-29612_ses-1_task-rest_run-1_space-MNI152NLin2009cAsym_desc-brain_mask.nii.gz,2.7
ABIDE2,ABIDEII-IP_1_sub-29612_ses-1_run-2,/work/ioannou_lab/elizabeth.szentmiklo/abide_data/derivatives/fmriprep/ABIDE2/UNKNOWN/sub-29612/ses-1/func/sub-29612_ses-1_task-rest_run-2_space-MNI152NLin2009cAsym_desc-preproc_bold.nii.gz,/work/ioannou_lab/elizabeth.szentmiklo/abide_data/derivatives/fmriprep/ABIDE2/UNKNOWN/sub-29612/ses-1/func/sub-29612_ses-1_task-rest_run-2_desc-confounds_regressors.tsv,/work/ioannou_lab/elizabeth.szentmiklo/abide_data/atlases/cc200/cc200_roi_atlas.nii.gz,/work/ioannou_lab/elizabeth.szentmiklo/abide_data/derivatives/fmriprep/ABIDE2/UNKNOWN/sub-29612/ses-1/func/sub-29612_ses-1_task-rest_run-2_space-MNI152NLin2009cAsym_desc-brain_mask.nii.gz,2.7
ABIDE2,ABIDEII-IP_1_sub-29612_ses-1_run-3,/work/ioannou_lab/elizabeth.szentmiklo/abide_data/derivatives/fmriprep/ABIDE2/UNKNOWN/sub-29612/ses-1/func/sub-29612_ses-1_task-rest_run-3_space-MNI152NLin2009cAsym_desc-preproc_bold.nii.gz,/work/ioannou_lab/elizabeth.szentmiklo/abide_data/derivatives/fmriprep/ABIDE2/UNKNOWN/sub-29612/ses-1/func/sub-29612_ses-1_task-rest_run-3_desc-confounds_regressors.tsv,/work/ioannou_lab/elizabeth.szentmiklo/abide_data/atlases/cc200/cc200_roi_atlas.nii.gz,/work/ioannou_lab/elizabeth.szentmiklo/abide_data/derivatives/fmriprep/ABIDE2/UNKNOWN/sub-29612/ses-1/func/sub-29612_ses-1_task-rest_run-3_space-MNI152NLin2009cAsym_desc-brain_mask.nii.gz,2.7
ABIDE2,ABIDEII-IP_1_sub-29613_ses-1_run-1,/work/ioannou_lab/elizabeth.szentmiklo/abide_data/derivatives/fmriprep/ABIDE2/UNKNOWN/sub-29613/ses-1/func/sub-29613_ses-1_task-rest_run-1_space-MNI152NLin2009cAsym_desc-preproc_bold.nii.gz,/work/ioannou_lab/elizabeth.szentmiklo/abide_data/derivatives/fmriprep/ABIDE2/UNKNOWN/sub-29613/ses-1/func/sub-29613_ses-1_task-rest_run-1_desc-confounds_regressors.tsv,/work/ioannou_lab/elizabeth.szentmiklo/abide_data/atlases/cc200/cc200_roi_atlas.nii.gz,/work/ioannou_lab/elizabeth.szentmiklo/abide_data/derivatives/fmriprep/ABIDE2/UNKNOWN/sub-29613/ses-1/func/sub-29613_ses-1_task-rest_run-1_space-MNI152NLin2009cAsym_desc-brain_mask.nii.gz,2.7
ABIDE2,ABIDEII-IP_1_sub-29613_ses-1_run-2,/work/ioannou_lab/elizabeth.szentmiklo/abide_data/derivatives/fmriprep/ABIDE2/UNKNOWN/sub-29613/ses-1/func/sub-29613_ses-1_task-rest_run-2_space-MNI152NLin2009cAsym_desc-preproc_bold.nii.gz,/work/ioannou_lab/elizabeth.szentmiklo/abide_data/derivatives/fmriprep/ABIDE2/UNKNOWN/sub-29613/ses-1/func/sub-29613_ses-1_task-rest_run-2_desc-confounds_regressors.tsv,/work/ioannou_lab/elizabeth.szentmiklo/abide_data/atlases/cc200/cc200_roi_atlas.nii.gz,/work/ioannou_lab/elizabeth.szentmiklo/abide_data/derivatives/fmriprep/ABIDE2/UNKNOWN/sub-29613/ses-1/func/sub-29613_ses-1_task-rest_run-2_space-MNI152NLin2009cAsym_desc-brain_mask.nii.gz,2.7
ABIDE2,ABIDEII-IP_1_sub-29613_ses-1_run-3,/work/ioannou_lab/elizabeth.szentmiklo/abide_data/derivatives/fmriprep/ABIDE2/UNKNOWN/sub-29613/ses-1/func/sub-29613_ses-1_task-rest_run-3_space-MNI152NLin2009cAsym_desc-preproc_bold.nii.gz,/work/ioannou_lab/elizabeth.szentmiklo/abide_data/derivatives/fmriprep/ABIDE2/UNKNOWN/sub-29613/ses-1/func/sub-29613_ses-1_task-rest_run-3_desc-confounds_regressors.tsv,/work/ioannou_lab/elizabeth.szentmiklo/abide_data/atlases/cc200/cc200_roi_atlas.nii.gz,/work/ioannou_lab/elizabeth.szentmiklo/abide_data/derivatives/fmriprep/ABIDE2/UNKNOWN/sub-29613/ses-1/func/sub-29613_ses-1_task-rest_run-3_space-MNI152NLin2009cAsym_desc-brain_mask.nii.gz,2.7
ABIDE2,ABIDEII-IP_1_sub-29614_ses-1_run-1,/work/ioannou_lab/elizabeth.szentmiklo/abide_data/derivatives/fmriprep/ABIDE2/UNKNOWN/sub-29614/ses-1/func/sub-29614_ses-1_task-rest_run-1_space-MNI152NLin2009cAsym_desc-preproc_bold.nii.gz,/work/ioannou_lab/elizabeth.szentmiklo/abide_data/derivatives/fmriprep/ABIDE2/UNKNOWN/sub-29614/ses-1/func/sub-29614_ses-1_task-rest_run-1_desc-confounds_regressors.tsv,/work/ioannou_lab/elizabeth.szentmiklo/abide_data/atlases/cc200/cc200_roi_atlas.nii.gz,/work/ioannou_lab/elizabeth.szentmiklo/abide_data/derivatives/fmriprep/ABIDE2/UNKNOWN/sub-29614/ses-1/func/sub-29614_ses-1_task-rest_run-1_space-MNI152NLin2009cAsym_desc-brain_mask.nii.gz,2.7
ABIDE2,ABIDEII-IP_1_sub-29614_ses-1_run-2,/work/ioannou_lab/elizabeth.szentmiklo/abide_data/derivatives/fmriprep/ABIDE2/UNKNOWN/sub-29614/ses-1/func/sub-29614_ses-1_task-rest_run-2_space-MNI152NLin2009cAsym_desc-preproc_bold.nii.gz,/work/ioannou_lab/elizabeth.szentmiklo/abide_data/derivatives/fmriprep/ABIDE2/UNKNOWN/sub-29614/ses-1/func/sub-29614_ses-1_task-rest_run-2_desc-confounds_regressors.tsv,/work/ioannou_lab/elizabeth.szentmiklo/abide_data/atlases/cc200/cc200_roi_atlas.nii.gz,/work/ioannou_lab/elizabeth.szentmiklo/abide_data/derivatives/fmriprep/ABIDE2/UNKNOWN/sub-29614/ses-1/func/sub-29614_ses-1_task-rest_run-2_space-MNI152NLin2009cAsym_desc-brain_mask.nii.gz,2.7
ABIDE2,ABIDEII-IP_1_sub-29614_ses-1_run-3,/work/ioannou_lab/elizabeth.szentmiklo/abide_data/derivatives/fmriprep/ABIDE2/UNKNOWN/sub-29614/ses-1/func/sub-29614_ses-1_task-rest_run-3_space-MNI152NLin2009cAsym_desc-preproc_bold.nii.gz,/work/ioannou_lab/elizabeth.szentmiklo/abide_data/derivatives/fmriprep/ABIDE2/UNKNOWN/sub-29614/ses-1/func/sub-29614_ses-1_task-rest_run-3_desc-confounds_regressors.tsv,/work/ioannou_lab/elizabeth.szentmiklo/abide_data/atlases/cc200/cc200_roi_atlas.nii.gz,/work/ioannou_lab/elizabeth.szentmiklo/abide_data/derivatives/fmriprep/ABIDE2/UNKNOWN/sub-29614/ses-1/func/sub-29614_ses-1_task-rest_run-3_space-MNI152NLin2009cAsym_desc-brain_mask.nii.gz,2.7
ABIDE2,ABIDEII-IP_1_sub-29618_ses-1_run-1,/work/ioannou_lab/elizabeth.szentmiklo/abide_data/derivatives/fmriprep/ABIDE2/UNKNOWN/sub-29618/ses-1/func/sub-29618_ses-1_task-rest_run-1_space-MNI152NLin2009cAsym_desc-preproc_bold.nii.gz,/work/ioannou_lab/elizabeth.szentmiklo/abide_data/derivatives/fmriprep/ABIDE2/UNKNOWN/sub-29618/ses-1/func/sub-29618_ses-1_task-rest_run-1_desc-confounds_regressors.tsv,/work/ioannou_lab/elizabeth.szentmiklo/abide_data/atlases/cc200/cc200_roi_atlas.nii.gz,/work/ioannou_lab/elizabeth.szentmiklo/abide_data/derivatives/fmriprep/ABIDE2/UNKNOWN/sub-29618/ses-1/func/sub-29618_ses-1_task-rest_run-1_space-MNI152NLin2009cAsym_desc-brain_mask.nii.gz,2.7
ABIDE2,ABIDEII-IP_1_sub-29618_ses-1_run-2,/work/ioannou_lab/elizabeth.szentmiklo/abide_data/derivatives/fmriprep/ABIDE2/UNKNOWN/sub-29618/ses-1/func/sub-29618_ses-1_task-rest_run-2_space-MNI152NLin2009cAsym_desc-preproc_bold.nii.gz,/work/ioannou_lab/elizabeth.szentmiklo/abide_data/derivatives/fmriprep/ABIDE2/UNKNOWN/sub-29618/ses-1/func/sub-29618_ses-1_task-rest_run-2_desc-confounds_regressors.tsv,/work/ioannou_lab/elizabeth.szentmiklo/abide_data/atlases/cc200/cc200_roi_atlas.nii.gz,/work/ioannou_lab/elizabeth.szentmiklo/abide_data/derivatives/fmriprep/ABIDE2/UNKNOWN/sub-29618/ses-1/func/sub-29618_ses-1_task-rest_run-2_space-MNI152NLin2009cAsym_desc-brain_mask.nii.gz,2.7
ABIDE2,ABIDEII-IP_1_sub-29618_ses-1_run-3,/work/ioannou_lab/elizabeth.szentmiklo/abide_data/derivatives/fmriprep/ABIDE2/UNKNOWN/sub-29618/ses-1/func/sub-29618_ses-1_task-rest_run-3_space-MNI152NLin2009cAsym_desc-preproc_bold.nii.gz,/work/ioannou_lab/elizabeth.szentmiklo/abide_data/derivatives/fmriprep/ABIDE2/UNKNOWN/sub-29618/ses-1/func/sub-29618_ses-1_task-rest_run-3_desc-confounds_regressors.tsv,/work/ioannou_lab/elizabeth.szentmiklo/abide_data/atlases/cc200/cc200_roi_atlas.nii.gz,/work/ioannou_lab/elizabeth.szentmiklo/abide_data/derivatives/fmriprep/ABIDE2/UNKNOWN/sub-29618/ses-1/func/sub-29618_ses-1_task-rest_run-3_space-MNI152NLin2009cAsym_desc-brain_mask.nii.gz,2.7
ABIDE2,ABIDEII-IP_1_sub-29619_ses-1_run-1,/work/ioannou_lab/elizabeth.szentmiklo/abide_data/derivatives/fmriprep/ABIDE2/UNKNOWN/sub-29619/ses-1/func/sub-29619_ses-1_task-rest_run-1_space-MNI152NLin2009cAsym_desc-preproc_bold.nii.gz,/work/ioannou_lab/elizabeth.szentmiklo/abide_data/derivatives/fmriprep/ABIDE2/UNKNOWN/sub-29619/ses-1/func/sub-29619_ses-1_task-rest_run-1_desc-confounds_regressors.tsv,/work/ioannou_lab/elizabeth.szentmiklo/abide_data/atlases/cc200/cc200_roi_atlas.nii.gz,/work/ioannou_lab/elizabeth.szentmiklo/abide_data/derivatives/fmriprep/ABIDE2/UNKNOWN/sub-29619/ses-1/func/sub-29619_ses-1_task-rest_run-1_space-MNI152NLin2009cAsym_desc-brain_mask.nii.gz,2.7
ABIDE2,ABIDEII-IP_1_sub-29619_ses-1_run-2,/work/ioannou_lab/elizabeth.szentmiklo/abide_data/derivatives/fmriprep/ABIDE2/UNKNOWN/sub-29619/ses-1/func/sub-29619_ses-1_task-rest_run-2_space-MNI152NLin2009cAsym_desc-preproc_bold.nii.gz,/work/ioannou_lab/elizabeth.szentmiklo/abide_data/derivatives/fmriprep/ABIDE2/UNKNOWN/sub-29619/ses-1/func/sub-29619_ses-1_task-rest_run-2_desc-confounds_regressors.tsv,/work/ioannou_lab/elizabeth.szentmiklo/abide_data/atlases/cc200/cc200_roi_atlas.nii.gz,/work/ioannou_lab/elizabeth.szentmiklo/abide_data/derivatives/fmriprep/ABIDE2/UNKNOWN/sub-29619/ses-1/func/sub-29619_ses-1_task-rest_run-2_space-MNI152NLin2009cAsym_desc-brain_mask.nii.gz,2.7
ABIDE2,ABIDEII-IP_1_sub-29619_ses-1_run-3,/work/ioannou_lab/elizabeth.szentmiklo/abide_data/derivatives/fmriprep/ABIDE2/UNKNOWN/sub-29619/ses-1/func/sub-29619_ses-1_task-rest_run-3_space-MNI152NLin2009cAsym_desc-preproc_bold.nii.gz,/work/ioannou_lab/elizabeth.szentmiklo/abide_data/derivatives/fmriprep/ABIDE2/UNKNOWN/sub-29619/ses-1/func/sub-29619_ses-1_task-rest_run-3_desc-confounds_regressors.tsv,/work/ioannou_lab/elizabeth.szentmiklo/abide_data/atlases/cc200/cc200_roi_atlas.nii.gz,/work/ioannou_lab/elizabeth.szentmiklo/abide_data/derivatives/fmriprep/ABIDE2/UNKNOWN/sub-29619/ses-1/func/sub-29619_ses-1_task-rest_run-3_space-MNI152NLin2009cAsym_desc-brain_mask.nii.gz,2.7
ABIDE2,ABIDEII-IP_1_sub-29620_ses-1_run-1,/work/ioannou_lab/elizabeth.szentmiklo/abide_data/derivatives/fmriprep/ABIDE2/UNKNOWN/sub-29620/ses-1/func/sub-29620_ses-1_task-rest_run-1_space-MNI152NLin2009cAsym_desc-preproc_bold.nii.gz,/work/ioannou_lab/elizabeth.szentmiklo/abide_data/derivatives/fmriprep/ABIDE2/UNKNOWN/sub-29620/ses-1/func/sub-29620_ses-1_task-rest_run-1_desc-confounds_regressors.tsv,/work/ioannou_lab/elizabeth.szentmiklo/abide_data/atlases/cc200/cc200_roi_atlas.nii.gz,/work/ioannou_lab/elizabeth.szentmiklo/abide_data/derivatives/fmriprep/ABIDE2/UNKNOWN/sub-29620/ses-1/func/sub-29620_ses-1_task-rest_run-1_space-MNI152NLin2009cAsym_desc-brain_mask.nii.gz,2.7
ABIDE2,ABIDEII-IP_1_sub-29620_ses-1_run-2,/work/ioannou_lab/elizabeth.szentmiklo/abide_data/derivatives/fmriprep/ABIDE2/UNKNOWN/sub-29620/ses-1/func/sub-29620_ses-1_task-rest_run-2_space-MNI152NLin2009cAsym_desc-preproc_bold.nii.gz,/work/ioannou_lab/elizabeth.szentmiklo/abide_data/derivatives/fmriprep/ABIDE2/UNKNOWN/sub-29620/ses-1/func/sub-29620_ses-1_task-rest_run-2_desc-confounds_regressors.tsv,/work/ioannou_lab/elizabeth.szentmiklo/abide_data/atlases/cc200/cc200_roi_atlas.nii.gz,/work/ioannou_lab/elizabeth.szentmiklo/abide_data/derivatives/fmriprep/ABIDE2/UNKNOWN/sub-29620/ses-1/func/sub-29620_ses-1_task-rest_run-2_space-MNI152NLin2009cAsym_desc-brain_mask.nii.gz,2.7
ABIDE2,ABIDEII-IP_1_sub-29620_ses-1_run-3,/work/ioannou_lab/elizabeth.szentmiklo/abide_data/derivatives/fmriprep/ABIDE2/UNKNOWN/sub-29620/ses-1/func/sub-29620_ses-1_task-rest_run-3_space-MNI152NLin2009cAsym_desc-preproc_bold.nii.gz,/work/ioannou_lab/elizabeth.szentmiklo/abide_data/derivatives/fmriprep/ABIDE2/UNKNOWN/sub-29620/ses-1/func/sub-29620_ses-1_task-rest_run-3_desc-confounds_regressors.tsv,/work/ioannou_lab/elizabeth.szentmiklo/abide_data/atlases/cc200/cc200_roi_atlas.nii.gz,/work/ioannou_lab/elizabeth.szentmiklo/abide_data/derivatives/fmriprep/ABIDE2/UNKNOWN/sub-29620/ses-1/func/sub-29620_ses-1_task-rest_run-3_space-MNI152NLin2009cAsym_desc-brain_mask.nii.gz,2.7
ABIDE2,ABIDEII-IP_1_sub-29621_ses-1_run-1,/work/ioannou_lab/elizabeth.szentmiklo/abide_data/derivatives/fmriprep/ABIDE2/UNKNOWN/sub-29621/ses-1/func/sub-29621_ses-1_task-rest_run-1_space-MNI152NLin2009cAsym_desc-preproc_bold.nii.gz,/work/ioannou_lab/elizabeth.szentmiklo/abide_data/derivatives/fmriprep/ABIDE2/UNKNOWN/sub-29621/ses-1/func/sub-29621_ses-1_task-rest_run-1_desc-confounds_regressors.tsv,/work/ioannou_lab/elizabeth.szentmiklo/abide_data/atlases/cc200/cc200_roi_atlas.nii.gz,/work/ioannou_lab/elizabeth.szentmiklo/abide_data/derivatives/fmriprep/ABIDE2/UNKNOWN/sub-29621/ses-1/func/sub-29621_ses-1_task-rest_run-1_space-MNI152NLin2009cAsym_desc-brain_mask.nii.gz,2.7
ABIDE2,ABIDEII-IP_1_sub-29621_ses-1_run-2,/work/ioannou_lab/elizabeth.szentmiklo/abide_data/derivatives/fmriprep/ABIDE2/UNKNOWN/sub-29621/ses-1/func/sub-29621_ses-1_task-rest_run-2_space-MNI152NLin2009cAsym_desc-preproc_bold.nii.gz,/work/ioannou_lab/elizabeth.szentmiklo/abide_data/derivatives/fmriprep/ABIDE2/UNKNOWN/sub-29621/ses-1/func/sub-29621_ses-1_task-rest_run-2_desc-confounds_regressors.tsv,/work/ioannou_lab/elizabeth.szentmiklo/abide_data/atlases/cc200/cc200_roi_atlas.nii.gz,/work/ioannou_lab/elizabeth.szentmiklo/abide_data/derivatives/fmriprep/ABIDE2/UNKNOWN/sub-29621/ses-1/func/sub-29621_ses-1_task-rest_run-2_space-MNI152NLin2009cAsym_desc-brain_mask.nii.gz,2.7
ABIDE2,ABIDEII-IP_1_sub-29621_ses-1_run-3,/work/ioannou_lab/elizabeth.szentmiklo/abide_data/derivatives/fmriprep/ABIDE2/UNKNOWN/sub-29621/ses-1/func/sub-29621_ses-1_task-rest_run-3_space-MNI152NLin2009cAsym_desc-preproc_bold.nii.gz,/work/ioannou_lab/elizabeth.szentmiklo/abide_data/derivatives/fmriprep/ABIDE2/UNKNOWN/sub-29621/ses-1/func/sub-29621_ses-1_task-rest_run-3_desc-confounds_regressors.tsv,/work/ioannou_lab/elizabeth.szentmiklo/abide_data/atlases/cc200/cc200_roi_atlas.nii.gz,/work/ioannou_lab/elizabeth.szentmiklo/abide_data/derivatives/fmriprep/ABIDE2/UNKNOWN/sub-29621/ses-1/func/sub-29621_ses-1_task-rest_run-3_space-MNI152NLin2009cAsym_desc-brain_mask.nii.gz,2.7
ABIDE2,ABIDEII-IP_1_sub-29623_ses-1_run-1,/work/ioannou_lab/elizabeth.szentmiklo/abide_data/derivatives/fmriprep/ABIDE2/UNKNOWN/sub-29623/ses-1/func/sub-29623_ses-1_task-rest_run-1_space-MNI152NLin2009cAsym_desc-preproc_bold.nii.gz,/work/ioannou_lab/elizabeth.szentmiklo/abide_data/derivatives/fmriprep/ABIDE2/UNKNOWN/sub-29623/ses-1/func/sub-29623_ses-1_task-rest_run-1_desc-confounds_regressors.tsv,/work/ioannou_lab/elizabeth.szentmiklo/abide_data/atlases/cc200/cc200_roi_atlas.nii.gz,/work/ioannou_lab/elizabeth.szentmiklo/abide_data/derivatives/fmriprep/ABIDE2/UNKNOWN/sub-29623/ses-1/func/sub-29623_ses-1_task-rest_run-1_space-MNI152NLin2009cAsym_desc-brain_mask.nii.gz,2.7
ABIDE2,ABIDEII-IP_1_sub-29623_ses-1_run-2,/work/ioannou_lab/elizabeth.szentmiklo/abide_data/derivatives/fmriprep/ABIDE2/UNKNOWN/sub-29623/ses-1/func/sub-29623_ses-1_task-rest_run-2_space-MNI152NLin2009cAsym_desc-preproc_bold.nii.gz,/work/ioannou_lab/elizabeth.szentmiklo/abide_data/derivatives/fmriprep/ABIDE2/UNKNOWN/sub-29623/ses-1/func/sub-29623_ses-1_task-rest_run-2_desc-confounds_regressors.tsv,/work/ioannou_lab/elizabeth.szentmiklo/abide_data/atlases/cc200/cc200_roi_atlas.nii.gz,/work/ioannou_lab/elizabeth.szentmiklo/abide_data/derivatives/fmriprep/ABIDE2/UNKNOWN/sub-29623/ses-1/func/sub-29623_ses-1_task-rest_run-2_space-MNI152NLin2009cAsym_desc-brain_mask.nii.gz,2.7
ABIDE2,ABIDEII-IP_1_sub-29623_ses-1_run-3,/work/ioannou_lab/elizabeth.szentmiklo/abide_data/derivatives/fmriprep/ABIDE2/UNKNOWN/sub-29623/ses-1/func/sub-29623_ses-1_task-rest_run-3_space-MNI152NLin2009cAsym_desc-preproc_bold.nii.gz,/work/ioannou_lab/elizabeth.szentmiklo/abide_data/derivatives/fmriprep/ABIDE2/UNKNOWN/sub-29623/ses-1/func/sub-29623_ses-1_task-rest_run-3_desc-confounds_regressors.tsv,/work/ioannou_lab/elizabeth.szentmiklo/abide_data/atlases/cc200/cc200_roi_atlas.nii.gz,/work/ioannou_lab/elizabeth.szentmiklo/abide_data/derivatives/fmriprep/ABIDE2/UNKNOWN/sub-29623/ses-1/func/sub-29623_ses-1_task-rest_run-3_space-MNI152NLin2009cAsym_desc-brain_mask.nii.gz,2.7
ABIDE2,ABIDEII-IP_1_sub-29624_ses-1_run-1,/work/ioannou_lab/elizabeth.szentmiklo/abide_data/derivatives/fmriprep/ABIDE2/UNKNOWN/sub-29624/ses-1/func/sub-29624_ses-1_task-rest_run-1_space-MNI152NLin2009cAsym_desc-preproc_bold.nii.gz,/work/ioannou_lab/elizabeth.szentmiklo/abide_data/derivatives/fmriprep/ABIDE2/UNKNOWN/sub-29624/ses-1/func/sub-29624_ses-1_task-rest_run-1_desc-confounds_regressors.tsv,/work/ioannou_lab/elizabeth.szentmiklo/abide_data/atlases/cc200/cc200_roi_atlas.nii.gz,/work/ioannou_lab/elizabeth.szentmiklo/abide_data/derivatives/fmriprep/ABIDE2/UNKNOWN/sub-29624/ses-1/func/sub-29624_ses-1_task-rest_run-1_space-MNI152NLin2009cAsym_desc-brain_mask.nii.gz,2.7
ABIDE2,ABIDEII-IP_1_sub-29624_ses-1_run-2,/work/ioannou_lab/elizabeth.szentmiklo/abide_data/derivatives/fmriprep/ABIDE2/UNKNOWN/sub-29624/ses-1/func/sub-29624_ses-1_task-rest_run-2_space-MNI152NLin2009cAsym_desc-preproc_bold.nii.gz,/work/ioannou_lab/elizabeth.szentmiklo/abide_data/derivatives/fmriprep/ABIDE2/UNKNOWN/sub-29624/ses-1/func/sub-29624_ses-1_task-rest_run-2_desc-confounds_regressors.tsv,/work/ioannou_lab/elizabeth.szentmiklo/abide_data/atlases/cc200/cc200_roi_atlas.nii.gz,/work/ioannou_lab/elizabeth.szentmiklo/abide_data/derivatives/fmriprep/ABIDE2/UNKNOWN/sub-29624/ses-1/func/sub-29624_ses-1_task-rest_run-2_space-MNI152NLin2009cAsym_desc-brain_mask.nii.gz,2.7
ABIDE2,ABIDEII-IP_1_sub-29624_ses-1_run-3,/work/ioannou_lab/elizabeth.szentmiklo/abide_data/derivatives/fmriprep/ABIDE2/UNKNOWN/sub-29624/ses-1/func/sub-29624_ses-1_task-rest_run-3_space-MNI152NLin2009cAsym_desc-preproc_bold.nii.gz,/work/ioannou_lab/elizabeth.szentmiklo/abide_data/derivatives/fmriprep/ABIDE2/UNKNOWN/sub-29624/ses-1/func/sub-29624_ses-1_task-rest_run-3_desc-confounds_regressors.tsv,/work/ioannou_lab/elizabeth.szentmiklo/abide_data/atlases/cc200/cc200_roi_atlas.nii.gz,/work/ioannou_lab/elizabeth.szentmiklo/abide_data/derivatives/fmriprep/ABIDE2/UNKNOWN/sub-29624/ses-1/func/sub-29624_ses-1_task-rest_run-3_space-MNI152NLin2009cAsym_desc-brain_mask.nii.gz,2.7
ABIDE2,ABIDEII-IP_1_sub-29625_ses-1_run-1,/work/ioannou_lab/elizabeth.szentmiklo/abide_data/derivatives/fmriprep/ABIDE2/UNKNOWN/sub-29625/ses-1/func/sub-29625_ses-1_task-rest_run-1_space-MNI152NLin2009cAsym_desc-preproc_bold.nii.gz,/work/ioannou_lab/elizabeth.szentmiklo/abide_data/derivatives/fmriprep/ABIDE2/UNKNOWN/sub-29625/ses-1/func/sub-29625_ses-1_task-rest_run-1_desc-confounds_regressors.tsv,/work/ioannou_lab/elizabeth.szentmiklo/abide_data/atlases/cc200/cc200_roi_atlas.nii.gz,/work/ioannou_lab/elizabeth.szentmiklo/abide_data/derivatives/fmriprep/ABIDE2/UNKNOWN/sub-29625/ses-1/func/sub-29625_ses-1_task-rest_run-1_space-MNI152NLin2009cAsym_desc-brain_mask.nii.gz,2.7
ABIDE2,ABIDEII-IP_1_sub-29625_ses-1_run-2,/work/ioannou_lab/elizabeth.szentmiklo/abide_data/derivatives/fmriprep/ABIDE2/UNKNOWN/sub-29625/ses-1/func/sub-29625_ses-1_task-rest_run-2_space-MNI152NLin2009cAsym_desc-preproc_bold.nii.gz,/work/ioannou_lab/elizabeth.szentmiklo/abide_data/derivatives/fmriprep/ABIDE2/UNKNOWN/sub-29625/ses-1/func/sub-29625_ses-1_task-rest_run-2_desc-confounds_regressors.tsv,/work/ioannou_lab/elizabeth.szentmiklo/abide_data/atlases/cc200/cc200_roi_atlas.nii.gz,/work/ioannou_lab/elizabeth.szentmiklo/abide_data/derivatives/fmriprep/ABIDE2/UNKNOWN/sub-29625/ses-1/func/sub-29625_ses-1_task-rest_run-2_space-MNI152NLin2009cAsym_desc-brain_mask.nii.gz,2.7
ABIDE2,ABIDEII-IP_1_sub-29625_ses-1_run-3,/work/ioannou_lab/elizabeth.szentmiklo/abide_data/derivatives/fmriprep/ABIDE2/UNKNOWN/sub-29625/ses-1/func/sub-29625_ses-1_task-rest_run-3_space-MNI152NLin2009cAsym_desc-preproc_bold.nii.gz,/work/ioannou_lab/elizabeth.szentmiklo/abide_data/derivatives/fmriprep/ABIDE2/UNKNOWN/sub-29625/ses-1/func/sub-29625_ses-1_task-rest_run-3_desc-confounds_regressors.tsv,/work/ioannou_lab/elizabeth.szentmiklo/abide_data/atlases/cc200/cc200_roi_atlas.nii.gz,/work/ioannou_lab/elizabeth.szentmiklo/abide_data/derivatives/fmriprep/ABIDE2/UNKNOWN/sub-29625/ses-1/func/sub-29625_ses-1_task-rest_run-3_space-MNI152NLin2009cAsym_desc-brain_mask.nii.gz,2.7
ABIDE2,ABIDEII-IP_1_sub-29627_ses-1_run-1,/work/ioannou_lab/elizabeth.szentmiklo/abide_data/derivatives/fmriprep/ABIDE2/UNKNOWN/sub-29627/ses-1/func/sub-29627_ses-1_task-rest_run-1_space-MNI152NLin2009cAsym_desc-preproc_bold.nii.gz,/work/ioannou_lab/elizabeth.szentmiklo/abide_data/derivatives/fmriprep/ABIDE2/UNKNOWN/sub-29627/ses-1/func/sub-29627_ses-1_task-rest_run-1_desc-confounds_regressors.tsv,/work/ioannou_lab/elizabeth.szentmiklo/abide_data/atlases/cc200/cc200_roi_atlas.nii.gz,/work/ioannou_lab/elizabeth.szentmiklo/abide_data/derivatives/fmriprep/ABIDE2/UNKNOWN/sub-29627/ses-1/func/sub-29627_ses-1_task-rest_run-1_space-MNI152NLin2009cAsym_desc-brain_mask.nii.gz,2.7
ABIDE2,ABIDEII-IP_1_sub-29627_ses-1_run-2,/work/ioannou_lab/elizabeth.szentmiklo/abide_data/derivatives/fmriprep/ABIDE2/UNKNOWN/sub-29627/ses-1/func/sub-29627_ses-1_task-rest_run-2_space-MNI152NLin2009cAsym_desc-preproc_bold.nii.gz,/work/ioannou_lab/elizabeth.szentmiklo/abide_data/derivatives/fmriprep/ABIDE2/UNKNOWN/sub-29627/ses-1/func/sub-29627_ses-1_task-rest_run-2_desc-confounds_regressors.tsv,/work/ioannou_lab/elizabeth.szentmiklo/abide_data/atlases/cc200/cc200_roi_atlas.nii.gz,/work/ioannou_lab/elizabeth.szentmiklo/abide_data/derivatives/fmriprep/ABIDE2/UNKNOWN/sub-29627/ses-1/func/sub-29627_ses-1_task-rest_run-2_space-MNI152NLin2009cAsym_desc-brain_mask.nii.gz,2.7
ABIDE2,ABIDEII-IP_1_sub-29627_ses-1_run-3,/work/ioannou_lab/elizabeth.szentmiklo/abide_data/derivatives/fmriprep/ABIDE2/UNKNOWN/sub-29627/ses-1/func/sub-29627_ses-1_task-rest_run-3_space-MNI152NLin2009cAsym_desc-preproc_bold.nii.gz,/work/ioannou_lab/elizabeth.szentmiklo/abide_data/derivatives/fmriprep/ABIDE2/UNKNOWN/sub-29627/ses-1/func/sub-29627_ses-1_task-rest_run-3_desc-confounds_regressors.tsv,/work/ioannou_lab/elizabeth.szentmiklo/abide_data/atlases/cc200/cc200_roi_atlas.nii.gz,/work/ioannou_lab/elizabeth.szentmiklo/abide_data/derivatives/fmriprep/ABIDE2/UNKNOWN/sub-29627/ses-1/func/sub-29627_ses-1_task-rest_run-3_space-MNI152NLin2009cAsym_desc-brain_mask.nii.gz,2.7
ABIDE2,ABIDEII-IP_1_sub-29628_ses-1_run-1,/work/ioannou_lab/elizabeth.szentmiklo/abide_data/derivatives/fmriprep/ABIDE2/UNKNOWN/sub-29628/ses-1/func/sub-29628_ses-1_task-rest_run-1_space-MNI152NLin2009cAsym_desc-preproc_bold.nii.gz,/work/ioannou_lab/elizabeth.szentmiklo/abide_data/derivatives/fmriprep/ABIDE2/UNKNOWN/sub-29628/ses-1/func/sub-29628_ses-1_task-rest_run-1_desc-confounds_regressors.tsv,/work/ioannou_lab/elizabeth.szentmiklo/abide_data/atlases/cc200/cc200_roi_atlas.nii.gz,/work/ioannou_lab/elizabeth.szentmiklo/abide_data/derivatives/fmriprep/ABIDE2/UNKNOWN/sub-29628/ses-1/func/sub-29628_ses-1_task-rest_run-1_space-MNI152NLin2009cAsym_desc-brain_mask.nii.gz,2.7
ABIDE2,ABIDEII-IP_1_sub-29628_ses-1_run-2,/work/ioannou_lab/elizabeth.szentmiklo/abide_data/derivatives/fmriprep/ABIDE2/UNKNOWN/sub-29628/ses-1/func/sub-29628_ses-1_task-rest_run-2_space-MNI152NLin2009cAsym_desc-preproc_bold.nii.gz,/work/ioannou_lab/elizabeth.szentmiklo/abide_data/derivatives/fmriprep/ABIDE2/UNKNOWN/sub-29628/ses-1/func/sub-29628_ses-1_task-rest_run-2_desc-confounds_regressors.tsv,/work/ioannou_lab/elizabeth.szentmiklo/abide_data/atlases/cc200/cc200_roi_atlas.nii.gz,/work/ioannou_lab/elizabeth.szentmiklo/abide_data/derivatives/fmriprep/ABIDE2/UNKNOWN/sub-29628/ses-1/func/sub-29628_ses-1_task-rest_run-2_space-MNI152NLin2009cAsym_desc-brain_mask.nii.gz,2.7
ABIDE2,ABIDEII-IP_1_sub-29628_ses-1_run-3,/work/ioannou_lab/elizabeth.szentmiklo/abide_data/derivatives/fmriprep/ABIDE2/UNKNOWN/sub-29628/ses-1/func/sub-29628_ses-1_task-rest_run-3_space-MNI152NLin2009cAsym_desc-preproc_bold.nii.gz,/work/ioannou_lab/elizabeth.szentmiklo/abide_data/derivatives/fmriprep/ABIDE2/UNKNOWN/sub-29628/ses-1/func/sub-29628_ses-1_task-rest_run-3_desc-confounds_regressors.tsv,/work/ioannou_lab/elizabeth.szentmiklo/abide_data/atlases/cc200/cc200_roi_atlas.nii.gz,/work/ioannou_lab/elizabeth.szentmiklo/abide_data/derivatives/fmriprep/ABIDE2/UNKNOWN/sub-29628/ses-1/func/sub-29628_ses-1_task-rest_run-3_space-MNI152NLin2009cAsym_desc-brain_mask.nii.gz,2.7
ABIDE2,ABIDEII-IP_1_sub-29629_ses-1_run-1,/work/ioannou_lab/elizabeth.szentmiklo/abide_data/derivatives/fmriprep/ABIDE2/UNKNOWN/sub-29629/ses-1/func/sub-29629_ses-1_task-rest_run-1_space-MNI152NLin2009cAsym_desc-preproc_bold.nii.gz,/work/ioannou_lab/elizabeth.szentmiklo/abide_data/derivatives/fmriprep/ABIDE2/UNKNOWN/sub-29629/ses-1/func/sub-29629_ses-1_task-rest_run-1_desc-confounds_regressors.tsv,/work/ioannou_lab/elizabeth.szentmiklo/abide_data/atlases/cc200/cc200_roi_atlas.nii.gz,/work/ioannou_lab/elizabeth.szentmiklo/abide_data/derivatives/fmriprep/ABIDE2/UNKNOWN/sub-29629/ses-1/func/sub-29629_ses-1_task-rest_run-1_space-MNI152NLin2009cAsym_desc-brain_mask.nii.gz,2.7
ABIDE2,ABIDEII-IP_1_sub-29629_ses-1_run-2,/work/ioannou_lab/elizabeth.szentmiklo/abide_data/derivatives/fmriprep/ABIDE2/UNKNOWN/sub-29629/ses-1/func/sub-29629_ses-1_task-rest_run-2_space-MNI152NLin2009cAsym_desc-preproc_bold.nii.gz,/work/ioannou_lab/elizabeth.szentmiklo/abide_data/derivatives/fmriprep/ABIDE2/UNKNOWN/sub-29629/ses-1/func/sub-29629_ses-1_task-rest_run-2_desc-confounds_regressors.tsv,/work/ioannou_lab/elizabeth.szentmiklo/abide_data/atlases/cc200/cc200_roi_atlas.nii.gz,/work/ioannou_lab/elizabeth.szentmiklo/abide_data/derivatives/fmriprep/ABIDE2/UNKNOWN/sub-29629/ses-1/func/sub-29629_ses-1_task-rest_run-2_space-MNI152NLin2009cAsym_desc-brain_mask.nii.gz,2.7
ABIDE2,ABIDEII-IP_1_sub-29629_ses-1_run-3,/work/ioannou_lab/elizabeth.szentmiklo/abide_data/derivatives/fmriprep/ABIDE2/UNKNOWN/sub-29629/ses-1/func/sub-29629_ses-1_task-rest_run-3_space-MNI152NLin2009cAsym_desc-preproc_bold.nii.gz,/work/ioannou_lab/elizabeth.szentmiklo/abide_data/derivatives/fmriprep/ABIDE2/UNKNOWN/sub-29629/ses-1/func/sub-29629_ses-1_task-rest_run-3_desc-confounds_regressors.tsv,/work/ioannou_lab/elizabeth.szentmiklo/abide_data/atlases/cc200/cc200_roi_atlas.nii.gz,/work/ioannou_lab/elizabeth.szentmiklo/abide_data/derivatives/fmriprep/ABIDE2/UNKNOWN/sub-29629/ses-1/func/sub-29629_ses-1_task-rest_run-3_space-MNI152NLin2009cAsym_desc-brain_mask.nii.gz,2.7
ABIDE2,ABIDEII-IP_1_sub-29631_ses-1_run-1,/work/ioannou_lab/elizabeth.szentmiklo/abide_data/derivatives/fmriprep/ABIDE2/UNKNOWN/sub-29631/ses-1/func/sub-29631_ses-1_task-rest_run-1_space-MNI152NLin2009cAsym_desc-preproc_bold.nii.gz,/work/ioannou_lab/elizabeth.szentmiklo/abide_data/derivatives/fmriprep/ABIDE2/UNKNOWN/sub-29631/ses-1/func/sub-29631_ses-1_task-rest_run-1_desc-confounds_regressors.tsv,/work/ioannou_lab/elizabeth.szentmiklo/abide_data/atlases/cc200/cc200_roi_atlas.nii.gz,/work/ioannou_lab/elizabeth.szentmiklo/abide_data/derivatives/fmriprep/ABIDE2/UNKNOWN/sub-29631/ses-1/func/sub-29631_ses-1_task-rest_run-1_space-MNI152NLin2009cAsym_desc-brain_mask.nii.gz,2.7
ABIDE2,ABIDEII-IP_1_sub-29631_ses-1_run-2,/work/ioannou_lab/elizabeth.szentmiklo/abide_data/derivatives/fmriprep/ABIDE2/UNKNOWN/sub-29631/ses-1/func/sub-29631_ses-1_task-rest_run-2_space-MNI152NLin2009cAsym_desc-preproc_bold.nii.gz,/work/ioannou_lab/elizabeth.szentmiklo/abide_data/derivatives/fmriprep/ABIDE2/UNKNOWN/sub-29631/ses-1/func/sub-29631_ses-1_task-rest_run-2_desc-confounds_regressors.tsv,/work/ioannou_lab/elizabeth.szentmiklo/abide_data/atlases/cc200/cc200_roi_atlas.nii.gz,/work/ioannou_lab/elizabeth.szentmiklo/abide_data/derivatives/fmriprep/ABIDE2/UNKNOWN/sub-29631/ses-1/func/sub-29631_ses-1_task-rest_run-2_space-MNI152NLin2009cAsym_desc-brain_mask.nii.gz,2.7
ABIDE2,ABIDEII-IP_1_sub-29631_ses-1_run-3,/work/ioannou_lab/elizabeth.szentmiklo/abide_data/derivatives/fmriprep/ABIDE2/UNKNOWN/sub-29631/ses-1/func/sub-29631_ses-1_task-rest_run-3_space-MNI152NLin2009cAsym_desc-preproc_bold.nii.gz,/work/ioannou_lab/elizabeth.szentmiklo/abide_data/derivatives/fmriprep/ABIDE2/UNKNOWN/sub-29631/ses-1/func/sub-29631_ses-1_task-rest_run-3_desc-confounds_regressors.tsv,/work/ioannou_lab/elizabeth.szentmiklo/abide_data/atlases/cc200/cc200_roi_atlas.nii.gz,/work/ioannou_lab/elizabeth.szentmiklo/abide_data/derivatives/fmriprep/ABIDE2/UNKNOWN/sub-29631/ses-1/func/sub-29631_ses-1_task-rest_run-3_space-MNI152NLin2009cAsym_desc-brain_mask.nii.gz,2.7
ABIDE2,ABIDEII-IP_1_sub-29632_ses-1_run-1,/work/ioannou_lab/elizabeth.szentmiklo/abide_data/derivatives/fmriprep/ABIDE2/UNKNOWN/sub-29632/ses-1/func/sub-29632_ses-1_task-rest_run-1_space-MNI152NLin2009cAsym_desc-preproc_bold.nii.gz,/work/ioannou_lab/elizabeth.szentmiklo/abide_data/derivatives/fmriprep/ABIDE2/UNKNOWN/sub-29632/ses-1/func/sub-29632_ses-1_task-rest_run-1_desc-confounds_regressors.tsv,/work/ioannou_lab/elizabeth.szentmiklo/abide_data/atlases/cc200/cc200_roi_atlas.nii.gz,/work/ioannou_lab/elizabeth.szentmiklo/abide_data/derivatives/fmriprep/ABIDE2/UNKNOWN/sub-29632/ses-1/func/sub-29632_ses-1_task-rest_run-1_space-MNI152NLin2009cAsym_desc-brain_mask.nii.gz,2.7
ABIDE2,ABIDEII-IP_1_sub-29632_ses-1_run-2,/work/ioannou_lab/elizabeth.szentmiklo/abide_data/derivatives/fmriprep/ABIDE2/UNKNOWN/sub-29632/ses-1/func/sub-29632_ses-1_task-rest_run-2_space-MNI152NLin2009cAsym_desc-preproc_bold.nii.gz,/work/ioannou_lab/elizabeth.szentmiklo/abide_data/derivatives/fmriprep/ABIDE2/UNKNOWN/sub-29632/ses-1/func/sub-29632_ses-1_task-rest_run-2_desc-confounds_regressors.tsv,/work/ioannou_lab/elizabeth.szentmiklo/abide_data/atlases/cc200/cc200_roi_atlas.nii.gz,/work/ioannou_lab/elizabeth.szentmiklo/abide_data/derivatives/fmriprep/ABIDE2/UNKNOWN/sub-29632/ses-1/func/sub-29632_ses-1_task-rest_run-2_space-MNI152NLin2009cAsym_desc-brain_mask.nii.gz,2.7
ABIDE2,ABIDEII-IP_1_sub-29632_ses-1_run-3,/work/ioannou_lab/elizabeth.szentmiklo/abide_data/derivatives/fmriprep/ABIDE2/UNKNOWN/sub-29632/ses-1/func/sub-29632_ses-1_task-rest_run-3_space-MNI152NLin2009cAsym_desc-preproc_bold.nii.gz,/work/ioannou_lab/elizabeth.szentmiklo/abide_data/derivatives/fmriprep/ABIDE2/UNKNOWN/sub-29632/ses-1/func/sub-29632_ses-1_task-rest_run-3_desc-confounds_regressors.tsv,/work/ioannou_lab/elizabeth.szentmiklo/abide_data/atlases/cc200/cc200_roi_atlas.nii.gz,/work/ioannou_lab/elizabeth.szentmiklo/abide_data/derivatives/fmriprep/ABIDE2/UNKNOWN/sub-29632/ses-1/func/sub-29632_ses-1_task-rest_run-3_space-MNI152NLin2009cAsym_desc-brain_mask.nii.gz,2.7
ABIDE2,ABIDEII-IP_1_sub-29633_ses-1_run-1,/work/ioannou_lab/elizabeth.szentmiklo/abide_data/derivatives/fmriprep/ABIDE2/UNKNOWN/sub-29633/ses-1/func/sub-29633_ses-1_task-rest_run-1_space-MNI152NLin2009cAsym_desc-preproc_bold.nii.gz,/work/ioannou_lab/elizabeth.szentmiklo/abide_data/derivatives/fmriprep/ABIDE2/UNKNOWN/sub-29633/ses-1/func/sub-29633_ses-1_task-rest_run-1_desc-confounds_regressors.tsv,/work/ioannou_lab/elizabeth.szentmiklo/abide_data/atlases/cc200/cc200_roi_atlas.nii.gz,/work/ioannou_lab/elizabeth.szentmiklo/abide_data/derivatives/fmriprep/ABIDE2/UNKNOWN/sub-29633/ses-1/func/sub-29633_ses-1_task-rest_run-1_space-MNI152NLin2009cAsym_desc-brain_mask.nii.gz,2.7
ABIDE2,ABIDEII-IP_1_sub-29633_ses-1_run-2,/work/ioannou_lab/elizabeth.szentmiklo/abide_data/derivatives/fmriprep/ABIDE2/UNKNOWN/sub-29633/ses-1/func/sub-29633_ses-1_task-rest_run-2_space-MNI152NLin2009cAsym_desc-preproc_bold.nii.gz,/work/ioannou_lab/elizabeth.szentmiklo/abide_data/derivatives/fmriprep/ABIDE2/UNKNOWN/sub-29633/ses-1/func/sub-29633_ses-1_task-rest_run-2_desc-confounds_regressors.tsv,/work/ioannou_lab/elizabeth.szentmiklo/abide_data/atlases/cc200/cc200_roi_atlas.nii.gz,/work/ioannou_lab/elizabeth.szentmiklo/abide_data/derivatives/fmriprep/ABIDE2/UNKNOWN/sub-29633/ses-1/func/sub-29633_ses-1_task-rest_run-2_space-MNI152NLin2009cAsym_desc-brain_mask.nii.gz,2.7
ABIDE2,ABIDEII-IP_1_sub-29633_ses-1_run-3,/work/ioannou_lab/elizabeth.szentmiklo/abide_data/derivatives/fmriprep/ABIDE2/UNKNOWN/sub-29633/ses-1/func/sub-29633_ses-1_task-rest_run-3_space-MNI152NLin2009cAsym_desc-preproc_bold.nii.gz,/work/ioannou_lab/elizabeth.szentmiklo/abide_data/derivatives/fmriprep/ABIDE2/UNKNOWN/sub-29633/ses-1/func/sub-29633_ses-1_task-rest_run-3_desc-confounds_regressors.tsv,/work/ioannou_lab/elizabeth.szentmiklo/abide_data/atlases/cc200/cc200_roi_atlas.nii.gz,/work/ioannou_lab/elizabeth.szentmiklo/abide_data/derivatives/fmriprep/ABIDE2/UNKNOWN/sub-29633/ses-1/func/sub-29633_ses-1_task-rest_run-3_space-MNI152NLin2009cAsym_desc-brain_mask.nii.gz,2.7
ABIDE2,ABIDEII-IP_1_sub-29634_ses-1_run-1,/work/ioannou_lab/elizabeth.szentmiklo/abide_data/derivatives/fmriprep/ABIDE2/UNKNOWN/sub-29634/ses-1/func/sub-29634_ses-1_task-rest_run-1_space-MNI152NLin2009cAsym_desc-preproc_bold.nii.gz,/work/ioannou_lab/elizabeth.szentmiklo/abide_data/derivatives/fmriprep/ABIDE2/UNKNOWN/sub-29634/ses-1/func/sub-29634_ses-1_task-rest_run-1_desc-confounds_regressors.tsv,/work/ioannou_lab/elizabeth.szentmiklo/abide_data/atlases/cc200/cc200_roi_atlas.nii.gz,/work/ioannou_lab/elizabeth.szentmiklo/abide_data/derivatives/fmriprep/ABIDE2/UNKNOWN/sub-29634/ses-1/func/sub-29634_ses-1_task-rest_run-1_space-MNI152NLin2009cAsym_desc-brain_mask.nii.gz,2.7
ABIDE2,ABIDEII-IP_1_sub-29634_ses-1_run-2,/work/ioannou_lab/elizabeth.szentmiklo/abide_data/derivatives/fmriprep/ABIDE2/UNKNOWN/sub-29634/ses-1/func/sub-29634_ses-1_task-rest_run-2_space-MNI152NLin2009cAsym_desc-preproc_bold.nii.gz,/work/ioannou_lab/elizabeth.szentmiklo/abide_data/derivatives/fmriprep/ABIDE2/UNKNOWN/sub-29634/ses-1/func/sub-29634_ses-1_task-rest_run-2_desc-confounds_regressors.tsv,/work/ioannou_lab/elizabeth.szentmiklo/abide_data/atlases/cc200/cc200_roi_atlas.nii.gz,/work/ioannou_lab/elizabeth.szentmiklo/abide_data/derivatives/fmriprep/ABIDE2/UNKNOWN/sub-29634/ses-1/func/sub-29634_ses-1_task-rest_run-2_space-MNI152NLin2009cAsym_desc-brain_mask.nii.gz,2.7
ABIDE2,ABIDEII-IP_1_sub-29634_ses-1_run-3,/work/ioannou_lab/elizabeth.szentmiklo/abide_data/derivatives/fmriprep/ABIDE2/UNKNOWN/sub-29634/ses-1/func/sub-29634_ses-1_task-rest_run-3_space-MNI152NLin2009cAsym_desc-preproc_bold.nii.gz,/work/ioannou_lab/elizabeth.szentmiklo/abide_data/derivatives/fmriprep/ABIDE2/UNKNOWN/sub-29634/ses-1/func/sub-29634_ses-1_task-rest_run-3_desc-confounds_regressors.tsv,/work/ioannou_lab/elizabeth.szentmiklo/abide_data/atlases/cc200/cc200_roi_atlas.nii.gz,/work/ioannou_lab/elizabeth.szentmiklo/abide_data/derivatives/fmriprep/ABIDE2/UNKNOWN/sub-29634/ses-1/func/sub-29634_ses-1_task-rest_run-3_space-MNI152NLin2009cAsym_desc-brain_mask.nii.gz,2.7
ABIDE2,ABIDEII-KUL_3_sub-29656_ses-1_run-1,/work/ioannou_lab/elizabeth.szentmiklo/abide_data/derivatives/fmriprep/ABIDE2/UNKNOWN/sub-29656/ses-1/func/sub-29656_ses-1_task-rest_run-1_space-MNI152NLin2009cAsym_desc-preproc_bold.nii.gz,/work/ioannou_lab/elizabeth.szentmiklo/abide_data/derivatives/fmriprep/ABIDE2/UNKNOWN/sub-29656/ses-1/func/sub-29656_ses-1_task-rest_run-1_desc-confounds_regressors.tsv,/work/ioannou_lab/elizabeth.szentmiklo/abide_data/atlases/cc200/cc200_roi_atlas.nii.gz,/work/ioannou_lab/elizabeth.szentmiklo/abide_data/derivatives/fmriprep/ABIDE2/UNKNOWN/sub-29656/ses-1/func/sub-29656_ses-1_task-rest_run-1_space-MNI152NLin2009cAsym_desc-brain_mask.nii.gz,2.5
ABIDE2,ABIDEII-KUL_3_sub-29657_ses-1_run-1,/work/ioannou_lab/elizabeth.szentmiklo/abide_data/derivatives/fmriprep/ABIDE2/UNKNOWN/sub-29657/ses-1/func/sub-29657_ses-1_task-rest_run-1_space-MNI152NLin2009cAsym_desc-preproc_bold.nii.gz,/work/ioannou_lab/elizabeth.szentmiklo/abide_data/derivatives/fmriprep/ABIDE2/UNKNOWN/sub-29657/ses-1/func/sub-29657_ses-1_task-rest_run-1_desc-confounds_regressors.tsv,/work/ioannou_lab/elizabeth.szentmiklo/abide_data/atlases/cc200/cc200_roi_atlas.nii.gz,/work/ioannou_lab/elizabeth.szentmiklo/abide_data/derivatives/fmriprep/ABIDE2/UNKNOWN/sub-29657/ses-1/func/sub-29657_ses-1_task-rest_run-1_space-MNI152NLin2009cAsym_desc-brain_mask.nii.gz,2.5
ABIDE2,ABIDEII-KUL_3_sub-29658_ses-1_run-1,/work/ioannou_lab/elizabeth.szentmiklo/abide_data/derivatives/fmriprep/ABIDE2/UNKNOWN/sub-29658/ses-1/func/sub-29658_ses-1_task-rest_run-1_space-MNI152NLin2009cAsym_desc-preproc_bold.nii.gz,/work/ioannou_lab/elizabeth.szentmiklo/abide_data/derivatives/fmriprep/ABIDE2/UNKNOWN/sub-29658/ses-1/func/sub-29658_ses-1_task-rest_run-1_desc-confounds_regressors.tsv,/work/ioannou_lab/elizabeth.szentmiklo/abide_data/atlases/cc200/cc200_roi_atlas.nii.gz,/work/ioannou_lab/elizabeth.szentmiklo/abide_data/derivatives/fmriprep/ABIDE2/UNKNOWN/sub-29658/ses-1/func/sub-29658_ses-1_task-rest_run-1_space-MNI152NLin2009cAsym_desc-brain_mask.nii.gz,2.5
ABIDE2,ABIDEII-KUL_3_sub-29659_ses-1_run-1,/work/ioannou_lab/elizabeth.szentmiklo/abide_data/derivatives/fmriprep/ABIDE2/UNKNOWN/sub-29659/ses-1/func/sub-29659_ses-1_task-rest_run-1_space-MNI152NLin2009cAsym_desc-preproc_bold.nii.gz,/work/ioannou_lab/elizabeth.szentmiklo/abide_data/derivatives/fmriprep/ABIDE2/UNKNOWN/sub-29659/ses-1/func/sub-29659_ses-1_task-rest_run-1_desc-confounds_regressors.tsv,/work/ioannou_lab/elizabeth.szentmiklo/abide_data/atlases/cc200/cc200_roi_atlas.nii.gz,/work/ioannou_lab/elizabeth.szentmiklo/abide_data/derivatives/fmriprep/ABIDE2/UNKNOWN/sub-29659/ses-1/func/sub-29659_ses-1_task-rest_run-1_space-MNI152NLin2009cAsym_desc-brain_mask.nii.gz,2.5
ABIDE2,ABIDEII-KUL_3_sub-29660_ses-1_run-1,/work/ioannou_lab/elizabeth.szentmiklo/abide_data/derivatives/fmriprep/ABIDE2/UNKNOWN/sub-29660/ses-1/func/sub-29660_ses-1_task-rest_run-1_space-MNI152NLin2009cAsym_desc-preproc_bold.nii.gz,/work/ioannou_lab/elizabeth.szentmiklo/abide_data/derivatives/fmriprep/ABIDE2/UNKNOWN/sub-29660/ses-1/func/sub-29660_ses-1_task-rest_run-1_desc-confounds_regressors.tsv,/work/ioannou_lab/elizabeth.szentmiklo/abide_data/atlases/cc200/cc200_roi_atlas.nii.gz,/work/ioannou_lab/elizabeth.szentmiklo/abide_data/derivatives/fmriprep/ABIDE2/UNKNOWN/sub-29660/ses-1/func/sub-29660_ses-1_task-rest_run-1_space-MNI152NLin2009cAsym_desc-brain_mask.nii.gz,2.5
ABIDE2,ABIDEII-KUL_3_sub-29661_ses-1_run-1,/work/ioannou_lab/elizabeth.szentmiklo/abide_data/derivatives/fmriprep/ABIDE2/UNKNOWN/sub-29661/ses-1/func/sub-29661_ses-1_task-rest_run-1_space-MNI152NLin2009cAsym_desc-preproc_bold.nii.gz,/work/ioannou_lab/elizabeth.szentmiklo/abide_data/derivatives/fmriprep/ABIDE2/UNKNOWN/sub-29661/ses-1/func/sub-29661_ses-1_task-rest_run-1_desc-confounds_regressors.tsv,/work/ioannou_lab/elizabeth.szentmiklo/abide_data/atlases/cc200/cc200_roi_atlas.nii.gz,/work/ioannou_lab/elizabeth.szentmiklo/abide_data/derivatives/fmriprep/ABIDE2/UNKNOWN/sub-29661/ses-1/func/sub-29661_ses-1_task-rest_run-1_space-MNI152NLin2009cAsym_desc-brain_mask.nii.gz,2.5
ABIDE2,ABIDEII-KUL_3_sub-29662_ses-1_run-1,/work/ioannou_lab/elizabeth.szentmiklo/abide_data/derivatives/fmriprep/ABIDE2/UNKNOWN/sub-29662/ses-1/func/sub-29662_ses-1_task-rest_run-1_space-MNI152NLin2009cAsym_desc-preproc_bold.nii.gz,/work/ioannou_lab/elizabeth.szentmiklo/abide_data/derivatives/fmriprep/ABIDE2/UNKNOWN/sub-29662/ses-1/func/sub-29662_ses-1_task-rest_run-1_desc-confounds_regressors.tsv,/work/ioannou_lab/elizabeth.szentmiklo/abide_data/atlases/cc200/cc200_roi_atlas.nii.gz,/work/ioannou_lab/elizabeth.szentmiklo/abide_data/derivatives/fmriprep/ABIDE2/UNKNOWN/sub-29662/ses-1/func/sub-29662_ses-1_task-rest_run-1_space-MNI152NLin2009cAsym_desc-brain_mask.nii.gz,2.5
ABIDE2,ABIDEII-KUL_3_sub-29664_ses-1_run-1,/work/ioannou_lab/elizabeth.szentmiklo/abide_data/derivatives/fmriprep/ABIDE2/UNKNOWN/sub-29664/ses-1/func/sub-29664_ses-1_task-rest_run-1_space-MNI152NLin2009cAsym_desc-preproc_bold.nii.gz,/work/ioannou_lab/elizabeth.szentmiklo/abide_data/derivatives/fmriprep/ABIDE2/UNKNOWN/sub-29664/ses-1/func/sub-29664_ses-1_task-rest_run-1_desc-confounds_regressors.tsv,/work/ioannou_lab/elizabeth.szentmiklo/abide_data/atlases/cc200/cc200_roi_atlas.nii.gz,/work/ioannou_lab/elizabeth.szentmiklo/abide_data/derivatives/fmriprep/ABIDE2/UNKNOWN/sub-29664/ses-1/func/sub-29664_ses-1_task-rest_run-1_space-MNI152NLin2009cAsym_desc-brain_mask.nii.gz,2.5
ABIDE2,ABIDEII-KUL_3_sub-29665_ses-1_run-1,/work/ioannou_lab/elizabeth.szentmiklo/abide_data/derivatives/fmriprep/ABIDE2/UNKNOWN/sub-29665/ses-1/func/sub-29665_ses-1_task-rest_run-1_space-MNI152NLin2009cAsym_desc-preproc_bold.nii.gz,/work/ioannou_lab/elizabeth.szentmiklo/abide_data/derivatives/fmriprep/ABIDE2/UNKNOWN/sub-29665/ses-1/func/sub-29665_ses-1_task-rest_run-1_desc-confounds_regressors.tsv,/work/ioannou_lab/elizabeth.szentmiklo/abide_data/atlases/cc200/cc200_roi_atlas.nii.gz,/work/ioannou_lab/elizabeth.szentmiklo/abide_data/derivatives/fmriprep/ABIDE2/UNKNOWN/sub-29665/ses-1/func/sub-29665_ses-1_task-rest_run-1_space-MNI152NLin2009cAsym_desc-brain_mask.nii.gz,2.5
ABIDE2,ABIDEII-KUL_3_sub-29666_ses-1_run-1,/work/ioannou_lab/elizabeth.szentmiklo/abide_data/derivatives/fmriprep/ABIDE2/UNKNOWN/sub-29666/ses-1/func/sub-29666_ses-1_task-rest_run-1_space-MNI152NLin2009cAsym_desc-preproc_bold.nii.gz,/work/ioannou_lab/elizabeth.szentmiklo/abide_data/derivatives/fmriprep/ABIDE2/UNKNOWN/sub-29666/ses-1/func/sub-29666_ses-1_task-rest_run-1_desc-confounds_regressors.tsv,/work/ioannou_lab/elizabeth.szentmiklo/abide_data/atlases/cc200/cc200_roi_atlas.nii.gz,/work/ioannou_lab/elizabeth.szentmiklo/abide_data/derivatives/fmriprep/ABIDE2/UNKNOWN/sub-29666/ses-1/func/sub-29666_ses-1_task-rest_run-1_space-MNI152NLin2009cAsym_desc-brain_mask.nii.gz,2.5
ABIDE2,ABIDEII-KUL_3_sub-29667_ses-1_run-1,/work/ioannou_lab/elizabeth.szentmiklo/abide_data/derivatives/fmriprep/ABIDE2/UNKNOWN/sub-29667/ses-1/func/sub-29667_ses-1_task-rest_run-1_space-MNI152NLin2009cAsym_desc-preproc_bold.nii.gz,/work/ioannou_lab/elizabeth.szentmiklo/abide_data/derivatives/fmriprep/ABIDE2/UNKNOWN/sub-29667/ses-1/func/sub-29667_ses-1_task-rest_run-1_desc-confounds_regressors.tsv,/work/ioannou_lab/elizabeth.szentmiklo/abide_data/atlases/cc200/cc200_roi_atlas.nii.gz,/work/ioannou_lab/elizabeth.szentmiklo/abide_data/derivatives/fmriprep/ABIDE2/UNKNOWN/sub-29667/ses-1/func/sub-29667_ses-1_task-rest_run-1_space-MNI152NLin2009cAsym_desc-brain_mask.nii.gz,2.5
ABIDE2,ABIDEII-KUL_3_sub-29668_ses-1_run-1,/work/ioannou_lab/elizabeth.szentmiklo/abide_data/derivatives/fmriprep/ABIDE2/UNKNOWN/sub-29668/ses-1/func/sub-29668_ses-1_task-rest_run-1_space-MNI152NLin2009cAsym_desc-preproc_bold.nii.gz,/work/ioannou_lab/elizabeth.szentmiklo/abide_data/derivatives/fmriprep/ABIDE2/UNKNOWN/sub-29668/ses-1/func/sub-29668_ses-1_task-rest_run-1_desc-confounds_regressors.tsv,/work/ioannou_lab/elizabeth.szentmiklo/abide_data/atlases/cc200/cc200_roi_atlas.nii.gz,/work/ioannou_lab/elizabeth.szentmiklo/abide_data/derivatives/fmriprep/ABIDE2/UNKNOWN/sub-29668/ses-1/func/sub-29668_ses-1_task-rest_run-1_space-MNI152NLin2009cAsym_desc-brain_mask.nii.gz,2.5
ABIDE2,ABIDEII-KUL_3_sub-29669_ses-1_run-1,/work/ioannou_lab/elizabeth.szentmiklo/abide_data/derivatives/fmriprep/ABIDE2/UNKNOWN/sub-29669/ses-1/func/sub-29669_ses-1_task-rest_run-1_space-MNI152NLin2009cAsym_desc-preproc_bold.nii.gz,/work/ioannou_lab/elizabeth.szentmiklo/abide_data/derivatives/fmriprep/ABIDE2/UNKNOWN/sub-29669/ses-1/func/sub-29669_ses-1_task-rest_run-1_desc-confounds_regressors.tsv,/work/ioannou_lab/elizabeth.szentmiklo/abide_data/atlases/cc200/cc200_roi_atlas.nii.gz,/work/ioannou_lab/elizabeth.szentmiklo/abide_data/derivatives/fmriprep/ABIDE2/UNKNOWN/sub-29669/ses-1/func/sub-29669_ses-1_task-rest_run-1_space-MNI152NLin2009cAsym_desc-brain_mask.nii.gz,2.5
ABIDE2,ABIDEII-KUL_3_sub-29670_ses-1_run-1,/work/ioannou_lab/elizabeth.szentmiklo/abide_data/derivatives/fmriprep/ABIDE2/UNKNOWN/sub-29670/ses-1/func/sub-29670_ses-1_task-rest_run-1_space-MNI152NLin2009cAsym_desc-preproc_bold.nii.gz,/work/ioannou_lab/elizabeth.szentmiklo/abide_data/derivatives/fmriprep/ABIDE2/UNKNOWN/sub-29670/ses-1/func/sub-29670_ses-1_task-rest_run-1_desc-confounds_regressors.tsv,/work/ioannou_lab/elizabeth.szentmiklo/abide_data/atlases/cc200/cc200_roi_atlas.nii.gz,/work/ioannou_lab/elizabeth.szentmiklo/abide_data/derivatives/fmriprep/ABIDE2/UNKNOWN/sub-29670/ses-1/func/sub-29670_ses-1_task-rest_run-1_space-MNI152NLin2009cAsym_desc-brain_mask.nii.gz,2.5
ABIDE2,ABIDEII-KUL_3_sub-29671_ses-1_run-1,/work/ioannou_lab/elizabeth.szentmiklo/abide_data/derivatives/fmriprep/ABIDE2/UNKNOWN/sub-29671/ses-1/func/sub-29671_ses-1_task-rest_run-1_space-MNI152NLin2009cAsym_desc-preproc_bold.nii.gz,/work/ioannou_lab/elizabeth.szentmiklo/abide_data/derivatives/fmriprep/ABIDE2/UNKNOWN/sub-29671/ses-1/func/sub-29671_ses-1_task-rest_run-1_desc-confounds_regressors.tsv,/work/ioannou_lab/elizabeth.szentmiklo/abide_data/atlases/cc200/cc200_roi_atlas.nii.gz,/work/ioannou_lab/elizabeth.szentmiklo/abide_data/derivatives/fmriprep/ABIDE2/UNKNOWN/sub-29671/ses-1/func/sub-29671_ses-1_task-rest_run-1_space-MNI152NLin2009cAsym_desc-brain_mask.nii.gz,2.5
ABIDE2,ABIDEII-KUL_3_sub-29675_ses-1_run-1,/work/ioannou_lab/elizabeth.szentmiklo/abide_data/derivatives/fmriprep/ABIDE2/UNKNOWN/sub-29675/ses-1/func/sub-29675_ses-1_task-rest_run-1_space-MNI152NLin2009cAsym_desc-preproc_bold.nii.gz,/work/ioannou_lab/elizabeth.szentmiklo/abide_data/derivatives/fmriprep/ABIDE2/UNKNOWN/sub-29675/ses-1/func/sub-29675_ses-1_task-rest_run-1_desc-confounds_regressors.tsv,/work/ioannou_lab/elizabeth.szentmiklo/abide_data/atlases/cc200/cc200_roi_atlas.nii.gz,/work/ioannou_lab/elizabeth.szentmiklo/abide_data/derivatives/fmriprep/ABIDE2/UNKNOWN/sub-29675/ses-1/func/sub-29675_ses-1_task-rest_run-1_space-MNI152NLin2009cAsym_desc-brain_mask.nii.gz,2.5
ABIDE2,ABIDEII-KUL_3_sub-29676_ses-1_run-1,/work/ioannou_lab/elizabeth.szentmiklo/abide_data/derivatives/fmriprep/ABIDE2/UNKNOWN/sub-29676/ses-1/func/sub-29676_ses-1_task-rest_run-1_space-MNI152NLin2009cAsym_desc-preproc_bold.nii.gz,/work/ioannou_lab/elizabeth.szentmiklo/abide_data/derivatives/fmriprep/ABIDE2/UNKNOWN/sub-29676/ses-1/func/sub-29676_ses-1_task-rest_run-1_desc-confounds_regressors.tsv,/work/ioannou_lab/elizabeth.szentmiklo/abide_data/atlases/cc200/cc200_roi_atlas.nii.gz,/work/ioannou_lab/elizabeth.szentmiklo/abide_data/derivatives/fmriprep/ABIDE2/UNKNOWN/sub-29676/ses-1/func/sub-29676_ses-1_task-rest_run-1_space-MNI152NLin2009cAsym_desc-brain_mask.nii.gz,2.5
ABIDE2,ABIDEII-KUL_3_sub-29677_ses-1_run-1,/work/ioannou_lab/elizabeth.szentmiklo/abide_data/derivatives/fmriprep/ABIDE2/UNKNOWN/sub-29677/ses-1/func/sub-29677_ses-1_task-rest_run-1_space-MNI152NLin2009cAsym_desc-preproc_bold.nii.gz,/work/ioannou_lab/elizabeth.szentmiklo/abide_data/derivatives/fmriprep/ABIDE2/UNKNOWN/sub-29677/ses-1/func/sub-29677_ses-1_task-rest_run-1_desc-confounds_regressors.tsv,/work/ioannou_lab/elizabeth.szentmiklo/abide_data/atlases/cc200/cc200_roi_atlas.nii.gz,/work/ioannou_lab/elizabeth.szentmiklo/abide_data/derivatives/fmriprep/ABIDE2/UNKNOWN/sub-29677/ses-1/func/sub-29677_ses-1_task-rest_run-1_space-MNI152NLin2009cAsym_desc-brain_mask.nii.gz,2.5
ABIDE2,ABIDEII-KUL_3_sub-29678_ses-1_run-1,/work/ioannou_lab/elizabeth.szentmiklo/abide_data/derivatives/fmriprep/ABIDE2/UNKNOWN/sub-29678/ses-1/func/sub-29678_ses-1_task-rest_run-1_space-MNI152NLin2009cAsym_desc-preproc_bold.nii.gz,/work/ioannou_lab/elizabeth.szentmiklo/abide_data/derivatives/fmriprep/ABIDE2/UNKNOWN/sub-29678/ses-1/func/sub-29678_ses-1_task-rest_run-1_desc-confounds_regressors.tsv,/work/ioannou_lab/elizabeth.szentmiklo/abide_data/atlases/cc200/cc200_roi_atlas.nii.gz,/work/ioannou_lab/elizabeth.szentmiklo/abide_data/derivatives/fmriprep/ABIDE2/UNKNOWN/sub-29678/ses-1/func/sub-29678_ses-1_task-rest_run-1_space-MNI152NLin2009cAsym_desc-brain_mask.nii.gz,2.5
ABIDE2,ABIDEII-KUL_3_sub-29679_ses-1_run-1,/work/ioannou_lab/elizabeth.szentmiklo/abide_data/derivatives/fmriprep/ABIDE2/UNKNOWN/sub-29679/ses-1/func/sub-29679_ses-1_task-rest_run-1_space-MNI152NLin2009cAsym_desc-preproc_bold.nii.gz,/work/ioannou_lab/elizabeth.szentmiklo/abide_data/derivatives/fmriprep/ABIDE2/UNKNOWN/sub-29679/ses-1/func/sub-29679_ses-1_task-rest_run-1_desc-confounds_regressors.tsv,/work/ioannou_lab/elizabeth.szentmiklo/abide_data/atlases/cc200/cc200_roi_atlas.nii.gz,/work/ioannou_lab/elizabeth.szentmiklo/abide_data/derivatives/fmriprep/ABIDE2/UNKNOWN/sub-29679/ses-1/func/sub-29679_ses-1_task-rest_run-1_space-MNI152NLin2009cAsym_desc-brain_mask.nii.gz,2.5
ABIDE2,ABIDEII-UCLA_1_sub-29728_ses-1_run-1,/work/ioannou_lab/elizabeth.szentmiklo/abide_data/derivatives/fmriprep/ABIDE2/UNKNOWN/sub-29728/ses-1/func/sub-29728_ses-1_task-rest_run-1_space-MNI152NLin2009cAsym_desc-preproc_bold.nii.gz,/work/ioannou_lab/elizabeth.szentmiklo/abide_data/derivatives/fmriprep/ABIDE2/UNKNOWN/sub-29728/ses-1/func/sub-29728_ses-1_task-rest_run-1_desc-confounds_regressors.tsv,/work/ioannou_lab/elizabeth.szentmiklo/abide_data/atlases/cc200/cc200_roi_atlas.nii.gz,/work/ioannou_lab/elizabeth.szentmiklo/abide_data/derivatives/fmriprep/ABIDE2/UNKNOWN/sub-29728/ses-1/func/sub-29728_ses-1_task-rest_run-1_space-MNI152NLin2009cAsym_desc-brain_mask.nii.gz,3.0
ABIDE2,ABIDEII-UCLA_1_sub-29730_ses-1_run-1,/work/ioannou_lab/elizabeth.szentmiklo/abide_data/derivatives/fmriprep/ABIDE2/UNKNOWN/sub-29730/ses-1/func/sub-29730_ses-1_task-rest_run-1_space-MNI152NLin2009cAsym_desc-preproc_bold.nii.gz,/work/ioannou_lab/elizabeth.szentmiklo/abide_data/derivatives/fmriprep/ABIDE2/UNKNOWN/sub-29730/ses-1/func/sub-29730_ses-1_task-rest_run-1_desc-confounds_regressors.tsv,/work/ioannou_lab/elizabeth.szentmiklo/abide_data/atlases/cc200/cc200_roi_atlas.nii.gz,/work/ioannou_lab/elizabeth.szentmiklo/abide_data/derivatives/fmriprep/ABIDE2/UNKNOWN/sub-29730/ses-1/func/sub-29730_ses-1_task-rest_run-1_space-MNI152NLin2009cAsym_desc-brain_mask.nii.gz,3.0
ABIDE2,ABIDEII-UCLA_1_sub-29732_ses-1_run-1,/work/ioannou_lab/elizabeth.szentmiklo/abide_data/derivatives/fmriprep/ABIDE2/UNKNOWN/sub-29732/ses-1/func/sub-29732_ses-1_task-rest_run-1_space-MNI152NLin2009cAsym_desc-preproc_bold.nii.gz,/work/ioannou_lab/elizabeth.szentmiklo/abide_data/derivatives/fmriprep/ABIDE2/UNKNOWN/sub-29732/ses-1/func/sub-29732_ses-1_task-rest_run-1_desc-confounds_regressors.tsv,/work/ioannou_lab/elizabeth.szentmiklo/abide_data/atlases/cc200/cc200_roi_atlas.nii.gz,/work/ioannou_lab/elizabeth.szentmiklo/abide_data/derivatives/fmriprep/ABIDE2/UNKNOWN/sub-29732/ses-1/func/sub-29732_ses-1_task-rest_run-1_space-MNI152NLin2009cAsym_desc-brain_mask.nii.gz,3.0
ABIDE2,ABIDEII-UCLA_1_sub-29734_ses-1_run-1,/work/ioannou_lab/elizabeth.szentmiklo/abide_data/derivatives/fmriprep/ABIDE2/UNKNOWN/sub-29734/ses-1/func/sub-29734_ses-1_task-rest_run-1_space-MNI152NLin2009cAsym_desc-preproc_bold.nii.gz,/work/ioannou_lab/elizabeth.szentmiklo/abide_data/derivatives/fmriprep/ABIDE2/UNKNOWN/sub-29734/ses-1/func/sub-29734_ses-1_task-rest_run-1_desc-confounds_regressors.tsv,/work/ioannou_lab/elizabeth.szentmiklo/abide_data/atlases/cc200/cc200_roi_atlas.nii.gz,/work/ioannou_lab/elizabeth.szentmiklo/abide_data/derivatives/fmriprep/ABIDE2/UNKNOWN/sub-29734/ses-1/func/sub-29734_ses-1_task-rest_run-1_space-MNI152NLin2009cAsym_desc-brain_mask.nii.gz,3.0
ABIDE2,ABIDEII-UCLA_1_sub-29736_ses-1_run-1,/work/ioannou_lab/elizabeth.szentmiklo/abide_data/derivatives/fmriprep/ABIDE2/UNKNOWN/sub-29736/ses-1/func/sub-29736_ses-1_task-rest_run-1_space-MNI152NLin2009cAsym_desc-preproc_bold.nii.gz,/work/ioannou_lab/elizabeth.szentmiklo/abide_data/derivatives/fmriprep/ABIDE2/UNKNOWN/sub-29736/ses-1/func/sub-29736_ses-1_task-rest_run-1_desc-confounds_regressors.tsv,/work/ioannou_lab/elizabeth.szentmiklo/abide_data/atlases/cc200/cc200_roi_atlas.nii.gz,/work/ioannou_lab/elizabeth.szentmiklo/abide_data/derivatives/fmriprep/ABIDE2/UNKNOWN/sub-29736/ses-1/func/sub-29736_ses-1_task-rest_run-1_space-MNI152NLin2009cAsym_desc-brain_mask.nii.gz,3.0
ABIDE2,ABIDEII-UCLA_1_sub-29737_ses-1_run-1,/work/ioannou_lab/elizabeth.szentmiklo/abide_data/derivatives/fmriprep/ABIDE2/UNKNOWN/sub-29737/ses-1/func/sub-29737_ses-1_task-rest_run-1_space-MNI152NLin2009cAsym_desc-preproc_bold.nii.gz,/work/ioannou_lab/elizabeth.szentmiklo/abide_data/derivatives/fmriprep/ABIDE2/UNKNOWN/sub-29737/ses-1/func/sub-29737_ses-1_task-rest_run-1_desc-confounds_regressors.tsv,/work/ioannou_lab/elizabeth.szentmiklo/abide_data/atlases/cc200/cc200_roi_atlas.nii.gz,/work/ioannou_lab/elizabeth.szentmiklo/abide_data/derivatives/fmriprep/ABIDE2/UNKNOWN/sub-29737/ses-1/func/sub-29737_ses-1_task-rest_run-1_space-MNI152NLin2009cAsym_desc-brain_mask.nii.gz,3.0
ABIDE2,ABIDEII-UCLA_1_sub-29740_ses-1_run-1,/work/ioannou_lab/elizabeth.szentmiklo/abide_data/derivatives/fmriprep/ABIDE2/UNKNOWN/sub-29740/ses-1/func/sub-29740_ses-1_task-rest_run-1_space-MNI152NLin2009cAsym_desc-preproc_bold.nii.gz,/work/ioannou_lab/elizabeth.szentmiklo/abide_data/derivatives/fmriprep/ABIDE2/UNKNOWN/sub-29740/ses-1/func/sub-29740_ses-1_task-rest_run-1_desc-confounds_regressors.tsv,/work/ioannou_lab/elizabeth.szentmiklo/abide_data/atlases/cc200/cc200_roi_atlas.nii.gz,/work/ioannou_lab/elizabeth.szentmiklo/abide_data/derivatives/fmriprep/ABIDE2/UNKNOWN/sub-29740/ses-1/func/sub-29740_ses-1_task-rest_run-1_space-MNI152NLin2009cAsym_desc-brain_mask.nii.gz,3.0
ABIDE2,ABIDEII-UCLA_1_sub-29743_ses-1_run-1,/work/ioannou_lab/elizabeth.szentmiklo/abide_data/derivatives/fmriprep/ABIDE2/UNKNOWN/sub-29743/ses-1/func/sub-29743_ses-1_task-rest_run-1_space-MNI152NLin2009cAsym_desc-preproc_bold.nii.gz,/work/ioannou_lab/elizabeth.szentmiklo/abide_data/derivatives/fmriprep/ABIDE2/UNKNOWN/sub-29743/ses-1/func/sub-29743_ses-1_task-rest_run-1_desc-confounds_regressors.tsv,/work/ioannou_lab/elizabeth.szentmiklo/abide_data/atlases/cc200/cc200_roi_atlas.nii.gz,/work/ioannou_lab/elizabeth.szentmiklo/abide_data/derivatives/fmriprep/ABIDE2/UNKNOWN/sub-29743/ses-1/func/sub-29743_ses-1_task-rest_run-1_space-MNI152NLin2009cAsym_desc-brain_mask.nii.gz,3.0
ABIDE2,ABIDEII-UCLA_1_sub-29746_ses-1_run-1,/work/ioannou_lab/elizabeth.szentmiklo/abide_data/derivatives/fmriprep/ABIDE2/UNKNOWN/sub-29746/ses-1/func/sub-29746_ses-1_task-rest_run-1_space-MNI152NLin2009cAsym_desc-preproc_bold.nii.gz,/work/ioannou_lab/elizabeth.szentmiklo/abide_data/derivatives/fmriprep/ABIDE2/UNKNOWN/sub-29746/ses-1/func/sub-29746_ses-1_task-rest_run-1_desc-confounds_regressors.tsv,/work/ioannou_lab/elizabeth.szentmiklo/abide_data/atlases/cc200/cc200_roi_atlas.nii.gz,/work/ioannou_lab/elizabeth.szentmiklo/abide_data/derivatives/fmriprep/ABIDE2/UNKNOWN/sub-29746/ses-1/func/sub-29746_ses-1_task-rest_run-1_space-MNI152NLin2009cAsym_desc-brain_mask.nii.gz,3.0
ABIDE2,ABIDEII-UCLA_1_sub-29749_ses-1_run-1,/work/ioannou_lab/elizabeth.szentmiklo/abide_data/derivatives/fmriprep/ABIDE2/UNKNOWN/sub-29749/ses-1/func/sub-29749_ses-1_task-rest_run-1_space-MNI152NLin2009cAsym_desc-preproc_bold.nii.gz,/work/ioannou_lab/elizabeth.szentmiklo/abide_data/derivatives/fmriprep/ABIDE2/UNKNOWN/sub-29749/ses-1/func/sub-29749_ses-1_task-rest_run-1_desc-confounds_regressors.tsv,/work/ioannou_lab/elizabeth.szentmiklo/abide_data/atlases/cc200/cc200_roi_atlas.nii.gz,/work/ioannou_lab/elizabeth.szentmiklo/abide_data/derivatives/fmriprep/ABIDE2/UNKNOWN/sub-29749/ses-1/func/sub-29749_ses-1_task-rest_run-1_space-MNI152NLin2009cAsym_desc-brain_mask.nii.gz,3.0
ABIDE2,ABIDEII-UCLA_1_sub-29750_ses-1_run-1,/work/ioannou_lab/elizabeth.szentmiklo/abide_data/derivatives/fmriprep/ABIDE2/UNKNOWN/sub-29750/ses-1/func/sub-29750_ses-1_task-rest_run-1_space-MNI152NLin2009cAsym_desc-preproc_bold.nii.gz,/work/ioannou_lab/elizabeth.szentmiklo/abide_data/derivatives/fmriprep/ABIDE2/UNKNOWN/sub-29750/ses-1/func/sub-29750_ses-1_task-rest_run-1_desc-confounds_regressors.tsv,/work/ioannou_lab/elizabeth.szentmiklo/abide_data/atlases/cc200/cc200_roi_atlas.nii.gz,/work/ioannou_lab/elizabeth.szentmiklo/abide_data/derivatives/fmriprep/ABIDE2/UNKNOWN/sub-29750/ses-1/func/sub-29750_ses-1_task-rest_run-1_space-MNI152NLin2009cAsym_desc-brain_mask.nii.gz,3.0
ABIDE2,ABIDEII-UCLA_1_sub-29751_ses-1_run-1,/work/ioannou_lab/elizabeth.szentmiklo/abide_data/derivatives/fmriprep/ABIDE2/UNKNOWN/sub-29751/ses-1/func/sub-29751_ses-1_task-rest_run-1_space-MNI152NLin2009cAsym_desc-preproc_bold.nii.gz,/work/ioannou_lab/elizabeth.szentmiklo/abide_data/derivatives/fmriprep/ABIDE2/UNKNOWN/sub-29751/ses-1/func/sub-29751_ses-1_task-rest_run-1_desc-confounds_regressors.tsv,/work/ioannou_lab/elizabeth.szentmiklo/abide_data/atlases/cc200/cc200_roi_atlas.nii.gz,/work/ioannou_lab/elizabeth.szentmiklo/abide_data/derivatives/fmriprep/ABIDE2/UNKNOWN/sub-29751/ses-1/func/sub-29751_ses-1_task-rest_run-1_space-MNI152NLin2009cAsym_desc-brain_mask.nii.gz,3.0
ABIDE2,ABIDEII-UCLA_1_sub-29755_ses-1_run-1,/work/ioannou_lab/elizabeth.szentmiklo/abide_data/derivatives/fmriprep/ABIDE2/UNKNOWN/sub-29755/ses-1/func/sub-29755_ses-1_task-rest_run-1_space-MNI152NLin2009cAsym_desc-preproc_bold.nii.gz,/work/ioannou_lab/elizabeth.szentmiklo/abide_data/derivatives/fmriprep/ABIDE2/UNKNOWN/sub-29755/ses-1/func/sub-29755_ses-1_task-rest_run-1_desc-confounds_regressors.tsv,/work/ioannou_lab/elizabeth.szentmiklo/abide_data/atlases/cc200/cc200_roi_atlas.nii.gz,/work/ioannou_lab/elizabeth.szentmiklo/abide_data/derivatives/fmriprep/ABIDE2/UNKNOWN/sub-29755/ses-1/func/sub-29755_ses-1_task-rest_run-1_space-MNI152NLin2009cAsym_desc-brain_mask.nii.gz,3.0
ABIDE2,ABIDEII-UCLA_1_sub-29758_ses-1_run-1,/work/ioannou_lab/elizabeth.szentmiklo/abide_data/derivatives/fmriprep/ABIDE2/UNKNOWN/sub-29758/ses-1/func/sub-29758_ses-1_task-rest_run-1_space-MNI152NLin2009cAsym_desc-preproc_bold.nii.gz,/work/ioannou_lab/elizabeth.szentmiklo/abide_data/derivatives/fmriprep/ABIDE2/UNKNOWN/sub-29758/ses-1/func/sub-29758_ses-1_task-rest_run-1_desc-confounds_regressors.tsv,/work/ioannou_lab/elizabeth.szentmiklo/abide_data/atlases/cc200/cc200_roi_atlas.nii.gz,/work/ioannou_lab/elizabeth.szentmiklo/abide_data/derivatives/fmriprep/ABIDE2/UNKNOWN/sub-29758/ses-1/func/sub-29758_ses-1_task-rest_run-1_space-MNI152NLin2009cAsym_desc-brain_mask.nii.gz,3.0
ABIDE2,ABIDEII-KUL_3_sub-29794_ses-1_run-1,/work/ioannou_lab/elizabeth.szentmiklo/abide_data/derivatives/fmriprep/ABIDE2/UNKNOWN/sub-29794/ses-1/func/sub-29794_ses-1_task-rest_run-1_space-MNI152NLin2009cAsym_desc-preproc_bold.nii.gz,/work/ioannou_lab/elizabeth.szentmiklo/abide_data/derivatives/fmriprep/ABIDE2/UNKNOWN/sub-29794/ses-1/func/sub-29794_ses-1_task-rest_run-1_desc-confounds_regressors.tsv,/work/ioannou_lab/elizabeth.szentmiklo/abide_data/atlases/cc200/cc200_roi_atlas.nii.gz,/work/ioannou_lab/elizabeth.szentmiklo/abide_data/derivatives/fmriprep/ABIDE2/UNKNOWN/sub-29794/ses-1/func/sub-29794_ses-1_task-rest_run-1_space-MNI152NLin2009cAsym_desc-brain_mask.nii.gz,2.5
ABIDE2,ABIDEII-KUL_3_sub-29796_ses-1_run-1,/work/ioannou_lab/elizabeth.szentmiklo/abide_data/derivatives/fmriprep/ABIDE2/UNKNOWN/sub-29796/ses-1/func/sub-29796_ses-1_task-rest_run-1_space-MNI152NLin2009cAsym_desc-preproc_bold.nii.gz,/work/ioannou_lab/elizabeth.szentmiklo/abide_data/derivatives/fmriprep/ABIDE2/UNKNOWN/sub-29796/ses-1/func/sub-29796_ses-1_task-rest_run-1_desc-confounds_regressors.tsv,/work/ioannou_lab/elizabeth.szentmiklo/abide_data/atlases/cc200/cc200_roi_atlas.nii.gz,/work/ioannou_lab/elizabeth.szentmiklo/abide_data/derivatives/fmriprep/ABIDE2/UNKNOWN/sub-29796/ses-1/func/sub-29796_ses-1_task-rest_run-1_space-MNI152NLin2009cAsym_desc-brain_mask.nii.gz,2.5
ABIDE2,ABIDEII-KUL_3_sub-29797_ses-1_run-1,/work/ioannou_lab/elizabeth.szentmiklo/abide_data/derivatives/fmriprep/ABIDE2/UNKNOWN/sub-29797/ses-1/func/sub-29797_ses-1_task-rest_run-1_space-MNI152NLin2009cAsym_desc-preproc_bold.nii.gz,/work/ioannou_lab/elizabeth.szentmiklo/abide_data/derivatives/fmriprep/ABIDE2/UNKNOWN/sub-29797/ses-1/func/sub-29797_ses-1_task-rest_run-1_desc-confounds_regressors.tsv,/work/ioannou_lab/elizabeth.szentmiklo/abide_data/atlases/cc200/cc200_roi_atlas.nii.gz,/work/ioannou_lab/elizabeth.szentmiklo/abide_data/derivatives/fmriprep/ABIDE2/UNKNOWN/sub-29797/ses-1/func/sub-29797_ses-1_task-rest_run-1_space-MNI152NLin2009cAsym_desc-brain_mask.nii.gz,2.5
ABIDE2,ABIDEII-KUL_3_sub-29798_ses-1_run-1,/work/ioannou_lab/elizabeth.szentmiklo/abide_data/derivatives/fmriprep/ABIDE2/UNKNOWN/sub-29798/ses-1/func/sub-29798_ses-1_task-rest_run-1_space-MNI152NLin2009cAsym_desc-preproc_bold.nii.gz,/work/ioannou_lab/elizabeth.szentmiklo/abide_data/derivatives/fmriprep/ABIDE2/UNKNOWN/sub-29798/ses-1/func/sub-29798_ses-1_task-rest_run-1_desc-confounds_regressors.tsv,/work/ioannou_lab/elizabeth.szentmiklo/abide_data/atlases/cc200/cc200_roi_atlas.nii.gz,/work/ioannou_lab/elizabeth.szentmiklo/abide_data/derivatives/fmriprep/ABIDE2/UNKNOWN/sub-29798/ses-1/func/sub-29798_ses-1_task-rest_run-1_space-MNI152NLin2009cAsym_desc-brain_mask.nii.gz,2.5
ABIDE2,ABIDEII-EMC_1_sub-29864_ses-1_run-1,/work/ioannou_lab/elizabeth.szentmiklo/abide_data/derivatives/fmriprep/ABIDE2/UNKNOWN/sub-29864/ses-1/func/sub-29864_ses-1_task-rest_run-1_space-MNI152NLin2009cAsym_desc-preproc_bold.nii.gz,/work/ioannou_lab/elizabeth.szentmiklo/abide_data/derivatives/fmriprep/ABIDE2/UNKNOWN/sub-29864/ses-1/func/sub-29864_ses-1_task-rest_run-1_desc-confounds_regressors.tsv,/work/ioannou_lab/elizabeth.szentmiklo/abide_data/atlases/cc200/cc200_roi_atlas.nii.gz,/work/ioannou_lab/elizabeth.szentmiklo/abide_data/derivatives/fmriprep/ABIDE2/UNKNOWN/sub-29864/ses-1/func/sub-29864_ses-1_task-rest_run-1_space-MNI152NLin2009cAsym_desc-brain_mask.nii.gz,2.0
ABIDE2,ABIDEII-EMC_1_sub-29865_ses-1_run-1,/work/ioannou_lab/elizabeth.szentmiklo/abide_data/derivatives/fmriprep/ABIDE2/UNKNOWN/sub-29865/ses-1/func/sub-29865_ses-1_task-rest_run-1_space-MNI152NLin2009cAsym_desc-preproc_bold.nii.gz,/work/ioannou_lab/elizabeth.szentmiklo/abide_data/derivatives/fmriprep/ABIDE2/UNKNOWN/sub-29865/ses-1/func/sub-29865_ses-1_task-rest_run-1_desc-confounds_regressors.tsv,/work/ioannou_lab/elizabeth.szentmiklo/abide_data/atlases/cc200/cc200_roi_atlas.nii.gz,/work/ioannou_lab/elizabeth.szentmiklo/abide_data/derivatives/fmriprep/ABIDE2/UNKNOWN/sub-29865/ses-1/func/sub-29865_ses-1_task-rest_run-1_space-MNI152NLin2009cAsym_desc-brain_mask.nii.gz,2.0
ABIDE2,ABIDEII-EMC_1_sub-29867_ses-1_run-1,/work/ioannou_lab/elizabeth.szentmiklo/abide_data/derivatives/fmriprep/ABIDE2/UNKNOWN/sub-29867/ses-1/func/sub-29867_ses-1_task-rest_run-1_space-MNI152NLin2009cAsym_desc-preproc_bold.nii.gz,/work/ioannou_lab/elizabeth.szentmiklo/abide_data/derivatives/fmriprep/ABIDE2/UNKNOWN/sub-29867/ses-1/func/sub-29867_ses-1_task-rest_run-1_desc-confounds_regressors.tsv,/work/ioannou_lab/elizabeth.szentmiklo/abide_data/atlases/cc200/cc200_roi_atlas.nii.gz,/work/ioannou_lab/elizabeth.szentmiklo/abide_data/derivatives/fmriprep/ABIDE2/UNKNOWN/sub-29867/ses-1/func/sub-29867_ses-1_task-rest_run-1_space-MNI152NLin2009cAsym_desc-brain_mask.nii.gz,2.0
ABIDE2,ABIDEII-EMC_1_sub-29868_ses-1_run-1,/work/ioannou_lab/elizabeth.szentmiklo/abide_data/derivatives/fmriprep/ABIDE2/UNKNOWN/sub-29868/ses-1/func/sub-29868_ses-1_task-rest_run-1_space-MNI152NLin2009cAsym_desc-preproc_bold.nii.gz,/work/ioannou_lab/elizabeth.szentmiklo/abide_data/derivatives/fmriprep/ABIDE2/UNKNOWN/sub-29868/ses-1/func/sub-29868_ses-1_task-rest_run-1_desc-confounds_regressors.tsv,/work/ioannou_lab/elizabeth.szentmiklo/abide_data/atlases/cc200/cc200_roi_atlas.nii.gz,/work/ioannou_lab/elizabeth.szentmiklo/abide_data/derivatives/fmriprep/ABIDE2/UNKNOWN/sub-29868/ses-1/func/sub-29868_ses-1_task-rest_run-1_space-MNI152NLin2009cAsym_desc-brain_mask.nii.gz,2.0
ABIDE2,ABIDEII-EMC_1_sub-29869_ses-1_run-1,/work/ioannou_lab/elizabeth.szentmiklo/abide_data/derivatives/fmriprep/ABIDE2/UNKNOWN/sub-29869/ses-1/func/sub-29869_ses-1_task-rest_run-1_space-MNI152NLin2009cAsym_desc-preproc_bold.nii.gz,/work/ioannou_lab/elizabeth.szentmiklo/abide_data/derivatives/fmriprep/ABIDE2/UNKNOWN/sub-29869/ses-1/func/sub-29869_ses-1_task-rest_run-1_desc-confounds_regressors.tsv,/work/ioannou_lab/elizabeth.szentmiklo/abide_data/atlases/cc200/cc200_roi_atlas.nii.gz,/work/ioannou_lab/elizabeth.szentmiklo/abide_data/derivatives/fmriprep/ABIDE2/UNKNOWN/sub-29869/ses-1/func/sub-29869_ses-1_task-rest_run-1_space-MNI152NLin2009cAsym_desc-brain_mask.nii.gz,2.0
ABIDE2,ABIDEII-EMC_1_sub-29870_ses-1_run-1,/work/ioannou_lab/elizabeth.szentmiklo/abide_data/derivatives/fmriprep/ABIDE2/UNKNOWN/sub-29870/ses-1/func/sub-29870_ses-1_task-rest_run-1_space-MNI152NLin2009cAsym_desc-preproc_bold.nii.gz,/work/ioannou_lab/elizabeth.szentmiklo/abide_data/derivatives/fmriprep/ABIDE2/UNKNOWN/sub-29870/ses-1/func/sub-29870_ses-1_task-rest_run-1_desc-confounds_regressors.tsv,/work/ioannou_lab/elizabeth.szentmiklo/abide_data/atlases/cc200/cc200_roi_atlas.nii.gz,/work/ioannou_lab/elizabeth.szentmiklo/abide_data/derivatives/fmriprep/ABIDE2/UNKNOWN/sub-29870/ses-1/func/sub-29870_ses-1_task-rest_run-1_space-MNI152NLin2009cAsym_desc-brain_mask.nii.gz,2.0
ABIDE2,ABIDEII-EMC_1_sub-29871_ses-1_run-1,/work/ioannou_lab/elizabeth.szentmiklo/abide_data/derivatives/fmriprep/ABIDE2/UNKNOWN/sub-29871/ses-1/func/sub-29871_ses-1_task-rest_run-1_space-MNI152NLin2009cAsym_desc-preproc_bold.nii.gz,/work/ioannou_lab/elizabeth.szentmiklo/abide_data/derivatives/fmriprep/ABIDE2/UNKNOWN/sub-29871/ses-1/func/sub-29871_ses-1_task-rest_run-1_desc-confounds_regressors.tsv,/work/ioannou_lab/elizabeth.szentmiklo/abide_data/atlases/cc200/cc200_roi_atlas.nii.gz,/work/ioannou_lab/elizabeth.szentmiklo/abide_data/derivatives/fmriprep/ABIDE2/UNKNOWN/sub-29871/ses-1/func/sub-29871_ses-1_task-rest_run-1_space-MNI152NLin2009cAsym_desc-brain_mask.nii.gz,2.0
ABIDE2,ABIDEII-EMC_1_sub-29874_ses-1_run-1,/work/ioannou_lab/elizabeth.szentmiklo/abide_data/derivatives/fmriprep/ABIDE2/UNKNOWN/sub-29874/ses-1/func/sub-29874_ses-1_task-rest_run-1_space-MNI152NLin2009cAsym_desc-preproc_bold.nii.gz,/work/ioannou_lab/elizabeth.szentmiklo/abide_data/derivatives/fmriprep/ABIDE2/UNKNOWN/sub-29874/ses-1/func/sub-29874_ses-1_task-rest_run-1_desc-confounds_regressors.tsv,/work/ioannou_lab/elizabeth.szentmiklo/abide_data/atlases/cc200/cc200_roi_atlas.nii.gz,/work/ioannou_lab/elizabeth.szentmiklo/abide_data/derivatives/fmriprep/ABIDE2/UNKNOWN/sub-29874/ses-1/func/sub-29874_ses-1_task-rest_run-1_space-MNI152NLin2009cAsym_desc-brain_mask.nii.gz,2.0
ABIDE2,ABIDEII-EMC_1_sub-29876_ses-1_run-1,/work/ioannou_lab/elizabeth.szentmiklo/abide_data/derivatives/fmriprep/ABIDE2/UNKNOWN/sub-29876/ses-1/func/sub-29876_ses-1_task-rest_run-1_space-MNI152NLin2009cAsym_desc-preproc_bold.nii.gz,/work/ioannou_lab/elizabeth.szentmiklo/abide_data/derivatives/fmriprep/ABIDE2/UNKNOWN/sub-29876/ses-1/func/sub-29876_ses-1_task-rest_run-1_desc-confounds_regressors.tsv,/work/ioannou_lab/elizabeth.szentmiklo/abide_data/atlases/cc200/cc200_roi_atlas.nii.gz,/work/ioannou_lab/elizabeth.szentmiklo/abide_data/derivatives/fmriprep/ABIDE2/UNKNOWN/sub-29876/ses-1/func/sub-29876_ses-1_task-rest_run-1_space-MNI152NLin2009cAsym_desc-brain_mask.nii.gz,2.0
ABIDE2,ABIDEII-EMC_1_sub-29877_ses-1_run-1,/work/ioannou_lab/elizabeth.szentmiklo/abide_data/derivatives/fmriprep/ABIDE2/UNKNOWN/sub-29877/ses-1/func/sub-29877_ses-1_task-rest_run-1_space-MNI152NLin2009cAsym_desc-preproc_bold.nii.gz,/work/ioannou_lab/elizabeth.szentmiklo/abide_data/derivatives/fmriprep/ABIDE2/UNKNOWN/sub-29877/ses-1/func/sub-29877_ses-1_task-rest_run-1_desc-confounds_regressors.tsv,/work/ioannou_lab/elizabeth.szentmiklo/abide_data/atlases/cc200/cc200_roi_atlas.nii.gz,/work/ioannou_lab/elizabeth.szentmiklo/abide_data/derivatives/fmriprep/ABIDE2/UNKNOWN/sub-29877/ses-1/func/sub-29877_ses-1_task-rest_run-1_space-MNI152NLin2009cAsym_desc-brain_mask.nii.gz,2.0
ABIDE2,ABIDEII-EMC_1_sub-29878_ses-1_run-1,/work/ioannou_lab/elizabeth.szentmiklo/abide_data/derivatives/fmriprep/ABIDE2/UNKNOWN/sub-29878/ses-1/func/sub-29878_ses-1_task-rest_run-1_space-MNI152NLin2009cAsym_desc-preproc_bold.nii.gz,/work/ioannou_lab/elizabeth.szentmiklo/abide_data/derivatives/fmriprep/ABIDE2/UNKNOWN/sub-29878/ses-1/func/sub-29878_ses-1_task-rest_run-1_desc-confounds_regressors.tsv,/work/ioannou_lab/elizabeth.szentmiklo/abide_data/atlases/cc200/cc200_roi_atlas.nii.gz,/work/ioannou_lab/elizabeth.szentmiklo/abide_data/derivatives/fmriprep/ABIDE2/UNKNOWN/sub-29878/ses-1/func/sub-29878_ses-1_task-rest_run-1_space-MNI152NLin2009cAsym_desc-brain_mask.nii.gz,2.0
ABIDE2,ABIDEII-EMC_1_sub-29879_ses-1_run-1,/work/ioannou_lab/elizabeth.szentmiklo/abide_data/derivatives/fmriprep/ABIDE2/UNKNOWN/sub-29879/ses-1/func/sub-29879_ses-1_task-rest_run-1_space-MNI152NLin2009cAsym_desc-preproc_bold.nii.gz,/work/ioannou_lab/elizabeth.szentmiklo/abide_data/derivatives/fmriprep/ABIDE2/UNKNOWN/sub-29879/ses-1/func/sub-29879_ses-1_task-rest_run-1_desc-confounds_regressors.tsv,/work/ioannou_lab/elizabeth.szentmiklo/abide_data/atlases/cc200/cc200_roi_atlas.nii.gz,/work/ioannou_lab/elizabeth.szentmiklo/abide_data/derivatives/fmriprep/ABIDE2/UNKNOWN/sub-29879/ses-1/func/sub-29879_ses-1_task-rest_run-1_space-MNI152NLin2009cAsym_desc-brain_mask.nii.gz,2.0
ABIDE2,ABIDEII-EMC_1_sub-29881_ses-1_run-1,/work/ioannou_lab/elizabeth.szentmiklo/abide_data/derivatives/fmriprep/ABIDE2/UNKNOWN/sub-29881/ses-1/func/sub-29881_ses-1_task-rest_run-1_space-MNI152NLin2009cAsym_desc-preproc_bold.nii.gz,/work/ioannou_lab/elizabeth.szentmiklo/abide_data/derivatives/fmriprep/ABIDE2/UNKNOWN/sub-29881/ses-1/func/sub-29881_ses-1_task-rest_run-1_desc-confounds_regressors.tsv,/work/ioannou_lab/elizabeth.szentmiklo/abide_data/atlases/cc200/cc200_roi_atlas.nii.gz,/work/ioannou_lab/elizabeth.szentmiklo/abide_data/derivatives/fmriprep/ABIDE2/UNKNOWN/sub-29881/ses-1/func/sub-29881_ses-1_task-rest_run-1_space-MNI152NLin2009cAsym_desc-brain_mask.nii.gz,2.0
ABIDE2,ABIDEII-EMC_1_sub-29882_ses-1_run-1,/work/ioannou_lab/elizabeth.szentmiklo/abide_data/derivatives/fmriprep/ABIDE2/UNKNOWN/sub-29882/ses-1/func/sub-29882_ses-1_task-rest_run-1_space-MNI152NLin2009cAsym_desc-preproc_bold.nii.gz,/work/ioannou_lab/elizabeth.szentmiklo/abide_data/derivatives/fmriprep/ABIDE2/UNKNOWN/sub-29882/ses-1/func/sub-29882_ses-1_task-rest_run-1_desc-confounds_regressors.tsv,/work/ioannou_lab/elizabeth.szentmiklo/abide_data/atlases/cc200/cc200_roi_atlas.nii.gz,/work/ioannou_lab/elizabeth.szentmiklo/abide_data/derivatives/fmriprep/ABIDE2/UNKNOWN/sub-29882/ses-1/func/sub-29882_ses-1_task-rest_run-1_space-MNI152NLin2009cAsym_desc-brain_mask.nii.gz,2.0
ABIDE2,ABIDEII-EMC_1_sub-29883_ses-1_run-1,/work/ioannou_lab/elizabeth.szentmiklo/abide_data/derivatives/fmriprep/ABIDE2/UNKNOWN/sub-29883/ses-1/func/sub-29883_ses-1_task-rest_run-1_space-MNI152NLin2009cAsym_desc-preproc_bold.nii.gz,/work/ioannou_lab/elizabeth.szentmiklo/abide_data/derivatives/fmriprep/ABIDE2/UNKNOWN/sub-29883/ses-1/func/sub-29883_ses-1_task-rest_run-1_desc-confounds_regressors.tsv,/work/ioannou_lab/elizabeth.szentmiklo/abide_data/atlases/cc200/cc200_roi_atlas.nii.gz,/work/ioannou_lab/elizabeth.szentmiklo/abide_data/derivatives/fmriprep/ABIDE2/UNKNOWN/sub-29883/ses-1/func/sub-29883_ses-1_task-rest_run-1_space-MNI152NLin2009cAsym_desc-brain_mask.nii.gz,2.0
ABIDE2,ABIDEII-EMC_1_sub-29884_ses-1_run-1,/work/ioannou_lab/elizabeth.szentmiklo/abide_data/derivatives/fmriprep/ABIDE2/UNKNOWN/sub-29884/ses-1/func/sub-29884_ses-1_task-rest_run-1_space-MNI152NLin2009cAsym_desc-preproc_bold.nii.gz,/work/ioannou_lab/elizabeth.szentmiklo/abide_data/derivatives/fmriprep/ABIDE2/UNKNOWN/sub-29884/ses-1/func/sub-29884_ses-1_task-rest_run-1_desc-confounds_regressors.tsv,/work/ioannou_lab/elizabeth.szentmiklo/abide_data/atlases/cc200/cc200_roi_atlas.nii.gz,/work/ioannou_lab/elizabeth.szentmiklo/abide_data/derivatives/fmriprep/ABIDE2/UNKNOWN/sub-29884/ses-1/func/sub-29884_ses-1_task-rest_run-1_space-MNI152NLin2009cAsym_desc-brain_mask.nii.gz,2.0
ABIDE2,ABIDEII-EMC_1_sub-29885_ses-1_run-1,/work/ioannou_lab/elizabeth.szentmiklo/abide_data/derivatives/fmriprep/ABIDE2/UNKNOWN/sub-29885/ses-1/func/sub-29885_ses-1_task-rest_run-1_space-MNI152NLin2009cAsym_desc-preproc_bold.nii.gz,/work/ioannou_lab/elizabeth.szentmiklo/abide_data/derivatives/fmriprep/ABIDE2/UNKNOWN/sub-29885/ses-1/func/sub-29885_ses-1_task-rest_run-1_desc-confounds_regressors.tsv,/work/ioannou_lab/elizabeth.szentmiklo/abide_data/atlases/cc200/cc200_roi_atlas.nii.gz,/work/ioannou_lab/elizabeth.szentmiklo/abide_data/derivatives/fmriprep/ABIDE2/UNKNOWN/sub-29885/ses-1/func/sub-29885_ses-1_task-rest_run-1_space-MNI152NLin2009cAsym_desc-brain_mask.nii.gz,2.0
ABIDE2,ABIDEII-EMC_1_sub-29886_ses-1_run-1,/work/ioannou_lab/elizabeth.szentmiklo/abide_data/derivatives/fmriprep/ABIDE2/UNKNOWN/sub-29886/ses-1/func/sub-29886_ses-1_task-rest_run-1_space-MNI152NLin2009cAsym_desc-preproc_bold.nii.gz,/work/ioannou_lab/elizabeth.szentmiklo/abide_data/derivatives/fmriprep/ABIDE2/UNKNOWN/sub-29886/ses-1/func/sub-29886_ses-1_task-rest_run-1_desc-confounds_regressors.tsv,/work/ioannou_lab/elizabeth.szentmiklo/abide_data/atlases/cc200/cc200_roi_atlas.nii.gz,/work/ioannou_lab/elizabeth.szentmiklo/abide_data/derivatives/fmriprep/ABIDE2/UNKNOWN/sub-29886/ses-1/func/sub-29886_ses-1_task-rest_run-1_space-MNI152NLin2009cAsym_desc-brain_mask.nii.gz,2.0
ABIDE2,ABIDEII-EMC_1_sub-29887_ses-1_run-1,/work/ioannou_lab/elizabeth.szentmiklo/abide_data/derivatives/fmriprep/ABIDE2/UNKNOWN/sub-29887/ses-1/func/sub-29887_ses-1_task-rest_run-1_space-MNI152NLin2009cAsym_desc-preproc_bold.nii.gz,/work/ioannou_lab/elizabeth.szentmiklo/abide_data/derivatives/fmriprep/ABIDE2/UNKNOWN/sub-29887/ses-1/func/sub-29887_ses-1_task-rest_run-1_desc-confounds_regressors.tsv,/work/ioannou_lab/elizabeth.szentmiklo/abide_data/atlases/cc200/cc200_roi_atlas.nii.gz,/work/ioannou_lab/elizabeth.szentmiklo/abide_data/derivatives/fmriprep/ABIDE2/UNKNOWN/sub-29887/ses-1/func/sub-29887_ses-1_task-rest_run-1_space-MNI152NLin2009cAsym_desc-brain_mask.nii.gz,2.0
ABIDE2,ABIDEII-EMC_1_sub-29888_ses-1_run-1,/work/ioannou_lab/elizabeth.szentmiklo/abide_data/derivatives/fmriprep/ABIDE2/UNKNOWN/sub-29888/ses-1/func/sub-29888_ses-1_task-rest_run-1_space-MNI152NLin2009cAsym_desc-preproc_bold.nii.gz,/work/ioannou_lab/elizabeth.szentmiklo/abide_data/derivatives/fmriprep/ABIDE2/UNKNOWN/sub-29888/ses-1/func/sub-29888_ses-1_task-rest_run-1_desc-confounds_regressors.tsv,/work/ioannou_lab/elizabeth.szentmiklo/abide_data/atlases/cc200/cc200_roi_atlas.nii.gz,/work/ioannou_lab/elizabeth.szentmiklo/abide_data/derivatives/fmriprep/ABIDE2/UNKNOWN/sub-29888/ses-1/func/sub-29888_ses-1_task-rest_run-1_space-MNI152NLin2009cAsym_desc-brain_mask.nii.gz,2.0
ABIDE2,ABIDEII-EMC_1_sub-29889_ses-1_run-1,/work/ioannou_lab/elizabeth.szentmiklo/abide_data/derivatives/fmriprep/ABIDE2/UNKNOWN/sub-29889/ses-1/func/sub-29889_ses-1_task-rest_run-1_space-MNI152NLin2009cAsym_desc-preproc_bold.nii.gz,/work/ioannou_lab/elizabeth.szentmiklo/abide_data/derivatives/fmriprep/ABIDE2/UNKNOWN/sub-29889/ses-1/func/sub-29889_ses-1_task-rest_run-1_desc-confounds_regressors.tsv,/work/ioannou_lab/elizabeth.szentmiklo/abide_data/atlases/cc200/cc200_roi_atlas.nii.gz,/work/ioannou_lab/elizabeth.szentmiklo/abide_data/derivatives/fmriprep/ABIDE2/UNKNOWN/sub-29889/ses-1/func/sub-29889_ses-1_task-rest_run-1_space-MNI152NLin2009cAsym_desc-brain_mask.nii.gz,2.0
ABIDE2,ABIDEII-EMC_1_sub-29892_ses-1_run-1,/work/ioannou_lab/elizabeth.szentmiklo/abide_data/derivatives/fmriprep/ABIDE2/UNKNOWN/sub-29892/ses-1/func/sub-29892_ses-1_task-rest_run-1_space-MNI152NLin2009cAsym_desc-preproc_bold.nii.gz,/work/ioannou_lab/elizabeth.szentmiklo/abide_data/derivatives/fmriprep/ABIDE2/UNKNOWN/sub-29892/ses-1/func/sub-29892_ses-1_task-rest_run-1_desc-confounds_regressors.tsv,/work/ioannou_lab/elizabeth.szentmiklo/abide_data/atlases/cc200/cc200_roi_atlas.nii.gz,/work/ioannou_lab/elizabeth.szentmiklo/abide_data/derivatives/fmriprep/ABIDE2/UNKNOWN/sub-29892/ses-1/func/sub-29892_ses-1_task-rest_run-1_space-MNI152NLin2009cAsym_desc-brain_mask.nii.gz,2.0
ABIDE2,ABIDEII-EMC_1_sub-29896_ses-1_run-1,/work/ioannou_lab/elizabeth.szentmiklo/abide_data/derivatives/fmriprep/ABIDE2/UNKNOWN/sub-29896/ses-1/func/sub-29896_ses-1_task-rest_run-1_space-MNI152NLin2009cAsym_desc-preproc_bold.nii.gz,/work/ioannou_lab/elizabeth.szentmiklo/abide_data/derivatives/fmriprep/ABIDE2/UNKNOWN/sub-29896/ses-1/func/sub-29896_ses-1_task-rest_run-1_desc-confounds_regressors.tsv,/work/ioannou_lab/elizabeth.szentmiklo/abide_data/atlases/cc200/cc200_roi_atlas.nii.gz,/work/ioannou_lab/elizabeth.szentmiklo/abide_data/derivatives/fmriprep/ABIDE2/UNKNOWN/sub-29896/ses-1/func/sub-29896_ses-1_task-rest_run-1_space-MNI152NLin2009cAsym_desc-brain_mask.nii.gz,2.0
ABIDE2,ABIDEII-EMC_1_sub-29897_ses-1_run-1,/work/ioannou_lab/elizabeth.szentmiklo/abide_data/derivatives/fmriprep/ABIDE2/UNKNOWN/sub-29897/ses-1/func/sub-29897_ses-1_task-rest_run-1_space-MNI152NLin2009cAsym_desc-preproc_bold.nii.gz,/work/ioannou_lab/elizabeth.szentmiklo/abide_data/derivatives/fmriprep/ABIDE2/UNKNOWN/sub-29897/ses-1/func/sub-29897_ses-1_task-rest_run-1_desc-confounds_regressors.tsv,/work/ioannou_lab/elizabeth.szentmiklo/abide_data/atlases/cc200/cc200_roi_atlas.nii.gz,/work/ioannou_lab/elizabeth.szentmiklo/abide_data/derivatives/fmriprep/ABIDE2/UNKNOWN/sub-29897/ses-1/func/sub-29897_ses-1_task-rest_run-1_space-MNI152NLin2009cAsym_desc-brain_mask.nii.gz,2.0
ABIDE2,ABIDEII-EMC_1_sub-29898_ses-1_run-1,/work/ioannou_lab/elizabeth.szentmiklo/abide_data/derivatives/fmriprep/ABIDE2/UNKNOWN/sub-29898/ses-1/func/sub-29898_ses-1_task-rest_run-1_space-MNI152NLin2009cAsym_desc-preproc_bold.nii.gz,/work/ioannou_lab/elizabeth.szentmiklo/abide_data/derivatives/fmriprep/ABIDE2/UNKNOWN/sub-29898/ses-1/func/sub-29898_ses-1_task-rest_run-1_desc-confounds_regressors.tsv,/work/ioannou_lab/elizabeth.szentmiklo/abide_data/atlases/cc200/cc200_roi_atlas.nii.gz,/work/ioannou_lab/elizabeth.szentmiklo/abide_data/derivatives/fmriprep/ABIDE2/UNKNOWN/sub-29898/ses-1/func/sub-29898_ses-1_task-rest_run-1_space-MNI152NLin2009cAsym_desc-brain_mask.nii.gz,2.0
ABIDE2,ABIDEII-EMC_1_sub-29899_ses-1_run-1,/work/ioannou_lab/elizabeth.szentmiklo/abide_data/derivatives/fmriprep/ABIDE2/UNKNOWN/sub-29899/ses-1/func/sub-29899_ses-1_task-rest_run-1_space-MNI152NLin2009cAsym_desc-preproc_bold.nii.gz,/work/ioannou_lab/elizabeth.szentmiklo/abide_data/derivatives/fmriprep/ABIDE2/UNKNOWN/sub-29899/ses-1/func/sub-29899_ses-1_task-rest_run-1_desc-confounds_regressors.tsv,/work/ioannou_lab/elizabeth.szentmiklo/abide_data/atlases/cc200/cc200_roi_atlas.nii.gz,/work/ioannou_lab/elizabeth.szentmiklo/abide_data/derivatives/fmriprep/ABIDE2/UNKNOWN/sub-29899/ses-1/func/sub-29899_ses-1_task-rest_run-1_space-MNI152NLin2009cAsym_desc-brain_mask.nii.gz,2.0
ABIDE2,ABIDEII-EMC_1_sub-29900_ses-1_run-1,/work/ioannou_lab/elizabeth.szentmiklo/abide_data/derivatives/fmriprep/ABIDE2/UNKNOWN/sub-29900/ses-1/func/sub-29900_ses-1_task-rest_run-1_space-MNI152NLin2009cAsym_desc-preproc_bold.nii.gz,/work/ioannou_lab/elizabeth.szentmiklo/abide_data/derivatives/fmriprep/ABIDE2/UNKNOWN/sub-29900/ses-1/func/sub-29900_ses-1_task-rest_run-1_desc-confounds_regressors.tsv,/work/ioannou_lab/elizabeth.szentmiklo/abide_data/atlases/cc200/cc200_roi_atlas.nii.gz,/work/ioannou_lab/elizabeth.szentmiklo/abide_data/derivatives/fmriprep/ABIDE2/UNKNOWN/sub-29900/ses-1/func/sub-29900_ses-1_task-rest_run-1_space-MNI152NLin2009cAsym_desc-brain_mask.nii.gz,2.0
ABIDE2,ABIDEII-EMC_1_sub-29902_ses-1_run-1,/work/ioannou_lab/elizabeth.szentmiklo/abide_data/derivatives/fmriprep/ABIDE2/UNKNOWN/sub-29902/ses-1/func/sub-29902_ses-1_task-rest_run-1_space-MNI152NLin2009cAsym_desc-preproc_bold.nii.gz,/work/ioannou_lab/elizabeth.szentmiklo/abide_data/derivatives/fmriprep/ABIDE2/UNKNOWN/sub-29902/ses-1/func/sub-29902_ses-1_task-rest_run-1_desc-confounds_regressors.tsv,/work/ioannou_lab/elizabeth.szentmiklo/abide_data/atlases/cc200/cc200_roi_atlas.nii.gz,/work/ioannou_lab/elizabeth.szentmiklo/abide_data/derivatives/fmriprep/ABIDE2/UNKNOWN/sub-29902/ses-1/func/sub-29902_ses-1_task-rest_run-1_space-MNI152NLin2009cAsym_desc-brain_mask.nii.gz,2.0
ABIDE2,ABIDEII-EMC_1_sub-29903_ses-1_run-1,/work/ioannou_lab/elizabeth.szentmiklo/abide_data/derivatives/fmriprep/ABIDE2/UNKNOWN/sub-29903/ses-1/func/sub-29903_ses-1_task-rest_run-1_space-MNI152NLin2009cAsym_desc-preproc_bold.nii.gz,/work/ioannou_lab/elizabeth.szentmiklo/abide_data/derivatives/fmriprep/ABIDE2/UNKNOWN/sub-29903/ses-1/func/sub-29903_ses-1_task-rest_run-1_desc-confounds_regressors.tsv,/work/ioannou_lab/elizabeth.szentmiklo/abide_data/atlases/cc200/cc200_roi_atlas.nii.gz,/work/ioannou_lab/elizabeth.szentmiklo/abide_data/derivatives/fmriprep/ABIDE2/UNKNOWN/sub-29903/ses-1/func/sub-29903_ses-1_task-rest_run-1_space-MNI152NLin2009cAsym_desc-brain_mask.nii.gz,2.0
ABIDE2,ABIDEII-EMC_1_sub-29904_ses-1_run-1,/work/ioannou_lab/elizabeth.szentmiklo/abide_data/derivatives/fmriprep/ABIDE2/UNKNOWN/sub-29904/ses-1/func/sub-29904_ses-1_task-rest_run-1_space-MNI152NLin2009cAsym_desc-preproc_bold.nii.gz,/work/ioannou_lab/elizabeth.szentmiklo/abide_data/derivatives/fmriprep/ABIDE2/UNKNOWN/sub-29904/ses-1/func/sub-29904_ses-1_task-rest_run-1_desc-confounds_regressors.tsv,/work/ioannou_lab/elizabeth.szentmiklo/abide_data/atlases/cc200/cc200_roi_atlas.nii.gz,/work/ioannou_lab/elizabeth.szentmiklo/abide_data/derivatives/fmriprep/ABIDE2/UNKNOWN/sub-29904/ses-1/func/sub-29904_ses-1_task-rest_run-1_space-MNI152NLin2009cAsym_desc-brain_mask.nii.gz,2.0
ABIDE2,ABIDEII-EMC_1_sub-29905_ses-1_run-1,/work/ioannou_lab/elizabeth.szentmiklo/abide_data/derivatives/fmriprep/ABIDE2/UNKNOWN/sub-29905/ses-1/func/sub-29905_ses-1_task-rest_run-1_space-MNI152NLin2009cAsym_desc-preproc_bold.nii.gz,/work/ioannou_lab/elizabeth.szentmiklo/abide_data/derivatives/fmriprep/ABIDE2/UNKNOWN/sub-29905/ses-1/func/sub-29905_ses-1_task-rest_run-1_desc-confounds_regressors.tsv,/work/ioannou_lab/elizabeth.szentmiklo/abide_data/atlases/cc200/cc200_roi_atlas.nii.gz,/work/ioannou_lab/elizabeth.szentmiklo/abide_data/derivatives/fmriprep/ABIDE2/UNKNOWN/sub-29905/ses-1/func/sub-29905_ses-1_task-rest_run-1_space-MNI152NLin2009cAsym_desc-brain_mask.nii.gz,2.0
ABIDE2,ABIDEII-EMC_1_sub-29906_ses-1_run-1,/work/ioannou_lab/elizabeth.szentmiklo/abide_data/derivatives/fmriprep/ABIDE2/UNKNOWN/sub-29906/ses-1/func/sub-29906_ses-1_task-rest_run-1_space-MNI152NLin2009cAsym_desc-preproc_bold.nii.gz,/work/ioannou_lab/elizabeth.szentmiklo/abide_data/derivatives/fmriprep/ABIDE2/UNKNOWN/sub-29906/ses-1/func/sub-29906_ses-1_task-rest_run-1_desc-confounds_regressors.tsv,/work/ioannou_lab/elizabeth.szentmiklo/abide_data/atlases/cc200/cc200_roi_atlas.nii.gz,/work/ioannou_lab/elizabeth.szentmiklo/abide_data/derivatives/fmriprep/ABIDE2/UNKNOWN/sub-29906/ses-1/func/sub-29906_ses-1_task-rest_run-1_space-MNI152NLin2009cAsym_desc-brain_mask.nii.gz,2.0
ABIDE2,ABIDEII-EMC_1_sub-29907_ses-1_run-1,/work/ioannou_lab/elizabeth.szentmiklo/abide_data/derivatives/fmriprep/ABIDE2/UNKNOWN/sub-29907/ses-1/func/sub-29907_ses-1_task-rest_run-1_space-MNI152NLin2009cAsym_desc-preproc_bold.nii.gz,/work/ioannou_lab/elizabeth.szentmiklo/abide_data/derivatives/fmriprep/ABIDE2/UNKNOWN/sub-29907/ses-1/func/sub-29907_ses-1_task-rest_run-1_desc-confounds_regressors.tsv,/work/ioannou_lab/elizabeth.szentmiklo/abide_data/atlases/cc200/cc200_roi_atlas.nii.gz,/work/ioannou_lab/elizabeth.szentmiklo/abide_data/derivatives/fmriprep/ABIDE2/UNKNOWN/sub-29907/ses-1/func/sub-29907_ses-1_task-rest_run-1_space-MNI152NLin2009cAsym_desc-brain_mask.nii.gz,2.0
ABIDE2,ABIDEII-EMC_1_sub-29908_ses-1_run-1,/work/ioannou_lab/elizabeth.szentmiklo/abide_data/derivatives/fmriprep/ABIDE2/UNKNOWN/sub-29908/ses-1/func/sub-29908_ses-1_task-rest_run-1_space-MNI152NLin2009cAsym_desc-preproc_bold.nii.gz,/work/ioannou_lab/elizabeth.szentmiklo/abide_data/derivatives/fmriprep/ABIDE2/UNKNOWN/sub-29908/ses-1/func/sub-29908_ses-1_task-rest_run-1_desc-confounds_regressors.tsv,/work/ioannou_lab/elizabeth.szentmiklo/abide_data/atlases/cc200/cc200_roi_atlas.nii.gz,/work/ioannou_lab/elizabeth.szentmiklo/abide_data/derivatives/fmriprep/ABIDE2/UNKNOWN/sub-29908/ses-1/func/sub-29908_ses-1_task-rest_run-1_space-MNI152NLin2009cAsym_desc-brain_mask.nii.gz,2.0
ABIDE2,ABIDEII-EMC_1_sub-29910_ses-1_run-1,/work/ioannou_lab/elizabeth.szentmiklo/abide_data/derivatives/fmriprep/ABIDE2/UNKNOWN/sub-29910/ses-1/func/sub-29910_ses-1_task-rest_run-1_space-MNI152NLin2009cAsym_desc-preproc_bold.nii.gz,/work/ioannou_lab/elizabeth.szentmiklo/abide_data/derivatives/fmriprep/ABIDE2/UNKNOWN/sub-29910/ses-1/func/sub-29910_ses-1_task-rest_run-1_desc-confounds_regressors.tsv,/work/ioannou_lab/elizabeth.szentmiklo/abide_data/atlases/cc200/cc200_roi_atlas.nii.gz,/work/ioannou_lab/elizabeth.szentmiklo/abide_data/derivatives/fmriprep/ABIDE2/UNKNOWN/sub-29910/ses-1/func/sub-29910_ses-1_task-rest_run-1_space-MNI152NLin2009cAsym_desc-brain_mask.nii.gz,2.0
ABIDE2,ABIDEII-EMC_1_sub-29911_ses-1_run-1,/work/ioannou_lab/elizabeth.szentmiklo/abide_data/derivatives/fmriprep/ABIDE2/UNKNOWN/sub-29911/ses-1/func/sub-29911_ses-1_task-rest_run-1_space-MNI152NLin2009cAsym_desc-preproc_bold.nii.gz,/work/ioannou_lab/elizabeth.szentmiklo/abide_data/derivatives/fmriprep/ABIDE2/UNKNOWN/sub-29911/ses-1/func/sub-29911_ses-1_task-rest_run-1_desc-confounds_regressors.tsv,/work/ioannou_lab/elizabeth.szentmiklo/abide_data/atlases/cc200/cc200_roi_atlas.nii.gz,/work/ioannou_lab/elizabeth.szentmiklo/abide_data/derivatives/fmriprep/ABIDE2/UNKNOWN/sub-29911/ses-1/func/sub-29911_ses-1_task-rest_run-1_space-MNI152NLin2009cAsym_desc-brain_mask.nii.gz,2.0
ABIDE2,ABIDEII-EMC_1_sub-29912_ses-1_run-1,/work/ioannou_lab/elizabeth.szentmiklo/abide_data/derivatives/fmriprep/ABIDE2/UNKNOWN/sub-29912/ses-1/func/sub-29912_ses-1_task-rest_run-1_space-MNI152NLin2009cAsym_desc-preproc_bold.nii.gz,/work/ioannou_lab/elizabeth.szentmiklo/abide_data/derivatives/fmriprep/ABIDE2/UNKNOWN/sub-29912/ses-1/func/sub-29912_ses-1_task-rest_run-1_desc-confounds_regressors.tsv,/work/ioannou_lab/elizabeth.szentmiklo/abide_data/atlases/cc200/cc200_roi_atlas.nii.gz,/work/ioannou_lab/elizabeth.szentmiklo/abide_data/derivatives/fmriprep/ABIDE2/UNKNOWN/sub-29912/ses-1/func/sub-29912_ses-1_task-rest_run-1_space-MNI152NLin2009cAsym_desc-brain_mask.nii.gz,2.0
ABIDE2,ABIDEII-EMC_1_sub-29913_ses-1_run-1,/work/ioannou_lab/elizabeth.szentmiklo/abide_data/derivatives/fmriprep/ABIDE2/UNKNOWN/sub-29913/ses-1/func/sub-29913_ses-1_task-rest_run-1_space-MNI152NLin2009cAsym_desc-preproc_bold.nii.gz,/work/ioannou_lab/elizabeth.szentmiklo/abide_data/derivatives/fmriprep/ABIDE2/UNKNOWN/sub-29913/ses-1/func/sub-29913_ses-1_task-rest_run-1_desc-confounds_regressors.tsv,/work/ioannou_lab/elizabeth.szentmiklo/abide_data/atlases/cc200/cc200_roi_atlas.nii.gz,/work/ioannou_lab/elizabeth.szentmiklo/abide_data/derivatives/fmriprep/ABIDE2/UNKNOWN/sub-29913/ses-1/func/sub-29913_ses-1_task-rest_run-1_space-MNI152NLin2009cAsym_desc-brain_mask.nii.gz,2.0
ABIDE2,ABIDEII-EMC_1_sub-29914_ses-1_run-1,/work/ioannou_lab/elizabeth.szentmiklo/abide_data/derivatives/fmriprep/ABIDE2/UNKNOWN/sub-29914/ses-1/func/sub-29914_ses-1_task-rest_run-1_space-MNI152NLin2009cAsym_desc-preproc_bold.nii.gz,/work/ioannou_lab/elizabeth.szentmiklo/abide_data/derivatives/fmriprep/ABIDE2/UNKNOWN/sub-29914/ses-1/func/sub-29914_ses-1_task-rest_run-1_desc-confounds_regressors.tsv,/work/ioannou_lab/elizabeth.szentmiklo/abide_data/atlases/cc200/cc200_roi_atlas.nii.gz,/work/ioannou_lab/elizabeth.szentmiklo/abide_data/derivatives/fmriprep/ABIDE2/UNKNOWN/sub-29914/ses-1/func/sub-29914_ses-1_task-rest_run-1_space-MNI152NLin2009cAsym_desc-brain_mask.nii.gz,2.0
ABIDE2,ABIDEII-EMC_1_sub-29916_ses-1_run-1,/work/ioannou_lab/elizabeth.szentmiklo/abide_data/derivatives/fmriprep/ABIDE2/UNKNOWN/sub-29916/ses-1/func/sub-29916_ses-1_task-rest_run-1_space-MNI152NLin2009cAsym_desc-preproc_bold.nii.gz,/work/ioannou_lab/elizabeth.szentmiklo/abide_data/derivatives/fmriprep/ABIDE2/UNKNOWN/sub-29916/ses-1/func/sub-29916_ses-1_task-rest_run-1_desc-confounds_regressors.tsv,/work/ioannou_lab/elizabeth.szentmiklo/abide_data/atlases/cc200/cc200_roi_atlas.nii.gz,/work/ioannou_lab/elizabeth.szentmiklo/abide_data/derivatives/fmriprep/ABIDE2/UNKNOWN/sub-29916/ses-1/func/sub-29916_ses-1_task-rest_run-1_space-MNI152NLin2009cAsym_desc-brain_mask.nii.gz,2.0
ABIDE2,ABIDEII-UCD_1_sub-29999_ses-1_run-1,/work/ioannou_lab/elizabeth.szentmiklo/abide_data/derivatives/fmriprep/ABIDE2/UNKNOWN/sub-29999/ses-1/func/sub-29999_ses-1_task-rest_run-1_space-MNI152NLin2009cAsym_desc-preproc_bold.nii.gz,/work/ioannou_lab/elizabeth.szentmiklo/abide_data/derivatives/fmriprep/ABIDE2/UNKNOWN/sub-29999/ses-1/func/sub-29999_ses-1_task-rest_run-1_desc-confounds_regressors.tsv,/work/ioannou_lab/elizabeth.szentmiklo/abide_data/atlases/cc200/cc200_roi_atlas.nii.gz,/work/ioannou_lab/elizabeth.szentmiklo/abide_data/derivatives/fmriprep/ABIDE2/UNKNOWN/sub-29999/ses-1/func/sub-29999_ses-1_task-rest_run-1_space-MNI152NLin2009cAsym_desc-brain_mask.nii.gz,2.0
ABIDE2,ABIDEII-UCD_1_sub-30000_ses-1_run-1,/work/ioannou_lab/elizabeth.szentmiklo/abide_data/derivatives/fmriprep/ABIDE2/UNKNOWN/sub-30000/ses-1/func/sub-30000_ses-1_task-rest_run-1_space-MNI152NLin2009cAsym_desc-preproc_bold.nii.gz,/work/ioannou_lab/elizabeth.szentmiklo/abide_data/derivatives/fmriprep/ABIDE2/UNKNOWN/sub-30000/ses-1/func/sub-30000_ses-1_task-rest_run-1_desc-confounds_regressors.tsv,/work/ioannou_lab/elizabeth.szentmiklo/abide_data/atlases/cc200/cc200_roi_atlas.nii.gz,/work/ioannou_lab/elizabeth.szentmiklo/abide_data/derivatives/fmriprep/ABIDE2/UNKNOWN/sub-30000/ses-1/func/sub-30000_ses-1_task-rest_run-1_space-MNI152NLin2009cAsym_desc-brain_mask.nii.gz,2.0
ABIDE2,ABIDEII-UCD_1_sub-30001_ses-1_run-1,/work/ioannou_lab/elizabeth.szentmiklo/abide_data/derivatives/fmriprep/ABIDE2/UNKNOWN/sub-30001/ses-1/func/sub-30001_ses-1_task-rest_run-1_space-MNI152NLin2009cAsym_desc-preproc_bold.nii.gz,/work/ioannou_lab/elizabeth.szentmiklo/abide_data/derivatives/fmriprep/ABIDE2/UNKNOWN/sub-30001/ses-1/func/sub-30001_ses-1_task-rest_run-1_desc-confounds_regressors.tsv,/work/ioannou_lab/elizabeth.szentmiklo/abide_data/atlases/cc200/cc200_roi_atlas.nii.gz,/work/ioannou_lab/elizabeth.szentmiklo/abide_data/derivatives/fmriprep/ABIDE2/UNKNOWN/sub-30001/ses-1/func/sub-30001_ses-1_task-rest_run-1_space-MNI152NLin2009cAsym_desc-brain_mask.nii.gz,2.0
ABIDE2,ABIDEII-UCD_1_sub-30002_ses-1_run-1,/work/ioannou_lab/elizabeth.szentmiklo/abide_data/derivatives/fmriprep/ABIDE2/UNKNOWN/sub-30002/ses-1/func/sub-30002_ses-1_task-rest_run-1_space-MNI152NLin2009cAsym_desc-preproc_bold.nii.gz,/work/ioannou_lab/elizabeth.szentmiklo/abide_data/derivatives/fmriprep/ABIDE2/UNKNOWN/sub-30002/ses-1/func/sub-30002_ses-1_task-rest_run-1_desc-confounds_regressors.tsv,/work/ioannou_lab/elizabeth.szentmiklo/abide_data/atlases/cc200/cc200_roi_atlas.nii.gz,/work/ioannou_lab/elizabeth.szentmiklo/abide_data/derivatives/fmriprep/ABIDE2/UNKNOWN/sub-30002/ses-1/func/sub-30002_ses-1_task-rest_run-1_space-MNI152NLin2009cAsym_desc-brain_mask.nii.gz,2.0
ABIDE2,ABIDEII-UCD_1_sub-30003_ses-1_run-1,/work/ioannou_lab/elizabeth.szentmiklo/abide_data/derivatives/fmriprep/ABIDE2/UNKNOWN/sub-30003/ses-1/func/sub-30003_ses-1_task-rest_run-1_space-MNI152NLin2009cAsym_desc-preproc_bold.nii.gz,/work/ioannou_lab/elizabeth.szentmiklo/abide_data/derivatives/fmriprep/ABIDE2/UNKNOWN/sub-30003/ses-1/func/sub-30003_ses-1_task-rest_run-1_desc-confounds_regressors.tsv,/work/ioannou_lab/elizabeth.szentmiklo/abide_data/atlases/cc200/cc200_roi_atlas.nii.gz,/work/ioannou_lab/elizabeth.szentmiklo/abide_data/derivatives/fmriprep/ABIDE2/UNKNOWN/sub-30003/ses-1/func/sub-30003_ses-1_task-rest_run-1_space-MNI152NLin2009cAsym_desc-brain_mask.nii.gz,2.0
ABIDE2,ABIDEII-UCD_1_sub-30004_ses-1_run-1,/work/ioannou_lab/elizabeth.szentmiklo/abide_data/derivatives/fmriprep/ABIDE2/UNKNOWN/sub-30004/ses-1/func/sub-30004_ses-1_task-rest_run-1_space-MNI152NLin2009cAsym_desc-preproc_bold.nii.gz,/work/ioannou_lab/elizabeth.szentmiklo/abide_data/derivatives/fmriprep/ABIDE2/UNKNOWN/sub-30004/ses-1/func/sub-30004_ses-1_task-rest_run-1_desc-confounds_regressors.tsv,/work/ioannou_lab/elizabeth.szentmiklo/abide_data/atlases/cc200/cc200_roi_atlas.nii.gz,/work/ioannou_lab/elizabeth.szentmiklo/abide_data/derivatives/fmriprep/ABIDE2/UNKNOWN/sub-30004/ses-1/func/sub-30004_ses-1_task-rest_run-1_space-MNI152NLin2009cAsym_desc-brain_mask.nii.gz,2.0
ABIDE2,ABIDEII-UCD_1_sub-30005_ses-1_run-1,/work/ioannou_lab/elizabeth.szentmiklo/abide_data/derivatives/fmriprep/ABIDE2/UNKNOWN/sub-30005/ses-1/func/sub-30005_ses-1_task-rest_run-1_space-MNI152NLin2009cAsym_desc-preproc_bold.nii.gz,/work/ioannou_lab/elizabeth.szentmiklo/abide_data/derivatives/fmriprep/ABIDE2/UNKNOWN/sub-30005/ses-1/func/sub-30005_ses-1_task-rest_run-1_desc-confounds_regressors.tsv,/work/ioannou_lab/elizabeth.szentmiklo/abide_data/atlases/cc200/cc200_roi_atlas.nii.gz,/work/ioannou_lab/elizabeth.szentmiklo/abide_data/derivatives/fmriprep/ABIDE2/UNKNOWN/sub-30005/ses-1/func/sub-30005_ses-1_task-rest_run-1_space-MNI152NLin2009cAsym_desc-brain_mask.nii.gz,2.0
ABIDE2,ABIDEII-UCD_1_sub-30006_ses-1_run-1,/work/ioannou_lab/elizabeth.szentmiklo/abide_data/derivatives/fmriprep/ABIDE2/UNKNOWN/sub-30006/ses-1/func/sub-30006_ses-1_task-rest_run-1_space-MNI152NLin2009cAsym_desc-preproc_bold.nii.gz,/work/ioannou_lab/elizabeth.szentmiklo/abide_data/derivatives/fmriprep/ABIDE2/UNKNOWN/sub-30006/ses-1/func/sub-30006_ses-1_task-rest_run-1_desc-confounds_regressors.tsv,/work/ioannou_lab/elizabeth.szentmiklo/abide_data/atlases/cc200/cc200_roi_atlas.nii.gz,/work/ioannou_lab/elizabeth.szentmiklo/abide_data/derivatives/fmriprep/ABIDE2/UNKNOWN/sub-30006/ses-1/func/sub-30006_ses-1_task-rest_run-1_space-MNI152NLin2009cAsym_desc-brain_mask.nii.gz,2.0
ABIDE2,ABIDEII-UCD_1_sub-30007_ses-1_run-1,/work/ioannou_lab/elizabeth.szentmiklo/abide_data/derivatives/fmriprep/ABIDE2/UNKNOWN/sub-30007/ses-1/func/sub-30007_ses-1_task-rest_run-1_space-MNI152NLin2009cAsym_desc-preproc_bold.nii.gz,/work/ioannou_lab/elizabeth.szentmiklo/abide_data/derivatives/fmriprep/ABIDE2/UNKNOWN/sub-30007/ses-1/func/sub-30007_ses-1_task-rest_run-1_desc-confounds_regressors.tsv,/work/ioannou_lab/elizabeth.szentmiklo/abide_data/atlases/cc200/cc200_roi_atlas.nii.gz,/work/ioannou_lab/elizabeth.szentmiklo/abide_data/derivatives/fmriprep/ABIDE2/UNKNOWN/sub-30007/ses-1/func/sub-30007_ses-1_task-rest_run-1_space-MNI152NLin2009cAsym_desc-brain_mask.nii.gz,2.0
ABIDE2,ABIDEII-UCD_1_sub-30008_ses-1_run-1,/work/ioannou_lab/elizabeth.szentmiklo/abide_data/derivatives/fmriprep/ABIDE2/UNKNOWN/sub-30008/ses-1/func/sub-30008_ses-1_task-rest_run-1_space-MNI152NLin2009cAsym_desc-preproc_bold.nii.gz,/work/ioannou_lab/elizabeth.szentmiklo/abide_data/derivatives/fmriprep/ABIDE2/UNKNOWN/sub-30008/ses-1/func/sub-30008_ses-1_task-rest_run-1_desc-confounds_regressors.tsv,/work/ioannou_lab/elizabeth.szentmiklo/abide_data/atlases/cc200/cc200_roi_atlas.nii.gz,/work/ioannou_lab/elizabeth.szentmiklo/abide_data/derivatives/fmriprep/ABIDE2/UNKNOWN/sub-30008/ses-1/func/sub-30008_ses-1_task-rest_run-1_space-MNI152NLin2009cAsym_desc-brain_mask.nii.gz,2.0
ABIDE2,ABIDEII-UCD_1_sub-30010_ses-1_run-1,/work/ioannou_lab/elizabeth.szentmiklo/abide_data/derivatives/fmriprep/ABIDE2/UNKNOWN/sub-30010/ses-1/func/sub-30010_ses-1_task-rest_run-1_space-MNI152NLin2009cAsym_desc-preproc_bold.nii.gz,/work/ioannou_lab/elizabeth.szentmiklo/abide_data/derivatives/fmriprep/ABIDE2/UNKNOWN/sub-30010/ses-1/func/sub-30010_ses-1_task-rest_run-1_desc-confounds_regressors.tsv,/work/ioannou_lab/elizabeth.szentmiklo/abide_data/atlases/cc200/cc200_roi_atlas.nii.gz,/work/ioannou_lab/elizabeth.szentmiklo/abide_data/derivatives/fmriprep/ABIDE2/UNKNOWN/sub-30010/ses-1/func/sub-30010_ses-1_task-rest_run-1_space-MNI152NLin2009cAsym_desc-brain_mask.nii.gz,2.0
ABIDE2,ABIDEII-UCD_1_sub-30011_ses-1_run-1,/work/ioannou_lab/elizabeth.szentmiklo/abide_data/derivatives/fmriprep/ABIDE2/UNKNOWN/sub-30011/ses-1/func/sub-30011_ses-1_task-rest_run-1_space-MNI152NLin2009cAsym_desc-preproc_bold.nii.gz,/work/ioannou_lab/elizabeth.szentmiklo/abide_data/derivatives/fmriprep/ABIDE2/UNKNOWN/sub-30011/ses-1/func/sub-30011_ses-1_task-rest_run-1_desc-confounds_regressors.tsv,/work/ioannou_lab/elizabeth.szentmiklo/abide_data/atlases/cc200/cc200_roi_atlas.nii.gz,/work/ioannou_lab/elizabeth.szentmiklo/abide_data/derivatives/fmriprep/ABIDE2/UNKNOWN/sub-30011/ses-1/func/sub-30011_ses-1_task-rest_run-1_space-MNI152NLin2009cAsym_desc-brain_mask.nii.gz,2.0
ABIDE2,ABIDEII-UCD_1_sub-30012_ses-1_run-1,/work/ioannou_lab/elizabeth.szentmiklo/abide_data/derivatives/fmriprep/ABIDE2/UNKNOWN/sub-30012/ses-1/func/sub-30012_ses-1_task-rest_run-1_space-MNI152NLin2009cAsym_desc-preproc_bold.nii.gz,/work/ioannou_lab/elizabeth.szentmiklo/abide_data/derivatives/fmriprep/ABIDE2/UNKNOWN/sub-30012/ses-1/func/sub-30012_ses-1_task-rest_run-1_desc-confounds_regressors.tsv,/work/ioannou_lab/elizabeth.szentmiklo/abide_data/atlases/cc200/cc200_roi_atlas.nii.gz,/work/ioannou_lab/elizabeth.szentmiklo/abide_data/derivatives/fmriprep/ABIDE2/UNKNOWN/sub-30012/ses-1/func/sub-30012_ses-1_task-rest_run-1_space-MNI152NLin2009cAsym_desc-brain_mask.nii.gz,2.0
ABIDE2,ABIDEII-UCD_1_sub-30013_ses-1_run-1,/work/ioannou_lab/elizabeth.szentmiklo/abide_data/derivatives/fmriprep/ABIDE2/UNKNOWN/sub-30013/ses-1/func/sub-30013_ses-1_task-rest_run-1_space-MNI152NLin2009cAsym_desc-preproc_bold.nii.gz,/work/ioannou_lab/elizabeth.szentmiklo/abide_data/derivatives/fmriprep/ABIDE2/UNKNOWN/sub-30013/ses-1/func/sub-30013_ses-1_task-rest_run-1_desc-confounds_regressors.tsv,/work/ioannou_lab/elizabeth.szentmiklo/abide_data/atlases/cc200/cc200_roi_atlas.nii.gz,/work/ioannou_lab/elizabeth.szentmiklo/abide_data/derivatives/fmriprep/ABIDE2/UNKNOWN/sub-30013/ses-1/func/sub-30013_ses-1_task-rest_run-1_space-MNI152NLin2009cAsym_desc-brain_mask.nii.gz,2.0
ABIDE2,ABIDEII-UCD_1_sub-30015_ses-1_run-1,/work/ioannou_lab/elizabeth.szentmiklo/abide_data/derivatives/fmriprep/ABIDE2/UNKNOWN/sub-30015/ses-1/func/sub-30015_ses-1_task-rest_run-1_space-MNI152NLin2009cAsym_desc-preproc_bold.nii.gz,/work/ioannou_lab/elizabeth.szentmiklo/abide_data/derivatives/fmriprep/ABIDE2/UNKNOWN/sub-30015/ses-1/func/sub-30015_ses-1_task-rest_run-1_desc-confounds_regressors.tsv,/work/ioannou_lab/elizabeth.szentmiklo/abide_data/atlases/cc200/cc200_roi_atlas.nii.gz,/work/ioannou_lab/elizabeth.szentmiklo/abide_data/derivatives/fmriprep/ABIDE2/UNKNOWN/sub-30015/ses-1/func/sub-30015_ses-1_task-rest_run-1_space-MNI152NLin2009cAsym_desc-brain_mask.nii.gz,2.0
ABIDE2,ABIDEII-UCD_1_sub-30017_ses-1_run-1,/work/ioannou_lab/elizabeth.szentmiklo/abide_data/derivatives/fmriprep/ABIDE2/UNKNOWN/sub-30017/ses-1/func/sub-30017_ses-1_task-rest_run-1_space-MNI152NLin2009cAsym_desc-preproc_bold.nii.gz,/work/ioannou_lab/elizabeth.szentmiklo/abide_data/derivatives/fmriprep/ABIDE2/UNKNOWN/sub-30017/ses-1/func/sub-30017_ses-1_task-rest_run-1_desc-confounds_regressors.tsv,/work/ioannou_lab/elizabeth.szentmiklo/abide_data/atlases/cc200/cc200_roi_atlas.nii.gz,/work/ioannou_lab/elizabeth.szentmiklo/abide_data/derivatives/fmriprep/ABIDE2/UNKNOWN/sub-30017/ses-1/func/sub-30017_ses-1_task-rest_run-1_space-MNI152NLin2009cAsym_desc-brain_mask.nii.gz,2.0
ABIDE2,ABIDEII-UCD_1_sub-30018_ses-1_run-1,/work/ioannou_lab/elizabeth.szentmiklo/abide_data/derivatives/fmriprep/ABIDE2/UNKNOWN/sub-30018/ses-1/func/sub-30018_ses-1_task-rest_run-1_space-MNI152NLin2009cAsym_desc-preproc_bold.nii.gz,/work/ioannou_lab/elizabeth.szentmiklo/abide_data/derivatives/fmriprep/ABIDE2/UNKNOWN/sub-30018/ses-1/func/sub-30018_ses-1_task-rest_run-1_desc-confounds_regressors.tsv,/work/ioannou_lab/elizabeth.szentmiklo/abide_data/atlases/cc200/cc200_roi_atlas.nii.gz,/work/ioannou_lab/elizabeth.szentmiklo/abide_data/derivatives/fmriprep/ABIDE2/UNKNOWN/sub-30018/ses-1/func/sub-30018_ses-1_task-rest_run-1_space-MNI152NLin2009cAsym_desc-brain_mask.nii.gz,2.0
ABIDE2,ABIDEII-UCD_1_sub-30019_ses-1_run-1,/work/ioannou_lab/elizabeth.szentmiklo/abide_data/derivatives/fmriprep/ABIDE2/UNKNOWN/sub-30019/ses-1/func/sub-30019_ses-1_task-rest_run-1_space-MNI152NLin2009cAsym_desc-preproc_bold.nii.gz,/work/ioannou_lab/elizabeth.szentmiklo/abide_data/derivatives/fmriprep/ABIDE2/UNKNOWN/sub-30019/ses-1/func/sub-30019_ses-1_task-rest_run-1_desc-confounds_regressors.tsv,/work/ioannou_lab/elizabeth.szentmiklo/abide_data/atlases/cc200/cc200_roi_atlas.nii.gz,/work/ioannou_lab/elizabeth.szentmiklo/abide_data/derivatives/fmriprep/ABIDE2/UNKNOWN/sub-30019/ses-1/func/sub-30019_ses-1_task-rest_run-1_space-MNI152NLin2009cAsym_desc-brain_mask.nii.gz,2.0
ABIDE2,ABIDEII-UCD_1_sub-30021_ses-1_run-1,/work/ioannou_lab/elizabeth.szentmiklo/abide_data/derivatives/fmriprep/ABIDE2/UNKNOWN/sub-30021/ses-1/func/sub-30021_ses-1_task-rest_run-1_space-MNI152NLin2009cAsym_desc-preproc_bold.nii.gz,/work/ioannou_lab/elizabeth.szentmiklo/abide_data/derivatives/fmriprep/ABIDE2/UNKNOWN/sub-30021/ses-1/func/sub-30021_ses-1_task-rest_run-1_desc-confounds_regressors.tsv,/work/ioannou_lab/elizabeth.szentmiklo/abide_data/atlases/cc200/cc200_roi_atlas.nii.gz,/work/ioannou_lab/elizabeth.szentmiklo/abide_data/derivatives/fmriprep/ABIDE2/UNKNOWN/sub-30021/ses-1/func/sub-30021_ses-1_task-rest_run-1_space-MNI152NLin2009cAsym_desc-brain_mask.nii.gz,2.0
ABIDE2,ABIDEII-UCD_1_sub-30022_ses-1_run-1,/work/ioannou_lab/elizabeth.szentmiklo/abide_data/derivatives/fmriprep/ABIDE2/UNKNOWN/sub-30022/ses-1/func/sub-30022_ses-1_task-rest_run-1_space-MNI152NLin2009cAsym_desc-preproc_bold.nii.gz,/work/ioannou_lab/elizabeth.szentmiklo/abide_data/derivatives/fmriprep/ABIDE2/UNKNOWN/sub-30022/ses-1/func/sub-30022_ses-1_task-rest_run-1_desc-confounds_regressors.tsv,/work/ioannou_lab/elizabeth.szentmiklo/abide_data/atlases/cc200/cc200_roi_atlas.nii.gz,/work/ioannou_lab/elizabeth.szentmiklo/abide_data/derivatives/fmriprep/ABIDE2/UNKNOWN/sub-30022/ses-1/func/sub-30022_ses-1_task-rest_run-1_space-MNI152NLin2009cAsym_desc-brain_mask.nii.gz,2.0
ABIDE2,ABIDEII-UCD_1_sub-30023_ses-1_run-1,/work/ioannou_lab/elizabeth.szentmiklo/abide_data/derivatives/fmriprep/ABIDE2/UNKNOWN/sub-30023/ses-1/func/sub-30023_ses-1_task-rest_run-1_space-MNI152NLin2009cAsym_desc-preproc_bold.nii.gz,/work/ioannou_lab/elizabeth.szentmiklo/abide_data/derivatives/fmriprep/ABIDE2/UNKNOWN/sub-30023/ses-1/func/sub-30023_ses-1_task-rest_run-1_desc-confounds_regressors.tsv,/work/ioannou_lab/elizabeth.szentmiklo/abide_data/atlases/cc200/cc200_roi_atlas.nii.gz,/work/ioannou_lab/elizabeth.szentmiklo/abide_data/derivatives/fmriprep/ABIDE2/UNKNOWN/sub-30023/ses-1/func/sub-30023_ses-1_task-rest_run-1_space-MNI152NLin2009cAsym_desc-brain_mask.nii.gz,2.0
ABIDE2,ABIDEII-UCD_1_sub-30024_ses-1_run-1,/work/ioannou_lab/elizabeth.szentmiklo/abide_data/derivatives/fmriprep/ABIDE2/UNKNOWN/sub-30024/ses-1/func/sub-30024_ses-1_task-rest_run-1_space-MNI152NLin2009cAsym_desc-preproc_bold.nii.gz,/work/ioannou_lab/elizabeth.szentmiklo/abide_data/derivatives/fmriprep/ABIDE2/UNKNOWN/sub-30024/ses-1/func/sub-30024_ses-1_task-rest_run-1_desc-confounds_regressors.tsv,/work/ioannou_lab/elizabeth.szentmiklo/abide_data/atlases/cc200/cc200_roi_atlas.nii.gz,/work/ioannou_lab/elizabeth.szentmiklo/abide_data/derivatives/fmriprep/ABIDE2/UNKNOWN/sub-30024/ses-1/func/sub-30024_ses-1_task-rest_run-1_space-MNI152NLin2009cAsym_desc-brain_mask.nii.gz,2.0
ABIDE2,ABIDEII-UCD_1_sub-30026_ses-1_run-1,/work/ioannou_lab/elizabeth.szentmiklo/abide_data/derivatives/fmriprep/ABIDE2/UNKNOWN/sub-30026/ses-1/func/sub-30026_ses-1_task-rest_run-1_space-MNI152NLin2009cAsym_desc-preproc_bold.nii.gz,/work/ioannou_lab/elizabeth.szentmiklo/abide_data/derivatives/fmriprep/ABIDE2/UNKNOWN/sub-30026/ses-1/func/sub-30026_ses-1_task-rest_run-1_desc-confounds_regressors.tsv,/work/ioannou_lab/elizabeth.szentmiklo/abide_data/atlases/cc200/cc200_roi_atlas.nii.gz,/work/ioannou_lab/elizabeth.szentmiklo/abide_data/derivatives/fmriprep/ABIDE2/UNKNOWN/sub-30026/ses-1/func/sub-30026_ses-1_task-rest_run-1_space-MNI152NLin2009cAsym_desc-brain_mask.nii.gz,2.0
ABIDE2,ABIDEII-UCD_1_sub-30027_ses-1_run-1,/work/ioannou_lab/elizabeth.szentmiklo/abide_data/derivatives/fmriprep/ABIDE2/UNKNOWN/sub-30027/ses-1/func/sub-30027_ses-1_task-rest_run-1_space-MNI152NLin2009cAsym_desc-preproc_bold.nii.gz,/work/ioannou_lab/elizabeth.szentmiklo/abide_data/derivatives/fmriprep/ABIDE2/UNKNOWN/sub-30027/ses-1/func/sub-30027_ses-1_task-rest_run-1_desc-confounds_regressors.tsv,/work/ioannou_lab/elizabeth.szentmiklo/abide_data/atlases/cc200/cc200_roi_atlas.nii.gz,/work/ioannou_lab/elizabeth.szentmiklo/abide_data/derivatives/fmriprep/ABIDE2/UNKNOWN/sub-30027/ses-1/func/sub-30027_ses-1_task-rest_run-1_space-MNI152NLin2009cAsym_desc-brain_mask.nii.gz,2.0
ABIDE2,ABIDEII-UCD_1_sub-30028_ses-1_run-1,/work/ioannou_lab/elizabeth.szentmiklo/abide_data/derivatives/fmriprep/ABIDE2/UNKNOWN/sub-30028/ses-1/func/sub-30028_ses-1_task-rest_run-1_space-MNI152NLin2009cAsym_desc-preproc_bold.nii.gz,/work/ioannou_lab/elizabeth.szentmiklo/abide_data/derivatives/fmriprep/ABIDE2/UNKNOWN/sub-30028/ses-1/func/sub-30028_ses-1_task-rest_run-1_desc-confounds_regressors.tsv,/work/ioannou_lab/elizabeth.szentmiklo/abide_data/atlases/cc200/cc200_roi_atlas.nii.gz,/work/ioannou_lab/elizabeth.szentmiklo/abide_data/derivatives/fmriprep/ABIDE2/UNKNOWN/sub-30028/ses-1/func/sub-30028_ses-1_task-rest_run-1_space-MNI152NLin2009cAsym_desc-brain_mask.nii.gz,2.0
ABIDE2,ABIDEII-BNI_1_sub-30146_ses-1_run-1,/work/ioannou_lab/elizabeth.szentmiklo/abide_data/derivatives/fmriprep/ABIDE2/UNKNOWN/sub-30146/ses-1/func/sub-30146_ses-1_task-rest_run-1_space-MNI152NLin2009cAsym_desc-preproc_bold.nii.gz,/work/ioannou_lab/elizabeth.szentmiklo/abide_data/derivatives/fmriprep/ABIDE2/UNKNOWN/sub-30146/ses-1/func/sub-30146_ses-1_task-rest_run-1_desc-confounds_regressors.tsv,/work/ioannou_lab/elizabeth.szentmiklo/abide_data/atlases/cc200/cc200_roi_atlas.nii.gz,/work/ioannou_lab/elizabeth.szentmiklo/abide_data/derivatives/fmriprep/ABIDE2/UNKNOWN/sub-30146/ses-1/func/sub-30146_ses-1_task-rest_run-1_space-MNI152NLin2009cAsym_desc-brain_mask.nii.gz,3.0
ABIDE2,ABIDEII-OHSU_1_sub-30154_ses-1_run-1,/work/ioannou_lab/elizabeth.szentmiklo/abide_data/derivatives/fmriprep/ABIDE2/UNKNOWN/sub-30154/ses-1/func/sub-30154_ses-1_task-rest_run-1_space-MNI152NLin2009cAsym_desc-preproc_bold.nii.gz,/work/ioannou_lab/elizabeth.szentmiklo/abide_data/derivatives/fmriprep/ABIDE2/UNKNOWN/sub-30154/ses-1/func/sub-30154_ses-1_task-rest_run-1_desc-confounds_regressors.tsv,/work/ioannou_lab/elizabeth.szentmiklo/abide_data/atlases/cc200/cc200_roi_atlas.nii.gz,/work/ioannou_lab/elizabeth.szentmiklo/abide_data/derivatives/fmriprep/ABIDE2/UNKNOWN/sub-30154/ses-1/func/sub-30154_ses-1_task-rest_run-1_space-MNI152NLin2009cAsym_desc-brain_mask.nii.gz,2.5
ABIDE2,ABIDEII-OHSU_1_sub-30154_ses-1_run-2,/work/ioannou_lab/elizabeth.szentmiklo/abide_data/derivatives/fmriprep/ABIDE2/UNKNOWN/sub-30154/ses-1/func/sub-30154_ses-1_task-rest_run-2_space-MNI152NLin2009cAsym_desc-preproc_bold.nii.gz,/work/ioannou_lab/elizabeth.szentmiklo/abide_data/derivatives/fmriprep/ABIDE2/UNKNOWN/sub-30154/ses-1/func/sub-30154_ses-1_task-rest_run-2_desc-confounds_regressors.tsv,/work/ioannou_lab/elizabeth.szentmiklo/abide_data/atlases/cc200/cc200_roi_atlas.nii.gz,/work/ioannou_lab/elizabeth.szentmiklo/abide_data/derivatives/fmriprep/ABIDE2/UNKNOWN/sub-30154/ses-1/func/sub-30154_ses-1_task-rest_run-2_space-MNI152NLin2009cAsym_desc-brain_mask.nii.gz,2.5
ABIDE2,ABIDEII-OHSU_1_sub-30154_ses-1_run-3,/work/ioannou_lab/elizabeth.szentmiklo/abide_data/derivatives/fmriprep/ABIDE2/UNKNOWN/sub-30154/ses-1/func/sub-30154_ses-1_task-rest_run-3_space-MNI152NLin2009cAsym_desc-preproc_bold.nii.gz,/work/ioannou_lab/elizabeth.szentmiklo/abide_data/derivatives/fmriprep/ABIDE2/UNKNOWN/sub-30154/ses-1/func/sub-30154_ses-1_task-rest_run-3_desc-confounds_regressors.tsv,/work/ioannou_lab/elizabeth.szentmiklo/abide_data/atlases/cc200/cc200_roi_atlas.nii.gz,/work/ioannou_lab/elizabeth.szentmiklo/abide_data/derivatives/fmriprep/ABIDE2/UNKNOWN/sub-30154/ses-1/func/sub-30154_ses-1_task-rest_run-3_space-MNI152NLin2009cAsym_desc-brain_mask.nii.gz,2.5
ABIDE2,ABIDEII-OHSU_1_sub-30156_ses-1_run-1,/work/ioannou_lab/elizabeth.szentmiklo/abide_data/derivatives/fmriprep/ABIDE2/UNKNOWN/sub-30156/ses-1/func/sub-30156_ses-1_task-rest_run-1_space-MNI152NLin2009cAsym_desc-preproc_bold.nii.gz,/work/ioannou_lab/elizabeth.szentmiklo/abide_data/derivatives/fmriprep/ABIDE2/UNKNOWN/sub-30156/ses-1/func/sub-30156_ses-1_task-rest_run-1_desc-confounds_regressors.tsv,/work/ioannou_lab/elizabeth.szentmiklo/abide_data/atlases/cc200/cc200_roi_atlas.nii.gz,/work/ioannou_lab/elizabeth.szentmiklo/abide_data/derivatives/fmriprep/ABIDE2/UNKNOWN/sub-30156/ses-1/func/sub-30156_ses-1_task-rest_run-1_space-MNI152NLin2009cAsym_desc-brain_mask.nii.gz,2.5
ABIDE2,ABIDEII-OHSU_1_sub-30156_ses-1_run-2,/work/ioannou_lab/elizabeth.szentmiklo/abide_data/derivatives/fmriprep/ABIDE2/UNKNOWN/sub-30156/ses-1/func/sub-30156_ses-1_task-rest_run-2_space-MNI152NLin2009cAsym_desc-preproc_bold.nii.gz,/work/ioannou_lab/elizabeth.szentmiklo/abide_data/derivatives/fmriprep/ABIDE2/UNKNOWN/sub-30156/ses-1/func/sub-30156_ses-1_task-rest_run-2_desc-confounds_regressors.tsv,/work/ioannou_lab/elizabeth.szentmiklo/abide_data/atlases/cc200/cc200_roi_atlas.nii.gz,/work/ioannou_lab/elizabeth.szentmiklo/abide_data/derivatives/fmriprep/ABIDE2/UNKNOWN/sub-30156/ses-1/func/sub-30156_ses-1_task-rest_run-2_space-MNI152NLin2009cAsym_desc-brain_mask.nii.gz,2.5
ABIDE2,ABIDEII-OHSU_1_sub-30156_ses-1_run-3,/work/ioannou_lab/elizabeth.szentmiklo/abide_data/derivatives/fmriprep/ABIDE2/UNKNOWN/sub-30156/ses-1/func/sub-30156_ses-1_task-rest_run-3_space-MNI152NLin2009cAsym_desc-preproc_bold.nii.gz,/work/ioannou_lab/elizabeth.szentmiklo/abide_data/derivatives/fmriprep/ABIDE2/UNKNOWN/sub-30156/ses-1/func/sub-30156_ses-1_task-rest_run-3_desc-confounds_regressors.tsv,/work/ioannou_lab/elizabeth.szentmiklo/abide_data/atlases/cc200/cc200_roi_atlas.nii.gz,/work/ioannou_lab/elizabeth.szentmiklo/abide_data/derivatives/fmriprep/ABIDE2/UNKNOWN/sub-30156/ses-1/func/sub-30156_ses-1_task-rest_run-3_space-MNI152NLin2009cAsym_desc-brain_mask.nii.gz,2.5
ABIDE2,ABIDEII-OHSU_1_sub-30158_ses-1_run-1,/work/ioannou_lab/elizabeth.szentmiklo/abide_data/derivatives/fmriprep/ABIDE2/UNKNOWN/sub-30158/ses-1/func/sub-30158_ses-1_task-rest_run-1_space-MNI152NLin2009cAsym_desc-preproc_bold.nii.gz,/work/ioannou_lab/elizabeth.szentmiklo/abide_data/derivatives/fmriprep/ABIDE2/UNKNOWN/sub-30158/ses-1/func/sub-30158_ses-1_task-rest_run-1_desc-confounds_regressors.tsv,/work/ioannou_lab/elizabeth.szentmiklo/abide_data/atlases/cc200/cc200_roi_atlas.nii.gz,/work/ioannou_lab/elizabeth.szentmiklo/abide_data/derivatives/fmriprep/ABIDE2/UNKNOWN/sub-30158/ses-1/func/sub-30158_ses-1_task-rest_run-1_space-MNI152NLin2009cAsym_desc-brain_mask.nii.gz,2.5
ABIDE2,ABIDEII-OHSU_1_sub-30158_ses-1_run-2,/work/ioannou_lab/elizabeth.szentmiklo/abide_data/derivatives/fmriprep/ABIDE2/UNKNOWN/sub-30158/ses-1/func/sub-30158_ses-1_task-rest_run-2_space-MNI152NLin2009cAsym_desc-preproc_bold.nii.gz,/work/ioannou_lab/elizabeth.szentmiklo/abide_data/derivatives/fmriprep/ABIDE2/UNKNOWN/sub-30158/ses-1/func/sub-30158_ses-1_task-rest_run-2_desc-confounds_regressors.tsv,/work/ioannou_lab/elizabeth.szentmiklo/abide_data/atlases/cc200/cc200_roi_atlas.nii.gz,/work/ioannou_lab/elizabeth.szentmiklo/abide_data/derivatives/fmriprep/ABIDE2/UNKNOWN/sub-30158/ses-1/func/sub-30158_ses-1_task-rest_run-2_space-MNI152NLin2009cAsym_desc-brain_mask.nii.gz,2.5
ABIDE2,ABIDEII-OHSU_1_sub-30158_ses-1_run-3,/work/ioannou_lab/elizabeth.szentmiklo/abide_data/derivatives/fmriprep/ABIDE2/UNKNOWN/sub-30158/ses-1/func/sub-30158_ses-1_task-rest_run-3_space-MNI152NLin2009cAsym_desc-preproc_bold.nii.gz,/work/ioannou_lab/elizabeth.szentmiklo/abide_data/derivatives/fmriprep/ABIDE2/UNKNOWN/sub-30158/ses-1/func/sub-30158_ses-1_task-rest_run-3_desc-confounds_regressors.tsv,/work/ioannou_lab/elizabeth.szentmiklo/abide_data/atlases/cc200/cc200_roi_atlas.nii.gz,/work/ioannou_lab/elizabeth.szentmiklo/abide_data/derivatives/fmriprep/ABIDE2/UNKNOWN/sub-30158/ses-1/func/sub-30158_ses-1_task-rest_run-3_space-MNI152NLin2009cAsym_desc-brain_mask.nii.gz,2.5
ABIDE2,ABIDEII-OHSU_1_sub-30160_ses-1_run-1,/work/ioannou_lab/elizabeth.szentmiklo/abide_data/derivatives/fmriprep/ABIDE2/UNKNOWN/sub-30160/ses-1/func/sub-30160_ses-1_task-rest_run-1_space-MNI152NLin2009cAsym_desc-preproc_bold.nii.gz,/work/ioannou_lab/elizabeth.szentmiklo/abide_data/derivatives/fmriprep/ABIDE2/UNKNOWN/sub-30160/ses-1/func/sub-30160_ses-1_task-rest_run-1_desc-confounds_regressors.tsv,/work/ioannou_lab/elizabeth.szentmiklo/abide_data/atlases/cc200/cc200_roi_atlas.nii.gz,/work/ioannou_lab/elizabeth.szentmiklo/abide_data/derivatives/fmriprep/ABIDE2/UNKNOWN/sub-30160/ses-1/func/sub-30160_ses-1_task-rest_run-1_space-MNI152NLin2009cAsym_desc-brain_mask.nii.gz,2.5
ABIDE2,ABIDEII-OHSU_1_sub-30160_ses-1_run-2,/work/ioannou_lab/elizabeth.szentmiklo/abide_data/derivatives/fmriprep/ABIDE2/UNKNOWN/sub-30160/ses-1/func/sub-30160_ses-1_task-rest_run-2_space-MNI152NLin2009cAsym_desc-preproc_bold.nii.gz,/work/ioannou_lab/elizabeth.szentmiklo/abide_data/derivatives/fmriprep/ABIDE2/UNKNOWN/sub-30160/ses-1/func/sub-30160_ses-1_task-rest_run-2_desc-confounds_regressors.tsv,/work/ioannou_lab/elizabeth.szentmiklo/abide_data/atlases/cc200/cc200_roi_atlas.nii.gz,/work/ioannou_lab/elizabeth.szentmiklo/abide_data/derivatives/fmriprep/ABIDE2/UNKNOWN/sub-30160/ses-1/func/sub-30160_ses-1_task-rest_run-2_space-MNI152NLin2009cAsym_desc-brain_mask.nii.gz,2.5
ABIDE2,ABIDEII-OHSU_1_sub-30160_ses-1_run-3,/work/ioannou_lab/elizabeth.szentmiklo/abide_data/derivatives/fmriprep/ABIDE2/UNKNOWN/sub-30160/ses-1/func/sub-30160_ses-1_task-rest_run-3_space-MNI152NLin2009cAsym_desc-preproc_bold.nii.gz,/work/ioannou_lab/elizabeth.szentmiklo/abide_data/derivatives/fmriprep/ABIDE2/UNKNOWN/sub-30160/ses-1/func/sub-30160_ses-1_task-rest_run-3_desc-confounds_regressors.tsv,/work/ioannou_lab/elizabeth.szentmiklo/abide_data/atlases/cc200/cc200_roi_atlas.nii.gz,/work/ioannou_lab/elizabeth.szentmiklo/abide_data/derivatives/fmriprep/ABIDE2/UNKNOWN/sub-30160/ses-1/func/sub-30160_ses-1_task-rest_run-3_space-MNI152NLin2009cAsym_desc-brain_mask.nii.gz,2.5
ABIDE2,ABIDEII-OHSU_1_sub-30161_ses-1_run-1,/work/ioannou_lab/elizabeth.szentmiklo/abide_data/derivatives/fmriprep/ABIDE2/UNKNOWN/sub-30161/ses-1/func/sub-30161_ses-1_task-rest_run-1_space-MNI152NLin2009cAsym_desc-preproc_bold.nii.gz,/work/ioannou_lab/elizabeth.szentmiklo/abide_data/derivatives/fmriprep/ABIDE2/UNKNOWN/sub-30161/ses-1/func/sub-30161_ses-1_task-rest_run-1_desc-confounds_regressors.tsv,/work/ioannou_lab/elizabeth.szentmiklo/abide_data/atlases/cc200/cc200_roi_atlas.nii.gz,/work/ioannou_lab/elizabeth.szentmiklo/abide_data/derivatives/fmriprep/ABIDE2/UNKNOWN/sub-30161/ses-1/func/sub-30161_ses-1_task-rest_run-1_space-MNI152NLin2009cAsym_desc-brain_mask.nii.gz,2.5
ABIDE2,ABIDEII-OHSU_1_sub-30161_ses-1_run-2,/work/ioannou_lab/elizabeth.szentmiklo/abide_data/derivatives/fmriprep/ABIDE2/UNKNOWN/sub-30161/ses-1/func/sub-30161_ses-1_task-rest_run-2_space-MNI152NLin2009cAsym_desc-preproc_bold.nii.gz,/work/ioannou_lab/elizabeth.szentmiklo/abide_data/derivatives/fmriprep/ABIDE2/UNKNOWN/sub-30161/ses-1/func/sub-30161_ses-1_task-rest_run-2_desc-confounds_regressors.tsv,/work/ioannou_lab/elizabeth.szentmiklo/abide_data/atlases/cc200/cc200_roi_atlas.nii.gz,/work/ioannou_lab/elizabeth.szentmiklo/abide_data/derivatives/fmriprep/ABIDE2/UNKNOWN/sub-30161/ses-1/func/sub-30161_ses-1_task-rest_run-2_space-MNI152NLin2009cAsym_desc-brain_mask.nii.gz,2.5
ABIDE2,ABIDEII-OHSU_1_sub-30161_ses-1_run-3,/work/ioannou_lab/elizabeth.szentmiklo/abide_data/derivatives/fmriprep/ABIDE2/UNKNOWN/sub-30161/ses-1/func/sub-30161_ses-1_task-rest_run-3_space-MNI152NLin2009cAsym_desc-preproc_bold.nii.gz,/work/ioannou_lab/elizabeth.szentmiklo/abide_data/derivatives/fmriprep/ABIDE2/UNKNOWN/sub-30161/ses-1/func/sub-30161_ses-1_task-rest_run-3_desc-confounds_regressors.tsv,/work/ioannou_lab/elizabeth.szentmiklo/abide_data/atlases/cc200/cc200_roi_atlas.nii.gz,/work/ioannou_lab/elizabeth.szentmiklo/abide_data/derivatives/fmriprep/ABIDE2/UNKNOWN/sub-30161/ses-1/func/sub-30161_ses-1_task-rest_run-3_space-MNI152NLin2009cAsym_desc-brain_mask.nii.gz,2.5
ABIDE2,ABIDEII-OHSU_1_sub-30163_ses-1_run-1,/work/ioannou_lab/elizabeth.szentmiklo/abide_data/derivatives/fmriprep/ABIDE2/UNKNOWN/sub-30163/ses-1/func/sub-30163_ses-1_task-rest_run-1_space-MNI152NLin2009cAsym_desc-preproc_bold.nii.gz,/work/ioannou_lab/elizabeth.szentmiklo/abide_data/derivatives/fmriprep/ABIDE2/UNKNOWN/sub-30163/ses-1/func/sub-30163_ses-1_task-rest_run-1_desc-confounds_regressors.tsv,/work/ioannou_lab/elizabeth.szentmiklo/abide_data/atlases/cc200/cc200_roi_atlas.nii.gz,/work/ioannou_lab/elizabeth.szentmiklo/abide_data/derivatives/fmriprep/ABIDE2/UNKNOWN/sub-30163/ses-1/func/sub-30163_ses-1_task-rest_run-1_space-MNI152NLin2009cAsym_desc-brain_mask.nii.gz,2.5
ABIDE2,ABIDEII-OHSU_1_sub-30163_ses-1_run-2,/work/ioannou_lab/elizabeth.szentmiklo/abide_data/derivatives/fmriprep/ABIDE2/UNKNOWN/sub-30163/ses-1/func/sub-30163_ses-1_task-rest_run-2_space-MNI152NLin2009cAsym_desc-preproc_bold.nii.gz,/work/ioannou_lab/elizabeth.szentmiklo/abide_data/derivatives/fmriprep/ABIDE2/UNKNOWN/sub-30163/ses-1/func/sub-30163_ses-1_task-rest_run-2_desc-confounds_regressors.tsv,/work/ioannou_lab/elizabeth.szentmiklo/abide_data/atlases/cc200/cc200_roi_atlas.nii.gz,/work/ioannou_lab/elizabeth.szentmiklo/abide_data/derivatives/fmriprep/ABIDE2/UNKNOWN/sub-30163/ses-1/func/sub-30163_ses-1_task-rest_run-2_space-MNI152NLin2009cAsym_desc-brain_mask.nii.gz,2.5
ABIDE2,ABIDEII-OHSU_1_sub-30163_ses-1_run-3,/work/ioannou_lab/elizabeth.szentmiklo/abide_data/derivatives/fmriprep/ABIDE2/UNKNOWN/sub-30163/ses-1/func/sub-30163_ses-1_task-rest_run-3_space-MNI152NLin2009cAsym_desc-preproc_bold.nii.gz,/work/ioannou_lab/elizabeth.szentmiklo/abide_data/derivatives/fmriprep/ABIDE2/UNKNOWN/sub-30163/ses-1/func/sub-30163_ses-1_task-rest_run-3_desc-confounds_regressors.tsv,/work/ioannou_lab/elizabeth.szentmiklo/abide_data/atlases/cc200/cc200_roi_atlas.nii.gz,/work/ioannou_lab/elizabeth.szentmiklo/abide_data/derivatives/fmriprep/ABIDE2/UNKNOWN/sub-30163/ses-1/func/sub-30163_ses-1_task-rest_run-3_space-MNI152NLin2009cAsym_desc-brain_mask.nii.gz,2.5
ABIDE2,ABIDEII-OHSU_1_sub-30164_ses-1_run-1,/work/ioannou_lab/elizabeth.szentmiklo/abide_data/derivatives/fmriprep/ABIDE2/UNKNOWN/sub-30164/ses-1/func/sub-30164_ses-1_task-rest_run-1_space-MNI152NLin2009cAsym_desc-preproc_bold.nii.gz,/work/ioannou_lab/elizabeth.szentmiklo/abide_data/derivatives/fmriprep/ABIDE2/UNKNOWN/sub-30164/ses-1/func/sub-30164_ses-1_task-rest_run-1_desc-confounds_regressors.tsv,/work/ioannou_lab/elizabeth.szentmiklo/abide_data/atlases/cc200/cc200_roi_atlas.nii.gz,/work/ioannou_lab/elizabeth.szentmiklo/abide_data/derivatives/fmriprep/ABIDE2/UNKNOWN/sub-30164/ses-1/func/sub-30164_ses-1_task-rest_run-1_space-MNI152NLin2009cAsym_desc-brain_mask.nii.gz,2.5
ABIDE2,ABIDEII-OHSU_1_sub-30164_ses-1_run-2,/work/ioannou_lab/elizabeth.szentmiklo/abide_data/derivatives/fmriprep/ABIDE2/UNKNOWN/sub-30164/ses-1/func/sub-30164_ses-1_task-rest_run-2_space-MNI152NLin2009cAsym_desc-preproc_bold.nii.gz,/work/ioannou_lab/elizabeth.szentmiklo/abide_data/derivatives/fmriprep/ABIDE2/UNKNOWN/sub-30164/ses-1/func/sub-30164_ses-1_task-rest_run-2_desc-confounds_regressors.tsv,/work/ioannou_lab/elizabeth.szentmiklo/abide_data/atlases/cc200/cc200_roi_atlas.nii.gz,/work/ioannou_lab/elizabeth.szentmiklo/abide_data/derivatives/fmriprep/ABIDE2/UNKNOWN/sub-30164/ses-1/func/sub-30164_ses-1_task-rest_run-2_space-MNI152NLin2009cAsym_desc-brain_mask.nii.gz,2.5
ABIDE2,ABIDEII-OHSU_1_sub-30164_ses-1_run-3,/work/ioannou_lab/elizabeth.szentmiklo/abide_data/derivatives/fmriprep/ABIDE2/UNKNOWN/sub-30164/ses-1/func/sub-30164_ses-1_task-rest_run-3_space-MNI152NLin2009cAsym_desc-preproc_bold.nii.gz,/work/ioannou_lab/elizabeth.szentmiklo/abide_data/derivatives/fmriprep/ABIDE2/UNKNOWN/sub-30164/ses-1/func/sub-30164_ses-1_task-rest_run-3_desc-confounds_regressors.tsv,/work/ioannou_lab/elizabeth.szentmiklo/abide_data/atlases/cc200/cc200_roi_atlas.nii.gz,/work/ioannou_lab/elizabeth.szentmiklo/abide_data/derivatives/fmriprep/ABIDE2/UNKNOWN/sub-30164/ses-1/func/sub-30164_ses-1_task-rest_run-3_space-MNI152NLin2009cAsym_desc-brain_mask.nii.gz,2.5
ABIDE2,ABIDEII-OHSU_1_sub-30165_ses-1_run-1,/work/ioannou_lab/elizabeth.szentmiklo/abide_data/derivatives/fmriprep/ABIDE2/UNKNOWN/sub-30165/ses-1/func/sub-30165_ses-1_task-rest_run-1_space-MNI152NLin2009cAsym_desc-preproc_bold.nii.gz,/work/ioannou_lab/elizabeth.szentmiklo/abide_data/derivatives/fmriprep/ABIDE2/UNKNOWN/sub-30165/ses-1/func/sub-30165_ses-1_task-rest_run-1_desc-confounds_regressors.tsv,/work/ioannou_lab/elizabeth.szentmiklo/abide_data/atlases/cc200/cc200_roi_atlas.nii.gz,/work/ioannou_lab/elizabeth.szentmiklo/abide_data/derivatives/fmriprep/ABIDE2/UNKNOWN/sub-30165/ses-1/func/sub-30165_ses-1_task-rest_run-1_space-MNI152NLin2009cAsym_desc-brain_mask.nii.gz,2.5
ABIDE2,ABIDEII-OHSU_1_sub-30165_ses-1_run-2,/work/ioannou_lab/elizabeth.szentmiklo/abide_data/derivatives/fmriprep/ABIDE2/UNKNOWN/sub-30165/ses-1/func/sub-30165_ses-1_task-rest_run-2_space-MNI152NLin2009cAsym_desc-preproc_bold.nii.gz,/work/ioannou_lab/elizabeth.szentmiklo/abide_data/derivatives/fmriprep/ABIDE2/UNKNOWN/sub-30165/ses-1/func/sub-30165_ses-1_task-rest_run-2_desc-confounds_regressors.tsv,/work/ioannou_lab/elizabeth.szentmiklo/abide_data/atlases/cc200/cc200_roi_atlas.nii.gz,/work/ioannou_lab/elizabeth.szentmiklo/abide_data/derivatives/fmriprep/ABIDE2/UNKNOWN/sub-30165/ses-1/func/sub-30165_ses-1_task-rest_run-2_space-MNI152NLin2009cAsym_desc-brain_mask.nii.gz,2.5
ABIDE2,ABIDEII-OHSU_1_sub-30165_ses-1_run-3,/work/ioannou_lab/elizabeth.szentmiklo/abide_data/derivatives/fmriprep/ABIDE2/UNKNOWN/sub-30165/ses-1/func/sub-30165_ses-1_task-rest_run-3_space-MNI152NLin2009cAsym_desc-preproc_bold.nii.gz,/work/ioannou_lab/elizabeth.szentmiklo/abide_data/derivatives/fmriprep/ABIDE2/UNKNOWN/sub-30165/ses-1/func/sub-30165_ses-1_task-rest_run-3_desc-confounds_regressors.tsv,/work/ioannou_lab/elizabeth.szentmiklo/abide_data/atlases/cc200/cc200_roi_atlas.nii.gz,/work/ioannou_lab/elizabeth.szentmiklo/abide_data/derivatives/fmriprep/ABIDE2/UNKNOWN/sub-30165/ses-1/func/sub-30165_ses-1_task-rest_run-3_space-MNI152NLin2009cAsym_desc-brain_mask.nii.gz,2.5
ABIDE2,ABIDEII-OHSU_1_sub-30167_ses-1_run-1,/work/ioannou_lab/elizabeth.szentmiklo/abide_data/derivatives/fmriprep/ABIDE2/UNKNOWN/sub-30167/ses-1/func/sub-30167_ses-1_task-rest_run-1_space-MNI152NLin2009cAsym_desc-preproc_bold.nii.gz,/work/ioannou_lab/elizabeth.szentmiklo/abide_data/derivatives/fmriprep/ABIDE2/UNKNOWN/sub-30167/ses-1/func/sub-30167_ses-1_task-rest_run-1_desc-confounds_regressors.tsv,/work/ioannou_lab/elizabeth.szentmiklo/abide_data/atlases/cc200/cc200_roi_atlas.nii.gz,/work/ioannou_lab/elizabeth.szentmiklo/abide_data/derivatives/fmriprep/ABIDE2/UNKNOWN/sub-30167/ses-1/func/sub-30167_ses-1_task-rest_run-1_space-MNI152NLin2009cAsym_desc-brain_mask.nii.gz,2.5
ABIDE2,ABIDEII-OHSU_1_sub-30167_ses-1_run-2,/work/ioannou_lab/elizabeth.szentmiklo/abide_data/derivatives/fmriprep/ABIDE2/UNKNOWN/sub-30167/ses-1/func/sub-30167_ses-1_task-rest_run-2_space-MNI152NLin2009cAsym_desc-preproc_bold.nii.gz,/work/ioannou_lab/elizabeth.szentmiklo/abide_data/derivatives/fmriprep/ABIDE2/UNKNOWN/sub-30167/ses-1/func/sub-30167_ses-1_task-rest_run-2_desc-confounds_regressors.tsv,/work/ioannou_lab/elizabeth.szentmiklo/abide_data/atlases/cc200/cc200_roi_atlas.nii.gz,/work/ioannou_lab/elizabeth.szentmiklo/abide_data/derivatives/fmriprep/ABIDE2/UNKNOWN/sub-30167/ses-1/func/sub-30167_ses-1_task-rest_run-2_space-MNI152NLin2009cAsym_desc-brain_mask.nii.gz,2.5
ABIDE2,ABIDEII-OHSU_1_sub-30167_ses-1_run-3,/work/ioannou_lab/elizabeth.szentmiklo/abide_data/derivatives/fmriprep/ABIDE2/UNKNOWN/sub-30167/ses-1/func/sub-30167_ses-1_task-rest_run-3_space-MNI152NLin2009cAsym_desc-preproc_bold.nii.gz,/work/ioannou_lab/elizabeth.szentmiklo/abide_data/derivatives/fmriprep/ABIDE2/UNKNOWN/sub-30167/ses-1/func/sub-30167_ses-1_task-rest_run-3_desc-confounds_regressors.tsv,/work/ioannou_lab/elizabeth.szentmiklo/abide_data/atlases/cc200/cc200_roi_atlas.nii.gz,/work/ioannou_lab/elizabeth.szentmiklo/abide_data/derivatives/fmriprep/ABIDE2/UNKNOWN/sub-30167/ses-1/func/sub-30167_ses-1_task-rest_run-3_space-MNI152NLin2009cAsym_desc-brain_mask.nii.gz,2.5
