dataset	run_id	subject_id	site	qc_status	fd	connectome_npz
ABIDE1	sub-0050002_task-rest_run-1	sub-0050002	PITT	ok	0.2	/work/ioannou_lab/elizabeth.szentmiklo/abide-sex-age-connectomics/connectomes/CC200/ABIDE1/sub-0050002_task-rest_run-1_atlas-CC200_fd-0.2_connectome.npz
ABIDE1	sub-0050004_task-rest_run-1	sub-0050004	PITT	ok	0.2	/work/ioannou_lab/elizabeth.szentmiklo/abide-sex-age-connectomics/connectomes/CC200/ABIDE1/sub-0050004_task-rest_run-1_atlas-CC200_fd-0.2_connectome.npz
ABIDE1	sub-0050005_task-rest_run-1	sub-0050005	PITT	ok	0.2	/work/ioannou_lab/elizabeth.szentmiklo/abide-sex-age-connectomics/connectomes/CC200/ABIDE1/sub-0050005_task-rest_run-1_atlas-CC200_fd-0.2_connectome.npz
ABIDE1	sub-0050006_task-rest_run-1	sub-0050006	PITT	ok	0.2	/work/ioannou_lab/elizabeth.szentmiklo/abide-sex-age-connectomics/connectomes/CC200/ABIDE1/sub-0050006_task-rest_run-1_atlas-CC200_fd-0.2_connectome.npz
ABIDE1	sub-0050007_task-rest_run-1	sub-0050007	PITT	ok	0.2	/work/ioannou_lab/elizabeth.szentmiklo/abide-sex-age-connectomics/connectomes/CC200/ABIDE1/sub-0050007_task-rest_run-1_atlas-CC200_fd-0.2_connectome.npz
ABIDE1	sub-0050008_task-rest_run-1	sub-0050008	PITT	ok	0.2	/work/ioannou_lab/elizabeth.szentmiklo/abide-sex-age-connectomics/connectomes/CC200/ABIDE1/sub-0050008_task-rest_run-1_atlas-CC200_fd-0.2_connectome.npz
ABIDE1	sub-0050011_task-rest_run-1	sub-0050011	PITT	ok	0.2	/work/ioannou_lab/elizabeth.szentmiklo/abide-sex-age-connectomics/connectomes/CC200/ABIDE1/sub-0050011_task-rest_run-1_atlas-CC200_fd-0.2_connectome.npz
ABIDE1	sub-0050012_task-rest_run-1	sub-0050012	PITT	ok	0.2	/work/ioannou_lab/elizabeth.szentmiklo/abide-sex-age-connectomics/connectomes/CC200/ABIDE1/sub-0050012_task-rest_run-1_atlas-CC200_fd-0.2_connectome.npz
ABIDE1	sub-0050014_task-rest_run-1	sub-0050014	PITT	ok	0.2	/work/ioannou_lab/elizabeth.szentmiklo/abide-sex-age-connectomics/connectomes/CC200/ABIDE1/sub-0050014_task-rest_run-1_atlas-CC200_fd-0.2_connectome.npz
ABIDE1	sub-0050015_task-rest_run-1	sub-0050015	PITT	ok	0.2	/work/ioannou_lab/elizabeth.szentmiklo/abide-sex-age-connectomics/connectomes/CC200/ABIDE1/sub-0050015_task-rest_run-1_atlas-CC200_fd-0.2_connectome.npz
ABIDE1	sub-0050016_task-rest_run-1	sub-0050016	PITT	ok	0.2	/work/ioannou_lab/elizabeth.szentmiklo/abide-sex-age-connectomics/connectomes/CC200/ABIDE1/sub-0050016_task-rest_run-1_atlas-CC200_fd-0.2_connectome.npz
ABIDE1	sub-0050017_task-rest_run-1	sub-0050017	PITT	ok	0.2	/work/ioannou_lab/elizabeth.szentmiklo/abide-sex-age-connectomics/connectomes/CC200/ABIDE1/sub-0050017_task-rest_run-1_atlas-CC200_fd-0.2_connectome.npz
ABIDE1	sub-0050020_task-rest_run-1	sub-0050020	PITT	ok	0.2	/work/ioannou_lab/elizabeth.szentmiklo/abide-sex-age-connectomics/connectomes/CC200/ABIDE1/sub-0050020_task-rest_run-1_atlas-CC200_fd-0.2_connectome.npz
ABIDE1	sub-0050022_task-rest_run-1	sub-0050022	PITT	ok	0.2	/work/ioannou_lab/elizabeth.szentmiklo/abide-sex-age-connectomics/connectomes/CC200/ABIDE1/sub-0050022_task-rest_run-1_atlas-CC200_fd-0.2_connectome.npz
ABIDE1	sub-0050023_task-rest_run-1	sub-0050023	PITT	ok	0.2	/work/ioannou_lab/elizabeth.szentmiklo/abide-sex-age-connectomics/connectomes/CC200/ABIDE1/sub-0050023_task-rest_run-1_atlas-CC200_fd-0.2_connectome.npz
ABIDE1	sub-0050024_task-rest_run-1	sub-0050024	PITT	ok	0.2	/work/ioannou_lab/elizabeth.szentmiklo/abide-sex-age-connectomics/connectomes/CC200/ABIDE1/sub-0050024_task-rest_run-1_atlas-CC200_fd-0.2_connectome.npz
ABIDE1	sub-0050025_task-rest_run-1	sub-0050025	PITT	ok	0.2	/work/ioannou_lab/elizabeth.szentmiklo/abide-sex-age-connectomics/connectomes/CC200/ABIDE1/sub-0050025_task-rest_run-1_atlas-CC200_fd-0.2_connectome.npz
ABIDE1	sub-0050027_task-rest_run-1	sub-0050027	PITT	ok	0.2	/work/ioannou_lab/elizabeth.szentmiklo/abide-sex-age-connectomics/connectomes/CC200/ABIDE1/sub-0050027_task-rest_run-1_atlas-CC200_fd-0.2_connectome.npz
ABIDE1	sub-0050029_task-rest_run-1	sub-0050029	PITT	ok	0.2	/work/ioannou_lab/elizabeth.szentmiklo/abide-sex-age-connectomics/connectomes/CC200/ABIDE1/sub-0050029_task-rest_run-1_atlas-CC200_fd-0.2_connectome.npz
ABIDE1	sub-0050030_task-rest_run-1	sub-0050030	PITT	ok	0.2	/work/ioannou_lab/elizabeth.szentmiklo/abide-sex-age-connectomics/connectomes/CC200/ABIDE1/sub-0050030_task-rest_run-1_atlas-CC200_fd-0.2_connectome.npz
ABIDE1	sub-0050031_task-rest_run-1	sub-0050031	PITT	ok	0.2	/work/ioannou_lab/elizabeth.szentmiklo/abide-sex-age-connectomics/connectomes/CC200/ABIDE1/sub-0050031_task-rest_run-1_atlas-CC200_fd-0.2_connectome.npz
ABIDE1	sub-0050032_task-rest_run-1	sub-0050032	PITT	ok	0.2	/work/ioannou_lab/elizabeth.szentmiklo/abide-sex-age-connectomics/connectomes/CC200/ABIDE1/sub-0050032_task-rest_run-1_atlas-CC200_fd-0.2_connectome.npz
ABIDE1	sub-0050033_task-rest_run-1	sub-0050033	PITT	ok	0.2	/work/ioannou_lab/elizabeth.szentmiklo/abide-sex-age-connectomics/connectomes/CC200/ABIDE1/sub-0050033_task-rest_run-1_atlas-CC200_fd-0.2_connectome.npz
ABIDE1	sub-0050034_task-rest_run-1	sub-0050034	PITT	ok	0.2	/work/ioannou_lab/elizabeth.szentmiklo/abide-sex-age-connectomics/connectomes/CC200/ABIDE1/sub-0050034_task-rest_run-1_atlas-CC200_fd-0.2_connectome.npz
ABIDE1	sub-0050035_task-rest_run-1	sub-0050035	PITT	ok	0.2	/work/ioannou_lab/elizabeth.szentmiklo/abide-sex-age-connectomics/connectomes/CC200/ABIDE1/sub-0050035_task-rest_run-1_atlas-CC200_fd-0.2_connectome.npz
ABIDE1	sub-0050036_task-rest_run-1	sub-0050036	PITT	ok	0.2	/work/ioannou_lab/elizabeth.szentmiklo/abide-sex-age-connectomics/connectomes/CC200/ABIDE1/sub-0050036_task-rest_run-1_atlas-CC200_fd-0.2_connectome.npz
ABIDE1	sub-0050037_task-rest_run-1	sub-0050037	PITT	ok	0.2	/work/ioannou_lab/elizabeth.szentmiklo/abide-sex-age-connectomics/connectomes/CC200/ABIDE1/sub-0050037_task-rest_run-1_atlas-CC200_fd-0.2_connectome.npz
ABIDE1	sub-0050040_task-rest_run-1	sub-0050040	PITT	ok	0.2	/work/ioannou_lab/elizabeth.szentmiklo/abide-sex-age-connectomics/connectomes/CC200/ABIDE1/sub-0050040_task-rest_run-1_atlas-CC200_fd-0.2_connectome.npz
ABIDE1	sub-0050041_task-rest_run-1	sub-0050041	PITT	ok	0.2	/work/ioannou_lab/elizabeth.szentmiklo/abide-sex-age-connectomics/connectomes/CC200/ABIDE1/sub-0050041_task-rest_run-1_atlas-CC200_fd-0.2_connectome.npz
ABIDE1	sub-0050044_task-rest_run-1	sub-0050044	PITT	ok	0.2	/work/ioannou_lab/elizabeth.szentmiklo/abide-sex-age-connectomics/connectomes/CC200/ABIDE1/sub-0050044_task-rest_run-1_atlas-CC200_fd-0.2_connectome.npz
ABIDE1	sub-0050046_task-rest_run-1	sub-0050046	PITT	ok	0.2	/work/ioannou_lab/elizabeth.szentmiklo/abide-sex-age-connectomics/connectomes/CC200/ABIDE1/sub-0050046_task-rest_run-1_atlas-CC200_fd-0.2_connectome.npz
ABIDE1	sub-0050047_task-rest_run-1	sub-0050047	PITT	ok	0.2	/work/ioannou_lab/elizabeth.szentmiklo/abide-sex-age-connectomics/connectomes/CC200/ABIDE1/sub-0050047_task-rest_run-1_atlas-CC200_fd-0.2_connectome.npz
ABIDE1	sub-0050050_task-rest_run-1	sub-0050050	PITT	ok	0.2	/work/ioannou_lab/elizabeth.szentmiklo/abide-sex-age-connectomics/connectomes/CC200/ABIDE1/sub-0050050_task-rest_run-1_atlas-CC200_fd-0.2_connectome.npz
ABIDE1	sub-0050051_task-rest_run-1	sub-0050051	PITT	ok	0.2	/work/ioannou_lab/elizabeth.szentmiklo/abide-sex-age-connectomics/connectomes/CC200/ABIDE1/sub-0050051_task-rest_run-1_atlas-CC200_fd-0.2_connectome.npz
ABIDE1	sub-0050052_task-rest_run-1	sub-0050052	PITT	ok	0.2	/work/ioannou_lab/elizabeth.szentmiklo/abide-sex-age-connectomics/connectomes/CC200/ABIDE1/sub-0050052_task-rest_run-1_atlas-CC200_fd-0.2_connectome.npz
ABIDE1	sub-0050057_task-rest_run-1	sub-0050057	PITT	ok	0.2	/work/ioannou_lab/elizabeth.szentmiklo/abide-sex-age-connectomics/connectomes/CC200/ABIDE1/sub-0050057_task-rest_run-1_atlas-CC200_fd-0.2_connectome.npz
ABIDE1	sub-0050058_task-rest_run-1	sub-0050058	PITT	ok	0.2	/work/ioannou_lab/elizabeth.szentmiklo/abide-sex-age-connectomics/connectomes/CC200/ABIDE1/sub-0050058_task-rest_run-1_atlas-CC200_fd-0.2_connectome.npz
ABIDE1	sub-0050059_task-rest_run-1	sub-0050059	PITT	ok	0.2	/work/ioannou_lab/elizabeth.szentmiklo/abide-sex-age-connectomics/connectomes/CC200/ABIDE1/sub-0050059_task-rest_run-1_atlas-CC200_fd-0.2_connectome.npz
ABIDE1	sub-0050060_task-rest_run-1	sub-0050060	PITT	ok	0.2	/work/ioannou_lab/elizabeth.szentmiklo/abide-sex-age-connectomics/connectomes/CC200/ABIDE1/sub-0050060_task-rest_run-1_atlas-CC200_fd-0.2_connectome.npz
ABIDE1	sub-0050103_task-rest_run-1	sub-0050103	OLIN	ok	0.2	/work/ioannou_lab/elizabeth.szentmiklo/abide-sex-age-connectomics/connectomes/CC200/ABIDE1/sub-0050103_task-rest_run-1_atlas-CC200_fd-0.2_connectome.npz
ABIDE1	sub-0050104_task-rest_run-1	sub-0050104	OLIN	ok	0.2	/work/ioannou_lab/elizabeth.szentmiklo/abide-sex-age-connectomics/connectomes/CC200/ABIDE1/sub-0050104_task-rest_run-1_atlas-CC200_fd-0.2_connectome.npz
ABIDE1	sub-0050107_task-rest_run-1	sub-0050107	OLIN	ok	0.2	/work/ioannou_lab/elizabeth.szentmiklo/abide-sex-age-connectomics/connectomes/CC200/ABIDE1/sub-0050107_task-rest_run-1_atlas-CC200_fd-0.2_connectome.npz
ABIDE1	sub-0050108_task-rest_run-1	sub-0050108	OLIN	ok	0.2	/work/ioannou_lab/elizabeth.szentmiklo/abide-sex-age-connectomics/connectomes/CC200/ABIDE1/sub-0050108_task-rest_run-1_atlas-CC200_fd-0.2_connectome.npz
ABIDE1	sub-0050131_task-rest_run-1	sub-0050131	OLIN	ok	0.2	/work/ioannou_lab/elizabeth.szentmiklo/abide-sex-age-connectomics/connectomes/CC200/ABIDE1/sub-0050131_task-rest_run-1_atlas-CC200_fd-0.2_connectome.npz
ABIDE1	sub-0050142_task-rest_run-2	sub-0050142	OHSU	ok	0.2	/work/ioannou_lab/elizabeth.szentmiklo/abide-sex-age-connectomics/connectomes/CC200/ABIDE1/sub-0050142_task-rest_run-2_atlas-CC200_fd-0.2_connectome.npz
ABIDE1	sub-0050142_task-rest_run-3	sub-0050142	OHSU	ok	0.2	/work/ioannou_lab/elizabeth.szentmiklo/abide-sex-age-connectomics/connectomes/CC200/ABIDE1/sub-0050142_task-rest_run-3_atlas-CC200_fd-0.2_connectome.npz
ABIDE1	sub-0050143_task-rest_run-1	sub-0050143	OHSU	ok	0.2	/work/ioannou_lab/elizabeth.szentmiklo/abide-sex-age-connectomics/connectomes/CC200/ABIDE1/sub-0050143_task-rest_run-1_atlas-CC200_fd-0.2_connectome.npz
ABIDE1	sub-0050143_task-rest_run-2	sub-0050143	OHSU	ok	0.2	/work/ioannou_lab/elizabeth.szentmiklo/abide-sex-age-connectomics/connectomes/CC200/ABIDE1/sub-0050143_task-rest_run-2_atlas-CC200_fd-0.2_connectome.npz
ABIDE1	sub-0050143_task-rest_run-3	sub-0050143	OHSU	ok	0.2	/work/ioannou_lab/elizabeth.szentmiklo/abide-sex-age-connectomics/connectomes/CC200/ABIDE1/sub-0050143_task-rest_run-3_atlas-CC200_fd-0.2_connectome.npz
ABIDE1	sub-0050144_task-rest_run-3	sub-0050144	OHSU	ok	0.2	/work/ioannou_lab/elizabeth.szentmiklo/abide-sex-age-connectomics/connectomes/CC200/ABIDE1/sub-0050144_task-rest_run-3_atlas-CC200_fd-0.2_connectome.npz
ABIDE1	sub-0050146_task-rest_run-1	sub-0050146	OHSU	ok	0.2	/work/ioannou_lab/elizabeth.szentmiklo/abide-sex-age-connectomics/connectomes/CC200/ABIDE1/sub-0050146_task-rest_run-1_atlas-CC200_fd-0.2_connectome.npz
ABIDE1	sub-0050147_task-rest_run-1	sub-0050147	OHSU	ok	0.2	/work/ioannou_lab/elizabeth.szentmiklo/abide-sex-age-connectomics/connectomes/CC200/ABIDE1/sub-0050147_task-rest_run-1_atlas-CC200_fd-0.2_connectome.npz
ABIDE1	sub-0050147_task-rest_run-2	sub-0050147	OHSU	ok	0.2	/work/ioannou_lab/elizabeth.szentmiklo/abide-sex-age-connectomics/connectomes/CC200/ABIDE1/sub-0050147_task-rest_run-2_atlas-CC200_fd-0.2_connectome.npz
ABIDE1	sub-0050148_task-rest_run-2	sub-0050148	OHSU	ok	0.2	/work/ioannou_lab/elizabeth.szentmiklo/abide-sex-age-connectomics/connectomes/CC200/ABIDE1/sub-0050148_task-rest_run-2_atlas-CC200_fd-0.2_connectome.npz
ABIDE1	sub-0050149_task-rest_run-1	sub-0050149	OHSU	ok	0.2	/work/ioannou_lab/elizabeth.szentmiklo/abide-sex-age-connectomics/connectomes/CC200/ABIDE1/sub-0050149_task-rest_run-1_atlas-CC200_fd-0.2_connectome.npz
ABIDE1	sub-0050152_task-rest_run-2	sub-0050152	OHSU	ok	0.2	/work/ioannou_lab/elizabeth.szentmiklo/abide-sex-age-connectomics/connectomes/CC200/ABIDE1/sub-0050152_task-rest_run-2_atlas-CC200_fd-0.2_connectome.npz
ABIDE1	sub-0050153_task-rest_run-2	sub-0050153	OHSU	ok	0.2	/work/ioannou_lab/elizabeth.szentmiklo/abide-sex-age-connectomics/connectomes/CC200/ABIDE1/sub-0050153_task-rest_run-2_atlas-CC200_fd-0.2_connectome.npz
ABIDE1	sub-0050155_task-rest_run-2	sub-0050155	OHSU	ok	0.2	/work/ioannou_lab/elizabeth.szentmiklo/abide-sex-age-connectomics/connectomes/CC200/ABIDE1/sub-0050155_task-rest_run-2_atlas-CC200_fd-0.2_connectome.npz
ABIDE1	sub-0050156_task-rest_run-1	sub-0050156	OHSU	ok	0.2	/work/ioannou_lab/elizabeth.szentmiklo/abide-sex-age-connectomics/connectomes/CC200/ABIDE1/sub-0050156_task-rest_run-1_atlas-CC200_fd-0.2_connectome.npz
ABIDE1	sub-0050156_task-rest_run-3	sub-0050156	OHSU	ok	0.2	/work/ioannou_lab/elizabeth.szentmiklo/abide-sex-age-connectomics/connectomes/CC200/ABIDE1/sub-0050156_task-rest_run-3_atlas-CC200_fd-0.2_connectome.npz
ABIDE1	sub-0050157_task-rest_run-1	sub-0050157	OHSU	ok	0.2	/work/ioannou_lab/elizabeth.szentmiklo/abide-sex-age-connectomics/connectomes/CC200/ABIDE1/sub-0050157_task-rest_run-1_atlas-CC200_fd-0.2_connectome.npz
ABIDE1	sub-0050157_task-rest_run-2	sub-0050157	OHSU	ok	0.2	/work/ioannou_lab/elizabeth.szentmiklo/abide-sex-age-connectomics/connectomes/CC200/ABIDE1/sub-0050157_task-rest_run-2_atlas-CC200_fd-0.2_connectome.npz
ABIDE1	sub-0050158_task-rest_run-1	sub-0050158	OHSU	ok	0.2	/work/ioannou_lab/elizabeth.szentmiklo/abide-sex-age-connectomics/connectomes/CC200/ABIDE1/sub-0050158_task-rest_run-1_atlas-CC200_fd-0.2_connectome.npz
ABIDE1	sub-0050158_task-rest_run-2	sub-0050158	OHSU	ok	0.2	/work/ioannou_lab/elizabeth.szentmiklo/abide-sex-age-connectomics/connectomes/CC200/ABIDE1/sub-0050158_task-rest_run-2_atlas-CC200_fd-0.2_connectome.npz
ABIDE1	sub-0050159_task-rest_run-1	sub-0050159	OHSU	ok	0.2	/work/ioannou_lab/elizabeth.szentmiklo/abide-sex-age-connectomics/connectomes/CC200/ABIDE1/sub-0050159_task-rest_run-1_atlas-CC200_fd-0.2_connectome.npz
ABIDE1	sub-0050159_task-rest_run-2	sub-0050159	OHSU	ok	0.2	/work/ioannou_lab/elizabeth.szentmiklo/abide-sex-age-connectomics/connectomes/CC200/ABIDE1/sub-0050159_task-rest_run-2_atlas-CC200_fd-0.2_connectome.npz
ABIDE1	sub-0050159_task-rest_run-3	sub-0050159	OHSU	ok	0.2	/work/ioannou_lab/elizabeth.szentmiklo/abide-sex-age-connectomics/connectomes/CC200/ABIDE1/sub-0050159_task-rest_run-3_atlas-CC200_fd-0.2_connectome.npz
ABIDE1	sub-0050160_task-rest_run-1	sub-0050160	OHSU	ok	0.2	/work/ioannou_lab/elizabeth.szentmiklo/abide-sex-age-connectomics/connectomes/CC200/ABIDE1/sub-0050160_task-rest_run-1_atlas-CC200_fd-0.2_connectome.npz
ABIDE1	sub-0050160_task-rest_run-2	sub-0050160	OHSU	ok	0.2	/work/ioannou_lab/elizabeth.szentmiklo/abide-sex-age-connectomics/connectomes/CC200/ABIDE1/sub-0050160_task-rest_run-2_atlas-CC200_fd-0.2_connectome.npz
ABIDE1	sub-0050160_task-rest_run-3	sub-0050160	OHSU	ok	0.2	/work/ioannou_lab/elizabeth.szentmiklo/abide-sex-age-connectomics/connectomes/CC200/ABIDE1/sub-0050160_task-rest_run-3_atlas-CC200_fd-0.2_connectome.npz
ABIDE1	sub-0050161_task-rest_run-3	sub-0050161	OHSU	ok	0.2	/work/ioannou_lab/elizabeth.szentmiklo/abide-sex-age-connectomics/connectomes/CC200/ABIDE1/sub-0050161_task-rest_run-3_atlas-CC200_fd-0.2_connectome.npz
ABIDE1	sub-0050163_task-rest_run-3	sub-0050163	OHSU	ok	0.2	/work/ioannou_lab/elizabeth.szentmiklo/abide-sex-age-connectomics/connectomes/CC200/ABIDE1/sub-0050163_task-rest_run-3_atlas-CC200_fd-0.2_connectome.npz
ABIDE1	sub-0050164_task-rest_run-3	sub-0050164	OHSU	ok	0.2	/work/ioannou_lab/elizabeth.szentmiklo/abide-sex-age-connectomics/connectomes/CC200/ABIDE1/sub-0050164_task-rest_run-3_atlas-CC200_fd-0.2_connectome.npz
ABIDE1	sub-0050165_task-rest_run-1	sub-0050165	OHSU	ok	0.2	/work/ioannou_lab/elizabeth.szentmiklo/abide-sex-age-connectomics/connectomes/CC200/ABIDE1/sub-0050165_task-rest_run-1_atlas-CC200_fd-0.2_connectome.npz
ABIDE1	sub-0050165_task-rest_run-2	sub-0050165	OHSU	ok	0.2	/work/ioannou_lab/elizabeth.szentmiklo/abide-sex-age-connectomics/connectomes/CC200/ABIDE1/sub-0050165_task-rest_run-2_atlas-CC200_fd-0.2_connectome.npz
ABIDE1	sub-0050165_task-rest_run-3	sub-0050165	OHSU	ok	0.2	/work/ioannou_lab/elizabeth.szentmiklo/abide-sex-age-connectomics/connectomes/CC200/ABIDE1/sub-0050165_task-rest_run-3_atlas-CC200_fd-0.2_connectome.npz
ABIDE1	sub-0050166_task-rest_run-1	sub-0050166	OHSU	ok	0.2	/work/ioannou_lab/elizabeth.szentmiklo/abide-sex-age-connectomics/connectomes/CC200/ABIDE1/sub-0050166_task-rest_run-1_atlas-CC200_fd-0.2_connectome.npz
ABIDE1	sub-0050166_task-rest_run-2	sub-0050166	OHSU	ok	0.2	/work/ioannou_lab/elizabeth.szentmiklo/abide-sex-age-connectomics/connectomes/CC200/ABIDE1/sub-0050166_task-rest_run-2_atlas-CC200_fd-0.2_connectome.npz
ABIDE1	sub-0050167_task-rest_run-1	sub-0050167	OHSU	ok	0.2	/work/ioannou_lab/elizabeth.szentmiklo/abide-sex-age-connectomics/connectomes/CC200/ABIDE1/sub-0050167_task-rest_run-1_atlas-CC200_fd-0.2_connectome.npz
ABIDE1	sub-0050167_task-rest_run-2	sub-0050167	OHSU	ok	0.2	/work/ioannou_lab/elizabeth.szentmiklo/abide-sex-age-connectomics/connectomes/CC200/ABIDE1/sub-0050167_task-rest_run-2_atlas-CC200_fd-0.2_connectome.npz
ABIDE1	sub-0050167_task-rest_run-3	sub-0050167	OHSU	ok	0.2	/work/ioannou_lab/elizabeth.szentmiklo/abide-sex-age-connectomics/connectomes/CC200/ABIDE1/sub-0050167_task-rest_run-3_atlas-CC200_fd-0.2_connectome.npz
ABIDE1	sub-0050168_task-rest_run-1	sub-0050168	OHSU	ok	0.2	/work/ioannou_lab/elizabeth.szentmiklo/abide-sex-age-connectomics/connectomes/CC200/ABIDE1/sub-0050168_task-rest_run-1_atlas-CC200_fd-0.2_connectome.npz
ABIDE1	sub-0050168_task-rest_run-2	sub-0050168	OHSU	ok	0.2	/work/ioannou_lab/elizabeth.szentmiklo/abide-sex-age-connectomics/connectomes/CC200/ABIDE1/sub-0050168_task-rest_run-2_atlas-CC200_fd-0.2_connectome.npz
ABIDE1	sub-0050168_task-rest_run-3	sub-0050168	OHSU	ok	0.2	/work/ioannou_lab/elizabeth.szentmiklo/abide-sex-age-connectomics/connectomes/CC200/ABIDE1/sub-0050168_task-rest_run-3_atlas-CC200_fd-0.2_connectome.npz
ABIDE1	sub-0050171_task-rest_run-1	sub-0050171	OHSU	ok	0.2	/work/ioannou_lab/elizabeth.szentmiklo/abide-sex-age-connectomics/connectomes/CC200/ABIDE1/sub-0050171_task-rest_run-1_atlas-CC200_fd-0.2_connectome.npz
ABIDE1	sub-0050182_task-rest_run-1	sub-0050182	SDSU	ok	0.2	/work/ioannou_lab/elizabeth.szentmiklo/abide-sex-age-connectomics/connectomes/CC200/ABIDE1/sub-0050182_task-rest_run-1_atlas-CC200_fd-0.2_connectome.npz
ABIDE1	sub-0050183_task-rest_run-1	sub-0050183	SDSU	ok	0.2	/work/ioannou_lab/elizabeth.szentmiklo/abide-sex-age-connectomics/connectomes/CC200/ABIDE1/sub-0050183_task-rest_run-1_atlas-CC200_fd-0.2_connectome.npz
ABIDE1	sub-0050184_task-rest_run-1	sub-0050184	SDSU	ok	0.2	/work/ioannou_lab/elizabeth.szentmiklo/abide-sex-age-connectomics/connectomes/CC200/ABIDE1/sub-0050184_task-rest_run-1_atlas-CC200_fd-0.2_connectome.npz
ABIDE1	sub-0050186_task-rest_run-1	sub-0050186	SDSU	ok	0.2	/work/ioannou_lab/elizabeth.szentmiklo/abide-sex-age-connectomics/connectomes/CC200/ABIDE1/sub-0050186_task-rest_run-1_atlas-CC200_fd-0.2_connectome.npz
ABIDE1	sub-0050187_task-rest_run-1	sub-0050187	SDSU	ok	0.2	/work/ioannou_lab/elizabeth.szentmiklo/abide-sex-age-connectomics/connectomes/CC200/ABIDE1/sub-0050187_task-rest_run-1_atlas-CC200_fd-0.2_connectome.npz
ABIDE1	sub-0050188_task-rest_run-1	sub-0050188	SDSU	ok	0.2	/work/ioannou_lab/elizabeth.szentmiklo/abide-sex-age-connectomics/connectomes/CC200/ABIDE1/sub-0050188_task-rest_run-1_atlas-CC200_fd-0.2_connectome.npz
ABIDE1	sub-0050189_task-rest_run-1	sub-0050189	SDSU	ok	0.2	/work/ioannou_lab/elizabeth.szentmiklo/abide-sex-age-connectomics/connectomes/CC200/ABIDE1/sub-0050189_task-rest_run-1_atlas-CC200_fd-0.2_connectome.npz
ABIDE1	sub-0050190_task-rest_run-1	sub-0050190	SDSU	ok	0.2	/work/ioannou_lab/elizabeth.szentmiklo/abide-sex-age-connectomics/connectomes/CC200/ABIDE1/sub-0050190_task-rest_run-1_atlas-CC200_fd-0.2_connectome.npz
ABIDE1	sub-0050191_task-rest_run-1	sub-0050191	SDSU	ok	0.2	/work/ioannou_lab/elizabeth.szentmiklo/abide-sex-age-connectomics/connectomes/CC200/ABIDE1/sub-0050191_task-rest_run-1_atlas-CC200_fd-0.2_connectome.npz
ABIDE1	sub-0050193_task-rest_run-1	sub-0050193	SDSU	ok	0.2	/work/ioannou_lab/elizabeth.szentmiklo/abide-sex-age-connectomics/connectomes/CC200/ABIDE1/sub-0050193_task-rest_run-1_atlas-CC200_fd-0.2_connectome.npz
ABIDE1	sub-0050194_task-rest_run-1	sub-0050194	SDSU	ok	0.2	/work/ioannou_lab/elizabeth.szentmiklo/abide-sex-age-connectomics/connectomes/CC200/ABIDE1/sub-0050194_task-rest_run-1_atlas-CC200_fd-0.2_connectome.npz
ABIDE1	sub-0050195_task-rest_run-1	sub-0050195	SDSU	ok	0.2	/work/ioannou_lab/elizabeth.szentmiklo/abide-sex-age-connectomics/connectomes/CC200/ABIDE1/sub-0050195_task-rest_run-1_atlas-CC200_fd-0.2_connectome.npz
ABIDE1	sub-0050196_task-rest_run-1	sub-0050196	SDSU	ok	0.2	/work/ioannou_lab/elizabeth.szentmiklo/abide-sex-age-connectomics/connectomes/CC200/ABIDE1/sub-0050196_task-rest_run-1_atlas-CC200_fd-0.2_connectome.npz
ABIDE1	sub-0050199_task-rest_run-1	sub-0050199	SDSU	ok	0.2	/work/ioannou_lab/elizabeth.szentmiklo/abide-sex-age-connectomics/connectomes/CC200/ABIDE1/sub-0050199_task-rest_run-1_atlas-CC200_fd-0.2_connectome.npz
ABIDE1	sub-0050200_task-rest_run-1	sub-0050200	SDSU	ok	0.2	/work/ioannou_lab/elizabeth.szentmiklo/abide-sex-age-connectomics/connectomes/CC200/ABIDE1/sub-0050200_task-rest_run-1_atlas-CC200_fd-0.2_connectome.npz
ABIDE1	sub-0050201_task-rest_run-1	sub-0050201	SDSU	ok	0.2	/work/ioannou_lab/elizabeth.szentmiklo/abide-sex-age-connectomics/connectomes/CC200/ABIDE1/sub-0050201_task-rest_run-1_atlas-CC200_fd-0.2_connectome.npz
ABIDE1	sub-0050202_task-rest_run-1	sub-0050202	SDSU	ok	0.2	/work/ioannou_lab/elizabeth.szentmiklo/abide-sex-age-connectomics/connectomes/CC200/ABIDE1/sub-0050202_task-rest_run-1_atlas-CC200_fd-0.2_connectome.npz
ABIDE1	sub-0050203_task-rest_run-1	sub-0050203	SDSU	ok	0.2	/work/ioannou_lab/elizabeth.szentmiklo/abide-sex-age-connectomics/connectomes/CC200/ABIDE1/sub-0050203_task-rest_run-1_atlas-CC200_fd-0.2_connectome.npz
ABIDE1	sub-0050204_task-rest_run-1	sub-0050204	SDSU	ok	0.2	/work/ioannou_lab/elizabeth.szentmiklo/abide-sex-age-connectomics/connectomes/CC200/ABIDE1/sub-0050204_task-rest_run-1_atlas-CC200_fd-0.2_connectome.npz
ABIDE1	sub-0050205_task-rest_run-1	sub-0050205	SDSU	ok	0.2	/work/ioannou_lab/elizabeth.szentmiklo/abide-sex-age-connectomics/connectomes/CC200/ABIDE1/sub-0050205_task-rest_run-1_atlas-CC200_fd-0.2_connectome.npz
ABIDE1	sub-0050206_task-rest_run-1	sub-0050206	SDSU	ok	0.2	/work/ioannou_lab/elizabeth.szentmiklo/abide-sex-age-connectomics/connectomes/CC200/ABIDE1/sub-0050206_task-rest_run-1_atlas-CC200_fd-0.2_connectome.npz
ABIDE1	sub-0050207_task-rest_run-1	sub-0050207	SDSU	ok	0.2	/work/ioannou_lab/elizabeth.szentmiklo/abide-sex-age-connectomics/connectomes/CC200/ABIDE1/sub-0050207_task-rest_run-1_atlas-CC200_fd-0.2_connectome.npz
ABIDE1	sub-0050209_task-rest_run-1	sub-0050209	SDSU	ok	0.2	/work/ioannou_lab/elizabeth.szentmiklo/abide-sex-age-connectomics/connectomes/CC200/ABIDE1/sub-0050209_task-rest_run-1_atlas-CC200_fd-0.2_connectome.npz
ABIDE1	sub-0050210_task-rest_run-1	sub-0050210	SDSU	ok	0.2	/work/ioannou_lab/elizabeth.szentmiklo/abide-sex-age-connectomics/connectomes/CC200/ABIDE1/sub-0050210_task-rest_run-1_atlas-CC200_fd-0.2_connectome.npz
ABIDE1	sub-0050212_task-rest_run-1	sub-0050212	SDSU	ok	0.2	/work/ioannou_lab/elizabeth.szentmiklo/abide-sex-age-connectomics/connectomes/CC200/ABIDE1/sub-0050212_task-rest_run-1_atlas-CC200_fd-0.2_connectome.npz
ABIDE1	sub-0050213_task-rest_run-1	sub-0050213	SDSU	ok	0.2	/work/ioannou_lab/elizabeth.szentmiklo/abide-sex-age-connectomics/connectomes/CC200/ABIDE1/sub-0050213_task-rest_run-1_atlas-CC200_fd-0.2_connectome.npz
ABIDE1	sub-0050214_task-rest_run-1	sub-0050214	SDSU	ok	0.2	/work/ioannou_lab/elizabeth.szentmiklo/abide-sex-age-connectomics/connectomes/CC200/ABIDE1/sub-0050214_task-rest_run-1_atlas-CC200_fd-0.2_connectome.npz
ABIDE1	sub-0050215_task-rest_run-1	sub-0050215	SDSU	ok	0.2	/work/ioannou_lab/elizabeth.szentmiklo/abide-sex-age-connectomics/connectomes/CC200/ABIDE1/sub-0050215_task-rest_run-1_atlas-CC200_fd-0.2_connectome.npz
ABIDE1	sub-0050216_task-rest_run-1	sub-0050216	SDSU	ok	0.2	/work/ioannou_lab/elizabeth.szentmiklo/abide-sex-age-connectomics/connectomes/CC200/ABIDE1/sub-0050216_task-rest_run-1_atlas-CC200_fd-0.2_connectome.npz
ABIDE1	sub-0050217_task-rest_run-1	sub-0050217	SDSU	ok	0.2	/work/ioannou_lab/elizabeth.szentmiklo/abide-sex-age-connectomics/connectomes/CC200/ABIDE1/sub-0050217_task-rest_run-1_atlas-CC200_fd-0.2_connectome.npz
ABIDE1	sub-0050232_task-rest_run-1	sub-0050232	TRINITY(1)	ok	0.2	/work/ioannou_lab/elizabeth.szentmiklo/abide-sex-age-connectomics/connectomes/CC200/ABIDE1/sub-0050232_task-rest_run-1_atlas-CC200_fd-0.2_connectome.npz
ABIDE1	sub-0050233_task-rest_run-1	sub-0050233	TRINITY(1)	ok	0.2	/work/ioannou_lab/elizabeth.szentmiklo/abide-sex-age-connectomics/connectomes/CC200/ABIDE1/sub-0050233_task-rest_run-1_atlas-CC200_fd-0.2_connectome.npz
ABIDE1	sub-0050234_task-rest_run-1	sub-0050234	TRINITY(1)	ok	0.2	/work/ioannou_lab/elizabeth.szentmiklo/abide-sex-age-connectomics/connectomes/CC200/ABIDE1/sub-0050234_task-rest_run-1_atlas-CC200_fd-0.2_connectome.npz
ABIDE1	sub-0050235_task-rest_run-1	sub-0050235	TRINITY(1)	ok	0.2	/work/ioannou_lab/elizabeth.szentmiklo/abide-sex-age-connectomics/connectomes/CC200/ABIDE1/sub-0050235_task-rest_run-1_atlas-CC200_fd-0.2_connectome.npz
ABIDE1	sub-0050236_task-rest_run-1	sub-0050236	TRINITY(1)	ok	0.2	/work/ioannou_lab/elizabeth.szentmiklo/abide-sex-age-connectomics/connectomes/CC200/ABIDE1/sub-0050236_task-rest_run-1_atlas-CC200_fd-0.2_connectome.npz
ABIDE1	sub-0050237_task-rest_run-1	sub-0050237	TRINITY(1)	ok	0.2	/work/ioannou_lab/elizabeth.szentmiklo/abide-sex-age-connectomics/connectomes/CC200/ABIDE1/sub-0050237_task-rest_run-1_atlas-CC200_fd-0.2_connectome.npz
ABIDE1	sub-0050238_task-rest_run-1	sub-0050238	TRINITY(1)	ok	0.2	/work/ioannou_lab/elizabeth.szentmiklo/abide-sex-age-connectomics/connectomes/CC200/ABIDE1/sub-0050238_task-rest_run-1_atlas-CC200_fd-0.2_connectome.npz
ABIDE1	sub-0050239_task-rest_run-1	sub-0050239	TRINITY(1)	ok	0.2	/work/ioannou_lab/elizabeth.szentmiklo/abide-sex-age-connectomics/connectomes/CC200/ABIDE1/sub-0050239_task-rest_run-1_atlas-CC200_fd-0.2_connectome.npz
ABIDE1	sub-0050240_task-rest_run-1	sub-0050240	TRINITY(1)	ok	0.2	/work/ioannou_lab/elizabeth.szentmiklo/abide-sex-age-connectomics/connectomes/CC200/ABIDE1/sub-0050240_task-rest_run-1_atlas-CC200_fd-0.2_connectome.npz
ABIDE1	sub-0050241_task-rest_run-1	sub-0050241	TRINITY(1)	ok	0.2	/work/ioannou_lab/elizabeth.szentmiklo/abide-sex-age-connectomics/connectomes/CC200/ABIDE1/sub-0050241_task-rest_run-1_atlas-CC200_fd-0.2_connectome.npz
ABIDE1	sub-0050243_task-rest_run-1	sub-0050243	TRINITY(1)	ok	0.2	/work/ioannou_lab/elizabeth.szentmiklo/abide-sex-age-connectomics/connectomes/CC200/ABIDE1/sub-0050243_task-rest_run-1_atlas-CC200_fd-0.2_connectome.npz
ABIDE1	sub-0050246_task-rest_run-1	sub-0050246	TRINITY(1)	ok	0.2	/work/ioannou_lab/elizabeth.szentmiklo/abide-sex-age-connectomics/connectomes/CC200/ABIDE1/sub-0050246_task-rest_run-1_atlas-CC200_fd-0.2_connectome.npz
ABIDE1	sub-0050248_task-rest_run-1	sub-0050248	TRINITY(1)	ok	0.2	/work/ioannou_lab/elizabeth.szentmiklo/abide-sex-age-connectomics/connectomes/CC200/ABIDE1/sub-0050248_task-rest_run-1_atlas-CC200_fd-0.2_connectome.npz
ABIDE1	sub-0050249_task-rest_run-1	sub-0050249	TRINITY(1)	ok	0.2	/work/ioannou_lab/elizabeth.szentmiklo/abide-sex-age-connectomics/connectomes/CC200/ABIDE1/sub-0050249_task-rest_run-1_atlas-CC200_fd-0.2_connectome.npz
ABIDE1	sub-0050250_task-rest_run-1	sub-0050250	TRINITY(1)	ok	0.2	/work/ioannou_lab/elizabeth.szentmiklo/abide-sex-age-connectomics/connectomes/CC200/ABIDE1/sub-0050250_task-rest_run-1_atlas-CC200_fd-0.2_connectome.npz
ABIDE1	sub-0050253_task-rest_run-1	sub-0050253	TRINITY(1)	ok	0.2	/work/ioannou_lab/elizabeth.szentmiklo/abide-sex-age-connectomics/connectomes/CC200/ABIDE1/sub-0050253_task-rest_run-1_atlas-CC200_fd-0.2_connectome.npz
ABIDE1	sub-0050254_task-rest_run-1	sub-0050254	TRINITY(1)	ok	0.2	/work/ioannou_lab/elizabeth.szentmiklo/abide-sex-age-connectomics/connectomes/CC200/ABIDE1/sub-0050254_task-rest_run-1_atlas-CC200_fd-0.2_connectome.npz
ABIDE1	sub-0050255_task-rest_run-1	sub-0050255	TRINITY(1)	ok	0.2	/work/ioannou_lab/elizabeth.szentmiklo/abide-sex-age-connectomics/connectomes/CC200/ABIDE1/sub-0050255_task-rest_run-1_atlas-CC200_fd-0.2_connectome.npz
ABIDE1	sub-0050257_task-rest_run-1	sub-0050257	TRINITY(1)	ok	0.2	/work/ioannou_lab/elizabeth.szentmiklo/abide-sex-age-connectomics/connectomes/CC200/ABIDE1/sub-0050257_task-rest_run-1_atlas-CC200_fd-0.2_connectome.npz
ABIDE1	sub-0050259_task-rest_run-1	sub-0050259	TRINITY(1)	ok	0.2	/work/ioannou_lab/elizabeth.szentmiklo/abide-sex-age-connectomics/connectomes/CC200/ABIDE1/sub-0050259_task-rest_run-1_atlas-CC200_fd-0.2_connectome.npz
ABIDE1	sub-0050260_task-rest_run-1	sub-0050260	TRINITY(1)	ok	0.2	/work/ioannou_lab/elizabeth.szentmiklo/abide-sex-age-connectomics/connectomes/CC200/ABIDE1/sub-0050260_task-rest_run-1_atlas-CC200_fd-0.2_connectome.npz
ABIDE1	sub-0050261_task-rest_run-1	sub-0050261	TRINITY(1)	ok	0.2	/work/ioannou_lab/elizabeth.szentmiklo/abide-sex-age-connectomics/connectomes/CC200/ABIDE1/sub-0050261_task-rest_run-1_atlas-CC200_fd-0.2_connectome.npz
ABIDE1	sub-0050262_task-rest_run-1	sub-0050262	TRINITY(1)	ok	0.2	/work/ioannou_lab/elizabeth.szentmiklo/abide-sex-age-connectomics/connectomes/CC200/ABIDE1/sub-0050262_task-rest_run-1_atlas-CC200_fd-0.2_connectome.npz
ABIDE1	sub-0050263_task-rest_run-1	sub-0050263	TRINITY(1)	ok	0.2	/work/ioannou_lab/elizabeth.szentmiklo/abide-sex-age-connectomics/connectomes/CC200/ABIDE1/sub-0050263_task-rest_run-1_atlas-CC200_fd-0.2_connectome.npz
ABIDE1	sub-0050264_task-rest_run-1	sub-0050264	TRINITY(1)	ok	0.2	/work/ioannou_lab/elizabeth.szentmiklo/abide-sex-age-connectomics/connectomes/CC200/ABIDE1/sub-0050264_task-rest_run-1_atlas-CC200_fd-0.2_connectome.npz
ABIDE1	sub-0050266_task-rest_run-1	sub-0050266	TRINITY(1)	ok	0.2	/work/ioannou_lab/elizabeth.szentmiklo/abide-sex-age-connectomics/connectomes/CC200/ABIDE1/sub-0050266_task-rest_run-1_atlas-CC200_fd-0.2_connectome.npz
ABIDE1	sub-0050267_task-rest_run-1	sub-0050267	TRINITY(1)	ok	0.2	/work/ioannou_lab/elizabeth.szentmiklo/abide-sex-age-connectomics/connectomes/CC200/ABIDE1/sub-0050267_task-rest_run-1_atlas-CC200_fd-0.2_connectome.npz
ABIDE1	sub-0050268_task-rest_run-1	sub-0050268	TRINITY(1)	ok	0.2	/work/ioannou_lab/elizabeth.szentmiklo/abide-sex-age-connectomics/connectomes/CC200/ABIDE1/sub-0050268_task-rest_run-1_atlas-CC200_fd-0.2_connectome.npz
ABIDE1	sub-0050269_task-rest_run-1	sub-0050269	TRINITY(1)	ok	0.2	/work/ioannou_lab/elizabeth.szentmiklo/abide-sex-age-connectomics/connectomes/CC200/ABIDE1/sub-0050269_task-rest_run-1_atlas-CC200_fd-0.2_connectome.npz
ABIDE1	sub-0050270_task-rest_run-1	sub-0050270	TRINITY(1)	ok	0.2	/work/ioannou_lab/elizabeth.szentmiklo/abide-sex-age-connectomics/connectomes/CC200/ABIDE1/sub-0050270_task-rest_run-1_atlas-CC200_fd-0.2_connectome.npz
ABIDE1	sub-0050271_task-rest_run-1	sub-0050271	TRINITY(1)	ok	0.2	/work/ioannou_lab/elizabeth.szentmiklo/abide-sex-age-connectomics/connectomes/CC200/ABIDE1/sub-0050271_task-rest_run-1_atlas-CC200_fd-0.2_connectome.npz
ABIDE1	sub-0050272_task-rest_run-1	sub-0050272	UM_1	ok	0.2	/work/ioannou_lab/elizabeth.szentmiklo/abide-sex-age-connectomics/connectomes/CC200/ABIDE1/sub-0050272_task-rest_run-1_atlas-CC200_fd-0.2_connectome.npz
ABIDE1	sub-0050273_task-rest_run-1	sub-0050273	UM_1	ok	0.2	/work/ioannou_lab/elizabeth.szentmiklo/abide-sex-age-connectomics/connectomes/CC200/ABIDE1/sub-0050273_task-rest_run-1_atlas-CC200_fd-0.2_connectome.npz
ABIDE1	sub-0050274_task-rest_run-1	sub-0050274	UM_1	ok	0.2	/work/ioannou_lab/elizabeth.szentmiklo/abide-sex-age-connectomics/connectomes/CC200/ABIDE1/sub-0050274_task-rest_run-1_atlas-CC200_fd-0.2_connectome.npz
ABIDE1	sub-0050275_task-rest_run-1	sub-0050275	UM_1	ok	0.2	/work/ioannou_lab/elizabeth.szentmiklo/abide-sex-age-connectomics/connectomes/CC200/ABIDE1/sub-0050275_task-rest_run-1_atlas-CC200_fd-0.2_connectome.npz
ABIDE1	sub-0050276_task-rest_run-1	sub-0050276	UM_1	ok	0.2	/work/ioannou_lab/elizabeth.szentmiklo/abide-sex-age-connectomics/connectomes/CC200/ABIDE1/sub-0050276_task-rest_run-1_atlas-CC200_fd-0.2_connectome.npz
ABIDE1	sub-0050277_task-rest_run-1	sub-0050277	UM_1	ok	0.2	/work/ioannou_lab/elizabeth.szentmiklo/abide-sex-age-connectomics/connectomes/CC200/ABIDE1/sub-0050277_task-rest_run-1_atlas-CC200_fd-0.2_connectome.npz
ABIDE1	sub-0050278_task-rest_run-1	sub-0050278	UM_1	ok	0.2	/work/ioannou_lab/elizabeth.szentmiklo/abide-sex-age-connectomics/connectomes/CC200/ABIDE1/sub-0050278_task-rest_run-1_atlas-CC200_fd-0.2_connectome.npz
ABIDE1	sub-0050280_task-rest_run-1	sub-0050280	UM_1	ok	0.2	/work/ioannou_lab/elizabeth.szentmiklo/abide-sex-age-connectomics/connectomes/CC200/ABIDE1/sub-0050280_task-rest_run-1_atlas-CC200_fd-0.2_connectome.npz
ABIDE1	sub-0050281_task-rest_run-1	sub-0050281	UM_1	ok	0.2	/work/ioannou_lab/elizabeth.szentmiklo/abide-sex-age-connectomics/connectomes/CC200/ABIDE1/sub-0050281_task-rest_run-1_atlas-CC200_fd-0.2_connectome.npz
ABIDE1	sub-0050282_task-rest_run-1	sub-0050282	UM_1	ok	0.2	/work/ioannou_lab/elizabeth.szentmiklo/abide-sex-age-connectomics/connectomes/CC200/ABIDE1/sub-0050282_task-rest_run-1_atlas-CC200_fd-0.2_connectome.npz
ABIDE1	sub-0050283_task-rest_run-1	sub-0050283	UM_1	ok	0.2	/work/ioannou_lab/elizabeth.szentmiklo/abide-sex-age-connectomics/connectomes/CC200/ABIDE1/sub-0050283_task-rest_run-1_atlas-CC200_fd-0.2_connectome.npz
ABIDE1	sub-0050284_task-rest_run-1	sub-0050284	UM_1	ok	0.2	/work/ioannou_lab/elizabeth.szentmiklo/abide-sex-age-connectomics/connectomes/CC200/ABIDE1/sub-0050284_task-rest_run-1_atlas-CC200_fd-0.2_connectome.npz
ABIDE1	sub-0050285_task-rest_run-1	sub-0050285	UM_1	ok	0.2	/work/ioannou_lab/elizabeth.szentmiklo/abide-sex-age-connectomics/connectomes/CC200/ABIDE1/sub-0050285_task-rest_run-1_atlas-CC200_fd-0.2_connectome.npz
ABIDE1	sub-0050287_task-rest_run-1	sub-0050287	UM_1	ok	0.2	/work/ioannou_lab/elizabeth.szentmiklo/abide-sex-age-connectomics/connectomes/CC200/ABIDE1/sub-0050287_task-rest_run-1_atlas-CC200_fd-0.2_connectome.npz
ABIDE1	sub-0050288_task-rest_run-1	sub-0050288	UM_1	ok	0.2	/work/ioannou_lab/elizabeth.szentmiklo/abide-sex-age-connectomics/connectomes/CC200/ABIDE1/sub-0050288_task-rest_run-1_atlas-CC200_fd-0.2_connectome.npz
ABIDE1	sub-0050289_task-rest_run-1	sub-0050289	UM_1	ok	0.2	/work/ioannou_lab/elizabeth.szentmiklo/abide-sex-age-connectomics/connectomes/CC200/ABIDE1/sub-0050289_task-rest_run-1_atlas-CC200_fd-0.2_connectome.npz
ABIDE1	sub-0050290_task-rest_run-1	sub-0050290	UM_1	ok	0.2	/work/ioannou_lab/elizabeth.szentmiklo/abide-sex-age-connectomics/connectomes/CC200/ABIDE1/sub-0050290_task-rest_run-1_atlas-CC200_fd-0.2_connectome.npz
ABIDE1	sub-0050291_task-rest_run-1	sub-0050291	UM_1	ok	0.2	/work/ioannou_lab/elizabeth.szentmiklo/abide-sex-age-connectomics/connectomes/CC200/ABIDE1/sub-0050291_task-rest_run-1_atlas-CC200_fd-0.2_connectome.npz
ABIDE1	sub-0050292_task-rest_run-1	sub-0050292	UM_1	ok	0.2	/work/ioannou_lab/elizabeth.szentmiklo/abide-sex-age-connectomics/connectomes/CC200/ABIDE1/sub-0050292_task-rest_run-1_atlas-CC200_fd-0.2_connectome.npz
ABIDE1	sub-0050293_task-rest_run-1	sub-0050293	UM_1	ok	0.2	/work/ioannou_lab/elizabeth.szentmiklo/abide-sex-age-connectomics/connectomes/CC200/ABIDE1/sub-0050293_task-rest_run-1_atlas-CC200_fd-0.2_connectome.npz
ABIDE1	sub-0050294_task-rest_run-1	sub-0050294	UM_1	ok	0.2	/work/ioannou_lab/elizabeth.szentmiklo/abide-sex-age-connectomics/connectomes/CC200/ABIDE1/sub-0050294_task-rest_run-1_atlas-CC200_fd-0.2_connectome.npz
ABIDE1	sub-0050295_task-rest_run-1	sub-0050295	UM_1	ok	0.2	/work/ioannou_lab/elizabeth.szentmiklo/abide-sex-age-connectomics/connectomes/CC200/ABIDE1/sub-0050295_task-rest_run-1_atlas-CC200_fd-0.2_connectome.npz
ABIDE1	sub-0050298_task-rest_run-1	sub-0050298	UM_1	ok	0.2	/work/ioannou_lab/elizabeth.szentmiklo/abide-sex-age-connectomics/connectomes/CC200/ABIDE1/sub-0050298_task-rest_run-1_atlas-CC200_fd-0.2_connectome.npz
ABIDE1	sub-0050300_task-rest_run-1	sub-0050300	UM_1	ok	0.2	/work/ioannou_lab/elizabeth.szentmiklo/abide-sex-age-connectomics/connectomes/CC200/ABIDE1/sub-0050300_task-rest_run-1_atlas-CC200_fd-0.2_connectome.npz
ABIDE1	sub-0050301_task-rest_run-1	sub-0050301	UM_1	ok	0.2	/work/ioannou_lab/elizabeth.szentmiklo/abide-sex-age-connectomics/connectomes/CC200/ABIDE1/sub-0050301_task-rest_run-1_atlas-CC200_fd-0.2_connectome.npz
ABIDE1	sub-0050307_task-rest_run-1	sub-0050307	UM_1	ok	0.2	/work/ioannou_lab/elizabeth.szentmiklo/abide-sex-age-connectomics/connectomes/CC200/ABIDE1/sub-0050307_task-rest_run-1_atlas-CC200_fd-0.2_connectome.npz
ABIDE1	sub-0050310_task-rest_run-1	sub-0050310	UM_1	ok	0.2	/work/ioannou_lab/elizabeth.szentmiklo/abide-sex-age-connectomics/connectomes/CC200/ABIDE1/sub-0050310_task-rest_run-1_atlas-CC200_fd-0.2_connectome.npz
ABIDE1	sub-0050314_task-rest_run-1	sub-0050314	UM_1	ok	0.2	/work/ioannou_lab/elizabeth.szentmiklo/abide-sex-age-connectomics/connectomes/CC200/ABIDE1/sub-0050314_task-rest_run-1_atlas-CC200_fd-0.2_connectome.npz
ABIDE1	sub-0050315_task-rest_run-1	sub-0050315	UM_1	ok	0.2	/work/ioannou_lab/elizabeth.szentmiklo/abide-sex-age-connectomics/connectomes/CC200/ABIDE1/sub-0050315_task-rest_run-1_atlas-CC200_fd-0.2_connectome.npz
ABIDE1	sub-0050316_task-rest_run-1	sub-0050316	UM_1	ok	0.2	/work/ioannou_lab/elizabeth.szentmiklo/abide-sex-age-connectomics/connectomes/CC200/ABIDE1/sub-0050316_task-rest_run-1_atlas-CC200_fd-0.2_connectome.npz
ABIDE1	sub-0050318_task-rest_run-1	sub-0050318	UM_1	ok	0.2	/work/ioannou_lab/elizabeth.szentmiklo/abide-sex-age-connectomics/connectomes/CC200/ABIDE1/sub-0050318_task-rest_run-1_atlas-CC200_fd-0.2_connectome.npz
ABIDE1	sub-0050319_task-rest_run-1	sub-0050319	UM_1	ok	0.2	/work/ioannou_lab/elizabeth.szentmiklo/abide-sex-age-connectomics/connectomes/CC200/ABIDE1/sub-0050319_task-rest_run-1_atlas-CC200_fd-0.2_connectome.npz
ABIDE1	sub-0050320_task-rest_run-1	sub-0050320	UM_1	ok	0.2	/work/ioannou_lab/elizabeth.szentmiklo/abide-sex-age-connectomics/connectomes/CC200/ABIDE1/sub-0050320_task-rest_run-1_atlas-CC200_fd-0.2_connectome.npz
ABIDE1	sub-0050321_task-rest_run-1	sub-0050321	UM_1	ok	0.2	/work/ioannou_lab/elizabeth.szentmiklo/abide-sex-age-connectomics/connectomes/CC200/ABIDE1/sub-0050321_task-rest_run-1_atlas-CC200_fd-0.2_connectome.npz
ABIDE1	sub-0050324_task-rest_run-1	sub-0050324	UM_1	ok	0.2	/work/ioannou_lab/elizabeth.szentmiklo/abide-sex-age-connectomics/connectomes/CC200/ABIDE1/sub-0050324_task-rest_run-1_atlas-CC200_fd-0.2_connectome.npz
ABIDE1	sub-0050325_task-rest_run-1	sub-0050325	UM_1	ok	0.2	/work/ioannou_lab/elizabeth.szentmiklo/abide-sex-age-connectomics/connectomes/CC200/ABIDE1/sub-0050325_task-rest_run-1_atlas-CC200_fd-0.2_connectome.npz
ABIDE1	sub-0050326_task-rest_run-1	sub-0050326	UM_1	ok	0.2	/work/ioannou_lab/elizabeth.szentmiklo/abide-sex-age-connectomics/connectomes/CC200/ABIDE1/sub-0050326_task-rest_run-1_atlas-CC200_fd-0.2_connectome.npz
ABIDE1	sub-0050327_task-rest_run-1	sub-0050327	UM_1	ok	0.2	/work/ioannou_lab/elizabeth.szentmiklo/abide-sex-age-connectomics/connectomes/CC200/ABIDE1/sub-0050327_task-rest_run-1_atlas-CC200_fd-0.2_connectome.npz
ABIDE1	sub-0050328_task-rest_run-1	sub-0050328	UM_1	ok	0.2	/work/ioannou_lab/elizabeth.szentmiklo/abide-sex-age-connectomics/connectomes/CC200/ABIDE1/sub-0050328_task-rest_run-1_atlas-CC200_fd-0.2_connectome.npz
ABIDE1	sub-0050329_task-rest_run-1	sub-0050329	UM_1	ok	0.2	/work/ioannou_lab/elizabeth.szentmiklo/abide-sex-age-connectomics/connectomes/CC200/ABIDE1/sub-0050329_task-rest_run-1_atlas-CC200_fd-0.2_connectome.npz
ABIDE1	sub-0050330_task-rest_run-1	sub-0050330	UM_1	ok	0.2	/work/ioannou_lab/elizabeth.szentmiklo/abide-sex-age-connectomics/connectomes/CC200/ABIDE1/sub-0050330_task-rest_run-1_atlas-CC200_fd-0.2_connectome.npz
ABIDE1	sub-0050331_task-rest_run-1	sub-0050331	UM_1	ok	0.2	/work/ioannou_lab/elizabeth.szentmiklo/abide-sex-age-connectomics/connectomes/CC200/ABIDE1/sub-0050331_task-rest_run-1_atlas-CC200_fd-0.2_connectome.npz
ABIDE1	sub-0050332_task-rest_run-1	sub-0050332	UM_1	ok	0.2	/work/ioannou_lab/elizabeth.szentmiklo/abide-sex-age-connectomics/connectomes/CC200/ABIDE1/sub-0050332_task-rest_run-1_atlas-CC200_fd-0.2_connectome.npz
ABIDE1	sub-0050333_task-rest_run-1	sub-0050333	UM_1	ok	0.2	/work/ioannou_lab/elizabeth.szentmiklo/abide-sex-age-connectomics/connectomes/CC200/ABIDE1/sub-0050333_task-rest_run-1_atlas-CC200_fd-0.2_connectome.npz
ABIDE1	sub-0050334_task-rest_run-1	sub-0050334	UM_1	ok	0.2	/work/ioannou_lab/elizabeth.szentmiklo/abide-sex-age-connectomics/connectomes/CC200/ABIDE1/sub-0050334_task-rest_run-1_atlas-CC200_fd-0.2_connectome.npz
ABIDE1	sub-0050335_task-rest_run-1	sub-0050335	UM_1	ok	0.2	/work/ioannou_lab/elizabeth.szentmiklo/abide-sex-age-connectomics/connectomes/CC200/ABIDE1/sub-0050335_task-rest_run-1_atlas-CC200_fd-0.2_connectome.npz
ABIDE1	sub-0050336_task-rest_run-1	sub-0050336	UM_1	ok	0.2	/work/ioannou_lab/elizabeth.szentmiklo/abide-sex-age-connectomics/connectomes/CC200/ABIDE1/sub-0050336_task-rest_run-1_atlas-CC200_fd-0.2_connectome.npz
ABIDE1	sub-0050337_task-rest_run-1	sub-0050337	UM_1	ok	0.2	/work/ioannou_lab/elizabeth.szentmiklo/abide-sex-age-connectomics/connectomes/CC200/ABIDE1/sub-0050337_task-rest_run-1_atlas-CC200_fd-0.2_connectome.npz
ABIDE1	sub-0050338_task-rest_run-1	sub-0050338	UM_1	ok	0.2	/work/ioannou_lab/elizabeth.szentmiklo/abide-sex-age-connectomics/connectomes/CC200/ABIDE1/sub-0050338_task-rest_run-1_atlas-CC200_fd-0.2_connectome.npz
ABIDE1	sub-0050339_task-rest_run-1	sub-0050339	UM_1	ok	0.2	/work/ioannou_lab/elizabeth.szentmiklo/abide-sex-age-connectomics/connectomes/CC200/ABIDE1/sub-0050339_task-rest_run-1_atlas-CC200_fd-0.2_connectome.npz
ABIDE1	sub-0050340_task-rest_run-1	sub-0050340	UM_1	ok	0.2	/work/ioannou_lab/elizabeth.szentmiklo/abide-sex-age-connectomics/connectomes/CC200/ABIDE1/sub-0050340_task-rest_run-1_atlas-CC200_fd-0.2_connectome.npz
ABIDE1	sub-0050341_task-rest_run-1	sub-0050341	UM_1	ok	0.2	/work/ioannou_lab/elizabeth.szentmiklo/abide-sex-age-connectomics/connectomes/CC200/ABIDE1/sub-0050341_task-rest_run-1_atlas-CC200_fd-0.2_connectome.npz
ABIDE1	sub-0050342_task-rest_run-1	sub-0050342	UM_1	ok	0.2	/work/ioannou_lab/elizabeth.szentmiklo/abide-sex-age-connectomics/connectomes/CC200/ABIDE1/sub-0050342_task-rest_run-1_atlas-CC200_fd-0.2_connectome.npz
ABIDE1	sub-0050343_task-rest_run-1	sub-0050343	UM_1	ok	0.2	/work/ioannou_lab/elizabeth.szentmiklo/abide-sex-age-connectomics/connectomes/CC200/ABIDE1/sub-0050343_task-rest_run-1_atlas-CC200_fd-0.2_connectome.npz
ABIDE1	sub-0050344_task-rest_run-1	sub-0050344	UM_1	ok	0.2	/work/ioannou_lab/elizabeth.szentmiklo/abide-sex-age-connectomics/connectomes/CC200/ABIDE1/sub-0050344_task-rest_run-1_atlas-CC200_fd-0.2_connectome.npz
ABIDE1	sub-0050345_task-rest_run-1	sub-0050345	UM_1	ok	0.2	/work/ioannou_lab/elizabeth.szentmiklo/abide-sex-age-connectomics/connectomes/CC200/ABIDE1/sub-0050345_task-rest_run-1_atlas-CC200_fd-0.2_connectome.npz
ABIDE1	sub-0050346_task-rest_run-1	sub-0050346	UM_1	ok	0.2	/work/ioannou_lab/elizabeth.szentmiklo/abide-sex-age-connectomics/connectomes/CC200/ABIDE1/sub-0050346_task-rest_run-1_atlas-CC200_fd-0.2_connectome.npz
ABIDE1	sub-0050347_task-rest_run-1	sub-0050347	UM_1	ok	0.2	/work/ioannou_lab/elizabeth.szentmiklo/abide-sex-age-connectomics/connectomes/CC200/ABIDE1/sub-0050347_task-rest_run-1_atlas-CC200_fd-0.2_connectome.npz
ABIDE1	sub-0050348_task-rest_run-1	sub-0050348	UM_1	ok	0.2	/work/ioannou_lab/elizabeth.szentmiklo/abide-sex-age-connectomics/connectomes/CC200/ABIDE1/sub-0050348_task-rest_run-1_atlas-CC200_fd-0.2_connectome.npz
ABIDE1	sub-0050349_task-rest_run-1	sub-0050349	UM_1	ok	0.2	/work/ioannou_lab/elizabeth.szentmiklo/abide-sex-age-connectomics/connectomes/CC200/ABIDE1/sub-0050349_task-rest_run-1_atlas-CC200_fd-0.2_connectome.npz
ABIDE1	sub-0050350_task-rest_run-1	sub-0050350	UM_1	ok	0.2	/work/ioannou_lab/elizabeth.szentmiklo/abide-sex-age-connectomics/connectomes/CC200/ABIDE1/sub-0050350_task-rest_run-1_atlas-CC200_fd-0.2_connectome.npz
ABIDE1	sub-0050351_task-rest_run-1	sub-0050351	UM_1	ok	0.2	/work/ioannou_lab/elizabeth.szentmiklo/abide-sex-age-connectomics/connectomes/CC200/ABIDE1/sub-0050351_task-rest_run-1_atlas-CC200_fd-0.2_connectome.npz
ABIDE1	sub-0050352_task-rest_run-1	sub-0050352	UM_1	ok	0.2	/work/ioannou_lab/elizabeth.szentmiklo/abide-sex-age-connectomics/connectomes/CC200/ABIDE1/sub-0050352_task-rest_run-1_atlas-CC200_fd-0.2_connectome.npz
ABIDE1	sub-0050353_task-rest_run-1	sub-0050353	UM_1	ok	0.2	/work/ioannou_lab/elizabeth.szentmiklo/abide-sex-age-connectomics/connectomes/CC200/ABIDE1/sub-0050353_task-rest_run-1_atlas-CC200_fd-0.2_connectome.npz
ABIDE1	sub-0050355_task-rest_run-1	sub-0050355	UM_1	ok	0.2	/work/ioannou_lab/elizabeth.szentmiklo/abide-sex-age-connectomics/connectomes/CC200/ABIDE1/sub-0050355_task-rest_run-1_atlas-CC200_fd-0.2_connectome.npz
ABIDE1	sub-0050356_task-rest_run-1	sub-0050356	UM_1	ok	0.2	/work/ioannou_lab/elizabeth.szentmiklo/abide-sex-age-connectomics/connectomes/CC200/ABIDE1/sub-0050356_task-rest_run-1_atlas-CC200_fd-0.2_connectome.npz
ABIDE1	sub-0050357_task-rest_run-1	sub-0050357	UM_1	ok	0.2	/work/ioannou_lab/elizabeth.szentmiklo/abide-sex-age-connectomics/connectomes/CC200/ABIDE1/sub-0050357_task-rest_run-1_atlas-CC200_fd-0.2_connectome.npz
ABIDE1	sub-0050358_task-rest_run-1	sub-0050358	UM_1	ok	0.2	/work/ioannou_lab/elizabeth.szentmiklo/abide-sex-age-connectomics/connectomes/CC200/ABIDE1/sub-0050358_task-rest_run-1_atlas-CC200_fd-0.2_connectome.npz
ABIDE1	sub-0050360_task-rest_run-1	sub-0050360	UM_1	ok	0.2	/work/ioannou_lab/elizabeth.szentmiklo/abide-sex-age-connectomics/connectomes/CC200/ABIDE1/sub-0050360_task-rest_run-1_atlas-CC200_fd-0.2_connectome.npz
ABIDE1	sub-0050361_task-rest_run-1	sub-0050361	UM_1	ok	0.2	/work/ioannou_lab/elizabeth.szentmiklo/abide-sex-age-connectomics/connectomes/CC200/ABIDE1/sub-0050361_task-rest_run-1_atlas-CC200_fd-0.2_connectome.npz
ABIDE1	sub-0050362_task-rest_run-1	sub-0050362	UM_1	ok	0.2	/work/ioannou_lab/elizabeth.szentmiklo/abide-sex-age-connectomics/connectomes/CC200/ABIDE1/sub-0050362_task-rest_run-1_atlas-CC200_fd-0.2_connectome.npz
ABIDE1	sub-0050363_task-rest_run-1	sub-0050363	UM_1	ok	0.2	/work/ioannou_lab/elizabeth.szentmiklo/abide-sex-age-connectomics/connectomes/CC200/ABIDE1/sub-0050363_task-rest_run-1_atlas-CC200_fd-0.2_connectome.npz
ABIDE1	sub-0050365_task-rest_run-1	sub-0050365	UM_1	ok	0.2	/work/ioannou_lab/elizabeth.szentmiklo/abide-sex-age-connectomics/connectomes/CC200/ABIDE1/sub-0050365_task-rest_run-1_atlas-CC200_fd-0.2_connectome.npz
ABIDE1	sub-0050366_task-rest_run-1	sub-0050366	UM_1	ok	0.2	/work/ioannou_lab/elizabeth.szentmiklo/abide-sex-age-connectomics/connectomes/CC200/ABIDE1/sub-0050366_task-rest_run-1_atlas-CC200_fd-0.2_connectome.npz
ABIDE1	sub-0050367_task-rest_run-1	sub-0050367	UM_1	ok	0.2	/work/ioannou_lab/elizabeth.szentmiklo/abide-sex-age-connectomics/connectomes/CC200/ABIDE1/sub-0050367_task-rest_run-1_atlas-CC200_fd-0.2_connectome.npz
ABIDE1	sub-0050368_task-rest_run-1	sub-0050368	UM_1	ok	0.2	/work/ioannou_lab/elizabeth.szentmiklo/abide-sex-age-connectomics/connectomes/CC200/ABIDE1/sub-0050368_task-rest_run-1_atlas-CC200_fd-0.2_connectome.npz
ABIDE1	sub-0050369_task-rest_run-1	sub-0050369	UM_1	ok	0.2	/work/ioannou_lab/elizabeth.szentmiklo/abide-sex-age-connectomics/connectomes/CC200/ABIDE1/sub-0050369_task-rest_run-1_atlas-CC200_fd-0.2_connectome.npz
ABIDE1	sub-0050370_task-rest_run-1	sub-0050370	UM_1	ok	0.2	/work/ioannou_lab/elizabeth.szentmiklo/abide-sex-age-connectomics/connectomes/CC200/ABIDE1/sub-0050370_task-rest_run-1_atlas-CC200_fd-0.2_connectome.npz
ABIDE1	sub-0050371_task-rest_run-1	sub-0050371	UM_1	ok	0.2	/work/ioannou_lab/elizabeth.szentmiklo/abide-sex-age-connectomics/connectomes/CC200/ABIDE1/sub-0050371_task-rest_run-1_atlas-CC200_fd-0.2_connectome.npz
ABIDE1	sub-0050372_task-rest_run-1	sub-0050372	UM_1	ok	0.2	/work/ioannou_lab/elizabeth.szentmiklo/abide-sex-age-connectomics/connectomes/CC200/ABIDE1/sub-0050372_task-rest_run-1_atlas-CC200_fd-0.2_connectome.npz
ABIDE1	sub-0050373_task-rest_run-1	sub-0050373	UM_1	ok	0.2	/work/ioannou_lab/elizabeth.szentmiklo/abide-sex-age-connectomics/connectomes/CC200/ABIDE1/sub-0050373_task-rest_run-1_atlas-CC200_fd-0.2_connectome.npz
ABIDE1	sub-0050374_task-rest_run-1	sub-0050374	UM_1	ok	0.2	/work/ioannou_lab/elizabeth.szentmiklo/abide-sex-age-connectomics/connectomes/CC200/ABIDE1/sub-0050374_task-rest_run-1_atlas-CC200_fd-0.2_connectome.npz
ABIDE1	sub-0050375_task-rest_run-1	sub-0050375	UM_1	ok	0.2	/work/ioannou_lab/elizabeth.szentmiklo/abide-sex-age-connectomics/connectomes/CC200/ABIDE1/sub-0050375_task-rest_run-1_atlas-CC200_fd-0.2_connectome.npz
ABIDE1	sub-0050376_task-rest_run-1	sub-0050376	UM_1	ok	0.2	/work/ioannou_lab/elizabeth.szentmiklo/abide-sex-age-connectomics/connectomes/CC200/ABIDE1/sub-0050376_task-rest_run-1_atlas-CC200_fd-0.2_connectome.npz
ABIDE1	sub-0050377_task-rest_run-1	sub-0050377	UM_1	ok	0.2	/work/ioannou_lab/elizabeth.szentmiklo/abide-sex-age-connectomics/connectomes/CC200/ABIDE1/sub-0050377_task-rest_run-1_atlas-CC200_fd-0.2_connectome.npz
ABIDE1	sub-0050378_task-rest_run-1	sub-0050378	UM_1	ok	0.2	/work/ioannou_lab/elizabeth.szentmiklo/abide-sex-age-connectomics/connectomes/CC200/ABIDE1/sub-0050378_task-rest_run-1_atlas-CC200_fd-0.2_connectome.npz
ABIDE1	sub-0050379_task-rest_run-1	sub-0050379	UM_1	ok	0.2	/work/ioannou_lab/elizabeth.szentmiklo/abide-sex-age-connectomics/connectomes/CC200/ABIDE1/sub-0050379_task-rest_run-1_atlas-CC200_fd-0.2_connectome.npz
ABIDE1	sub-0050380_task-rest_run-1	sub-0050380	UM_1	ok	0.2	/work/ioannou_lab/elizabeth.szentmiklo/abide-sex-age-connectomics/connectomes/CC200/ABIDE1/sub-0050380_task-rest_run-1_atlas-CC200_fd-0.2_connectome.npz
ABIDE1	sub-0050381_task-rest_run-1	sub-0050381	UM_1	ok	0.2	/work/ioannou_lab/elizabeth.szentmiklo/abide-sex-age-connectomics/connectomes/CC200/ABIDE1/sub-0050381_task-rest_run-1_atlas-CC200_fd-0.2_connectome.npz
ABIDE1	sub-0050382_task-rest_run-1	sub-0050382	UM_2	ok	0.2	/work/ioannou_lab/elizabeth.szentmiklo/abide-sex-age-connectomics/connectomes/CC200/ABIDE1/sub-0050382_task-rest_run-1_atlas-CC200_fd-0.2_connectome.npz
ABIDE1	sub-0050385_task-rest_run-1	sub-0050385	UM_2	ok	0.2	/work/ioannou_lab/elizabeth.szentmiklo/abide-sex-age-connectomics/connectomes/CC200/ABIDE1/sub-0050385_task-rest_run-1_atlas-CC200_fd-0.2_connectome.npz
ABIDE1	sub-0050386_task-rest_run-1	sub-0050386	UM_2	ok	0.2	/work/ioannou_lab/elizabeth.szentmiklo/abide-sex-age-connectomics/connectomes/CC200/ABIDE1/sub-0050386_task-rest_run-1_atlas-CC200_fd-0.2_connectome.npz
ABIDE1	sub-0050387_task-rest_run-1	sub-0050387	UM_2	ok	0.2	/work/ioannou_lab/elizabeth.szentmiklo/abide-sex-age-connectomics/connectomes/CC200/ABIDE1/sub-0050387_task-rest_run-1_atlas-CC200_fd-0.2_connectome.npz
ABIDE1	sub-0050388_task-rest_run-1	sub-0050388	UM_2	ok	0.2	/work/ioannou_lab/elizabeth.szentmiklo/abide-sex-age-connectomics/connectomes/CC200/ABIDE1/sub-0050388_task-rest_run-1_atlas-CC200_fd-0.2_connectome.npz
ABIDE1	sub-0050390_task-rest_run-1	sub-0050390	UM_2	ok	0.2	/work/ioannou_lab/elizabeth.szentmiklo/abide-sex-age-connectomics/connectomes/CC200/ABIDE1/sub-0050390_task-rest_run-1_atlas-CC200_fd-0.2_connectome.npz
ABIDE1	sub-0050391_task-rest_run-1	sub-0050391	UM_2	ok	0.2	/work/ioannou_lab/elizabeth.szentmiklo/abide-sex-age-connectomics/connectomes/CC200/ABIDE1/sub-0050391_task-rest_run-1_atlas-CC200_fd-0.2_connectome.npz
ABIDE1	sub-0050397_task-rest_run-1	sub-0050397	UM_2	ok	0.2	/work/ioannou_lab/elizabeth.szentmiklo/abide-sex-age-connectomics/connectomes/CC200/ABIDE1/sub-0050397_task-rest_run-1_atlas-CC200_fd-0.2_connectome.npz
ABIDE1	sub-0050399_task-rest_run-1	sub-0050399	UM_2	ok	0.2	/work/ioannou_lab/elizabeth.szentmiklo/abide-sex-age-connectomics/connectomes/CC200/ABIDE1/sub-0050399_task-rest_run-1_atlas-CC200_fd-0.2_connectome.npz
ABIDE1	sub-0050402_task-rest_run-1	sub-0050402	UM_2	ok	0.2	/work/ioannou_lab/elizabeth.szentmiklo/abide-sex-age-connectomics/connectomes/CC200/ABIDE1/sub-0050402_task-rest_run-1_atlas-CC200_fd-0.2_connectome.npz
ABIDE1	sub-0050403_task-rest_run-1	sub-0050403	UM_2	ok	0.2	/work/ioannou_lab/elizabeth.szentmiklo/abide-sex-age-connectomics/connectomes/CC200/ABIDE1/sub-0050403_task-rest_run-1_atlas-CC200_fd-0.2_connectome.npz
ABIDE1	sub-0050404_task-rest_run-1	sub-0050404	UM_2	ok	0.2	/work/ioannou_lab/elizabeth.szentmiklo/abide-sex-age-connectomics/connectomes/CC200/ABIDE1/sub-0050404_task-rest_run-1_atlas-CC200_fd-0.2_connectome.npz
ABIDE1	sub-0050405_task-rest_run-1	sub-0050405	UM_2	ok	0.2	/work/ioannou_lab/elizabeth.szentmiklo/abide-sex-age-connectomics/connectomes/CC200/ABIDE1/sub-0050405_task-rest_run-1_atlas-CC200_fd-0.2_connectome.npz
ABIDE1	sub-0050406_task-rest_run-1	sub-0050406	UM_2	ok	0.2	/work/ioannou_lab/elizabeth.szentmiklo/abide-sex-age-connectomics/connectomes/CC200/ABIDE1/sub-0050406_task-rest_run-1_atlas-CC200_fd-0.2_connectome.npz
ABIDE1	sub-0050407_task-rest_run-1	sub-0050407	UM_2	ok	0.2	/work/ioannou_lab/elizabeth.szentmiklo/abide-sex-age-connectomics/connectomes/CC200/ABIDE1/sub-0050407_task-rest_run-1_atlas-CC200_fd-0.2_connectome.npz
ABIDE1	sub-0050408_task-rest_run-1	sub-0050408	UM_2	ok	0.2	/work/ioannou_lab/elizabeth.szentmiklo/abide-sex-age-connectomics/connectomes/CC200/ABIDE1/sub-0050408_task-rest_run-1_atlas-CC200_fd-0.2_connectome.npz
ABIDE1	sub-0050410_task-rest_run-1	sub-0050410	UM_2	ok	0.2	/work/ioannou_lab/elizabeth.szentmiklo/abide-sex-age-connectomics/connectomes/CC200/ABIDE1/sub-0050410_task-rest_run-1_atlas-CC200_fd-0.2_connectome.npz
ABIDE1	sub-0050412_task-rest_run-1	sub-0050412	UM_2	ok	0.2	/work/ioannou_lab/elizabeth.szentmiklo/abide-sex-age-connectomics/connectomes/CC200/ABIDE1/sub-0050412_task-rest_run-1_atlas-CC200_fd-0.2_connectome.npz
ABIDE1	sub-0050413_task-rest_run-1	sub-0050413	UM_2	ok	0.2	/work/ioannou_lab/elizabeth.szentmiklo/abide-sex-age-connectomics/connectomes/CC200/ABIDE1/sub-0050413_task-rest_run-1_atlas-CC200_fd-0.2_connectome.npz
ABIDE1	sub-0050414_task-rest_run-1	sub-0050414	UM_2	ok	0.2	/work/ioannou_lab/elizabeth.szentmiklo/abide-sex-age-connectomics/connectomes/CC200/ABIDE1/sub-0050414_task-rest_run-1_atlas-CC200_fd-0.2_connectome.npz
ABIDE1	sub-0050415_task-rest_run-1	sub-0050415	UM_2	ok	0.2	/work/ioannou_lab/elizabeth.szentmiklo/abide-sex-age-connectomics/connectomes/CC200/ABIDE1/sub-0050415_task-rest_run-1_atlas-CC200_fd-0.2_connectome.npz
ABIDE1	sub-0050416_task-rest_run-1	sub-0050416	UM_2	ok	0.2	/work/ioannou_lab/elizabeth.szentmiklo/abide-sex-age-connectomics/connectomes/CC200/ABIDE1/sub-0050416_task-rest_run-1_atlas-CC200_fd-0.2_connectome.npz
ABIDE1	sub-0050417_task-rest_run-1	sub-0050417	UM_2	ok	0.2	/work/ioannou_lab/elizabeth.szentmiklo/abide-sex-age-connectomics/connectomes/CC200/ABIDE1/sub-0050417_task-rest_run-1_atlas-CC200_fd-0.2_connectome.npz
ABIDE1	sub-0050418_task-rest_run-1	sub-0050418	UM_2	ok	0.2	/work/ioannou_lab/elizabeth.szentmiklo/abide-sex-age-connectomics/connectomes/CC200/ABIDE1/sub-0050418_task-rest_run-1_atlas-CC200_fd-0.2_connectome.npz
ABIDE1	sub-0050419_task-rest_run-1	sub-0050419	UM_2	ok	0.2	/work/ioannou_lab/elizabeth.szentmiklo/abide-sex-age-connectomics/connectomes/CC200/ABIDE1/sub-0050419_task-rest_run-1_atlas-CC200_fd-0.2_connectome.npz
ABIDE1	sub-0050421_task-rest_run-1	sub-0050421	UM_2	ok	0.2	/work/ioannou_lab/elizabeth.szentmiklo/abide-sex-age-connectomics/connectomes/CC200/ABIDE1/sub-0050421_task-rest_run-1_atlas-CC200_fd-0.2_connectome.npz
ABIDE1	sub-0050422_task-rest_run-1	sub-0050422	UM_2	ok	0.2	/work/ioannou_lab/elizabeth.szentmiklo/abide-sex-age-connectomics/connectomes/CC200/ABIDE1/sub-0050422_task-rest_run-1_atlas-CC200_fd-0.2_connectome.npz
ABIDE1	sub-0050424_task-rest_run-1	sub-0050424	UM_2	ok	0.2	/work/ioannou_lab/elizabeth.szentmiklo/abide-sex-age-connectomics/connectomes/CC200/ABIDE1/sub-0050424_task-rest_run-1_atlas-CC200_fd-0.2_connectome.npz
ABIDE1	sub-0050425_task-rest_run-1	sub-0050425	UM_2	ok	0.2	/work/ioannou_lab/elizabeth.szentmiklo/abide-sex-age-connectomics/connectomes/CC200/ABIDE1/sub-0050425_task-rest_run-1_atlas-CC200_fd-0.2_connectome.npz
ABIDE1	sub-0050426_task-rest_run-1	sub-0050426	UM_2	ok	0.2	/work/ioannou_lab/elizabeth.szentmiklo/abide-sex-age-connectomics/connectomes/CC200/ABIDE1/sub-0050426_task-rest_run-1_atlas-CC200_fd-0.2_connectome.npz
ABIDE1	sub-0050427_task-rest_run-1	sub-0050427	UM_2	ok	0.2	/work/ioannou_lab/elizabeth.szentmiklo/abide-sex-age-connectomics/connectomes/CC200/ABIDE1/sub-0050427_task-rest_run-1_atlas-CC200_fd-0.2_connectome.npz
ABIDE1	sub-0050428_task-rest_run-1	sub-0050428	UM_2	ok	0.2	/work/ioannou_lab/elizabeth.szentmiklo/abide-sex-age-connectomics/connectomes/CC200/ABIDE1/sub-0050428_task-rest_run-1_atlas-CC200_fd-0.2_connectome.npz
ABIDE1	sub-0050551_task-rest_run-1	sub-0050551	YALE	ok	0.2	/work/ioannou_lab/elizabeth.szentmiklo/abide-sex-age-connectomics/connectomes/CC200/ABIDE1/sub-0050551_task-rest_run-1_atlas-CC200_fd-0.2_connectome.npz
ABIDE1	sub-0050552_task-rest_run-1	sub-0050552	YALE	ok	0.2	/work/ioannou_lab/elizabeth.szentmiklo/abide-sex-age-connectomics/connectomes/CC200/ABIDE1/sub-0050552_task-rest_run-1_atlas-CC200_fd-0.2_connectome.npz
ABIDE1	sub-0050553_task-rest_run-1	sub-0050553	YALE	ok	0.2	/work/ioannou_lab/elizabeth.szentmiklo/abide-sex-age-connectomics/connectomes/CC200/ABIDE1/sub-0050553_task-rest_run-1_atlas-CC200_fd-0.2_connectome.npz
ABIDE1	sub-0050554_task-rest_run-1	sub-0050554	YALE	ok	0.2	/work/ioannou_lab/elizabeth.szentmiklo/abide-sex-age-connectomics/connectomes/CC200/ABIDE1/sub-0050554_task-rest_run-1_atlas-CC200_fd-0.2_connectome.npz
ABIDE1	sub-0050555_task-rest_run-1	sub-0050555	YALE	ok	0.2	/work/ioannou_lab/elizabeth.szentmiklo/abide-sex-age-connectomics/connectomes/CC200/ABIDE1/sub-0050555_task-rest_run-1_atlas-CC200_fd-0.2_connectome.npz
ABIDE1	sub-0050556_task-rest_run-1	sub-0050556	YALE	ok	0.2	/work/ioannou_lab/elizabeth.szentmiklo/abide-sex-age-connectomics/connectomes/CC200/ABIDE1/sub-0050556_task-rest_run-1_atlas-CC200_fd-0.2_connectome.npz
ABIDE1	sub-0050557_task-rest_run-1	sub-0050557	YALE	ok	0.2	/work/ioannou_lab/elizabeth.szentmiklo/abide-sex-age-connectomics/connectomes/CC200/ABIDE1/sub-0050557_task-rest_run-1_atlas-CC200_fd-0.2_connectome.npz
ABIDE1	sub-0050558_task-rest_run-1	sub-0050558	YALE	ok	0.2	/work/ioannou_lab/elizabeth.szentmiklo/abide-sex-age-connectomics/connectomes/CC200/ABIDE1/sub-0050558_task-rest_run-1_atlas-CC200_fd-0.2_connectome.npz
ABIDE1	sub-0050560_task-rest_run-1	sub-0050560	YALE	ok	0.2	/work/ioannou_lab/elizabeth.szentmiklo/abide-sex-age-connectomics/connectomes/CC200/ABIDE1/sub-0050560_task-rest_run-1_atlas-CC200_fd-0.2_connectome.npz
ABIDE1	sub-0050561_task-rest_run-1	sub-0050561	YALE	ok	0.2	/work/ioannou_lab/elizabeth.szentmiklo/abide-sex-age-connectomics/connectomes/CC200/ABIDE1/sub-0050561_task-rest_run-1_atlas-CC200_fd-0.2_connectome.npz
ABIDE1	sub-0050562_task-rest_run-1	sub-0050562	YALE	ok	0.2	/work/ioannou_lab/elizabeth.szentmiklo/abide-sex-age-connectomics/connectomes/CC200/ABIDE1/sub-0050562_task-rest_run-1_atlas-CC200_fd-0.2_connectome.npz
ABIDE1	sub-0050563_task-rest_run-1	sub-0050563	YALE	ok	0.2	/work/ioannou_lab/elizabeth.szentmiklo/abide-sex-age-connectomics/connectomes/CC200/ABIDE1/sub-0050563_task-rest_run-1_atlas-CC200_fd-0.2_connectome.npz
ABIDE1	sub-0050564_task-rest_run-1	sub-0050564	YALE	ok	0.2	/work/ioannou_lab/elizabeth.szentmiklo/abide-sex-age-connectomics/connectomes/CC200/ABIDE1/sub-0050564_task-rest_run-1_atlas-CC200_fd-0.2_connectome.npz
ABIDE1	sub-0050565_task-rest_run-1	sub-0050565	YALE	ok	0.2	/work/ioannou_lab/elizabeth.szentmiklo/abide-sex-age-connectomics/connectomes/CC200/ABIDE1/sub-0050565_task-rest_run-1_atlas-CC200_fd-0.2_connectome.npz
ABIDE1	sub-0050566_task-rest_run-1	sub-0050566	YALE	ok	0.2	/work/ioannou_lab/elizabeth.szentmiklo/abide-sex-age-connectomics/connectomes/CC200/ABIDE1/sub-0050566_task-rest_run-1_atlas-CC200_fd-0.2_connectome.npz
ABIDE1	sub-0050567_task-rest_run-1	sub-0050567	YALE	ok	0.2	/work/ioannou_lab/elizabeth.szentmiklo/abide-sex-age-connectomics/connectomes/CC200/ABIDE1/sub-0050567_task-rest_run-1_atlas-CC200_fd-0.2_connectome.npz
ABIDE1	sub-0050568_task-rest_run-1	sub-0050568	YALE	ok	0.2	/work/ioannou_lab/elizabeth.szentmiklo/abide-sex-age-connectomics/connectomes/CC200/ABIDE1/sub-0050568_task-rest_run-1_atlas-CC200_fd-0.2_connectome.npz
ABIDE1	sub-0050569_task-rest_run-1	sub-0050569	YALE	ok	0.2	/work/ioannou_lab/elizabeth.szentmiklo/abide-sex-age-connectomics/connectomes/CC200/ABIDE1/sub-0050569_task-rest_run-1_atlas-CC200_fd-0.2_connectome.npz
ABIDE1	sub-0050570_task-rest_run-1	sub-0050570	YALE	ok	0.2	/work/ioannou_lab/elizabeth.szentmiklo/abide-sex-age-connectomics/connectomes/CC200/ABIDE1/sub-0050570_task-rest_run-1_atlas-CC200_fd-0.2_connectome.npz
ABIDE1	sub-0050572_task-rest_run-1	sub-0050572	YALE	ok	0.2	/work/ioannou_lab/elizabeth.szentmiklo/abide-sex-age-connectomics/connectomes/CC200/ABIDE1/sub-0050572_task-rest_run-1_atlas-CC200_fd-0.2_connectome.npz
ABIDE1	sub-0050573_task-rest_run-1	sub-0050573	YALE	ok	0.2	/work/ioannou_lab/elizabeth.szentmiklo/abide-sex-age-connectomics/connectomes/CC200/ABIDE1/sub-0050573_task-rest_run-1_atlas-CC200_fd-0.2_connectome.npz
ABIDE1	sub-0050574_task-rest_run-1	sub-0050574	YALE	ok	0.2	/work/ioannou_lab/elizabeth.szentmiklo/abide-sex-age-connectomics/connectomes/CC200/ABIDE1/sub-0050574_task-rest_run-1_atlas-CC200_fd-0.2_connectome.npz
ABIDE1	sub-0050575_task-rest_run-1	sub-0050575	YALE	ok	0.2	/work/ioannou_lab/elizabeth.szentmiklo/abide-sex-age-connectomics/connectomes/CC200/ABIDE1/sub-0050575_task-rest_run-1_atlas-CC200_fd-0.2_connectome.npz
ABIDE1	sub-0050576_task-rest_run-1	sub-0050576	YALE	ok	0.2	/work/ioannou_lab/elizabeth.szentmiklo/abide-sex-age-connectomics/connectomes/CC200/ABIDE1/sub-0050576_task-rest_run-1_atlas-CC200_fd-0.2_connectome.npz
ABIDE1	sub-0050577_task-rest_run-1	sub-0050577	YALE	ok	0.2	/work/ioannou_lab/elizabeth.szentmiklo/abide-sex-age-connectomics/connectomes/CC200/ABIDE1/sub-0050577_task-rest_run-1_atlas-CC200_fd-0.2_connectome.npz
ABIDE1	sub-0050601_task-rest_run-1	sub-0050601	YALE	ok	0.2	/work/ioannou_lab/elizabeth.szentmiklo/abide-sex-age-connectomics/connectomes/CC200/ABIDE1/sub-0050601_task-rest_run-1_atlas-CC200_fd-0.2_connectome.npz
ABIDE1	sub-0050603_task-rest_run-1	sub-0050603	YALE	ok	0.2	/work/ioannou_lab/elizabeth.szentmiklo/abide-sex-age-connectomics/connectomes/CC200/ABIDE1/sub-0050603_task-rest_run-1_atlas-CC200_fd-0.2_connectome.npz
ABIDE1	sub-0050604_task-rest_run-1	sub-0050604	YALE	ok	0.2	/work/ioannou_lab/elizabeth.szentmiklo/abide-sex-age-connectomics/connectomes/CC200/ABIDE1/sub-0050604_task-rest_run-1_atlas-CC200_fd-0.2_connectome.npz
ABIDE1	sub-0050605_task-rest_run-1	sub-0050605	YALE	ok	0.2	/work/ioannou_lab/elizabeth.szentmiklo/abide-sex-age-connectomics/connectomes/CC200/ABIDE1/sub-0050605_task-rest_run-1_atlas-CC200_fd-0.2_connectome.npz
ABIDE1	sub-0050606_task-rest_run-1	sub-0050606	YALE	ok	0.2	/work/ioannou_lab/elizabeth.szentmiklo/abide-sex-age-connectomics/connectomes/CC200/ABIDE1/sub-0050606_task-rest_run-1_atlas-CC200_fd-0.2_connectome.npz
ABIDE1	sub-0050607_task-rest_run-1	sub-0050607	YALE	ok	0.2	/work/ioannou_lab/elizabeth.szentmiklo/abide-sex-age-connectomics/connectomes/CC200/ABIDE1/sub-0050607_task-rest_run-1_atlas-CC200_fd-0.2_connectome.npz
ABIDE1	sub-0050608_task-rest_run-1	sub-0050608	YALE	ok	0.2	/work/ioannou_lab/elizabeth.szentmiklo/abide-sex-age-connectomics/connectomes/CC200/ABIDE1/sub-0050608_task-rest_run-1_atlas-CC200_fd-0.2_connectome.npz
ABIDE1	sub-0050609_task-rest_run-1	sub-0050609	YALE	ok	0.2	/work/ioannou_lab/elizabeth.szentmiklo/abide-sex-age-connectomics/connectomes/CC200/ABIDE1/sub-0050609_task-rest_run-1_atlas-CC200_fd-0.2_connectome.npz
ABIDE1	sub-0050610_task-rest_run-1	sub-0050610	YALE	ok	0.2	/work/ioannou_lab/elizabeth.szentmiklo/abide-sex-age-connectomics/connectomes/CC200/ABIDE1/sub-0050610_task-rest_run-1_atlas-CC200_fd-0.2_connectome.npz
ABIDE1	sub-0050611_task-rest_run-1	sub-0050611	YALE	ok	0.2	/work/ioannou_lab/elizabeth.szentmiklo/abide-sex-age-connectomics/connectomes/CC200/ABIDE1/sub-0050611_task-rest_run-1_atlas-CC200_fd-0.2_connectome.npz
ABIDE1	sub-0050612_task-rest_run-1	sub-0050612	YALE	ok	0.2	/work/ioannou_lab/elizabeth.szentmiklo/abide-sex-age-connectomics/connectomes/CC200/ABIDE1/sub-0050612_task-rest_run-1_atlas-CC200_fd-0.2_connectome.npz
ABIDE1	sub-0050613_task-rest_run-1	sub-0050613	YALE	ok	0.2	/work/ioannou_lab/elizabeth.szentmiklo/abide-sex-age-connectomics/connectomes/CC200/ABIDE1/sub-0050613_task-rest_run-1_atlas-CC200_fd-0.2_connectome.npz
ABIDE1	sub-0050614_task-rest_run-1	sub-0050614	YALE	ok	0.2	/work/ioannou_lab/elizabeth.szentmiklo/abide-sex-age-connectomics/connectomes/CC200/ABIDE1/sub-0050614_task-rest_run-1_atlas-CC200_fd-0.2_connectome.npz
ABIDE1	sub-0050616_task-rest_run-1	sub-0050616	YALE	ok	0.2	/work/ioannou_lab/elizabeth.szentmiklo/abide-sex-age-connectomics/connectomes/CC200/ABIDE1/sub-0050616_task-rest_run-1_atlas-CC200_fd-0.2_connectome.npz
ABIDE1	sub-0050617_task-rest_run-1	sub-0050617	YALE	ok	0.2	/work/ioannou_lab/elizabeth.szentmiklo/abide-sex-age-connectomics/connectomes/CC200/ABIDE1/sub-0050617_task-rest_run-1_atlas-CC200_fd-0.2_connectome.npz
ABIDE1	sub-0050619_task-rest_run-1	sub-0050619	YALE	ok	0.2	/work/ioannou_lab/elizabeth.szentmiklo/abide-sex-age-connectomics/connectomes/CC200/ABIDE1/sub-0050619_task-rest_run-1_atlas-CC200_fd-0.2_connectome.npz
ABIDE1	sub-0050620_task-rest_run-1	sub-0050620	YALE	ok	0.2	/work/ioannou_lab/elizabeth.szentmiklo/abide-sex-age-connectomics/connectomes/CC200/ABIDE1/sub-0050620_task-rest_run-1_atlas-CC200_fd-0.2_connectome.npz
ABIDE1	sub-0050621_task-rest_run-1	sub-0050621	YALE	ok	0.2	/work/ioannou_lab/elizabeth.szentmiklo/abide-sex-age-connectomics/connectomes/CC200/ABIDE1/sub-0050621_task-rest_run-1_atlas-CC200_fd-0.2_connectome.npz
ABIDE1	sub-0050622_task-rest_run-1	sub-0050622	YALE	ok	0.2	/work/ioannou_lab/elizabeth.szentmiklo/abide-sex-age-connectomics/connectomes/CC200/ABIDE1/sub-0050622_task-rest_run-1_atlas-CC200_fd-0.2_connectome.npz
ABIDE1	sub-0050623_task-rest_run-1	sub-0050623	YALE	ok	0.2	/work/ioannou_lab/elizabeth.szentmiklo/abide-sex-age-connectomics/connectomes/CC200/ABIDE1/sub-0050623_task-rest_run-1_atlas-CC200_fd-0.2_connectome.npz
ABIDE1	sub-0050625_task-rest_run-1	sub-0050625	YALE	ok	0.2	/work/ioannou_lab/elizabeth.szentmiklo/abide-sex-age-connectomics/connectomes/CC200/ABIDE1/sub-0050625_task-rest_run-1_atlas-CC200_fd-0.2_connectome.npz
ABIDE1	sub-0050626_task-rest_run-1	sub-0050626	YALE	ok	0.2	/work/ioannou_lab/elizabeth.szentmiklo/abide-sex-age-connectomics/connectomes/CC200/ABIDE1/sub-0050626_task-rest_run-1_atlas-CC200_fd-0.2_connectome.npz
ABIDE1	sub-0050627_task-rest_run-1	sub-0050627	YALE	ok	0.2	/work/ioannou_lab/elizabeth.szentmiklo/abide-sex-age-connectomics/connectomes/CC200/ABIDE1/sub-0050627_task-rest_run-1_atlas-CC200_fd-0.2_connectome.npz
ABIDE1	sub-0050628_task-rest_run-1	sub-0050628	YALE	ok	0.2	/work/ioannou_lab/elizabeth.szentmiklo/abide-sex-age-connectomics/connectomes/CC200/ABIDE1/sub-0050628_task-rest_run-1_atlas-CC200_fd-0.2_connectome.npz
ABIDE1	sub-0050642_task-rest_run-1	sub-0050642	CMU	ok	0.2	/work/ioannou_lab/elizabeth.szentmiklo/abide-sex-age-connectomics/connectomes/CC200/ABIDE1/sub-0050642_task-rest_run-1_atlas-CC200_fd-0.2_connectome.npz
ABIDE1	sub-0050647_task-rest_run-1	sub-0050647	CMU	ok	0.2	/work/ioannou_lab/elizabeth.szentmiklo/abide-sex-age-connectomics/connectomes/CC200/ABIDE1/sub-0050647_task-rest_run-1_atlas-CC200_fd-0.2_connectome.npz
ABIDE1	sub-0050649_task-rest_run-1	sub-0050649	CMU	ok	0.2	/work/ioannou_lab/elizabeth.szentmiklo/abide-sex-age-connectomics/connectomes/CC200/ABIDE1/sub-0050649_task-rest_run-1_atlas-CC200_fd-0.2_connectome.npz
ABIDE1	sub-0050654_task-rest_run-1	sub-0050654	CMU	ok	0.2	/work/ioannou_lab/elizabeth.szentmiklo/abide-sex-age-connectomics/connectomes/CC200/ABIDE1/sub-0050654_task-rest_run-1_atlas-CC200_fd-0.2_connectome.npz
ABIDE1	sub-0050656_task-rest_run-1	sub-0050656	CMU	ok	0.2	/work/ioannou_lab/elizabeth.szentmiklo/abide-sex-age-connectomics/connectomes/CC200/ABIDE1/sub-0050656_task-rest_run-1_atlas-CC200_fd-0.2_connectome.npz
ABIDE1	sub-0050660_task-rest_run-1	sub-0050660	CMU	ok	0.2	/work/ioannou_lab/elizabeth.szentmiklo/abide-sex-age-connectomics/connectomes/CC200/ABIDE1/sub-0050660_task-rest_run-1_atlas-CC200_fd-0.2_connectome.npz
ABIDE1	sub-0050664_task-rest_run-1	sub-0050664	CMU	ok	0.2	/work/ioannou_lab/elizabeth.szentmiklo/abide-sex-age-connectomics/connectomes/CC200/ABIDE1/sub-0050664_task-rest_run-1_atlas-CC200_fd-0.2_connectome.npz
ABIDE1	sub-0050666_task-rest_run-1	sub-0050666	CMU	ok	0.2	/work/ioannou_lab/elizabeth.szentmiklo/abide-sex-age-connectomics/connectomes/CC200/ABIDE1/sub-0050666_task-rest_run-1_atlas-CC200_fd-0.2_connectome.npz
ABIDE1	sub-0050668_task-rest_run-1	sub-0050668	CMU	ok	0.2	/work/ioannou_lab/elizabeth.szentmiklo/abide-sex-age-connectomics/connectomes/CC200/ABIDE1/sub-0050668_task-rest_run-1_atlas-CC200_fd-0.2_connectome.npz
ABIDE1	sub-0050682_task-rest_run-1	sub-0050682	LEUVEN_1	ok	0.2	/work/ioannou_lab/elizabeth.szentmiklo/abide-sex-age-connectomics/connectomes/CC200/ABIDE1/sub-0050682_task-rest_run-1_atlas-CC200_fd-0.2_connectome.npz
ABIDE1	sub-0050683_task-rest_run-1	sub-0050683	LEUVEN_1	ok	0.2	/work/ioannou_lab/elizabeth.szentmiklo/abide-sex-age-connectomics/connectomes/CC200/ABIDE1/sub-0050683_task-rest_run-1_atlas-CC200_fd-0.2_connectome.npz
ABIDE1	sub-0050685_task-rest_run-1	sub-0050685	LEUVEN_1	ok	0.2	/work/ioannou_lab/elizabeth.szentmiklo/abide-sex-age-connectomics/connectomes/CC200/ABIDE1/sub-0050685_task-rest_run-1_atlas-CC200_fd-0.2_connectome.npz
ABIDE1	sub-0050686_task-rest_run-1	sub-0050686	LEUVEN_1	ok	0.2	/work/ioannou_lab/elizabeth.szentmiklo/abide-sex-age-connectomics/connectomes/CC200/ABIDE1/sub-0050686_task-rest_run-1_atlas-CC200_fd-0.2_connectome.npz
ABIDE1	sub-0050687_task-rest_run-1	sub-0050687	LEUVEN_1	ok	0.2	/work/ioannou_lab/elizabeth.szentmiklo/abide-sex-age-connectomics/connectomes/CC200/ABIDE1/sub-0050687_task-rest_run-1_atlas-CC200_fd-0.2_connectome.npz
ABIDE1	sub-0050688_task-rest_run-1	sub-0050688	LEUVEN_1	ok	0.2	/work/ioannou_lab/elizabeth.szentmiklo/abide-sex-age-connectomics/connectomes/CC200/ABIDE1/sub-0050688_task-rest_run-1_atlas-CC200_fd-0.2_connectome.npz
ABIDE1	sub-0050689_task-rest_run-1	sub-0050689	LEUVEN_1	ok	0.2	/work/ioannou_lab/elizabeth.szentmiklo/abide-sex-age-connectomics/connectomes/CC200/ABIDE1/sub-0050689_task-rest_run-1_atlas-CC200_fd-0.2_connectome.npz
ABIDE1	sub-0050690_task-rest_run-1	sub-0050690	LEUVEN_1	ok	0.2	/work/ioannou_lab/elizabeth.szentmiklo/abide-sex-age-connectomics/connectomes/CC200/ABIDE1/sub-0050690_task-rest_run-1_atlas-CC200_fd-0.2_connectome.npz
ABIDE1	sub-0050691_task-rest_run-1	sub-0050691	LEUVEN_1	ok	0.2	/work/ioannou_lab/elizabeth.szentmiklo/abide-sex-age-connectomics/connectomes/CC200/ABIDE1/sub-0050691_task-rest_run-1_atlas-CC200_fd-0.2_connectome.npz
ABIDE1	sub-0050692_task-rest_run-1	sub-0050692	LEUVEN_1	ok	0.2	/work/ioannou_lab/elizabeth.szentmiklo/abide-sex-age-connectomics/connectomes/CC200/ABIDE1/sub-0050692_task-rest_run-1_atlas-CC200_fd-0.2_connectome.npz
ABIDE1	sub-0050693_task-rest_run-1	sub-0050693	LEUVEN_1	ok	0.2	/work/ioannou_lab/elizabeth.szentmiklo/abide-sex-age-connectomics/connectomes/CC200/ABIDE1/sub-0050693_task-rest_run-1_atlas-CC200_fd-0.2_connectome.npz
ABIDE1	sub-0050694_task-rest_run-1	sub-0050694	LEUVEN_1	ok	0.2	/work/ioannou_lab/elizabeth.szentmiklo/abide-sex-age-connectomics/connectomes/CC200/ABIDE1/sub-0050694_task-rest_run-1_atlas-CC200_fd-0.2_connectome.npz
ABIDE1	sub-0050695_task-rest_run-1	sub-0050695	LEUVEN_1	ok	0.2	/work/ioannou_lab/elizabeth.szentmiklo/abide-sex-age-connectomics/connectomes/CC200/ABIDE1/sub-0050695_task-rest_run-1_atlas-CC200_fd-0.2_connectome.npz
ABIDE1	sub-0050696_task-rest_run-1	sub-0050696	LEUVEN_1	ok	0.2	/work/ioannou_lab/elizabeth.szentmiklo/abide-sex-age-connectomics/connectomes/CC200/ABIDE1/sub-0050696_task-rest_run-1_atlas-CC200_fd-0.2_connectome.npz
ABIDE1	sub-0050697_task-rest_run-1	sub-0050697	LEUVEN_1	ok	0.2	/work/ioannou_lab/elizabeth.szentmiklo/abide-sex-age-connectomics/connectomes/CC200/ABIDE1/sub-0050697_task-rest_run-1_atlas-CC200_fd-0.2_connectome.npz
ABIDE1	sub-0050698_task-rest_run-1	sub-0050698	LEUVEN_1	ok	0.2	/work/ioannou_lab/elizabeth.szentmiklo/abide-sex-age-connectomics/connectomes/CC200/ABIDE1/sub-0050698_task-rest_run-1_atlas-CC200_fd-0.2_connectome.npz
ABIDE1	sub-0050699_task-rest_run-1	sub-0050699	LEUVEN_1	ok	0.2	/work/ioannou_lab/elizabeth.szentmiklo/abide-sex-age-connectomics/connectomes/CC200/ABIDE1/sub-0050699_task-rest_run-1_atlas-CC200_fd-0.2_connectome.npz
ABIDE1	sub-0050700_task-rest_run-1	sub-0050700	LEUVEN_1	ok	0.2	/work/ioannou_lab/elizabeth.szentmiklo/abide-sex-age-connectomics/connectomes/CC200/ABIDE1/sub-0050700_task-rest_run-1_atlas-CC200_fd-0.2_connectome.npz
ABIDE1	sub-0050702_task-rest_run-1	sub-0050702	LEUVEN_1	ok	0.2	/work/ioannou_lab/elizabeth.szentmiklo/abide-sex-age-connectomics/connectomes/CC200/ABIDE1/sub-0050702_task-rest_run-1_atlas-CC200_fd-0.2_connectome.npz
ABIDE1	sub-0050703_task-rest_run-1	sub-0050703	LEUVEN_1	ok	0.2	/work/ioannou_lab/elizabeth.szentmiklo/abide-sex-age-connectomics/connectomes/CC200/ABIDE1/sub-0050703_task-rest_run-1_atlas-CC200_fd-0.2_connectome.npz
ABIDE1	sub-0050704_task-rest_run-1	sub-0050704	LEUVEN_1	ok	0.2	/work/ioannou_lab/elizabeth.szentmiklo/abide-sex-age-connectomics/connectomes/CC200/ABIDE1/sub-0050704_task-rest_run-1_atlas-CC200_fd-0.2_connectome.npz
ABIDE1	sub-0050705_task-rest_run-1	sub-0050705	LEUVEN_1	ok	0.2	/work/ioannou_lab/elizabeth.szentmiklo/abide-sex-age-connectomics/connectomes/CC200/ABIDE1/sub-0050705_task-rest_run-1_atlas-CC200_fd-0.2_connectome.npz
ABIDE1	sub-0050706_task-rest_run-1	sub-0050706	LEUVEN_1	ok	0.2	/work/ioannou_lab/elizabeth.szentmiklo/abide-sex-age-connectomics/connectomes/CC200/ABIDE1/sub-0050706_task-rest_run-1_atlas-CC200_fd-0.2_connectome.npz
ABIDE1	sub-0050707_task-rest_run-1	sub-0050707	LEUVEN_1	ok	0.2	/work/ioannou_lab/elizabeth.szentmiklo/abide-sex-age-connectomics/connectomes/CC200/ABIDE1/sub-0050707_task-rest_run-1_atlas-CC200_fd-0.2_connectome.npz
ABIDE1	sub-0050708_task-rest_run-1	sub-0050708	LEUVEN_1	ok	0.2	/work/ioannou_lab/elizabeth.szentmiklo/abide-sex-age-connectomics/connectomes/CC200/ABIDE1/sub-0050708_task-rest_run-1_atlas-CC200_fd-0.2_connectome.npz
ABIDE1	sub-0050709_task-rest_run-1	sub-0050709	LEUVEN_1	ok	0.2	/work/ioannou_lab/elizabeth.szentmiklo/abide-sex-age-connectomics/connectomes/CC200/ABIDE1/sub-0050709_task-rest_run-1_atlas-CC200_fd-0.2_connectome.npz
ABIDE1	sub-0050710_task-rest_run-1	sub-0050710	LEUVEN_1	ok	0.2	/work/ioannou_lab/elizabeth.szentmiklo/abide-sex-age-connectomics/connectomes/CC200/ABIDE1/sub-0050710_task-rest_run-1_atlas-CC200_fd-0.2_connectome.npz
ABIDE1	sub-0050711_task-rest_run-1	sub-0050711	LEUVEN_1	ok	0.2	/work/ioannou_lab/elizabeth.szentmiklo/abide-sex-age-connectomics/connectomes/CC200/ABIDE1/sub-0050711_task-rest_run-1_atlas-CC200_fd-0.2_connectome.npz
ABIDE1	sub-0050723_task-rest_run-1	sub-0050723	LEUVEN_2	ok	0.2	/work/ioannou_lab/elizabeth.szentmiklo/abide-sex-age-connectomics/connectomes/CC200/ABIDE1/sub-0050723_task-rest_run-1_atlas-CC200_fd-0.2_connectome.npz
ABIDE1	sub-0050724_task-rest_run-1	sub-0050724	LEUVEN_2	ok	0.2	/work/ioannou_lab/elizabeth.szentmiklo/abide-sex-age-connectomics/connectomes/CC200/ABIDE1/sub-0050724_task-rest_run-1_atlas-CC200_fd-0.2_connectome.npz
ABIDE1	sub-0050726_task-rest_run-1	sub-0050726	LEUVEN_2	ok	0.2	/work/ioannou_lab/elizabeth.szentmiklo/abide-sex-age-connectomics/connectomes/CC200/ABIDE1/sub-0050726_task-rest_run-1_atlas-CC200_fd-0.2_connectome.npz
ABIDE1	sub-0050728_task-rest_run-1	sub-0050728	LEUVEN_2	ok	0.2	/work/ioannou_lab/elizabeth.szentmiklo/abide-sex-age-connectomics/connectomes/CC200/ABIDE1/sub-0050728_task-rest_run-1_atlas-CC200_fd-0.2_connectome.npz
ABIDE1	sub-0050730_task-rest_run-1	sub-0050730	LEUVEN_2	ok	0.2	/work/ioannou_lab/elizabeth.szentmiklo/abide-sex-age-connectomics/connectomes/CC200/ABIDE1/sub-0050730_task-rest_run-1_atlas-CC200_fd-0.2_connectome.npz
ABIDE1	sub-0050731_task-rest_run-1	sub-0050731	LEUVEN_2	ok	0.2	/work/ioannou_lab/elizabeth.szentmiklo/abide-sex-age-connectomics/connectomes/CC200/ABIDE1/sub-0050731_task-rest_run-1_atlas-CC200_fd-0.2_connectome.npz
ABIDE1	sub-0050732_task-rest_run-1	sub-0050732	LEUVEN_2	ok	0.2	/work/ioannou_lab/elizabeth.szentmiklo/abide-sex-age-connectomics/connectomes/CC200/ABIDE1/sub-0050732_task-rest_run-1_atlas-CC200_fd-0.2_connectome.npz
ABIDE1	sub-0050733_task-rest_run-1	sub-0050733	LEUVEN_2	ok	0.2	/work/ioannou_lab/elizabeth.szentmiklo/abide-sex-age-connectomics/connectomes/CC200/ABIDE1/sub-0050733_task-rest_run-1_atlas-CC200_fd-0.2_connectome.npz
ABIDE1	sub-0050734_task-rest_run-1	sub-0050734	LEUVEN_2	ok	0.2	/work/ioannou_lab/elizabeth.szentmiklo/abide-sex-age-connectomics/connectomes/CC200/ABIDE1/sub-0050734_task-rest_run-1_atlas-CC200_fd-0.2_connectome.npz
ABIDE1	sub-0050735_task-rest_run-1	sub-0050735	LEUVEN_2	ok	0.2	/work/ioannou_lab/elizabeth.szentmiklo/abide-sex-age-connectomics/connectomes/CC200/ABIDE1/sub-0050735_task-rest_run-1_atlas-CC200_fd-0.2_connectome.npz
ABIDE1	sub-0050738_task-rest_run-1	sub-0050738	LEUVEN_2	ok	0.2	/work/ioannou_lab/elizabeth.szentmiklo/abide-sex-age-connectomics/connectomes/CC200/ABIDE1/sub-0050738_task-rest_run-1_atlas-CC200_fd-0.2_connectome.npz
ABIDE1	sub-0050739_task-rest_run-1	sub-0050739	LEUVEN_2	ok	0.2	/work/ioannou_lab/elizabeth.szentmiklo/abide-sex-age-connectomics/connectomes/CC200/ABIDE1/sub-0050739_task-rest_run-1_atlas-CC200_fd-0.2_connectome.npz
ABIDE1	sub-0050741_task-rest_run-1	sub-0050741	LEUVEN_2	ok	0.2	/work/ioannou_lab/elizabeth.szentmiklo/abide-sex-age-connectomics/connectomes/CC200/ABIDE1/sub-0050741_task-rest_run-1_atlas-CC200_fd-0.2_connectome.npz
ABIDE1	sub-0050742_task-rest_run-1	sub-0050742	LEUVEN_2	ok	0.2	/work/ioannou_lab/elizabeth.szentmiklo/abide-sex-age-connectomics/connectomes/CC200/ABIDE1/sub-0050742_task-rest_run-1_atlas-CC200_fd-0.2_connectome.npz
ABIDE1	sub-0050743_task-rest_run-1	sub-0050743	LEUVEN_2	ok	0.2	/work/ioannou_lab/elizabeth.szentmiklo/abide-sex-age-connectomics/connectomes/CC200/ABIDE1/sub-0050743_task-rest_run-1_atlas-CC200_fd-0.2_connectome.npz
ABIDE1	sub-0050745_task-rest_run-1	sub-0050745	LEUVEN_2	ok	0.2	/work/ioannou_lab/elizabeth.szentmiklo/abide-sex-age-connectomics/connectomes/CC200/ABIDE1/sub-0050745_task-rest_run-1_atlas-CC200_fd-0.2_connectome.npz
ABIDE1	sub-0050746_task-rest_run-1	sub-0050746	LEUVEN_2	ok	0.2	/work/ioannou_lab/elizabeth.szentmiklo/abide-sex-age-connectomics/connectomes/CC200/ABIDE1/sub-0050746_task-rest_run-1_atlas-CC200_fd-0.2_connectome.npz
ABIDE1	sub-0050747_task-rest_run-1	sub-0050747	LEUVEN_2	ok	0.2	/work/ioannou_lab/elizabeth.szentmiklo/abide-sex-age-connectomics/connectomes/CC200/ABIDE1/sub-0050747_task-rest_run-1_atlas-CC200_fd-0.2_connectome.npz
ABIDE1	sub-0050748_task-rest_run-1	sub-0050748	LEUVEN_2	ok	0.2	/work/ioannou_lab/elizabeth.szentmiklo/abide-sex-age-connectomics/connectomes/CC200/ABIDE1/sub-0050748_task-rest_run-1_atlas-CC200_fd-0.2_connectome.npz
ABIDE1	sub-0050749_task-rest_run-1	sub-0050749	LEUVEN_2	ok	0.2	/work/ioannou_lab/elizabeth.szentmiklo/abide-sex-age-connectomics/connectomes/CC200/ABIDE1/sub-0050749_task-rest_run-1_atlas-CC200_fd-0.2_connectome.npz
ABIDE1	sub-0050752_task-rest_run-1	sub-0050752	LEUVEN_2	ok	0.2	/work/ioannou_lab/elizabeth.szentmiklo/abide-sex-age-connectomics/connectomes/CC200/ABIDE1/sub-0050752_task-rest_run-1_atlas-CC200_fd-0.2_connectome.npz
ABIDE1	sub-0050753_task-rest_run-1	sub-0050753	LEUVEN_2	ok	0.2	/work/ioannou_lab/elizabeth.szentmiklo/abide-sex-age-connectomics/connectomes/CC200/ABIDE1/sub-0050753_task-rest_run-1_atlas-CC200_fd-0.2_connectome.npz
ABIDE1	sub-0050754_task-rest_run-1	sub-0050754	LEUVEN_2	ok	0.2	/work/ioannou_lab/elizabeth.szentmiklo/abide-sex-age-connectomics/connectomes/CC200/ABIDE1/sub-0050754_task-rest_run-1_atlas-CC200_fd-0.2_connectome.npz
ABIDE1	sub-0050755_task-rest_run-1	sub-0050755	LEUVEN_2	ok	0.2	/work/ioannou_lab/elizabeth.szentmiklo/abide-sex-age-connectomics/connectomes/CC200/ABIDE1/sub-0050755_task-rest_run-1_atlas-CC200_fd-0.2_connectome.npz
ABIDE1	sub-0050756_task-rest_run-1	sub-0050756	LEUVEN_2	ok	0.2	/work/ioannou_lab/elizabeth.szentmiklo/abide-sex-age-connectomics/connectomes/CC200/ABIDE1/sub-0050756_task-rest_run-1_atlas-CC200_fd-0.2_connectome.npz
ABIDE1	sub-0050757_task-rest_run-1	sub-0050757	LEUVEN_2	ok	0.2	/work/ioannou_lab/elizabeth.szentmiklo/abide-sex-age-connectomics/connectomes/CC200/ABIDE1/sub-0050757_task-rest_run-1_atlas-CC200_fd-0.2_connectome.npz
ABIDE1	sub-0050772_task-rest_run-1	sub-0050772	KKI	ok	0.2	/work/ioannou_lab/elizabeth.szentmiklo/abide-sex-age-connectomics/connectomes/CC200/ABIDE1/sub-0050772_task-rest_run-1_atlas-CC200_fd-0.2_connectome.npz
ABIDE1	sub-0050773_task-rest_run-1	sub-0050773	KKI	ok	0.2	/work/ioannou_lab/elizabeth.szentmiklo/abide-sex-age-connectomics/connectomes/CC200/ABIDE1/sub-0050773_task-rest_run-1_atlas-CC200_fd-0.2_connectome.npz
ABIDE1	sub-0050774_task-rest_run-1	sub-0050774	KKI	ok	0.2	/work/ioannou_lab/elizabeth.szentmiklo/abide-sex-age-connectomics/connectomes/CC200/ABIDE1/sub-0050774_task-rest_run-1_atlas-CC200_fd-0.2_connectome.npz
ABIDE1	sub-0050777_task-rest_run-1	sub-0050777	KKI	ok	0.2	/work/ioannou_lab/elizabeth.szentmiklo/abide-sex-age-connectomics/connectomes/CC200/ABIDE1/sub-0050777_task-rest_run-1_atlas-CC200_fd-0.2_connectome.npz
ABIDE1	sub-0050779_task-rest_run-1	sub-0050779	KKI	ok	0.2	/work/ioannou_lab/elizabeth.szentmiklo/abide-sex-age-connectomics/connectomes/CC200/ABIDE1/sub-0050779_task-rest_run-1_atlas-CC200_fd-0.2_connectome.npz
ABIDE1	sub-0050780_task-rest_run-1	sub-0050780	KKI	ok	0.2	/work/ioannou_lab/elizabeth.szentmiklo/abide-sex-age-connectomics/connectomes/CC200/ABIDE1/sub-0050780_task-rest_run-1_atlas-CC200_fd-0.2_connectome.npz
ABIDE1	sub-0050781_task-rest_run-1	sub-0050781	KKI	ok	0.2	/work/ioannou_lab/elizabeth.szentmiklo/abide-sex-age-connectomics/connectomes/CC200/ABIDE1/sub-0050781_task-rest_run-1_atlas-CC200_fd-0.2_connectome.npz
ABIDE1	sub-0050782_task-rest_run-1	sub-0050782	KKI	ok	0.2	/work/ioannou_lab/elizabeth.szentmiklo/abide-sex-age-connectomics/connectomes/CC200/ABIDE1/sub-0050782_task-rest_run-1_atlas-CC200_fd-0.2_connectome.npz
ABIDE1	sub-0050783_task-rest_run-1	sub-0050783	KKI	ok	0.2	/work/ioannou_lab/elizabeth.szentmiklo/abide-sex-age-connectomics/connectomes/CC200/ABIDE1/sub-0050783_task-rest_run-1_atlas-CC200_fd-0.2_connectome.npz
ABIDE1	sub-0050784_task-rest_run-1	sub-0050784	KKI	ok	0.2	/work/ioannou_lab/elizabeth.szentmiklo/abide-sex-age-connectomics/connectomes/CC200/ABIDE1/sub-0050784_task-rest_run-1_atlas-CC200_fd-0.2_connectome.npz
ABIDE1	sub-0050787_task-rest_run-1	sub-0050787	KKI	ok	0.2	/work/ioannou_lab/elizabeth.szentmiklo/abide-sex-age-connectomics/connectomes/CC200/ABIDE1/sub-0050787_task-rest_run-1_atlas-CC200_fd-0.2_connectome.npz
ABIDE1	sub-0050788_task-rest_run-1	sub-0050788	KKI	ok	0.2	/work/ioannou_lab/elizabeth.szentmiklo/abide-sex-age-connectomics/connectomes/CC200/ABIDE1/sub-0050788_task-rest_run-1_atlas-CC200_fd-0.2_connectome.npz
ABIDE1	sub-0050790_task-rest_run-1	sub-0050790	KKI	ok	0.2	/work/ioannou_lab/elizabeth.szentmiklo/abide-sex-age-connectomics/connectomes/CC200/ABIDE1/sub-0050790_task-rest_run-1_atlas-CC200_fd-0.2_connectome.npz
ABIDE1	sub-0050791_task-rest_run-1	sub-0050791	KKI	ok	0.2	/work/ioannou_lab/elizabeth.szentmiklo/abide-sex-age-connectomics/connectomes/CC200/ABIDE1/sub-0050791_task-rest_run-1_atlas-CC200_fd-0.2_connectome.npz
ABIDE1	sub-0050795_task-rest_run-1	sub-0050795	KKI	ok	0.2	/work/ioannou_lab/elizabeth.szentmiklo/abide-sex-age-connectomics/connectomes/CC200/ABIDE1/sub-0050795_task-rest_run-1_atlas-CC200_fd-0.2_connectome.npz
ABIDE1	sub-0050798_task-rest_run-1	sub-0050798	KKI	ok	0.2	/work/ioannou_lab/elizabeth.szentmiklo/abide-sex-age-connectomics/connectomes/CC200/ABIDE1/sub-0050798_task-rest_run-1_atlas-CC200_fd-0.2_connectome.npz
ABIDE1	sub-0050799_task-rest_run-1	sub-0050799	KKI	ok	0.2	/work/ioannou_lab/elizabeth.szentmiklo/abide-sex-age-connectomics/connectomes/CC200/ABIDE1/sub-0050799_task-rest_run-1_atlas-CC200_fd-0.2_connectome.npz
ABIDE1	sub-0050802_task-rest_run-1	sub-0050802	KKI	ok	0.2	/work/ioannou_lab/elizabeth.szentmiklo/abide-sex-age-connectomics/connectomes/CC200/ABIDE1/sub-0050802_task-rest_run-1_atlas-CC200_fd-0.2_connectome.npz
ABIDE1	sub-0050803_task-rest_run-1	sub-0050803	KKI	ok	0.2	/work/ioannou_lab/elizabeth.szentmiklo/abide-sex-age-connectomics/connectomes/CC200/ABIDE1/sub-0050803_task-rest_run-1_atlas-CC200_fd-0.2_connectome.npz
ABIDE1	sub-0050804_task-rest_run-1	sub-0050804	KKI	ok	0.2	/work/ioannou_lab/elizabeth.szentmiklo/abide-sex-age-connectomics/connectomes/CC200/ABIDE1/sub-0050804_task-rest_run-1_atlas-CC200_fd-0.2_connectome.npz
ABIDE1	sub-0050805_task-rest_run-1	sub-0050805	KKI	ok	0.2	/work/ioannou_lab/elizabeth.szentmiklo/abide-sex-age-connectomics/connectomes/CC200/ABIDE1/sub-0050805_task-rest_run-1_atlas-CC200_fd-0.2_connectome.npz
ABIDE1	sub-0050808_task-rest_run-1	sub-0050808	KKI	ok	0.2	/work/ioannou_lab/elizabeth.szentmiklo/abide-sex-age-connectomics/connectomes/CC200/ABIDE1/sub-0050808_task-rest_run-1_atlas-CC200_fd-0.2_connectome.npz
ABIDE1	sub-0050809_task-rest_run-1	sub-0050809	KKI	ok	0.2	/work/ioannou_lab/elizabeth.szentmiklo/abide-sex-age-connectomics/connectomes/CC200/ABIDE1/sub-0050809_task-rest_run-1_atlas-CC200_fd-0.2_connectome.npz
ABIDE1	sub-0050810_task-rest_run-1	sub-0050810	KKI	ok	0.2	/work/ioannou_lab/elizabeth.szentmiklo/abide-sex-age-connectomics/connectomes/CC200/ABIDE1/sub-0050810_task-rest_run-1_atlas-CC200_fd-0.2_connectome.npz
ABIDE1	sub-0050811_task-rest_run-1	sub-0050811	KKI	ok	0.2	/work/ioannou_lab/elizabeth.szentmiklo/abide-sex-age-connectomics/connectomes/CC200/ABIDE1/sub-0050811_task-rest_run-1_atlas-CC200_fd-0.2_connectome.npz
ABIDE1	sub-0050812_task-rest_run-1	sub-0050812	KKI	ok	0.2	/work/ioannou_lab/elizabeth.szentmiklo/abide-sex-age-connectomics/connectomes/CC200/ABIDE1/sub-0050812_task-rest_run-1_atlas-CC200_fd-0.2_connectome.npz
ABIDE1	sub-0050813_task-rest_run-1	sub-0050813	KKI	ok	0.2	/work/ioannou_lab/elizabeth.szentmiklo/abide-sex-age-connectomics/connectomes/CC200/ABIDE1/sub-0050813_task-rest_run-1_atlas-CC200_fd-0.2_connectome.npz
ABIDE1	sub-0050814_task-rest_run-1	sub-0050814	KKI	ok	0.2	/work/ioannou_lab/elizabeth.szentmiklo/abide-sex-age-connectomics/connectomes/CC200/ABIDE1/sub-0050814_task-rest_run-1_atlas-CC200_fd-0.2_connectome.npz
ABIDE1	sub-0050816_task-rest_run-1	sub-0050816	KKI	ok	0.2	/work/ioannou_lab/elizabeth.szentmiklo/abide-sex-age-connectomics/connectomes/CC200/ABIDE1/sub-0050816_task-rest_run-1_atlas-CC200_fd-0.2_connectome.npz
ABIDE1	sub-0050817_task-rest_run-1	sub-0050817	KKI	ok	0.2	/work/ioannou_lab/elizabeth.szentmiklo/abide-sex-age-connectomics/connectomes/CC200/ABIDE1/sub-0050817_task-rest_run-1_atlas-CC200_fd-0.2_connectome.npz
ABIDE1	sub-0050818_task-rest_run-1	sub-0050818	KKI	ok	0.2	/work/ioannou_lab/elizabeth.szentmiklo/abide-sex-age-connectomics/connectomes/CC200/ABIDE1/sub-0050818_task-rest_run-1_atlas-CC200_fd-0.2_connectome.npz
ABIDE1	sub-0050819_task-rest_run-1	sub-0050819	KKI	ok	0.2	/work/ioannou_lab/elizabeth.szentmiklo/abide-sex-age-connectomics/connectomes/CC200/ABIDE1/sub-0050819_task-rest_run-1_atlas-CC200_fd-0.2_connectome.npz
ABIDE1	sub-0050820_task-rest_run-1	sub-0050820	KKI	ok	0.2	/work/ioannou_lab/elizabeth.szentmiklo/abide-sex-age-connectomics/connectomes/CC200/ABIDE1/sub-0050820_task-rest_run-1_atlas-CC200_fd-0.2_connectome.npz
ABIDE1	sub-0050822_task-rest_run-1	sub-0050822	KKI	ok	0.2	/work/ioannou_lab/elizabeth.szentmiklo/abide-sex-age-connectomics/connectomes/CC200/ABIDE1/sub-0050822_task-rest_run-1_atlas-CC200_fd-0.2_connectome.npz
ABIDE1	sub-0050823_task-rest_run-1	sub-0050823	KKI	ok	0.2	/work/ioannou_lab/elizabeth.szentmiklo/abide-sex-age-connectomics/connectomes/CC200/ABIDE1/sub-0050823_task-rest_run-1_atlas-CC200_fd-0.2_connectome.npz
ABIDE1	sub-0050824_task-rest_run-1	sub-0050824	KKI	ok	0.2	/work/ioannou_lab/elizabeth.szentmiklo/abide-sex-age-connectomics/connectomes/CC200/ABIDE1/sub-0050824_task-rest_run-1_atlas-CC200_fd-0.2_connectome.npz
ABIDE1	sub-0050825_task-rest_run-1	sub-0050825	KKI	ok	0.2	/work/ioannou_lab/elizabeth.szentmiklo/abide-sex-age-connectomics/connectomes/CC200/ABIDE1/sub-0050825_task-rest_run-1_atlas-CC200_fd-0.2_connectome.npz
ABIDE1	sub-0050952_task-rest_run-1	sub-0050952	NYU	ok	0.2	/work/ioannou_lab/elizabeth.szentmiklo/abide-sex-age-connectomics/connectomes/CC200/ABIDE1/sub-0050952_task-rest_run-1_atlas-CC200_fd-0.2_connectome.npz
ABIDE1	sub-0050953_task-rest_run-1	sub-0050953	NYU	ok	0.2	/work/ioannou_lab/elizabeth.szentmiklo/abide-sex-age-connectomics/connectomes/CC200/ABIDE1/sub-0050953_task-rest_run-1_atlas-CC200_fd-0.2_connectome.npz
ABIDE1	sub-0050954_task-rest_run-1	sub-0050954	NYU	ok	0.2	/work/ioannou_lab/elizabeth.szentmiklo/abide-sex-age-connectomics/connectomes/CC200/ABIDE1/sub-0050954_task-rest_run-1_atlas-CC200_fd-0.2_connectome.npz
ABIDE1	sub-0050955_task-rest_run-1	sub-0050955	NYU	ok	0.2	/work/ioannou_lab/elizabeth.szentmiklo/abide-sex-age-connectomics/connectomes/CC200/ABIDE1/sub-0050955_task-rest_run-1_atlas-CC200_fd-0.2_connectome.npz
ABIDE1	sub-0050956_task-rest_run-1	sub-0050956	NYU	ok	0.2	/work/ioannou_lab/elizabeth.szentmiklo/abide-sex-age-connectomics/connectomes/CC200/ABIDE1/sub-0050956_task-rest_run-1_atlas-CC200_fd-0.2_connectome.npz
ABIDE1	sub-0050957_task-rest_run-1	sub-0050957	NYU	ok	0.2	/work/ioannou_lab/elizabeth.szentmiklo/abide-sex-age-connectomics/connectomes/CC200/ABIDE1/sub-0050957_task-rest_run-1_atlas-CC200_fd-0.2_connectome.npz
ABIDE1	sub-0050958_task-rest_run-1	sub-0050958	NYU	ok	0.2	/work/ioannou_lab/elizabeth.szentmiklo/abide-sex-age-connectomics/connectomes/CC200/ABIDE1/sub-0050958_task-rest_run-1_atlas-CC200_fd-0.2_connectome.npz
ABIDE1	sub-0050959_task-rest_run-1	sub-0050959	NYU	ok	0.2	/work/ioannou_lab/elizabeth.szentmiklo/abide-sex-age-connectomics/connectomes/CC200/ABIDE1/sub-0050959_task-rest_run-1_atlas-CC200_fd-0.2_connectome.npz
ABIDE1	sub-0050960_task-rest_run-1	sub-0050960	NYU	ok	0.2	/work/ioannou_lab/elizabeth.szentmiklo/abide-sex-age-connectomics/connectomes/CC200/ABIDE1/sub-0050960_task-rest_run-1_atlas-CC200_fd-0.2_connectome.npz
ABIDE1	sub-0050961_task-rest_run-1	sub-0050961	NYU	ok	0.2	/work/ioannou_lab/elizabeth.szentmiklo/abide-sex-age-connectomics/connectomes/CC200/ABIDE1/sub-0050961_task-rest_run-1_atlas-CC200_fd-0.2_connectome.npz
ABIDE1	sub-0050962_task-rest_run-1	sub-0050962	NYU	ok	0.2	/work/ioannou_lab/elizabeth.szentmiklo/abide-sex-age-connectomics/connectomes/CC200/ABIDE1/sub-0050962_task-rest_run-1_atlas-CC200_fd-0.2_connectome.npz
ABIDE1	sub-0050964_task-rest_run-1	sub-0050964	NYU	ok	0.2	/work/ioannou_lab/elizabeth.szentmiklo/abide-sex-age-connectomics/connectomes/CC200/ABIDE1/sub-0050964_task-rest_run-1_atlas-CC200_fd-0.2_connectome.npz
ABIDE1	sub-0050965_task-rest_run-1	sub-0050965	NYU	ok	0.2	/work/ioannou_lab/elizabeth.szentmiklo/abide-sex-age-connectomics/connectomes/CC200/ABIDE1/sub-0050965_task-rest_run-1_atlas-CC200_fd-0.2_connectome.npz
ABIDE1	sub-0050966_task-rest_run-1	sub-0050966	NYU	ok	0.2	/work/ioannou_lab/elizabeth.szentmiklo/abide-sex-age-connectomics/connectomes/CC200/ABIDE1/sub-0050966_task-rest_run-1_atlas-CC200_fd-0.2_connectome.npz
ABIDE1	sub-0050967_task-rest_run-1	sub-0050967	NYU	ok	0.2	/work/ioannou_lab/elizabeth.szentmiklo/abide-sex-age-connectomics/connectomes/CC200/ABIDE1/sub-0050967_task-rest_run-1_atlas-CC200_fd-0.2_connectome.npz
ABIDE1	sub-0050968_task-rest_run-1	sub-0050968	NYU	ok	0.2	/work/ioannou_lab/elizabeth.szentmiklo/abide-sex-age-connectomics/connectomes/CC200/ABIDE1/sub-0050968_task-rest_run-1_atlas-CC200_fd-0.2_connectome.npz
ABIDE1	sub-0050970_task-rest_run-1	sub-0050970	NYU	ok	0.2	/work/ioannou_lab/elizabeth.szentmiklo/abide-sex-age-connectomics/connectomes/CC200/ABIDE1/sub-0050970_task-rest_run-1_atlas-CC200_fd-0.2_connectome.npz
ABIDE1	sub-0050971_task-rest_run-1	sub-0050971	NYU	ok	0.2	/work/ioannou_lab/elizabeth.szentmiklo/abide-sex-age-connectomics/connectomes/CC200/ABIDE1/sub-0050971_task-rest_run-1_atlas-CC200_fd-0.2_connectome.npz
ABIDE1	sub-0050972_task-rest_run-1	sub-0050972	NYU	ok	0.2	/work/ioannou_lab/elizabeth.szentmiklo/abide-sex-age-connectomics/connectomes/CC200/ABIDE1/sub-0050972_task-rest_run-1_atlas-CC200_fd-0.2_connectome.npz
ABIDE1	sub-0050973_task-rest_run-1	sub-0050973	NYU	ok	0.2	/work/ioannou_lab/elizabeth.szentmiklo/abide-sex-age-connectomics/connectomes/CC200/ABIDE1/sub-0050973_task-rest_run-1_atlas-CC200_fd-0.2_connectome.npz
ABIDE1	sub-0050974_task-rest_run-1	sub-0050974	NYU	ok	0.2	/work/ioannou_lab/elizabeth.szentmiklo/abide-sex-age-connectomics/connectomes/CC200/ABIDE1/sub-0050974_task-rest_run-1_atlas-CC200_fd-0.2_connectome.npz
ABIDE1	sub-0050975_task-rest_run-1	sub-0050975	NYU	ok	0.2	/work/ioannou_lab/elizabeth.szentmiklo/abide-sex-age-connectomics/connectomes/CC200/ABIDE1/sub-0050975_task-rest_run-1_atlas-CC200_fd-0.2_connectome.npz
ABIDE1	sub-0050976_task-rest_run-1	sub-0050976	NYU	ok	0.2	/work/ioannou_lab/elizabeth.szentmiklo/abide-sex-age-connectomics/connectomes/CC200/ABIDE1/sub-0050976_task-rest_run-1_atlas-CC200_fd-0.2_connectome.npz
ABIDE1	sub-0050977_task-rest_run-1	sub-0050977	NYU	ok	0.2	/work/ioannou_lab/elizabeth.szentmiklo/abide-sex-age-connectomics/connectomes/CC200/ABIDE1/sub-0050977_task-rest_run-1_atlas-CC200_fd-0.2_connectome.npz
ABIDE1	sub-0050978_task-rest_run-1	sub-0050978	NYU	ok	0.2	/work/ioannou_lab/elizabeth.szentmiklo/abide-sex-age-connectomics/connectomes/CC200/ABIDE1/sub-0050978_task-rest_run-1_atlas-CC200_fd-0.2_connectome.npz
ABIDE1	sub-0050979_task-rest_run-1	sub-0050979	NYU	ok	0.2	/work/ioannou_lab/elizabeth.szentmiklo/abide-sex-age-connectomics/connectomes/CC200/ABIDE1/sub-0050979_task-rest_run-1_atlas-CC200_fd-0.2_connectome.npz
ABIDE1	sub-0050980_task-rest_run-1	sub-0050980	NYU	ok	0.2	/work/ioannou_lab/elizabeth.szentmiklo/abide-sex-age-connectomics/connectomes/CC200/ABIDE1/sub-0050980_task-rest_run-1_atlas-CC200_fd-0.2_connectome.npz
ABIDE1	sub-0050981_task-rest_run-1	sub-0050981	NYU	ok	0.2	/work/ioannou_lab/elizabeth.szentmiklo/abide-sex-age-connectomics/connectomes/CC200/ABIDE1/sub-0050981_task-rest_run-1_atlas-CC200_fd-0.2_connectome.npz
ABIDE1	sub-0050982_task-rest_run-1	sub-0050982	NYU	ok	0.2	/work/ioannou_lab/elizabeth.szentmiklo/abide-sex-age-connectomics/connectomes/CC200/ABIDE1/sub-0050982_task-rest_run-1_atlas-CC200_fd-0.2_connectome.npz
ABIDE1	sub-0050983_task-rest_run-1	sub-0050983	NYU	ok	0.2	/work/ioannou_lab/elizabeth.szentmiklo/abide-sex-age-connectomics/connectomes/CC200/ABIDE1/sub-0050983_task-rest_run-1_atlas-CC200_fd-0.2_connectome.npz
ABIDE1	sub-0050984_task-rest_run-1	sub-0050984	NYU	ok	0.2	/work/ioannou_lab/elizabeth.szentmiklo/abide-sex-age-connectomics/connectomes/CC200/ABIDE1/sub-0050984_task-rest_run-1_atlas-CC200_fd-0.2_connectome.npz
ABIDE1	sub-0050985_task-rest_run-1	sub-0050985	NYU	ok	0.2	/work/ioannou_lab/elizabeth.szentmiklo/abide-sex-age-connectomics/connectomes/CC200/ABIDE1/sub-0050985_task-rest_run-1_atlas-CC200_fd-0.2_connectome.npz
ABIDE1	sub-0050986_task-rest_run-1	sub-0050986	NYU	ok	0.2	/work/ioannou_lab/elizabeth.szentmiklo/abide-sex-age-connectomics/connectomes/CC200/ABIDE1/sub-0050986_task-rest_run-1_atlas-CC200_fd-0.2_connectome.npz
ABIDE1	sub-0050987_task-rest_run-1	sub-0050987	NYU	ok	0.2	/work/ioannou_lab/elizabeth.szentmiklo/abide-sex-age-connectomics/connectomes/CC200/ABIDE1/sub-0050987_task-rest_run-1_atlas-CC200_fd-0.2_connectome.npz
ABIDE1	sub-0050988_task-rest_run-1	sub-0050988	NYU	ok	0.2	/work/ioannou_lab/elizabeth.szentmiklo/abide-sex-age-connectomics/connectomes/CC200/ABIDE1/sub-0050988_task-rest_run-1_atlas-CC200_fd-0.2_connectome.npz
ABIDE1	sub-0050989_task-rest_run-1	sub-0050989	NYU	ok	0.2	/work/ioannou_lab/elizabeth.szentmiklo/abide-sex-age-connectomics/connectomes/CC200/ABIDE1/sub-0050989_task-rest_run-1_atlas-CC200_fd-0.2_connectome.npz
ABIDE1	sub-0050990_task-rest_run-1	sub-0050990	NYU	ok	0.2	/work/ioannou_lab/elizabeth.szentmiklo/abide-sex-age-connectomics/connectomes/CC200/ABIDE1/sub-0050990_task-rest_run-1_atlas-CC200_fd-0.2_connectome.npz
ABIDE1	sub-0050991_task-rest_run-1	sub-0050991	NYU	ok	0.2	/work/ioannou_lab/elizabeth.szentmiklo/abide-sex-age-connectomics/connectomes/CC200/ABIDE1/sub-0050991_task-rest_run-1_atlas-CC200_fd-0.2_connectome.npz
ABIDE1	sub-0050992_task-rest_run-1	sub-0050992	NYU	ok	0.2	/work/ioannou_lab/elizabeth.szentmiklo/abide-sex-age-connectomics/connectomes/CC200/ABIDE1/sub-0050992_task-rest_run-1_atlas-CC200_fd-0.2_connectome.npz
ABIDE1	sub-0050993_task-rest_run-1	sub-0050993	NYU	ok	0.2	/work/ioannou_lab/elizabeth.szentmiklo/abide-sex-age-connectomics/connectomes/CC200/ABIDE1/sub-0050993_task-rest_run-1_atlas-CC200_fd-0.2_connectome.npz
ABIDE1	sub-0050994_task-rest_run-1	sub-0050994	NYU	ok	0.2	/work/ioannou_lab/elizabeth.szentmiklo/abide-sex-age-connectomics/connectomes/CC200/ABIDE1/sub-0050994_task-rest_run-1_atlas-CC200_fd-0.2_connectome.npz
ABIDE1	sub-0050995_task-rest_run-1	sub-0050995	NYU	ok	0.2	/work/ioannou_lab/elizabeth.szentmiklo/abide-sex-age-connectomics/connectomes/CC200/ABIDE1/sub-0050995_task-rest_run-1_atlas-CC200_fd-0.2_connectome.npz
ABIDE1	sub-0050996_task-rest_run-1	sub-0050996	NYU	ok	0.2	/work/ioannou_lab/elizabeth.szentmiklo/abide-sex-age-connectomics/connectomes/CC200/ABIDE1/sub-0050996_task-rest_run-1_atlas-CC200_fd-0.2_connectome.npz
ABIDE1	sub-0050998_task-rest_run-1	sub-0050998	NYU	ok	0.2	/work/ioannou_lab/elizabeth.szentmiklo/abide-sex-age-connectomics/connectomes/CC200/ABIDE1/sub-0050998_task-rest_run-1_atlas-CC200_fd-0.2_connectome.npz
ABIDE1	sub-0050999_task-rest_run-1	sub-0050999	NYU	ok	0.2	/work/ioannou_lab/elizabeth.szentmiklo/abide-sex-age-connectomics/connectomes/CC200/ABIDE1/sub-0050999_task-rest_run-1_atlas-CC200_fd-0.2_connectome.npz
ABIDE1	sub-0051000_task-rest_run-1	sub-0051000	NYU	ok	0.2	/work/ioannou_lab/elizabeth.szentmiklo/abide-sex-age-connectomics/connectomes/CC200/ABIDE1/sub-0051000_task-rest_run-1_atlas-CC200_fd-0.2_connectome.npz
ABIDE1	sub-0051001_task-rest_run-1	sub-0051001	NYU	ok	0.2	/work/ioannou_lab/elizabeth.szentmiklo/abide-sex-age-connectomics/connectomes/CC200/ABIDE1/sub-0051001_task-rest_run-1_atlas-CC200_fd-0.2_connectome.npz
ABIDE1	sub-0051002_task-rest_run-1	sub-0051002	NYU	ok	0.2	/work/ioannou_lab/elizabeth.szentmiklo/abide-sex-age-connectomics/connectomes/CC200/ABIDE1/sub-0051002_task-rest_run-1_atlas-CC200_fd-0.2_connectome.npz
ABIDE1	sub-0051003_task-rest_run-1	sub-0051003	NYU	ok	0.2	/work/ioannou_lab/elizabeth.szentmiklo/abide-sex-age-connectomics/connectomes/CC200/ABIDE1/sub-0051003_task-rest_run-1_atlas-CC200_fd-0.2_connectome.npz
ABIDE1	sub-0051006_task-rest_run-1	sub-0051006	NYU	ok	0.2	/work/ioannou_lab/elizabeth.szentmiklo/abide-sex-age-connectomics/connectomes/CC200/ABIDE1/sub-0051006_task-rest_run-1_atlas-CC200_fd-0.2_connectome.npz
ABIDE1	sub-0051007_task-rest_run-1	sub-0051007	NYU	ok	0.2	/work/ioannou_lab/elizabeth.szentmiklo/abide-sex-age-connectomics/connectomes/CC200/ABIDE1/sub-0051007_task-rest_run-1_atlas-CC200_fd-0.2_connectome.npz
ABIDE1	sub-0051008_task-rest_run-1	sub-0051008	NYU	ok	0.2	/work/ioannou_lab/elizabeth.szentmiklo/abide-sex-age-connectomics/connectomes/CC200/ABIDE1/sub-0051008_task-rest_run-1_atlas-CC200_fd-0.2_connectome.npz
ABIDE1	sub-0051009_task-rest_run-1	sub-0051009	NYU	ok	0.2	/work/ioannou_lab/elizabeth.szentmiklo/abide-sex-age-connectomics/connectomes/CC200/ABIDE1/sub-0051009_task-rest_run-1_atlas-CC200_fd-0.2_connectome.npz
ABIDE1	sub-0051010_task-rest_run-1	sub-0051010	NYU	ok	0.2	/work/ioannou_lab/elizabeth.szentmiklo/abide-sex-age-connectomics/connectomes/CC200/ABIDE1/sub-0051010_task-rest_run-1_atlas-CC200_fd-0.2_connectome.npz
ABIDE1	sub-0051011_task-rest_run-1	sub-0051011	NYU	ok	0.2	/work/ioannou_lab/elizabeth.szentmiklo/abide-sex-age-connectomics/connectomes/CC200/ABIDE1/sub-0051011_task-rest_run-1_atlas-CC200_fd-0.2_connectome.npz
ABIDE1	sub-0051012_task-rest_run-1	sub-0051012	NYU	ok	0.2	/work/ioannou_lab/elizabeth.szentmiklo/abide-sex-age-connectomics/connectomes/CC200/ABIDE1/sub-0051012_task-rest_run-1_atlas-CC200_fd-0.2_connectome.npz
ABIDE1	sub-0051014_task-rest_run-1	sub-0051014	NYU	ok	0.2	/work/ioannou_lab/elizabeth.szentmiklo/abide-sex-age-connectomics/connectomes/CC200/ABIDE1/sub-0051014_task-rest_run-1_atlas-CC200_fd-0.2_connectome.npz
ABIDE1	sub-0051015_task-rest_run-1	sub-0051015	NYU	ok	0.2	/work/ioannou_lab/elizabeth.szentmiklo/abide-sex-age-connectomics/connectomes/CC200/ABIDE1/sub-0051015_task-rest_run-1_atlas-CC200_fd-0.2_connectome.npz
ABIDE1	sub-0051016_task-rest_run-1	sub-0051016	NYU	ok	0.2	/work/ioannou_lab/elizabeth.szentmiklo/abide-sex-age-connectomics/connectomes/CC200/ABIDE1/sub-0051016_task-rest_run-1_atlas-CC200_fd-0.2_connectome.npz
ABIDE1	sub-0051017_task-rest_run-1	sub-0051017	NYU	ok	0.2	/work/ioannou_lab/elizabeth.szentmiklo/abide-sex-age-connectomics/connectomes/CC200/ABIDE1/sub-0051017_task-rest_run-1_atlas-CC200_fd-0.2_connectome.npz
ABIDE1	sub-0051018_task-rest_run-1	sub-0051018	NYU	ok	0.2	/work/ioannou_lab/elizabeth.szentmiklo/abide-sex-age-connectomics/connectomes/CC200/ABIDE1/sub-0051018_task-rest_run-1_atlas-CC200_fd-0.2_connectome.npz
ABIDE1	sub-0051019_task-rest_run-1	sub-0051019	NYU	ok	0.2	/work/ioannou_lab/elizabeth.szentmiklo/abide-sex-age-connectomics/connectomes/CC200/ABIDE1/sub-0051019_task-rest_run-1_atlas-CC200_fd-0.2_connectome.npz
ABIDE1	sub-0051020_task-rest_run-1	sub-0051020	NYU	ok	0.2	/work/ioannou_lab/elizabeth.szentmiklo/abide-sex-age-connectomics/connectomes/CC200/ABIDE1/sub-0051020_task-rest_run-1_atlas-CC200_fd-0.2_connectome.npz
ABIDE1	sub-0051021_task-rest_run-1	sub-0051021	NYU	ok	0.2	/work/ioannou_lab/elizabeth.szentmiklo/abide-sex-age-connectomics/connectomes/CC200/ABIDE1/sub-0051021_task-rest_run-1_atlas-CC200_fd-0.2_connectome.npz
ABIDE1	sub-0051023_task-rest_run-1	sub-0051023	NYU	ok	0.2	/work/ioannou_lab/elizabeth.szentmiklo/abide-sex-age-connectomics/connectomes/CC200/ABIDE1/sub-0051023_task-rest_run-1_atlas-CC200_fd-0.2_connectome.npz
ABIDE1	sub-0051024_task-rest_run-1	sub-0051024	NYU	ok	0.2	/work/ioannou_lab/elizabeth.szentmiklo/abide-sex-age-connectomics/connectomes/CC200/ABIDE1/sub-0051024_task-rest_run-1_atlas-CC200_fd-0.2_connectome.npz
ABIDE1	sub-0051025_task-rest_run-1	sub-0051025	NYU	ok	0.2	/work/ioannou_lab/elizabeth.szentmiklo/abide-sex-age-connectomics/connectomes/CC200/ABIDE1/sub-0051025_task-rest_run-1_atlas-CC200_fd-0.2_connectome.npz
ABIDE1	sub-0051026_task-rest_run-1	sub-0051026	NYU	ok	0.2	/work/ioannou_lab/elizabeth.szentmiklo/abide-sex-age-connectomics/connectomes/CC200/ABIDE1/sub-0051026_task-rest_run-1_atlas-CC200_fd-0.2_connectome.npz
ABIDE1	sub-0051027_task-rest_run-1	sub-0051027	NYU	ok	0.2	/work/ioannou_lab/elizabeth.szentmiklo/abide-sex-age-connectomics/connectomes/CC200/ABIDE1/sub-0051027_task-rest_run-1_atlas-CC200_fd-0.2_connectome.npz
ABIDE1	sub-0051028_task-rest_run-1	sub-0051028	NYU	ok	0.2	/work/ioannou_lab/elizabeth.szentmiklo/abide-sex-age-connectomics/connectomes/CC200/ABIDE1/sub-0051028_task-rest_run-1_atlas-CC200_fd-0.2_connectome.npz
ABIDE1	sub-0051029_task-rest_run-1	sub-0051029	NYU	ok	0.2	/work/ioannou_lab/elizabeth.szentmiklo/abide-sex-age-connectomics/connectomes/CC200/ABIDE1/sub-0051029_task-rest_run-1_atlas-CC200_fd-0.2_connectome.npz
ABIDE1	sub-0051032_task-rest_run-1	sub-0051032	NYU	ok	0.2	/work/ioannou_lab/elizabeth.szentmiklo/abide-sex-age-connectomics/connectomes/CC200/ABIDE1/sub-0051032_task-rest_run-1_atlas-CC200_fd-0.2_connectome.npz
ABIDE1	sub-0051035_task-rest_run-1	sub-0051035	NYU	ok	0.2	/work/ioannou_lab/elizabeth.szentmiklo/abide-sex-age-connectomics/connectomes/CC200/ABIDE1/sub-0051035_task-rest_run-1_atlas-CC200_fd-0.2_connectome.npz
ABIDE1	sub-0051036_task-rest_run-1	sub-0051036	NYU	ok	0.2	/work/ioannou_lab/elizabeth.szentmiklo/abide-sex-age-connectomics/connectomes/CC200/ABIDE1/sub-0051036_task-rest_run-1_atlas-CC200_fd-0.2_connectome.npz
ABIDE1	sub-0051038_task-rest_run-1	sub-0051038	NYU	ok	0.2	/work/ioannou_lab/elizabeth.szentmiklo/abide-sex-age-connectomics/connectomes/CC200/ABIDE1/sub-0051038_task-rest_run-1_atlas-CC200_fd-0.2_connectome.npz
ABIDE1	sub-0051039_task-rest_run-1	sub-0051039	NYU	ok	0.2	/work/ioannou_lab/elizabeth.szentmiklo/abide-sex-age-connectomics/connectomes/CC200/ABIDE1/sub-0051039_task-rest_run-1_atlas-CC200_fd-0.2_connectome.npz
ABIDE1	sub-0051040_task-rest_run-1	sub-0051040	NYU	ok	0.2	/work/ioannou_lab/elizabeth.szentmiklo/abide-sex-age-connectomics/connectomes/CC200/ABIDE1/sub-0051040_task-rest_run-1_atlas-CC200_fd-0.2_connectome.npz
ABIDE1	sub-0051041_task-rest_run-1	sub-0051041	NYU	ok	0.2	/work/ioannou_lab/elizabeth.szentmiklo/abide-sex-age-connectomics/connectomes/CC200/ABIDE1/sub-0051041_task-rest_run-1_atlas-CC200_fd-0.2_connectome.npz
ABIDE1	sub-0051042_task-rest_run-1	sub-0051042	NYU	ok	0.2	/work/ioannou_lab/elizabeth.szentmiklo/abide-sex-age-connectomics/connectomes/CC200/ABIDE1/sub-0051042_task-rest_run-1_atlas-CC200_fd-0.2_connectome.npz
ABIDE1	sub-0051044_task-rest_run-1	sub-0051044	NYU	ok	0.2	/work/ioannou_lab/elizabeth.szentmiklo/abide-sex-age-connectomics/connectomes/CC200/ABIDE1/sub-0051044_task-rest_run-1_atlas-CC200_fd-0.2_connectome.npz
ABIDE1	sub-0051045_task-rest_run-1	sub-0051045	NYU	ok	0.2	/work/ioannou_lab/elizabeth.szentmiklo/abide-sex-age-connectomics/connectomes/CC200/ABIDE1/sub-0051045_task-rest_run-1_atlas-CC200_fd-0.2_connectome.npz
ABIDE1	sub-0051046_task-rest_run-1	sub-0051046	NYU	ok	0.2	/work/ioannou_lab/elizabeth.szentmiklo/abide-sex-age-connectomics/connectomes/CC200/ABIDE1/sub-0051046_task-rest_run-1_atlas-CC200_fd-0.2_connectome.npz
ABIDE1	sub-0051047_task-rest_run-1	sub-0051047	NYU	ok	0.2	/work/ioannou_lab/elizabeth.szentmiklo/abide-sex-age-connectomics/connectomes/CC200/ABIDE1/sub-0051047_task-rest_run-1_atlas-CC200_fd-0.2_connectome.npz
ABIDE1	sub-0051048_task-rest_run-1	sub-0051048	NYU	ok	0.2	/work/ioannou_lab/elizabeth.szentmiklo/abide-sex-age-connectomics/connectomes/CC200/ABIDE1/sub-0051048_task-rest_run-1_atlas-CC200_fd-0.2_connectome.npz
ABIDE1	sub-0051049_task-rest_run-1	sub-0051049	NYU	ok	0.2	/work/ioannou_lab/elizabeth.szentmiklo/abide-sex-age-connectomics/connectomes/CC200/ABIDE1/sub-0051049_task-rest_run-1_atlas-CC200_fd-0.2_connectome.npz
ABIDE1	sub-0051050_task-rest_run-1	sub-0051050	NYU	ok	0.2	/work/ioannou_lab/elizabeth.szentmiklo/abide-sex-age-connectomics/connectomes/CC200/ABIDE1/sub-0051050_task-rest_run-1_atlas-CC200_fd-0.2_connectome.npz
ABIDE1	sub-0051051_task-rest_run-1	sub-0051051	NYU	ok	0.2	/work/ioannou_lab/elizabeth.szentmiklo/abide-sex-age-connectomics/connectomes/CC200/ABIDE1/sub-0051051_task-rest_run-1_atlas-CC200_fd-0.2_connectome.npz
ABIDE1	sub-0051052_task-rest_run-1	sub-0051052	NYU	ok	0.2	/work/ioannou_lab/elizabeth.szentmiklo/abide-sex-age-connectomics/connectomes/CC200/ABIDE1/sub-0051052_task-rest_run-1_atlas-CC200_fd-0.2_connectome.npz
ABIDE1	sub-0051053_task-rest_run-1	sub-0051053	NYU	ok	0.2	/work/ioannou_lab/elizabeth.szentmiklo/abide-sex-age-connectomics/connectomes/CC200/ABIDE1/sub-0051053_task-rest_run-1_atlas-CC200_fd-0.2_connectome.npz
ABIDE1	sub-0051054_task-rest_run-1	sub-0051054	NYU	ok	0.2	/work/ioannou_lab/elizabeth.szentmiklo/abide-sex-age-connectomics/connectomes/CC200/ABIDE1/sub-0051054_task-rest_run-1_atlas-CC200_fd-0.2_connectome.npz
ABIDE1	sub-0051055_task-rest_run-1	sub-0051055	NYU	ok	0.2	/work/ioannou_lab/elizabeth.szentmiklo/abide-sex-age-connectomics/connectomes/CC200/ABIDE1/sub-0051055_task-rest_run-1_atlas-CC200_fd-0.2_connectome.npz
ABIDE1	sub-0051056_task-rest_run-1	sub-0051056	NYU	ok	0.2	/work/ioannou_lab/elizabeth.szentmiklo/abide-sex-age-connectomics/connectomes/CC200/ABIDE1/sub-0051056_task-rest_run-1_atlas-CC200_fd-0.2_connectome.npz
ABIDE1	sub-0051057_task-rest_run-1	sub-0051057	NYU	ok	0.2	/work/ioannou_lab/elizabeth.szentmiklo/abide-sex-age-connectomics/connectomes/CC200/ABIDE1/sub-0051057_task-rest_run-1_atlas-CC200_fd-0.2_connectome.npz
ABIDE1	sub-0051058_task-rest_run-1	sub-0051058	NYU	ok	0.2	/work/ioannou_lab/elizabeth.szentmiklo/abide-sex-age-connectomics/connectomes/CC200/ABIDE1/sub-0051058_task-rest_run-1_atlas-CC200_fd-0.2_connectome.npz
ABIDE1	sub-0051059_task-rest_run-1	sub-0051059	NYU	ok	0.2	/work/ioannou_lab/elizabeth.szentmiklo/abide-sex-age-connectomics/connectomes/CC200/ABIDE1/sub-0051059_task-rest_run-1_atlas-CC200_fd-0.2_connectome.npz
ABIDE1	sub-0051060_task-rest_run-1	sub-0051060	NYU	ok	0.2	/work/ioannou_lab/elizabeth.szentmiklo/abide-sex-age-connectomics/connectomes/CC200/ABIDE1/sub-0051060_task-rest_run-1_atlas-CC200_fd-0.2_connectome.npz
ABIDE1	sub-0051061_task-rest_run-1	sub-0051061	NYU	ok	0.2	/work/ioannou_lab/elizabeth.szentmiklo/abide-sex-age-connectomics/connectomes/CC200/ABIDE1/sub-0051061_task-rest_run-1_atlas-CC200_fd-0.2_connectome.npz
ABIDE1	sub-0051062_task-rest_run-1	sub-0051062	NYU	ok	0.2	/work/ioannou_lab/elizabeth.szentmiklo/abide-sex-age-connectomics/connectomes/CC200/ABIDE1/sub-0051062_task-rest_run-1_atlas-CC200_fd-0.2_connectome.npz
ABIDE1	sub-0051063_task-rest_run-1	sub-0051063	NYU	ok	0.2	/work/ioannou_lab/elizabeth.szentmiklo/abide-sex-age-connectomics/connectomes/CC200/ABIDE1/sub-0051063_task-rest_run-1_atlas-CC200_fd-0.2_connectome.npz
ABIDE1	sub-0051064_task-rest_run-1	sub-0051064	NYU	ok	0.2	/work/ioannou_lab/elizabeth.szentmiklo/abide-sex-age-connectomics/connectomes/CC200/ABIDE1/sub-0051064_task-rest_run-1_atlas-CC200_fd-0.2_connectome.npz
ABIDE1	sub-0051065_task-rest_run-1	sub-0051065	NYU	ok	0.2	/work/ioannou_lab/elizabeth.szentmiklo/abide-sex-age-connectomics/connectomes/CC200/ABIDE1/sub-0051065_task-rest_run-1_atlas-CC200_fd-0.2_connectome.npz
ABIDE1	sub-0051066_task-rest_run-1	sub-0051066	NYU	ok	0.2	/work/ioannou_lab/elizabeth.szentmiklo/abide-sex-age-connectomics/connectomes/CC200/ABIDE1/sub-0051066_task-rest_run-1_atlas-CC200_fd-0.2_connectome.npz
ABIDE1	sub-0051067_task-rest_run-1	sub-0051067	NYU	ok	0.2	/work/ioannou_lab/elizabeth.szentmiklo/abide-sex-age-connectomics/connectomes/CC200/ABIDE1/sub-0051067_task-rest_run-1_atlas-CC200_fd-0.2_connectome.npz
ABIDE1	sub-0051068_task-rest_run-1	sub-0051068	NYU	ok	0.2	/work/ioannou_lab/elizabeth.szentmiklo/abide-sex-age-connectomics/connectomes/CC200/ABIDE1/sub-0051068_task-rest_run-1_atlas-CC200_fd-0.2_connectome.npz
ABIDE1	sub-0051069_task-rest_run-1	sub-0051069	NYU	ok	0.2	/work/ioannou_lab/elizabeth.szentmiklo/abide-sex-age-connectomics/connectomes/CC200/ABIDE1/sub-0051069_task-rest_run-1_atlas-CC200_fd-0.2_connectome.npz
ABIDE1	sub-0051070_task-rest_run-1	sub-0051070	NYU	ok	0.2	/work/ioannou_lab/elizabeth.szentmiklo/abide-sex-age-connectomics/connectomes/CC200/ABIDE1/sub-0051070_task-rest_run-1_atlas-CC200_fd-0.2_connectome.npz
ABIDE1	sub-0051071_task-rest_run-1	sub-0051071	NYU	ok	0.2	/work/ioannou_lab/elizabeth.szentmiklo/abide-sex-age-connectomics/connectomes/CC200/ABIDE1/sub-0051071_task-rest_run-1_atlas-CC200_fd-0.2_connectome.npz
ABIDE1	sub-0051072_task-rest_run-1	sub-0051072	NYU	ok	0.2	/work/ioannou_lab/elizabeth.szentmiklo/abide-sex-age-connectomics/connectomes/CC200/ABIDE1/sub-0051072_task-rest_run-1_atlas-CC200_fd-0.2_connectome.npz
ABIDE1	sub-0051073_task-rest_run-1	sub-0051073	NYU	ok	0.2	/work/ioannou_lab/elizabeth.szentmiklo/abide-sex-age-connectomics/connectomes/CC200/ABIDE1/sub-0051073_task-rest_run-1_atlas-CC200_fd-0.2_connectome.npz
ABIDE1	sub-0051074_task-rest_run-1	sub-0051074	NYU	ok	0.2	/work/ioannou_lab/elizabeth.szentmiklo/abide-sex-age-connectomics/connectomes/CC200/ABIDE1/sub-0051074_task-rest_run-1_atlas-CC200_fd-0.2_connectome.npz
ABIDE1	sub-0051075_task-rest_run-1	sub-0051075	NYU	ok	0.2	/work/ioannou_lab/elizabeth.szentmiklo/abide-sex-age-connectomics/connectomes/CC200/ABIDE1/sub-0051075_task-rest_run-1_atlas-CC200_fd-0.2_connectome.npz
ABIDE1	sub-0051076_task-rest_run-1	sub-0051076	NYU	ok	0.2	/work/ioannou_lab/elizabeth.szentmiklo/abide-sex-age-connectomics/connectomes/CC200/ABIDE1/sub-0051076_task-rest_run-1_atlas-CC200_fd-0.2_connectome.npz
ABIDE1	sub-0051078_task-rest_run-1	sub-0051078	NYU	ok	0.2	/work/ioannou_lab/elizabeth.szentmiklo/abide-sex-age-connectomics/connectomes/CC200/ABIDE1/sub-0051078_task-rest_run-1_atlas-CC200_fd-0.2_connectome.npz
ABIDE1	sub-0051079_task-rest_run-1	sub-0051079	NYU	ok	0.2	/work/ioannou_lab/elizabeth.szentmiklo/abide-sex-age-connectomics/connectomes/CC200/ABIDE1/sub-0051079_task-rest_run-1_atlas-CC200_fd-0.2_connectome.npz
ABIDE1	sub-0051080_task-rest_run-1	sub-0051080	NYU	ok	0.2	/work/ioannou_lab/elizabeth.szentmiklo/abide-sex-age-connectomics/connectomes/CC200/ABIDE1/sub-0051080_task-rest_run-1_atlas-CC200_fd-0.2_connectome.npz
ABIDE1	sub-0051081_task-rest_run-1	sub-0051081	NYU	ok	0.2	/work/ioannou_lab/elizabeth.szentmiklo/abide-sex-age-connectomics/connectomes/CC200/ABIDE1/sub-0051081_task-rest_run-1_atlas-CC200_fd-0.2_connectome.npz
ABIDE1	sub-0051082_task-rest_run-1	sub-0051082	NYU	ok	0.2	/work/ioannou_lab/elizabeth.szentmiklo/abide-sex-age-connectomics/connectomes/CC200/ABIDE1/sub-0051082_task-rest_run-1_atlas-CC200_fd-0.2_connectome.npz
ABIDE1	sub-0051083_task-rest_run-1	sub-0051083	NYU	ok	0.2	/work/ioannou_lab/elizabeth.szentmiklo/abide-sex-age-connectomics/connectomes/CC200/ABIDE1/sub-0051083_task-rest_run-1_atlas-CC200_fd-0.2_connectome.npz
ABIDE1	sub-0051084_task-rest_run-1	sub-0051084	NYU	ok	0.2	/work/ioannou_lab/elizabeth.szentmiklo/abide-sex-age-connectomics/connectomes/CC200/ABIDE1/sub-0051084_task-rest_run-1_atlas-CC200_fd-0.2_connectome.npz
ABIDE1	sub-0051085_task-rest_run-1	sub-0051085	NYU	ok	0.2	/work/ioannou_lab/elizabeth.szentmiklo/abide-sex-age-connectomics/connectomes/CC200/ABIDE1/sub-0051085_task-rest_run-1_atlas-CC200_fd-0.2_connectome.npz
ABIDE1	sub-0051086_task-rest_run-1	sub-0051086	NYU	ok	0.2	/work/ioannou_lab/elizabeth.szentmiklo/abide-sex-age-connectomics/connectomes/CC200/ABIDE1/sub-0051086_task-rest_run-1_atlas-CC200_fd-0.2_connectome.npz
ABIDE1	sub-0051088_task-rest_run-1	sub-0051088	NYU	ok	0.2	/work/ioannou_lab/elizabeth.szentmiklo/abide-sex-age-connectomics/connectomes/CC200/ABIDE1/sub-0051088_task-rest_run-1_atlas-CC200_fd-0.2_connectome.npz
ABIDE1	sub-0051089_task-rest_run-1	sub-0051089	NYU	ok	0.2	/work/ioannou_lab/elizabeth.szentmiklo/abide-sex-age-connectomics/connectomes/CC200/ABIDE1/sub-0051089_task-rest_run-1_atlas-CC200_fd-0.2_connectome.npz
ABIDE1	sub-0051090_task-rest_run-1	sub-0051090	NYU	ok	0.2	/work/ioannou_lab/elizabeth.szentmiklo/abide-sex-age-connectomics/connectomes/CC200/ABIDE1/sub-0051090_task-rest_run-1_atlas-CC200_fd-0.2_connectome.npz
ABIDE1	sub-0051091_task-rest_run-1	sub-0051091	NYU	ok	0.2	/work/ioannou_lab/elizabeth.szentmiklo/abide-sex-age-connectomics/connectomes/CC200/ABIDE1/sub-0051091_task-rest_run-1_atlas-CC200_fd-0.2_connectome.npz
ABIDE1	sub-0051093_task-rest_run-1	sub-0051093	NYU	ok	0.2	/work/ioannou_lab/elizabeth.szentmiklo/abide-sex-age-connectomics/connectomes/CC200/ABIDE1/sub-0051093_task-rest_run-1_atlas-CC200_fd-0.2_connectome.npz
ABIDE1	sub-0051094_task-rest_run-1	sub-0051094	NYU	ok	0.2	/work/ioannou_lab/elizabeth.szentmiklo/abide-sex-age-connectomics/connectomes/CC200/ABIDE1/sub-0051094_task-rest_run-1_atlas-CC200_fd-0.2_connectome.npz
ABIDE1	sub-0051095_task-rest_run-1	sub-0051095	NYU	ok	0.2	/work/ioannou_lab/elizabeth.szentmiklo/abide-sex-age-connectomics/connectomes/CC200/ABIDE1/sub-0051095_task-rest_run-1_atlas-CC200_fd-0.2_connectome.npz
ABIDE1	sub-0051096_task-rest_run-1	sub-0051096	NYU	ok	0.2	/work/ioannou_lab/elizabeth.szentmiklo/abide-sex-age-connectomics/connectomes/CC200/ABIDE1/sub-0051096_task-rest_run-1_atlas-CC200_fd-0.2_connectome.npz
ABIDE1	sub-0051097_task-rest_run-1	sub-0051097	NYU	ok	0.2	/work/ioannou_lab/elizabeth.szentmiklo/abide-sex-age-connectomics/connectomes/CC200/ABIDE1/sub-0051097_task-rest_run-1_atlas-CC200_fd-0.2_connectome.npz
ABIDE1	sub-0051098_task-rest_run-1	sub-0051098	NYU	ok	0.2	/work/ioannou_lab/elizabeth.szentmiklo/abide-sex-age-connectomics/connectomes/CC200/ABIDE1/sub-0051098_task-rest_run-1_atlas-CC200_fd-0.2_connectome.npz
ABIDE1	sub-0051099_task-rest_run-1	sub-0051099	NYU	ok	0.2	/work/ioannou_lab/elizabeth.szentmiklo/abide-sex-age-connectomics/connectomes/CC200/ABIDE1/sub-0051099_task-rest_run-1_atlas-CC200_fd-0.2_connectome.npz
ABIDE1	sub-0051100_task-rest_run-1	sub-0051100	NYU	ok	0.2	/work/ioannou_lab/elizabeth.szentmiklo/abide-sex-age-connectomics/connectomes/CC200/ABIDE1/sub-0051100_task-rest_run-1_atlas-CC200_fd-0.2_connectome.npz
ABIDE1	sub-0051101_task-rest_run-1	sub-0051101	NYU	ok	0.2	/work/ioannou_lab/elizabeth.szentmiklo/abide-sex-age-connectomics/connectomes/CC200/ABIDE1/sub-0051101_task-rest_run-1_atlas-CC200_fd-0.2_connectome.npz
ABIDE1	sub-0051102_task-rest_run-1	sub-0051102	NYU	ok	0.2	/work/ioannou_lab/elizabeth.szentmiklo/abide-sex-age-connectomics/connectomes/CC200/ABIDE1/sub-0051102_task-rest_run-1_atlas-CC200_fd-0.2_connectome.npz
ABIDE1	sub-0051103_task-rest_run-1	sub-0051103	NYU	ok	0.2	/work/ioannou_lab/elizabeth.szentmiklo/abide-sex-age-connectomics/connectomes/CC200/ABIDE1/sub-0051103_task-rest_run-1_atlas-CC200_fd-0.2_connectome.npz
ABIDE1	sub-0051104_task-rest_run-1	sub-0051104	NYU	ok	0.2	/work/ioannou_lab/elizabeth.szentmiklo/abide-sex-age-connectomics/connectomes/CC200/ABIDE1/sub-0051104_task-rest_run-1_atlas-CC200_fd-0.2_connectome.npz
ABIDE1	sub-0051105_task-rest_run-1	sub-0051105	NYU	ok	0.2	/work/ioannou_lab/elizabeth.szentmiklo/abide-sex-age-connectomics/connectomes/CC200/ABIDE1/sub-0051105_task-rest_run-1_atlas-CC200_fd-0.2_connectome.npz
ABIDE1	sub-0051106_task-rest_run-1	sub-0051106	NYU	ok	0.2	/work/ioannou_lab/elizabeth.szentmiklo/abide-sex-age-connectomics/connectomes/CC200/ABIDE1/sub-0051106_task-rest_run-1_atlas-CC200_fd-0.2_connectome.npz
ABIDE1	sub-0051107_task-rest_run-1	sub-0051107	NYU	ok	0.2	/work/ioannou_lab/elizabeth.szentmiklo/abide-sex-age-connectomics/connectomes/CC200/ABIDE1/sub-0051107_task-rest_run-1_atlas-CC200_fd-0.2_connectome.npz
ABIDE1	sub-0051108_task-rest_run-1	sub-0051108	NYU	ok	0.2	/work/ioannou_lab/elizabeth.szentmiklo/abide-sex-age-connectomics/connectomes/CC200/ABIDE1/sub-0051108_task-rest_run-1_atlas-CC200_fd-0.2_connectome.npz
ABIDE1	sub-0051109_task-rest_run-1	sub-0051109	NYU	ok	0.2	/work/ioannou_lab/elizabeth.szentmiklo/abide-sex-age-connectomics/connectomes/CC200/ABIDE1/sub-0051109_task-rest_run-1_atlas-CC200_fd-0.2_connectome.npz
ABIDE1	sub-0051110_task-rest_run-1	sub-0051110	NYU	ok	0.2	/work/ioannou_lab/elizabeth.szentmiklo/abide-sex-age-connectomics/connectomes/CC200/ABIDE1/sub-0051110_task-rest_run-1_atlas-CC200_fd-0.2_connectome.npz
ABIDE1	sub-0051111_task-rest_run-1	sub-0051111	NYU	ok	0.2	/work/ioannou_lab/elizabeth.szentmiklo/abide-sex-age-connectomics/connectomes/CC200/ABIDE1/sub-0051111_task-rest_run-1_atlas-CC200_fd-0.2_connectome.npz
ABIDE1	sub-0051112_task-rest_run-1	sub-0051112	NYU	ok	0.2	/work/ioannou_lab/elizabeth.szentmiklo/abide-sex-age-connectomics/connectomes/CC200/ABIDE1/sub-0051112_task-rest_run-1_atlas-CC200_fd-0.2_connectome.npz
ABIDE1	sub-0051113_task-rest_run-1	sub-0051113	NYU	ok	0.2	/work/ioannou_lab/elizabeth.szentmiklo/abide-sex-age-connectomics/connectomes/CC200/ABIDE1/sub-0051113_task-rest_run-1_atlas-CC200_fd-0.2_connectome.npz
ABIDE1	sub-0051114_task-rest_run-1	sub-0051114	NYU	ok	0.2	/work/ioannou_lab/elizabeth.szentmiklo/abide-sex-age-connectomics/connectomes/CC200/ABIDE1/sub-0051114_task-rest_run-1_atlas-CC200_fd-0.2_connectome.npz
ABIDE1	sub-0051115_task-rest_run-1	sub-0051115	NYU	ok	0.2	/work/ioannou_lab/elizabeth.szentmiklo/abide-sex-age-connectomics/connectomes/CC200/ABIDE1/sub-0051115_task-rest_run-1_atlas-CC200_fd-0.2_connectome.npz
ABIDE1	sub-0051116_task-rest_run-1	sub-0051116	NYU	ok	0.2	/work/ioannou_lab/elizabeth.szentmiklo/abide-sex-age-connectomics/connectomes/CC200/ABIDE1/sub-0051116_task-rest_run-1_atlas-CC200_fd-0.2_connectome.npz
ABIDE1	sub-0051117_task-rest_run-1	sub-0051117	NYU	ok	0.2	/work/ioannou_lab/elizabeth.szentmiklo/abide-sex-age-connectomics/connectomes/CC200/ABIDE1/sub-0051117_task-rest_run-1_atlas-CC200_fd-0.2_connectome.npz
ABIDE1	sub-0051118_task-rest_run-1	sub-0051118	NYU	ok	0.2	/work/ioannou_lab/elizabeth.szentmiklo/abide-sex-age-connectomics/connectomes/CC200/ABIDE1/sub-0051118_task-rest_run-1_atlas-CC200_fd-0.2_connectome.npz
ABIDE1	sub-0051119_task-rest_run-1	sub-0051119	NYU	ok	0.2	/work/ioannou_lab/elizabeth.szentmiklo/abide-sex-age-connectomics/connectomes/CC200/ABIDE1/sub-0051119_task-rest_run-1_atlas-CC200_fd-0.2_connectome.npz
ABIDE1	sub-0051120_task-rest_run-1	sub-0051120	NYU	ok	0.2	/work/ioannou_lab/elizabeth.szentmiklo/abide-sex-age-connectomics/connectomes/CC200/ABIDE1/sub-0051120_task-rest_run-1_atlas-CC200_fd-0.2_connectome.npz
ABIDE1	sub-0051121_task-rest_run-1	sub-0051121	NYU	ok	0.2	/work/ioannou_lab/elizabeth.szentmiklo/abide-sex-age-connectomics/connectomes/CC200/ABIDE1/sub-0051121_task-rest_run-1_atlas-CC200_fd-0.2_connectome.npz
ABIDE1	sub-0051122_task-rest_run-1	sub-0051122	NYU	ok	0.2	/work/ioannou_lab/elizabeth.szentmiklo/abide-sex-age-connectomics/connectomes/CC200/ABIDE1/sub-0051122_task-rest_run-1_atlas-CC200_fd-0.2_connectome.npz
ABIDE1	sub-0051123_task-rest_run-1	sub-0051123	NYU	ok	0.2	/work/ioannou_lab/elizabeth.szentmiklo/abide-sex-age-connectomics/connectomes/CC200/ABIDE1/sub-0051123_task-rest_run-1_atlas-CC200_fd-0.2_connectome.npz
ABIDE1	sub-0051124_task-rest_run-1	sub-0051124	NYU	ok	0.2	/work/ioannou_lab/elizabeth.szentmiklo/abide-sex-age-connectomics/connectomes/CC200/ABIDE1/sub-0051124_task-rest_run-1_atlas-CC200_fd-0.2_connectome.npz
ABIDE1	sub-0051125_task-rest_run-1	sub-0051125	NYU	ok	0.2	/work/ioannou_lab/elizabeth.szentmiklo/abide-sex-age-connectomics/connectomes/CC200/ABIDE1/sub-0051125_task-rest_run-1_atlas-CC200_fd-0.2_connectome.npz
ABIDE1	sub-0051126_task-rest_run-1	sub-0051126	NYU	ok	0.2	/work/ioannou_lab/elizabeth.szentmiklo/abide-sex-age-connectomics/connectomes/CC200/ABIDE1/sub-0051126_task-rest_run-1_atlas-CC200_fd-0.2_connectome.npz
ABIDE1	sub-0051127_task-rest_run-1	sub-0051127	NYU	ok	0.2	/work/ioannou_lab/elizabeth.szentmiklo/abide-sex-age-connectomics/connectomes/CC200/ABIDE1/sub-0051127_task-rest_run-1_atlas-CC200_fd-0.2_connectome.npz
ABIDE1	sub-0051128_task-rest_run-1	sub-0051128	NYU	ok	0.2	/work/ioannou_lab/elizabeth.szentmiklo/abide-sex-age-connectomics/connectomes/CC200/ABIDE1/sub-0051128_task-rest_run-1_atlas-CC200_fd-0.2_connectome.npz
ABIDE1	sub-0051129_task-rest_run-1	sub-0051129	NYU	ok	0.2	/work/ioannou_lab/elizabeth.szentmiklo/abide-sex-age-connectomics/connectomes/CC200/ABIDE1/sub-0051129_task-rest_run-1_atlas-CC200_fd-0.2_connectome.npz
ABIDE1	sub-0051130_task-rest_run-1	sub-0051130	NYU	ok	0.2	/work/ioannou_lab/elizabeth.szentmiklo/abide-sex-age-connectomics/connectomes/CC200/ABIDE1/sub-0051130_task-rest_run-1_atlas-CC200_fd-0.2_connectome.npz
ABIDE1	sub-0051131_task-rest_run-1	sub-0051131	NYU	ok	0.2	/work/ioannou_lab/elizabeth.szentmiklo/abide-sex-age-connectomics/connectomes/CC200/ABIDE1/sub-0051131_task-rest_run-1_atlas-CC200_fd-0.2_connectome.npz
ABIDE1	sub-0051132_task-rest_run-1	sub-0051132	TRINITY(1)	ok	0.2	/work/ioannou_lab/elizabeth.szentmiklo/abide-sex-age-connectomics/connectomes/CC200/ABIDE1/sub-0051132_task-rest_run-1_atlas-CC200_fd-0.2_connectome.npz
ABIDE1	sub-0051133_task-rest_run-1	sub-0051133	TRINITY(1)	ok	0.2	/work/ioannou_lab/elizabeth.szentmiklo/abide-sex-age-connectomics/connectomes/CC200/ABIDE1/sub-0051133_task-rest_run-1_atlas-CC200_fd-0.2_connectome.npz
ABIDE1	sub-0051134_task-rest_run-1	sub-0051134	TRINITY(1)	ok	0.2	/work/ioannou_lab/elizabeth.szentmiklo/abide-sex-age-connectomics/connectomes/CC200/ABIDE1/sub-0051134_task-rest_run-1_atlas-CC200_fd-0.2_connectome.npz
ABIDE1	sub-0051135_task-rest_run-1	sub-0051135	TRINITY(1)	ok	0.2	/work/ioannou_lab/elizabeth.szentmiklo/abide-sex-age-connectomics/connectomes/CC200/ABIDE1/sub-0051135_task-rest_run-1_atlas-CC200_fd-0.2_connectome.npz
ABIDE1	sub-0051137_task-rest_run-1	sub-0051137	TRINITY(1)	ok	0.2	/work/ioannou_lab/elizabeth.szentmiklo/abide-sex-age-connectomics/connectomes/CC200/ABIDE1/sub-0051137_task-rest_run-1_atlas-CC200_fd-0.2_connectome.npz
ABIDE1	sub-0051138_task-rest_run-1	sub-0051138	TRINITY(1)	ok	0.2	/work/ioannou_lab/elizabeth.szentmiklo/abide-sex-age-connectomics/connectomes/CC200/ABIDE1/sub-0051138_task-rest_run-1_atlas-CC200_fd-0.2_connectome.npz
ABIDE1	sub-0051139_task-rest_run-1	sub-0051139	TRINITY(1)	ok	0.2	/work/ioannou_lab/elizabeth.szentmiklo/abide-sex-age-connectomics/connectomes/CC200/ABIDE1/sub-0051139_task-rest_run-1_atlas-CC200_fd-0.2_connectome.npz
ABIDE1	sub-0051140_task-rest_run-1	sub-0051140	TRINITY(1)	ok	0.2	/work/ioannou_lab/elizabeth.szentmiklo/abide-sex-age-connectomics/connectomes/CC200/ABIDE1/sub-0051140_task-rest_run-1_atlas-CC200_fd-0.2_connectome.npz
ABIDE1	sub-0051141_task-rest_run-1	sub-0051141	TRINITY(1)	ok	0.2	/work/ioannou_lab/elizabeth.szentmiklo/abide-sex-age-connectomics/connectomes/CC200/ABIDE1/sub-0051141_task-rest_run-1_atlas-CC200_fd-0.2_connectome.npz
ABIDE1	sub-0051142_task-rest_run-1	sub-0051142	TRINITY(1)	ok	0.2	/work/ioannou_lab/elizabeth.szentmiklo/abide-sex-age-connectomics/connectomes/CC200/ABIDE1/sub-0051142_task-rest_run-1_atlas-CC200_fd-0.2_connectome.npz
ABIDE1	sub-0051146_task-rest_run-1	sub-0051146	NYU	ok	0.2	/work/ioannou_lab/elizabeth.szentmiklo/abide-sex-age-connectomics/connectomes/CC200/ABIDE1/sub-0051146_task-rest_run-1_atlas-CC200_fd-0.2_connectome.npz
ABIDE1	sub-0051147_task-rest_run-1	sub-0051147	NYU	ok	0.2	/work/ioannou_lab/elizabeth.szentmiklo/abide-sex-age-connectomics/connectomes/CC200/ABIDE1/sub-0051147_task-rest_run-1_atlas-CC200_fd-0.2_connectome.npz
ABIDE1	sub-0051148_task-rest_run-1	sub-0051148	NYU	ok	0.2	/work/ioannou_lab/elizabeth.szentmiklo/abide-sex-age-connectomics/connectomes/CC200/ABIDE1/sub-0051148_task-rest_run-1_atlas-CC200_fd-0.2_connectome.npz
ABIDE1	sub-0051149_task-rest_run-1	sub-0051149	NYU	ok	0.2	/work/ioannou_lab/elizabeth.szentmiklo/abide-sex-age-connectomics/connectomes/CC200/ABIDE1/sub-0051149_task-rest_run-1_atlas-CC200_fd-0.2_connectome.npz
ABIDE1	sub-0051151_task-rest_run-1	sub-0051151	NYU	ok	0.2	/work/ioannou_lab/elizabeth.szentmiklo/abide-sex-age-connectomics/connectomes/CC200/ABIDE1/sub-0051151_task-rest_run-1_atlas-CC200_fd-0.2_connectome.npz
ABIDE1	sub-0051152_task-rest_run-1	sub-0051152	NYU	ok	0.2	/work/ioannou_lab/elizabeth.szentmiklo/abide-sex-age-connectomics/connectomes/CC200/ABIDE1/sub-0051152_task-rest_run-1_atlas-CC200_fd-0.2_connectome.npz
ABIDE1	sub-0051153_task-rest_run-1	sub-0051153	NYU	ok	0.2	/work/ioannou_lab/elizabeth.szentmiklo/abide-sex-age-connectomics/connectomes/CC200/ABIDE1/sub-0051153_task-rest_run-1_atlas-CC200_fd-0.2_connectome.npz
ABIDE1	sub-0051154_task-rest_run-1	sub-0051154	NYU	ok	0.2	/work/ioannou_lab/elizabeth.szentmiklo/abide-sex-age-connectomics/connectomes/CC200/ABIDE1/sub-0051154_task-rest_run-1_atlas-CC200_fd-0.2_connectome.npz
ABIDE1	sub-0051155_task-rest_run-1	sub-0051155	NYU	ok	0.2	/work/ioannou_lab/elizabeth.szentmiklo/abide-sex-age-connectomics/connectomes/CC200/ABIDE1/sub-0051155_task-rest_run-1_atlas-CC200_fd-0.2_connectome.npz
ABIDE1	sub-0051156_task-rest_run-1	sub-0051156	NYU	ok	0.2	/work/ioannou_lab/elizabeth.szentmiklo/abide-sex-age-connectomics/connectomes/CC200/ABIDE1/sub-0051156_task-rest_run-1_atlas-CC200_fd-0.2_connectome.npz
ABIDE1	sub-0051159_task-rest_run-1	sub-0051159	NYU	ok	0.2	/work/ioannou_lab/elizabeth.szentmiklo/abide-sex-age-connectomics/connectomes/CC200/ABIDE1/sub-0051159_task-rest_run-1_atlas-CC200_fd-0.2_connectome.npz
ABIDE1	sub-0051162_task-rest_run-1	sub-0051162	STANFORD	ok	0.2	/work/ioannou_lab/elizabeth.szentmiklo/abide-sex-age-connectomics/connectomes/CC200/ABIDE1/sub-0051162_task-rest_run-1_atlas-CC200_fd-0.2_connectome.npz
ABIDE1	sub-0051163_task-rest_run-1	sub-0051163	STANFORD	ok	0.2	/work/ioannou_lab/elizabeth.szentmiklo/abide-sex-age-connectomics/connectomes/CC200/ABIDE1/sub-0051163_task-rest_run-1_atlas-CC200_fd-0.2_connectome.npz
ABIDE1	sub-0051164_task-rest_run-1	sub-0051164	STANFORD	ok	0.2	/work/ioannou_lab/elizabeth.szentmiklo/abide-sex-age-connectomics/connectomes/CC200/ABIDE1/sub-0051164_task-rest_run-1_atlas-CC200_fd-0.2_connectome.npz
ABIDE1	sub-0051165_task-rest_run-1	sub-0051165	STANFORD	ok	0.2	/work/ioannou_lab/elizabeth.szentmiklo/abide-sex-age-connectomics/connectomes/CC200/ABIDE1/sub-0051165_task-rest_run-1_atlas-CC200_fd-0.2_connectome.npz
ABIDE1	sub-0051167_task-rest_run-1	sub-0051167	STANFORD	ok	0.2	/work/ioannou_lab/elizabeth.szentmiklo/abide-sex-age-connectomics/connectomes/CC200/ABIDE1/sub-0051167_task-rest_run-1_atlas-CC200_fd-0.2_connectome.npz
ABIDE1	sub-0051168_task-rest_run-1	sub-0051168	STANFORD	ok	0.2	/work/ioannou_lab/elizabeth.szentmiklo/abide-sex-age-connectomics/connectomes/CC200/ABIDE1/sub-0051168_task-rest_run-1_atlas-CC200_fd-0.2_connectome.npz
ABIDE1	sub-0051169_task-rest_run-1	sub-0051169	STANFORD	ok	0.2	/work/ioannou_lab/elizabeth.szentmiklo/abide-sex-age-connectomics/connectomes/CC200/ABIDE1/sub-0051169_task-rest_run-1_atlas-CC200_fd-0.2_connectome.npz
ABIDE1	sub-0051170_task-rest_run-1	sub-0051170	STANFORD	ok	0.2	/work/ioannou_lab/elizabeth.szentmiklo/abide-sex-age-connectomics/connectomes/CC200/ABIDE1/sub-0051170_task-rest_run-1_atlas-CC200_fd-0.2_connectome.npz
ABIDE1	sub-0051171_task-rest_run-1	sub-0051171	STANFORD	ok	0.2	/work/ioannou_lab/elizabeth.szentmiklo/abide-sex-age-connectomics/connectomes/CC200/ABIDE1/sub-0051171_task-rest_run-1_atlas-CC200_fd-0.2_connectome.npz
ABIDE1	sub-0051172_task-rest_run-1	sub-0051172	STANFORD	ok	0.2	/work/ioannou_lab/elizabeth.szentmiklo/abide-sex-age-connectomics/connectomes/CC200/ABIDE1/sub-0051172_task-rest_run-1_atlas-CC200_fd-0.2_connectome.npz
ABIDE1	sub-0051173_task-rest_run-1	sub-0051173	STANFORD	ok	0.2	/work/ioannou_lab/elizabeth.szentmiklo/abide-sex-age-connectomics/connectomes/CC200/ABIDE1/sub-0051173_task-rest_run-1_atlas-CC200_fd-0.2_connectome.npz
ABIDE1	sub-0051174_task-rest_run-1	sub-0051174	STANFORD	ok	0.2	/work/ioannou_lab/elizabeth.szentmiklo/abide-sex-age-connectomics/connectomes/CC200/ABIDE1/sub-0051174_task-rest_run-1_atlas-CC200_fd-0.2_connectome.npz
ABIDE1	sub-0051175_task-rest_run-1	sub-0051175	STANFORD	ok	0.2	/work/ioannou_lab/elizabeth.szentmiklo/abide-sex-age-connectomics/connectomes/CC200/ABIDE1/sub-0051175_task-rest_run-1_atlas-CC200_fd-0.2_connectome.npz
ABIDE1	sub-0051177_task-rest_run-1	sub-0051177	STANFORD	ok	0.2	/work/ioannou_lab/elizabeth.szentmiklo/abide-sex-age-connectomics/connectomes/CC200/ABIDE1/sub-0051177_task-rest_run-1_atlas-CC200_fd-0.2_connectome.npz
ABIDE1	sub-0051178_task-rest_run-1	sub-0051178	STANFORD	ok	0.2	/work/ioannou_lab/elizabeth.szentmiklo/abide-sex-age-connectomics/connectomes/CC200/ABIDE1/sub-0051178_task-rest_run-1_atlas-CC200_fd-0.2_connectome.npz
ABIDE1	sub-0051180_task-rest_run-1	sub-0051180	STANFORD	ok	0.2	/work/ioannou_lab/elizabeth.szentmiklo/abide-sex-age-connectomics/connectomes/CC200/ABIDE1/sub-0051180_task-rest_run-1_atlas-CC200_fd-0.2_connectome.npz
ABIDE1	sub-0051181_task-rest_run-1	sub-0051181	STANFORD	ok	0.2	/work/ioannou_lab/elizabeth.szentmiklo/abide-sex-age-connectomics/connectomes/CC200/ABIDE1/sub-0051181_task-rest_run-1_atlas-CC200_fd-0.2_connectome.npz
ABIDE1	sub-0051182_task-rest_run-1	sub-0051182	STANFORD	ok	0.2	/work/ioannou_lab/elizabeth.szentmiklo/abide-sex-age-connectomics/connectomes/CC200/ABIDE1/sub-0051182_task-rest_run-1_atlas-CC200_fd-0.2_connectome.npz
ABIDE1	sub-0051183_task-rest_run-1	sub-0051183	STANFORD	ok	0.2	/work/ioannou_lab/elizabeth.szentmiklo/abide-sex-age-connectomics/connectomes/CC200/ABIDE1/sub-0051183_task-rest_run-1_atlas-CC200_fd-0.2_connectome.npz
ABIDE1	sub-0051184_task-rest_run-1	sub-0051184	STANFORD	ok	0.2	/work/ioannou_lab/elizabeth.szentmiklo/abide-sex-age-connectomics/connectomes/CC200/ABIDE1/sub-0051184_task-rest_run-1_atlas-CC200_fd-0.2_connectome.npz
ABIDE1	sub-0051187_task-rest_run-1	sub-0051187	STANFORD	ok	0.2	/work/ioannou_lab/elizabeth.szentmiklo/abide-sex-age-connectomics/connectomes/CC200/ABIDE1/sub-0051187_task-rest_run-1_atlas-CC200_fd-0.2_connectome.npz
ABIDE1	sub-0051188_task-rest_run-1	sub-0051188	STANFORD	ok	0.2	/work/ioannou_lab/elizabeth.szentmiklo/abide-sex-age-connectomics/connectomes/CC200/ABIDE1/sub-0051188_task-rest_run-1_atlas-CC200_fd-0.2_connectome.npz
ABIDE1	sub-0051189_task-rest_run-1	sub-0051189	STANFORD	ok	0.2	/work/ioannou_lab/elizabeth.szentmiklo/abide-sex-age-connectomics/connectomes/CC200/ABIDE1/sub-0051189_task-rest_run-1_atlas-CC200_fd-0.2_connectome.npz
ABIDE1	sub-0051190_task-rest_run-1	sub-0051190	STANFORD	ok	0.2	/work/ioannou_lab/elizabeth.szentmiklo/abide-sex-age-connectomics/connectomes/CC200/ABIDE1/sub-0051190_task-rest_run-1_atlas-CC200_fd-0.2_connectome.npz
ABIDE1	sub-0051192_task-rest_run-1	sub-0051192	STANFORD	ok	0.2	/work/ioannou_lab/elizabeth.szentmiklo/abide-sex-age-connectomics/connectomes/CC200/ABIDE1/sub-0051192_task-rest_run-1_atlas-CC200_fd-0.2_connectome.npz
ABIDE1	sub-0051193_task-rest_run-1	sub-0051193	STANFORD	ok	0.2	/work/ioannou_lab/elizabeth.szentmiklo/abide-sex-age-connectomics/connectomes/CC200/ABIDE1/sub-0051193_task-rest_run-1_atlas-CC200_fd-0.2_connectome.npz
ABIDE1	sub-0051194_task-rest_run-1	sub-0051194	STANFORD	ok	0.2	/work/ioannou_lab/elizabeth.szentmiklo/abide-sex-age-connectomics/connectomes/CC200/ABIDE1/sub-0051194_task-rest_run-1_atlas-CC200_fd-0.2_connectome.npz
ABIDE1	sub-0051195_task-rest_run-1	sub-0051195	STANFORD	ok	0.2	/work/ioannou_lab/elizabeth.szentmiklo/abide-sex-age-connectomics/connectomes/CC200/ABIDE1/sub-0051195_task-rest_run-1_atlas-CC200_fd-0.2_connectome.npz
ABIDE1	sub-0051196_task-rest_run-1	sub-0051196	STANFORD	ok	0.2	/work/ioannou_lab/elizabeth.szentmiklo/abide-sex-age-connectomics/connectomes/CC200/ABIDE1/sub-0051196_task-rest_run-1_atlas-CC200_fd-0.2_connectome.npz
ABIDE1	sub-0051197_task-rest_run-1	sub-0051197	STANFORD	ok	0.2	/work/ioannou_lab/elizabeth.szentmiklo/abide-sex-age-connectomics/connectomes/CC200/ABIDE1/sub-0051197_task-rest_run-1_atlas-CC200_fd-0.2_connectome.npz
ABIDE1	sub-0051198_task-rest_run-1	sub-0051198	STANFORD	ok	0.2	/work/ioannou_lab/elizabeth.szentmiklo/abide-sex-age-connectomics/connectomes/CC200/ABIDE1/sub-0051198_task-rest_run-1_atlas-CC200_fd-0.2_connectome.npz
ABIDE1	sub-0051199_task-rest_run-1	sub-0051199	STANFORD	ok	0.2	/work/ioannou_lab/elizabeth.szentmiklo/abide-sex-age-connectomics/connectomes/CC200/ABIDE1/sub-0051199_task-rest_run-1_atlas-CC200_fd-0.2_connectome.npz
ABIDE1	sub-0051202_task-rest_run-1	sub-0051202	UCLA_1	ok	0.2	/work/ioannou_lab/elizabeth.szentmiklo/abide-sex-age-connectomics/connectomes/CC200/ABIDE1/sub-0051202_task-rest_run-1_atlas-CC200_fd-0.2_connectome.npz
ABIDE1	sub-0051205_task-rest_run-1	sub-0051205	UCLA_1	ok	0.2	/work/ioannou_lab/elizabeth.szentmiklo/abide-sex-age-connectomics/connectomes/CC200/ABIDE1/sub-0051205_task-rest_run-1_atlas-CC200_fd-0.2_connectome.npz
ABIDE1	sub-0051206_task-rest_run-1	sub-0051206	UCLA_1	ok	0.2	/work/ioannou_lab/elizabeth.szentmiklo/abide-sex-age-connectomics/connectomes/CC200/ABIDE1/sub-0051206_task-rest_run-1_atlas-CC200_fd-0.2_connectome.npz
ABIDE1	sub-0051208_task-rest_run-1	sub-0051208	UCLA_1	ok	0.2	/work/ioannou_lab/elizabeth.szentmiklo/abide-sex-age-connectomics/connectomes/CC200/ABIDE1/sub-0051208_task-rest_run-1_atlas-CC200_fd-0.2_connectome.npz
ABIDE1	sub-0051210_task-rest_run-1	sub-0051210	UCLA_1	ok	0.2	/work/ioannou_lab/elizabeth.szentmiklo/abide-sex-age-connectomics/connectomes/CC200/ABIDE1/sub-0051210_task-rest_run-1_atlas-CC200_fd-0.2_connectome.npz
ABIDE1	sub-0051211_task-rest_run-1	sub-0051211	UCLA_1	ok	0.2	/work/ioannou_lab/elizabeth.szentmiklo/abide-sex-age-connectomics/connectomes/CC200/ABIDE1/sub-0051211_task-rest_run-1_atlas-CC200_fd-0.2_connectome.npz
ABIDE1	sub-0051212_task-rest_run-1	sub-0051212	UCLA_1	ok	0.2	/work/ioannou_lab/elizabeth.szentmiklo/abide-sex-age-connectomics/connectomes/CC200/ABIDE1/sub-0051212_task-rest_run-1_atlas-CC200_fd-0.2_connectome.npz
ABIDE1	sub-0051217_task-rest_run-1	sub-0051217	UCLA_1	ok	0.2	/work/ioannou_lab/elizabeth.szentmiklo/abide-sex-age-connectomics/connectomes/CC200/ABIDE1/sub-0051217_task-rest_run-1_atlas-CC200_fd-0.2_connectome.npz
ABIDE1	sub-0051218_task-rest_run-1	sub-0051218	UCLA_1	ok	0.2	/work/ioannou_lab/elizabeth.szentmiklo/abide-sex-age-connectomics/connectomes/CC200/ABIDE1/sub-0051218_task-rest_run-1_atlas-CC200_fd-0.2_connectome.npz
ABIDE1	sub-0051219_task-rest_run-1	sub-0051219	UCLA_1	ok	0.2	/work/ioannou_lab/elizabeth.szentmiklo/abide-sex-age-connectomics/connectomes/CC200/ABIDE1/sub-0051219_task-rest_run-1_atlas-CC200_fd-0.2_connectome.npz
ABIDE1	sub-0051220_task-rest_run-1	sub-0051220	UCLA_1	ok	0.2	/work/ioannou_lab/elizabeth.szentmiklo/abide-sex-age-connectomics/connectomes/CC200/ABIDE1/sub-0051220_task-rest_run-1_atlas-CC200_fd-0.2_connectome.npz
ABIDE1	sub-0051221_task-rest_run-1	sub-0051221	UCLA_1	ok	0.2	/work/ioannou_lab/elizabeth.szentmiklo/abide-sex-age-connectomics/connectomes/CC200/ABIDE1/sub-0051221_task-rest_run-1_atlas-CC200_fd-0.2_connectome.npz
ABIDE1	sub-0051222_task-rest_run-1	sub-0051222	UCLA_1	ok	0.2	/work/ioannou_lab/elizabeth.szentmiklo/abide-sex-age-connectomics/connectomes/CC200/ABIDE1/sub-0051222_task-rest_run-1_atlas-CC200_fd-0.2_connectome.npz
ABIDE1	sub-0051223_task-rest_run-1	sub-0051223	UCLA_1	ok	0.2	/work/ioannou_lab/elizabeth.szentmiklo/abide-sex-age-connectomics/connectomes/CC200/ABIDE1/sub-0051223_task-rest_run-1_atlas-CC200_fd-0.2_connectome.npz
ABIDE1	sub-0051224_task-rest_run-1	sub-0051224	UCLA_1	ok	0.2	/work/ioannou_lab/elizabeth.szentmiklo/abide-sex-age-connectomics/connectomes/CC200/ABIDE1/sub-0051224_task-rest_run-1_atlas-CC200_fd-0.2_connectome.npz
ABIDE1	sub-0051226_task-rest_run-1	sub-0051226	UCLA_1	ok	0.2	/work/ioannou_lab/elizabeth.szentmiklo/abide-sex-age-connectomics/connectomes/CC200/ABIDE1/sub-0051226_task-rest_run-1_atlas-CC200_fd-0.2_connectome.npz
ABIDE1	sub-0051229_task-rest_run-1	sub-0051229	UCLA_1	ok	0.2	/work/ioannou_lab/elizabeth.szentmiklo/abide-sex-age-connectomics/connectomes/CC200/ABIDE1/sub-0051229_task-rest_run-1_atlas-CC200_fd-0.2_connectome.npz
ABIDE1	sub-0051230_task-rest_run-1	sub-0051230	UCLA_1	ok	0.2	/work/ioannou_lab/elizabeth.szentmiklo/abide-sex-age-connectomics/connectomes/CC200/ABIDE1/sub-0051230_task-rest_run-1_atlas-CC200_fd-0.2_connectome.npz
ABIDE1	sub-0051234_task-rest_run-1	sub-0051234	UCLA_1	ok	0.2	/work/ioannou_lab/elizabeth.szentmiklo/abide-sex-age-connectomics/connectomes/CC200/ABIDE1/sub-0051234_task-rest_run-1_atlas-CC200_fd-0.2_connectome.npz
ABIDE1	sub-0051235_task-rest_run-1	sub-0051235	UCLA_1	ok	0.2	/work/ioannou_lab/elizabeth.szentmiklo/abide-sex-age-connectomics/connectomes/CC200/ABIDE1/sub-0051235_task-rest_run-1_atlas-CC200_fd-0.2_connectome.npz
ABIDE1	sub-0051237_task-rest_run-1	sub-0051237	UCLA_1	ok	0.2	/work/ioannou_lab/elizabeth.szentmiklo/abide-sex-age-connectomics/connectomes/CC200/ABIDE1/sub-0051237_task-rest_run-1_atlas-CC200_fd-0.2_connectome.npz
ABIDE1	sub-0051240_task-rest_run-1	sub-0051240	UCLA_1	ok	0.2	/work/ioannou_lab/elizabeth.szentmiklo/abide-sex-age-connectomics/connectomes/CC200/ABIDE1/sub-0051240_task-rest_run-1_atlas-CC200_fd-0.2_connectome.npz
ABIDE1	sub-0051241_task-rest_run-1	sub-0051241	UCLA_1	ok	0.2	/work/ioannou_lab/elizabeth.szentmiklo/abide-sex-age-connectomics/connectomes/CC200/ABIDE1/sub-0051241_task-rest_run-1_atlas-CC200_fd-0.2_connectome.npz
ABIDE1	sub-0051248_task-rest_run-1	sub-0051248	UCLA_1	ok	0.2	/work/ioannou_lab/elizabeth.szentmiklo/abide-sex-age-connectomics/connectomes/CC200/ABIDE1/sub-0051248_task-rest_run-1_atlas-CC200_fd-0.2_connectome.npz
ABIDE1	sub-0051249_task-rest_run-1	sub-0051249	UCLA_1	ok	0.2	/work/ioannou_lab/elizabeth.szentmiklo/abide-sex-age-connectomics/connectomes/CC200/ABIDE1/sub-0051249_task-rest_run-1_atlas-CC200_fd-0.2_connectome.npz
ABIDE1	sub-0051250_task-rest_run-1	sub-0051250	UCLA_1	ok	0.2	/work/ioannou_lab/elizabeth.szentmiklo/abide-sex-age-connectomics/connectomes/CC200/ABIDE1/sub-0051250_task-rest_run-1_atlas-CC200_fd-0.2_connectome.npz
ABIDE1	sub-0051252_task-rest_run-1	sub-0051252	UCLA_1	ok	0.2	/work/ioannou_lab/elizabeth.szentmiklo/abide-sex-age-connectomics/connectomes/CC200/ABIDE1/sub-0051252_task-rest_run-1_atlas-CC200_fd-0.2_connectome.npz
ABIDE1	sub-0051253_task-rest_run-1	sub-0051253	UCLA_1	ok	0.2	/work/ioannou_lab/elizabeth.szentmiklo/abide-sex-age-connectomics/connectomes/CC200/ABIDE1/sub-0051253_task-rest_run-1_atlas-CC200_fd-0.2_connectome.npz
ABIDE1	sub-0051254_task-rest_run-1	sub-0051254	UCLA_1	ok	0.2	/work/ioannou_lab/elizabeth.szentmiklo/abide-sex-age-connectomics/connectomes/CC200/ABIDE1/sub-0051254_task-rest_run-1_atlas-CC200_fd-0.2_connectome.npz
ABIDE1	sub-0051255_task-rest_run-1	sub-0051255	UCLA_1	ok	0.2	/work/ioannou_lab/elizabeth.szentmiklo/abide-sex-age-connectomics/connectomes/CC200/ABIDE1/sub-0051255_task-rest_run-1_atlas-CC200_fd-0.2_connectome.npz
ABIDE1	sub-0051256_task-rest_run-1	sub-0051256	UCLA_1	ok	0.2	/work/ioannou_lab/elizabeth.szentmiklo/abide-sex-age-connectomics/connectomes/CC200/ABIDE1/sub-0051256_task-rest_run-1_atlas-CC200_fd-0.2_connectome.npz
ABIDE1	sub-0051257_task-rest_run-1	sub-0051257	UCLA_1	ok	0.2	/work/ioannou_lab/elizabeth.szentmiklo/abide-sex-age-connectomics/connectomes/CC200/ABIDE1/sub-0051257_task-rest_run-1_atlas-CC200_fd-0.2_connectome.npz
ABIDE1	sub-0051260_task-rest_run-1	sub-0051260	UCLA_1	ok	0.2	/work/ioannou_lab/elizabeth.szentmiklo/abide-sex-age-connectomics/connectomes/CC200/ABIDE1/sub-0051260_task-rest_run-1_atlas-CC200_fd-0.2_connectome.npz
ABIDE1	sub-0051261_task-rest_run-1	sub-0051261	UCLA_1	ok	0.2	/work/ioannou_lab/elizabeth.szentmiklo/abide-sex-age-connectomics/connectomes/CC200/ABIDE1/sub-0051261_task-rest_run-1_atlas-CC200_fd-0.2_connectome.npz
ABIDE1	sub-0051262_task-rest_run-1	sub-0051262	UCLA_1	ok	0.2	/work/ioannou_lab/elizabeth.szentmiklo/abide-sex-age-connectomics/connectomes/CC200/ABIDE1/sub-0051262_task-rest_run-1_atlas-CC200_fd-0.2_connectome.npz
ABIDE1	sub-0051263_task-rest_run-1	sub-0051263	UCLA_1	ok	0.2	/work/ioannou_lab/elizabeth.szentmiklo/abide-sex-age-connectomics/connectomes/CC200/ABIDE1/sub-0051263_task-rest_run-1_atlas-CC200_fd-0.2_connectome.npz
ABIDE1	sub-0051264_task-rest_run-1	sub-0051264	UCLA_1	ok	0.2	/work/ioannou_lab/elizabeth.szentmiklo/abide-sex-age-connectomics/connectomes/CC200/ABIDE1/sub-0051264_task-rest_run-1_atlas-CC200_fd-0.2_connectome.npz
ABIDE1	sub-0051265_task-rest_run-1	sub-0051265	UCLA_1	ok	0.2	/work/ioannou_lab/elizabeth.szentmiklo/abide-sex-age-connectomics/connectomes/CC200/ABIDE1/sub-0051265_task-rest_run-1_atlas-CC200_fd-0.2_connectome.npz
ABIDE1	sub-0051266_task-rest_run-1	sub-0051266	UCLA_1	ok	0.2	/work/ioannou_lab/elizabeth.szentmiklo/abide-sex-age-connectomics/connectomes/CC200/ABIDE1/sub-0051266_task-rest_run-1_atlas-CC200_fd-0.2_connectome.npz
ABIDE1	sub-0051267_task-rest_run-1	sub-0051267	UCLA_1	ok	0.2	/work/ioannou_lab/elizabeth.szentmiklo/abide-sex-age-connectomics/connectomes/CC200/ABIDE1/sub-0051267_task-rest_run-1_atlas-CC200_fd-0.2_connectome.npz
ABIDE1	sub-0051268_task-rest_run-1	sub-0051268	UCLA_1	ok	0.2	/work/ioannou_lab/elizabeth.szentmiklo/abide-sex-age-connectomics/connectomes/CC200/ABIDE1/sub-0051268_task-rest_run-1_atlas-CC200_fd-0.2_connectome.npz
ABIDE1	sub-0051269_task-rest_run-1	sub-0051269	UCLA_1	ok	0.2	/work/ioannou_lab/elizabeth.szentmiklo/abide-sex-age-connectomics/connectomes/CC200/ABIDE1/sub-0051269_task-rest_run-1_atlas-CC200_fd-0.2_connectome.npz
ABIDE1	sub-0051271_task-rest_run-1	sub-0051271	UCLA_1	ok	0.2	/work/ioannou_lab/elizabeth.szentmiklo/abide-sex-age-connectomics/connectomes/CC200/ABIDE1/sub-0051271_task-rest_run-1_atlas-CC200_fd-0.2_connectome.npz
ABIDE1	sub-0051272_task-rest_run-1	sub-0051272	UCLA_1	ok	0.2	/work/ioannou_lab/elizabeth.szentmiklo/abide-sex-age-connectomics/connectomes/CC200/ABIDE1/sub-0051272_task-rest_run-1_atlas-CC200_fd-0.2_connectome.npz
ABIDE1	sub-0051273_task-rest_run-1	sub-0051273	UCLA_1	ok	0.2	/work/ioannou_lab/elizabeth.szentmiklo/abide-sex-age-connectomics/connectomes/CC200/ABIDE1/sub-0051273_task-rest_run-1_atlas-CC200_fd-0.2_connectome.npz
ABIDE1	sub-0051275_task-rest_run-1	sub-0051275	UCLA_1	ok	0.2	/work/ioannou_lab/elizabeth.szentmiklo/abide-sex-age-connectomics/connectomes/CC200/ABIDE1/sub-0051275_task-rest_run-1_atlas-CC200_fd-0.2_connectome.npz
ABIDE1	sub-0051276_task-rest_run-1	sub-0051276	UCLA_1	ok	0.2	/work/ioannou_lab/elizabeth.szentmiklo/abide-sex-age-connectomics/connectomes/CC200/ABIDE1/sub-0051276_task-rest_run-1_atlas-CC200_fd-0.2_connectome.npz
ABIDE1	sub-0051277_task-rest_run-1	sub-0051277	UCLA_1	ok	0.2	/work/ioannou_lab/elizabeth.szentmiklo/abide-sex-age-connectomics/connectomes/CC200/ABIDE1/sub-0051277_task-rest_run-1_atlas-CC200_fd-0.2_connectome.npz
ABIDE1	sub-0051279_task-rest_run-1	sub-0051279	UCLA_1	ok	0.2	/work/ioannou_lab/elizabeth.szentmiklo/abide-sex-age-connectomics/connectomes/CC200/ABIDE1/sub-0051279_task-rest_run-1_atlas-CC200_fd-0.2_connectome.npz
ABIDE1	sub-0051280_task-rest_run-1	sub-0051280	UCLA_1	ok	0.2	/work/ioannou_lab/elizabeth.szentmiklo/abide-sex-age-connectomics/connectomes/CC200/ABIDE1/sub-0051280_task-rest_run-1_atlas-CC200_fd-0.2_connectome.npz
ABIDE1	sub-0051281_task-rest_run-1	sub-0051281	UCLA_1	ok	0.2	/work/ioannou_lab/elizabeth.szentmiklo/abide-sex-age-connectomics/connectomes/CC200/ABIDE1/sub-0051281_task-rest_run-1_atlas-CC200_fd-0.2_connectome.npz
ABIDE1	sub-0051282_task-rest_run-1	sub-0051282	UCLA_1	ok	0.2	/work/ioannou_lab/elizabeth.szentmiklo/abide-sex-age-connectomics/connectomes/CC200/ABIDE1/sub-0051282_task-rest_run-1_atlas-CC200_fd-0.2_connectome.npz
ABIDE1	sub-0051291_task-rest_run-1	sub-0051291	UCLA_2	ok	0.2	/work/ioannou_lab/elizabeth.szentmiklo/abide-sex-age-connectomics/connectomes/CC200/ABIDE1/sub-0051291_task-rest_run-1_atlas-CC200_fd-0.2_connectome.npz
ABIDE1	sub-0051293_task-rest_run-1	sub-0051293	UCLA_2	ok	0.2	/work/ioannou_lab/elizabeth.szentmiklo/abide-sex-age-connectomics/connectomes/CC200/ABIDE1/sub-0051293_task-rest_run-1_atlas-CC200_fd-0.2_connectome.npz
ABIDE1	sub-0051295_task-rest_run-1	sub-0051295	UCLA_2	ok	0.2	/work/ioannou_lab/elizabeth.szentmiklo/abide-sex-age-connectomics/connectomes/CC200/ABIDE1/sub-0051295_task-rest_run-1_atlas-CC200_fd-0.2_connectome.npz
ABIDE1	sub-0051301_task-rest_run-1	sub-0051301	UCLA_2	ok	0.2	/work/ioannou_lab/elizabeth.szentmiklo/abide-sex-age-connectomics/connectomes/CC200/ABIDE1/sub-0051301_task-rest_run-1_atlas-CC200_fd-0.2_connectome.npz
ABIDE1	sub-0051303_task-rest_run-1	sub-0051303	UCLA_2	ok	0.2	/work/ioannou_lab/elizabeth.szentmiklo/abide-sex-age-connectomics/connectomes/CC200/ABIDE1/sub-0051303_task-rest_run-1_atlas-CC200_fd-0.2_connectome.npz
ABIDE1	sub-0051305_task-rest_run-1	sub-0051305	UCLA_2	ok	0.2	/work/ioannou_lab/elizabeth.szentmiklo/abide-sex-age-connectomics/connectomes/CC200/ABIDE1/sub-0051305_task-rest_run-1_atlas-CC200_fd-0.2_connectome.npz
ABIDE1	sub-0051307_task-rest_run-1	sub-0051307	UCLA_2	ok	0.2	/work/ioannou_lab/elizabeth.szentmiklo/abide-sex-age-connectomics/connectomes/CC200/ABIDE1/sub-0051307_task-rest_run-1_atlas-CC200_fd-0.2_connectome.npz
ABIDE1	sub-0051308_task-rest_run-1	sub-0051308	UCLA_2	ok	0.2	/work/ioannou_lab/elizabeth.szentmiklo/abide-sex-age-connectomics/connectomes/CC200/ABIDE1/sub-0051308_task-rest_run-1_atlas-CC200_fd-0.2_connectome.npz
ABIDE1	sub-0051309_task-rest_run-1	sub-0051309	UCLA_2	ok	0.2	/work/ioannou_lab/elizabeth.szentmiklo/abide-sex-age-connectomics/connectomes/CC200/ABIDE1/sub-0051309_task-rest_run-1_atlas-CC200_fd-0.2_connectome.npz
ABIDE1	sub-0051311_task-rest_run-1	sub-0051311	UCLA_2	ok	0.2	/work/ioannou_lab/elizabeth.szentmiklo/abide-sex-age-connectomics/connectomes/CC200/ABIDE1/sub-0051311_task-rest_run-1_atlas-CC200_fd-0.2_connectome.npz
ABIDE1	sub-0051312_task-rest_run-1	sub-0051312	UCLA_2	ok	0.2	/work/ioannou_lab/elizabeth.szentmiklo/abide-sex-age-connectomics/connectomes/CC200/ABIDE1/sub-0051312_task-rest_run-1_atlas-CC200_fd-0.2_connectome.npz
ABIDE1	sub-0051313_task-rest_run-1	sub-0051313	UCLA_2	ok	0.2	/work/ioannou_lab/elizabeth.szentmiklo/abide-sex-age-connectomics/connectomes/CC200/ABIDE1/sub-0051313_task-rest_run-1_atlas-CC200_fd-0.2_connectome.npz
ABIDE1	sub-0051314_task-rest_run-1	sub-0051314	UCLA_2	ok	0.2	/work/ioannou_lab/elizabeth.szentmiklo/abide-sex-age-connectomics/connectomes/CC200/ABIDE1/sub-0051314_task-rest_run-1_atlas-CC200_fd-0.2_connectome.npz
ABIDE1	sub-0051315_task-rest_run-1	sub-0051315	UCLA_2	ok	0.2	/work/ioannou_lab/elizabeth.szentmiklo/abide-sex-age-connectomics/connectomes/CC200/ABIDE1/sub-0051315_task-rest_run-1_atlas-CC200_fd-0.2_connectome.npz
ABIDE1	sub-0051316_task-rest_run-1	sub-0051316	UCLA_2	ok	0.2	/work/ioannou_lab/elizabeth.szentmiklo/abide-sex-age-connectomics/connectomes/CC200/ABIDE1/sub-0051316_task-rest_run-1_atlas-CC200_fd-0.2_connectome.npz
ABIDE1	sub-0051317_task-rest_run-1	sub-0051317	UCLA_2	ok	0.2	/work/ioannou_lab/elizabeth.szentmiklo/abide-sex-age-connectomics/connectomes/CC200/ABIDE1/sub-0051317_task-rest_run-1_atlas-CC200_fd-0.2_connectome.npz
ABIDE1	sub-0051318_task-rest_run-1	sub-0051318	MAX_MUN	ok	0.2	/work/ioannou_lab/elizabeth.szentmiklo/abide-sex-age-connectomics/connectomes/CC200/ABIDE1/sub-0051318_task-rest_run-1_atlas-CC200_fd-0.2_connectome.npz
ABIDE1	sub-0051319_task-rest_run-1	sub-0051319	MAX_MUN	ok	0.2	/work/ioannou_lab/elizabeth.szentmiklo/abide-sex-age-connectomics/connectomes/CC200/ABIDE1/sub-0051319_task-rest_run-1_atlas-CC200_fd-0.2_connectome.npz
ABIDE1	sub-0051321_task-rest_run-1	sub-0051321	MAX_MUN	ok	0.2	/work/ioannou_lab/elizabeth.szentmiklo/abide-sex-age-connectomics/connectomes/CC200/ABIDE1/sub-0051321_task-rest_run-1_atlas-CC200_fd-0.2_connectome.npz
ABIDE1	sub-0051322_task-rest_run-1	sub-0051322	MAX_MUN	ok	0.2	/work/ioannou_lab/elizabeth.szentmiklo/abide-sex-age-connectomics/connectomes/CC200/ABIDE1/sub-0051322_task-rest_run-1_atlas-CC200_fd-0.2_connectome.npz
ABIDE1	sub-0051323_task-rest_run-1	sub-0051323	MAX_MUN	ok	0.2	/work/ioannou_lab/elizabeth.szentmiklo/abide-sex-age-connectomics/connectomes/CC200/ABIDE1/sub-0051323_task-rest_run-1_atlas-CC200_fd-0.2_connectome.npz
ABIDE1	sub-0051324_task-rest_run-1	sub-0051324	MAX_MUN	ok	0.2	/work/ioannou_lab/elizabeth.szentmiklo/abide-sex-age-connectomics/connectomes/CC200/ABIDE1/sub-0051324_task-rest_run-1_atlas-CC200_fd-0.2_connectome.npz
ABIDE1	sub-0051325_task-rest_run-1	sub-0051325	MAX_MUN	ok	0.2	/work/ioannou_lab/elizabeth.szentmiklo/abide-sex-age-connectomics/connectomes/CC200/ABIDE1/sub-0051325_task-rest_run-1_atlas-CC200_fd-0.2_connectome.npz
ABIDE1	sub-0051326_task-rest_run-1	sub-0051326	MAX_MUN	ok	0.2	/work/ioannou_lab/elizabeth.szentmiklo/abide-sex-age-connectomics/connectomes/CC200/ABIDE1/sub-0051326_task-rest_run-1_atlas-CC200_fd-0.2_connectome.npz
ABIDE1	sub-0051327_task-rest_run-1	sub-0051327	MAX_MUN	ok	0.2	/work/ioannou_lab/elizabeth.szentmiklo/abide-sex-age-connectomics/connectomes/CC200/ABIDE1/sub-0051327_task-rest_run-1_atlas-CC200_fd-0.2_connectome.npz
ABIDE1	sub-0051328_task-rest_run-1	sub-0051328	MAX_MUN	ok	0.2	/work/ioannou_lab/elizabeth.szentmiklo/abide-sex-age-connectomics/connectomes/CC200/ABIDE1/sub-0051328_task-rest_run-1_atlas-CC200_fd-0.2_connectome.npz
ABIDE1	sub-0051329_task-rest_run-1	sub-0051329	MAX_MUN	ok	0.2	/work/ioannou_lab/elizabeth.szentmiklo/abide-sex-age-connectomics/connectomes/CC200/ABIDE1/sub-0051329_task-rest_run-1_atlas-CC200_fd-0.2_connectome.npz
ABIDE1	sub-0051330_task-rest_run-1	sub-0051330	MAX_MUN	ok	0.2	/work/ioannou_lab/elizabeth.szentmiklo/abide-sex-age-connectomics/connectomes/CC200/ABIDE1/sub-0051330_task-rest_run-1_atlas-CC200_fd-0.2_connectome.npz
ABIDE1	sub-0051331_task-rest_run-1	sub-0051331	MAX_MUN	ok	0.2	/work/ioannou_lab/elizabeth.szentmiklo/abide-sex-age-connectomics/connectomes/CC200/ABIDE1/sub-0051331_task-rest_run-1_atlas-CC200_fd-0.2_connectome.npz
ABIDE1	sub-0051332_task-rest_run-1	sub-0051332	MAX_MUN	ok	0.2	/work/ioannou_lab/elizabeth.szentmiklo/abide-sex-age-connectomics/connectomes/CC200/ABIDE1/sub-0051332_task-rest_run-1_atlas-CC200_fd-0.2_connectome.npz
ABIDE1	sub-0051333_task-rest_run-1	sub-0051333	MAX_MUN	ok	0.2	/work/ioannou_lab/elizabeth.szentmiklo/abide-sex-age-connectomics/connectomes/CC200/ABIDE1/sub-0051333_task-rest_run-1_atlas-CC200_fd-0.2_connectome.npz
ABIDE1	sub-0051335_task-rest_run-1	sub-0051335	MAX_MUN	ok	0.2	/work/ioannou_lab/elizabeth.szentmiklo/abide-sex-age-connectomics/connectomes/CC200/ABIDE1/sub-0051335_task-rest_run-1_atlas-CC200_fd-0.2_connectome.npz
ABIDE1	sub-0051338_task-rest_run-1	sub-0051338	MAX_MUN	ok	0.2	/work/ioannou_lab/elizabeth.szentmiklo/abide-sex-age-connectomics/connectomes/CC200/ABIDE1/sub-0051338_task-rest_run-1_atlas-CC200_fd-0.2_connectome.npz
ABIDE1	sub-0051339_task-rest_run-1	sub-0051339	MAX_MUN	ok	0.2	/work/ioannou_lab/elizabeth.szentmiklo/abide-sex-age-connectomics/connectomes/CC200/ABIDE1/sub-0051339_task-rest_run-1_atlas-CC200_fd-0.2_connectome.npz
ABIDE1	sub-0051340_task-rest_run-1	sub-0051340	MAX_MUN	ok	0.2	/work/ioannou_lab/elizabeth.szentmiklo/abide-sex-age-connectomics/connectomes/CC200/ABIDE1/sub-0051340_task-rest_run-1_atlas-CC200_fd-0.2_connectome.npz
ABIDE1	sub-0051341_task-rest_run-1	sub-0051341	MAX_MUN	ok	0.2	/work/ioannou_lab/elizabeth.szentmiklo/abide-sex-age-connectomics/connectomes/CC200/ABIDE1/sub-0051341_task-rest_run-1_atlas-CC200_fd-0.2_connectome.npz
ABIDE1	sub-0051342_task-rest_run-1	sub-0051342	MAX_MUN	ok	0.2	/work/ioannou_lab/elizabeth.szentmiklo/abide-sex-age-connectomics/connectomes/CC200/ABIDE1/sub-0051342_task-rest_run-1_atlas-CC200_fd-0.2_connectome.npz
ABIDE1	sub-0051343_task-rest_run-1	sub-0051343	MAX_MUN	ok	0.2	/work/ioannou_lab/elizabeth.szentmiklo/abide-sex-age-connectomics/connectomes/CC200/ABIDE1/sub-0051343_task-rest_run-1_atlas-CC200_fd-0.2_connectome.npz
ABIDE1	sub-0051344_task-rest_run-1	sub-0051344	MAX_MUN	ok	0.2	/work/ioannou_lab/elizabeth.szentmiklo/abide-sex-age-connectomics/connectomes/CC200/ABIDE1/sub-0051344_task-rest_run-1_atlas-CC200_fd-0.2_connectome.npz
ABIDE1	sub-0051345_task-rest_run-1	sub-0051345	MAX_MUN	ok	0.2	/work/ioannou_lab/elizabeth.szentmiklo/abide-sex-age-connectomics/connectomes/CC200/ABIDE1/sub-0051345_task-rest_run-1_atlas-CC200_fd-0.2_connectome.npz
ABIDE1	sub-0051346_task-rest_run-1	sub-0051346	MAX_MUN	ok	0.2	/work/ioannou_lab/elizabeth.szentmiklo/abide-sex-age-connectomics/connectomes/CC200/ABIDE1/sub-0051346_task-rest_run-1_atlas-CC200_fd-0.2_connectome.npz
ABIDE1	sub-0051347_task-rest_run-1	sub-0051347	MAX_MUN	ok	0.2	/work/ioannou_lab/elizabeth.szentmiklo/abide-sex-age-connectomics/connectomes/CC200/ABIDE1/sub-0051347_task-rest_run-1_atlas-CC200_fd-0.2_connectome.npz
ABIDE1	sub-0051349_task-rest_run-1	sub-0051349	MAX_MUN	ok	0.2	/work/ioannou_lab/elizabeth.szentmiklo/abide-sex-age-connectomics/connectomes/CC200/ABIDE1/sub-0051349_task-rest_run-1_atlas-CC200_fd-0.2_connectome.npz
ABIDE1	sub-0051351_task-rest_run-1	sub-0051351	MAX_MUN	ok	0.2	/work/ioannou_lab/elizabeth.szentmiklo/abide-sex-age-connectomics/connectomes/CC200/ABIDE1/sub-0051351_task-rest_run-1_atlas-CC200_fd-0.2_connectome.npz
ABIDE1	sub-0051354_task-rest_run-1	sub-0051354	MAX_MUN	ok	0.2	/work/ioannou_lab/elizabeth.szentmiklo/abide-sex-age-connectomics/connectomes/CC200/ABIDE1/sub-0051354_task-rest_run-1_atlas-CC200_fd-0.2_connectome.npz
ABIDE1	sub-0051355_task-rest_run-1	sub-0051355	MAX_MUN	ok	0.2	/work/ioannou_lab/elizabeth.szentmiklo/abide-sex-age-connectomics/connectomes/CC200/ABIDE1/sub-0051355_task-rest_run-1_atlas-CC200_fd-0.2_connectome.npz
ABIDE1	sub-0051356_task-rest_run-1	sub-0051356	MAX_MUN	ok	0.2	/work/ioannou_lab/elizabeth.szentmiklo/abide-sex-age-connectomics/connectomes/CC200/ABIDE1/sub-0051356_task-rest_run-1_atlas-CC200_fd-0.2_connectome.npz
ABIDE1	sub-0051357_task-rest_run-1	sub-0051357	MAX_MUN	ok	0.2	/work/ioannou_lab/elizabeth.szentmiklo/abide-sex-age-connectomics/connectomes/CC200/ABIDE1/sub-0051357_task-rest_run-1_atlas-CC200_fd-0.2_connectome.npz
ABIDE1	sub-0051360_task-rest_run-1	sub-0051360	MAX_MUN	ok	0.2	/work/ioannou_lab/elizabeth.szentmiklo/abide-sex-age-connectomics/connectomes/CC200/ABIDE1/sub-0051360_task-rest_run-1_atlas-CC200_fd-0.2_connectome.npz
ABIDE1	sub-0051361_task-rest_run-1	sub-0051361	MAX_MUN	ok	0.2	/work/ioannou_lab/elizabeth.szentmiklo/abide-sex-age-connectomics/connectomes/CC200/ABIDE1/sub-0051361_task-rest_run-1_atlas-CC200_fd-0.2_connectome.npz
ABIDE1	sub-0051362_task-rest_run-1	sub-0051362	MAX_MUN	ok	0.2	/work/ioannou_lab/elizabeth.szentmiklo/abide-sex-age-connectomics/connectomes/CC200/ABIDE1/sub-0051362_task-rest_run-1_atlas-CC200_fd-0.2_connectome.npz
ABIDE1	sub-0051363_task-rest_run-1	sub-0051363	MAX_MUN	ok	0.2	/work/ioannou_lab/elizabeth.szentmiklo/abide-sex-age-connectomics/connectomes/CC200/ABIDE1/sub-0051363_task-rest_run-1_atlas-CC200_fd-0.2_connectome.npz
ABIDE1	sub-0051364_task-rest_run-1	sub-0051364	MAX_MUN	ok	0.2	/work/ioannou_lab/elizabeth.szentmiklo/abide-sex-age-connectomics/connectomes/CC200/ABIDE1/sub-0051364_task-rest_run-1_atlas-CC200_fd-0.2_connectome.npz
ABIDE1	sub-0051367_task-rest_run-1	sub-0051367	MAX_MUN	ok	0.2	/work/ioannou_lab/elizabeth.szentmiklo/abide-sex-age-connectomics/connectomes/CC200/ABIDE1/sub-0051367_task-rest_run-1_atlas-CC200_fd-0.2_connectome.npz
ABIDE1	sub-0051368_task-rest_run-1	sub-0051368	MAX_MUN	ok	0.2	/work/ioannou_lab/elizabeth.szentmiklo/abide-sex-age-connectomics/connectomes/CC200/ABIDE1/sub-0051368_task-rest_run-1_atlas-CC200_fd-0.2_connectome.npz
ABIDE1	sub-0051370_task-rest_run-1	sub-0051370	MAX_MUN	ok	0.2	/work/ioannou_lab/elizabeth.szentmiklo/abide-sex-age-connectomics/connectomes/CC200/ABIDE1/sub-0051370_task-rest_run-1_atlas-CC200_fd-0.2_connectome.npz
ABIDE1	sub-0051371_task-rest_run-1	sub-0051371	MAX_MUN	ok	0.2	/work/ioannou_lab/elizabeth.szentmiklo/abide-sex-age-connectomics/connectomes/CC200/ABIDE1/sub-0051371_task-rest_run-1_atlas-CC200_fd-0.2_connectome.npz
ABIDE1	sub-0051372_task-rest_run-1	sub-0051372	MAX_MUN	ok	0.2	/work/ioannou_lab/elizabeth.szentmiklo/abide-sex-age-connectomics/connectomes/CC200/ABIDE1/sub-0051372_task-rest_run-1_atlas-CC200_fd-0.2_connectome.npz
ABIDE1	sub-0051373_task-rest_run-1	sub-0051373	MAX_MUN	ok	0.2	/work/ioannou_lab/elizabeth.szentmiklo/abide-sex-age-connectomics/connectomes/CC200/ABIDE1/sub-0051373_task-rest_run-1_atlas-CC200_fd-0.2_connectome.npz
ABIDE1	sub-0051459_task-rest_run-1	sub-0051459	CALTECH	ok	0.2	/work/ioannou_lab/elizabeth.szentmiklo/abide-sex-age-connectomics/connectomes/CC200/ABIDE1/sub-0051459_task-rest_run-1_atlas-CC200_fd-0.2_connectome.npz
ABIDE1	sub-0051460_task-rest_run-1	sub-0051460	CALTECH	ok	0.2	/work/ioannou_lab/elizabeth.szentmiklo/abide-sex-age-connectomics/connectomes/CC200/ABIDE1/sub-0051460_task-rest_run-1_atlas-CC200_fd-0.2_connectome.npz
ABIDE1	sub-0051463_task-rest_run-1	sub-0051463	CALTECH	ok	0.2	/work/ioannou_lab/elizabeth.szentmiklo/abide-sex-age-connectomics/connectomes/CC200/ABIDE1/sub-0051463_task-rest_run-1_atlas-CC200_fd-0.2_connectome.npz
ABIDE1	sub-0051464_task-rest_run-1	sub-0051464	CALTECH	ok	0.2	/work/ioannou_lab/elizabeth.szentmiklo/abide-sex-age-connectomics/connectomes/CC200/ABIDE1/sub-0051464_task-rest_run-1_atlas-CC200_fd-0.2_connectome.npz
ABIDE1	sub-0051465_task-rest_run-1	sub-0051465	CALTECH	ok	0.2	/work/ioannou_lab/elizabeth.szentmiklo/abide-sex-age-connectomics/connectomes/CC200/ABIDE1/sub-0051465_task-rest_run-1_atlas-CC200_fd-0.2_connectome.npz
ABIDE1	sub-0051468_task-rest_run-1	sub-0051468	CALTECH	ok	0.2	/work/ioannou_lab/elizabeth.szentmiklo/abide-sex-age-connectomics/connectomes/CC200/ABIDE1/sub-0051468_task-rest_run-1_atlas-CC200_fd-0.2_connectome.npz
ABIDE1	sub-0051470_task-rest_run-1	sub-0051470	CALTECH	ok	0.2	/work/ioannou_lab/elizabeth.szentmiklo/abide-sex-age-connectomics/connectomes/CC200/ABIDE1/sub-0051470_task-rest_run-1_atlas-CC200_fd-0.2_connectome.npz
ABIDE1	sub-0051472_task-rest_run-1	sub-0051472	CALTECH	ok	0.2	/work/ioannou_lab/elizabeth.szentmiklo/abide-sex-age-connectomics/connectomes/CC200/ABIDE1/sub-0051472_task-rest_run-1_atlas-CC200_fd-0.2_connectome.npz
ABIDE1	sub-0051474_task-rest_run-1	sub-0051474	CALTECH	ok	0.2	/work/ioannou_lab/elizabeth.szentmiklo/abide-sex-age-connectomics/connectomes/CC200/ABIDE1/sub-0051474_task-rest_run-1_atlas-CC200_fd-0.2_connectome.npz
ABIDE1	sub-0051475_task-rest_run-1	sub-0051475	CALTECH	ok	0.2	/work/ioannou_lab/elizabeth.szentmiklo/abide-sex-age-connectomics/connectomes/CC200/ABIDE1/sub-0051475_task-rest_run-1_atlas-CC200_fd-0.2_connectome.npz
ABIDE1	sub-0051476_task-rest_run-1	sub-0051476	CALTECH	ok	0.2	/work/ioannou_lab/elizabeth.szentmiklo/abide-sex-age-connectomics/connectomes/CC200/ABIDE1/sub-0051476_task-rest_run-1_atlas-CC200_fd-0.2_connectome.npz
ABIDE1	sub-0051479_task-rest_run-1	sub-0051479	CALTECH	ok	0.2	/work/ioannou_lab/elizabeth.szentmiklo/abide-sex-age-connectomics/connectomes/CC200/ABIDE1/sub-0051479_task-rest_run-1_atlas-CC200_fd-0.2_connectome.npz
ABIDE1	sub-0051480_task-rest_run-1	sub-0051480	CALTECH	ok	0.2	/work/ioannou_lab/elizabeth.szentmiklo/abide-sex-age-connectomics/connectomes/CC200/ABIDE1/sub-0051480_task-rest_run-1_atlas-CC200_fd-0.2_connectome.npz
ABIDE1	sub-0051482_task-rest_run-1	sub-0051482	CALTECH	ok	0.2	/work/ioannou_lab/elizabeth.szentmiklo/abide-sex-age-connectomics/connectomes/CC200/ABIDE1/sub-0051482_task-rest_run-1_atlas-CC200_fd-0.2_connectome.npz
ABIDE1	sub-0051484_task-rest_run-1	sub-0051484	CALTECH	ok	0.2	/work/ioannou_lab/elizabeth.szentmiklo/abide-sex-age-connectomics/connectomes/CC200/ABIDE1/sub-0051484_task-rest_run-1_atlas-CC200_fd-0.2_connectome.npz
ABIDE1	sub-0051485_task-rest_run-1	sub-0051485	CALTECH	ok	0.2	/work/ioannou_lab/elizabeth.szentmiklo/abide-sex-age-connectomics/connectomes/CC200/ABIDE1/sub-0051485_task-rest_run-1_atlas-CC200_fd-0.2_connectome.npz
ABIDE1	sub-0051486_task-rest_run-1	sub-0051486	CALTECH	ok	0.2	/work/ioannou_lab/elizabeth.szentmiklo/abide-sex-age-connectomics/connectomes/CC200/ABIDE1/sub-0051486_task-rest_run-1_atlas-CC200_fd-0.2_connectome.npz
ABIDE1	sub-0051487_task-rest_run-1	sub-0051487	CALTECH	ok	0.2	/work/ioannou_lab/elizabeth.szentmiklo/abide-sex-age-connectomics/connectomes/CC200/ABIDE1/sub-0051487_task-rest_run-1_atlas-CC200_fd-0.2_connectome.npz
ABIDE1	sub-0051488_task-rest_run-1	sub-0051488	CALTECH	ok	0.2	/work/ioannou_lab/elizabeth.szentmiklo/abide-sex-age-connectomics/connectomes/CC200/ABIDE1/sub-0051488_task-rest_run-1_atlas-CC200_fd-0.2_connectome.npz
ABIDE1	sub-0051490_task-rest_run-1	sub-0051490	CALTECH	ok	0.2	/work/ioannou_lab/elizabeth.szentmiklo/abide-sex-age-connectomics/connectomes/CC200/ABIDE1/sub-0051490_task-rest_run-1_atlas-CC200_fd-0.2_connectome.npz
ABIDE1	sub-0051491_task-rest_run-1	sub-0051491	CALTECH	ok	0.2	/work/ioannou_lab/elizabeth.szentmiklo/abide-sex-age-connectomics/connectomes/CC200/ABIDE1/sub-0051491_task-rest_run-1_atlas-CC200_fd-0.2_connectome.npz
ABIDE1	sub-0051492_task-rest_run-1	sub-0051492	CALTECH	ok	0.2	/work/ioannou_lab/elizabeth.szentmiklo/abide-sex-age-connectomics/connectomes/CC200/ABIDE1/sub-0051492_task-rest_run-1_atlas-CC200_fd-0.2_connectome.npz
ABIDE1	sub-0051493_task-rest_run-1	sub-0051493	CALTECH	ok	0.2	/work/ioannou_lab/elizabeth.szentmiklo/abide-sex-age-connectomics/connectomes/CC200/ABIDE1/sub-0051493_task-rest_run-1_atlas-CC200_fd-0.2_connectome.npz
ABIDE1	sub-0051556_task-rest_run-1	sub-0051556	SBL	ok	0.2	/work/ioannou_lab/elizabeth.szentmiklo/abide-sex-age-connectomics/connectomes/CC200/ABIDE1/sub-0051556_task-rest_run-1_atlas-CC200_fd-0.2_connectome.npz
ABIDE1	sub-0051557_task-rest_run-1	sub-0051557	SBL	ok	0.2	/work/ioannou_lab/elizabeth.szentmiklo/abide-sex-age-connectomics/connectomes/CC200/ABIDE1/sub-0051557_task-rest_run-1_atlas-CC200_fd-0.2_connectome.npz
ABIDE1	sub-0051559_task-rest_run-1	sub-0051559	SBL	ok	0.2	/work/ioannou_lab/elizabeth.szentmiklo/abide-sex-age-connectomics/connectomes/CC200/ABIDE1/sub-0051559_task-rest_run-1_atlas-CC200_fd-0.2_connectome.npz
ABIDE1	sub-0051561_task-rest_run-1	sub-0051561	SBL	ok	0.2	/work/ioannou_lab/elizabeth.szentmiklo/abide-sex-age-connectomics/connectomes/CC200/ABIDE1/sub-0051561_task-rest_run-1_atlas-CC200_fd-0.2_connectome.npz
ABIDE1	sub-0051565_task-rest_run-1	sub-0051565	SBL	ok	0.2	/work/ioannou_lab/elizabeth.szentmiklo/abide-sex-age-connectomics/connectomes/CC200/ABIDE1/sub-0051565_task-rest_run-1_atlas-CC200_fd-0.2_connectome.npz
ABIDE1	sub-0051570_task-rest_run-1	sub-0051570	SBL	ok	0.2	/work/ioannou_lab/elizabeth.szentmiklo/abide-sex-age-connectomics/connectomes/CC200/ABIDE1/sub-0051570_task-rest_run-1_atlas-CC200_fd-0.2_connectome.npz
ABIDE1	sub-0051574_task-rest_run-1	sub-0051574	SBL	ok	0.2	/work/ioannou_lab/elizabeth.szentmiklo/abide-sex-age-connectomics/connectomes/CC200/ABIDE1/sub-0051574_task-rest_run-1_atlas-CC200_fd-0.2_connectome.npz
ABIDE1	sub-0051577_task-rest_run-1	sub-0051577	SBL	ok	0.2	/work/ioannou_lab/elizabeth.szentmiklo/abide-sex-age-connectomics/connectomes/CC200/ABIDE1/sub-0051577_task-rest_run-1_atlas-CC200_fd-0.2_connectome.npz
ABIDE1	sub-0051579_task-rest_run-1	sub-0051579	SBL	ok	0.2	/work/ioannou_lab/elizabeth.szentmiklo/abide-sex-age-connectomics/connectomes/CC200/ABIDE1/sub-0051579_task-rest_run-1_atlas-CC200_fd-0.2_connectome.npz
ABIDE1	sub-0051583_task-rest_run-1	sub-0051583	SBL	ok	0.2	/work/ioannou_lab/elizabeth.szentmiklo/abide-sex-age-connectomics/connectomes/CC200/ABIDE1/sub-0051583_task-rest_run-1_atlas-CC200_fd-0.2_connectome.npz
ABIDE1	sub-0051606_task-rest_run-1	sub-0051606	MAX_MUN	ok	0.2	/work/ioannou_lab/elizabeth.szentmiklo/abide-sex-age-connectomics/connectomes/CC200/ABIDE1/sub-0051606_task-rest_run-1_atlas-CC200_fd-0.2_connectome.npz
ABIDE2	sub-28754_ses-1_task-rest_run-1	sub-28754	ABIDEII-GU_1	ok	0.2	/work/ioannou_lab/elizabeth.szentmiklo/abide-sex-age-connectomics/connectomes/CC200/ABIDE2/sub-28754_ses-1_task-rest_run-1_atlas-CC200_fd-0.2_connectome.npz
ABIDE2	sub-28792_ses-1_task-rest_run-1	sub-28792	ABIDEII-GU_1	ok	0.2	/work/ioannou_lab/elizabeth.szentmiklo/abide-sex-age-connectomics/connectomes/CC200/ABIDE2/sub-28792_ses-1_task-rest_run-1_atlas-CC200_fd-0.2_connectome.npz
ABIDE2	sub-28795_ses-1_task-rest_run-1	sub-28795	ABIDEII-GU_1	ok	0.2	/work/ioannou_lab/elizabeth.szentmiklo/abide-sex-age-connectomics/connectomes/CC200/ABIDE2/sub-28795_ses-1_task-rest_run-1_atlas-CC200_fd-0.2_connectome.npz
ABIDE2	sub-28797_ses-1_task-rest_run-1	sub-28797	ABIDEII-GU_1	ok	0.2	/work/ioannou_lab/elizabeth.szentmiklo/abide-sex-age-connectomics/connectomes/CC200/ABIDE2/sub-28797_ses-1_task-rest_run-1_atlas-CC200_fd-0.2_connectome.npz
ABIDE2	sub-28805_ses-1_task-rest_run-1	sub-28805	ABIDEII-GU_1	ok	0.2	/work/ioannou_lab/elizabeth.szentmiklo/abide-sex-age-connectomics/connectomes/CC200/ABIDE2/sub-28805_ses-1_task-rest_run-1_atlas-CC200_fd-0.2_connectome.npz
ABIDE2	sub-28806_ses-1_task-rest_run-1	sub-28806	ABIDEII-GU_1	ok	0.2	/work/ioannou_lab/elizabeth.szentmiklo/abide-sex-age-connectomics/connectomes/CC200/ABIDE2/sub-28806_ses-1_task-rest_run-1_atlas-CC200_fd-0.2_connectome.npz
ABIDE2	sub-28807_ses-1_task-rest_run-1	sub-28807	ABIDEII-GU_1	ok	0.2	/work/ioannou_lab/elizabeth.szentmiklo/abide-sex-age-connectomics/connectomes/CC200/ABIDE2/sub-28807_ses-1_task-rest_run-1_atlas-CC200_fd-0.2_connectome.npz
ABIDE2	sub-28809_ses-1_task-rest_run-1	sub-28809	ABIDEII-GU_1	ok	0.2	/work/ioannou_lab/elizabeth.szentmiklo/abide-sex-age-connectomics/connectomes/CC200/ABIDE2/sub-28809_ses-1_task-rest_run-1_atlas-CC200_fd-0.2_connectome.npz
ABIDE2	sub-28810_ses-1_task-rest_run-1	sub-28810	ABIDEII-GU_1	ok	0.2	/work/ioannou_lab/elizabeth.szentmiklo/abide-sex-age-connectomics/connectomes/CC200/ABIDE2/sub-28810_ses-1_task-rest_run-1_atlas-CC200_fd-0.2_connectome.npz
ABIDE2	sub-28814_ses-1_task-rest_run-1	sub-28814	ABIDEII-GU_1	ok	0.2	/work/ioannou_lab/elizabeth.szentmiklo/abide-sex-age-connectomics/connectomes/CC200/ABIDE2/sub-28814_ses-1_task-rest_run-1_atlas-CC200_fd-0.2_connectome.npz
ABIDE2	sub-28815_ses-1_task-rest_run-1	sub-28815	ABIDEII-GU_1	ok	0.2	/work/ioannou_lab/elizabeth.szentmiklo/abide-sex-age-connectomics/connectomes/CC200/ABIDE2/sub-28815_ses-1_task-rest_run-1_atlas-CC200_fd-0.2_connectome.npz
ABIDE2	sub-28820_ses-1_task-rest_run-1	sub-28820	ABIDEII-GU_1	ok	0.2	/work/ioannou_lab/elizabeth.szentmiklo/abide-sex-age-connectomics/connectomes/CC200/ABIDE2/sub-28820_ses-1_task-rest_run-1_atlas-CC200_fd-0.2_connectome.npz
ABIDE2	sub-28824_ses-1_task-rest_run-1	sub-28824	ABIDEII-GU_1	ok	0.2	/work/ioannou_lab/elizabeth.szentmiklo/abide-sex-age-connectomics/connectomes/CC200/ABIDE2/sub-28824_ses-1_task-rest_run-1_atlas-CC200_fd-0.2_connectome.npz
ABIDE2	sub-28826_ses-1_task-rest_run-1	sub-28826	ABIDEII-GU_1	ok	0.2	/work/ioannou_lab/elizabeth.szentmiklo/abide-sex-age-connectomics/connectomes/CC200/ABIDE2/sub-28826_ses-1_task-rest_run-1_atlas-CC200_fd-0.2_connectome.npz
ABIDE2	sub-28827_ses-1_task-rest_run-1	sub-28827	ABIDEII-GU_1	ok	0.2	/work/ioannou_lab/elizabeth.szentmiklo/abide-sex-age-connectomics/connectomes/CC200/ABIDE2/sub-28827_ses-1_task-rest_run-1_atlas-CC200_fd-0.2_connectome.npz
ABIDE2	sub-28828_ses-1_task-rest_run-1	sub-28828	ABIDEII-GU_1	ok	0.2	/work/ioannou_lab/elizabeth.szentmiklo/abide-sex-age-connectomics/connectomes/CC200/ABIDE2/sub-28828_ses-1_task-rest_run-1_atlas-CC200_fd-0.2_connectome.npz
ABIDE2	sub-28829_ses-1_task-rest_run-1	sub-28829	ABIDEII-GU_1	ok	0.2	/work/ioannou_lab/elizabeth.szentmiklo/abide-sex-age-connectomics/connectomes/CC200/ABIDE2/sub-28829_ses-1_task-rest_run-1_atlas-CC200_fd-0.2_connectome.npz
ABIDE2	sub-28835_ses-1_task-rest_run-1	sub-28835	ABIDEII-GU_1	ok	0.2	/work/ioannou_lab/elizabeth.szentmiklo/abide-sex-age-connectomics/connectomes/CC200/ABIDE2/sub-28835_ses-1_task-rest_run-1_atlas-CC200_fd-0.2_connectome.npz
ABIDE2	sub-28837_ses-1_task-rest_run-1	sub-28837	ABIDEII-GU_1	ok	0.2	/work/ioannou_lab/elizabeth.szentmiklo/abide-sex-age-connectomics/connectomes/CC200/ABIDE2/sub-28837_ses-1_task-rest_run-1_atlas-CC200_fd-0.2_connectome.npz
ABIDE2	sub-28838_ses-1_task-rest_run-1	sub-28838	ABIDEII-GU_1	ok	0.2	/work/ioannou_lab/elizabeth.szentmiklo/abide-sex-age-connectomics/connectomes/CC200/ABIDE2/sub-28838_ses-1_task-rest_run-1_atlas-CC200_fd-0.2_connectome.npz
ABIDE2	sub-28844_ses-1_task-rest_run-1	sub-28844	ABIDEII-GU_1	ok	0.2	/work/ioannou_lab/elizabeth.szentmiklo/abide-sex-age-connectomics/connectomes/CC200/ABIDE2/sub-28844_ses-1_task-rest_run-1_atlas-CC200_fd-0.2_connectome.npz
ABIDE2	sub-28845_ses-1_task-rest_run-1	sub-28845	ABIDEII-GU_1	ok	0.2	/work/ioannou_lab/elizabeth.szentmiklo/abide-sex-age-connectomics/connectomes/CC200/ABIDE2/sub-28845_ses-1_task-rest_run-1_atlas-CC200_fd-0.2_connectome.npz
ABIDE2	sub-28846_ses-1_task-rest_run-1	sub-28846	ABIDEII-GU_1	ok	0.2	/work/ioannou_lab/elizabeth.szentmiklo/abide-sex-age-connectomics/connectomes/CC200/ABIDE2/sub-28846_ses-1_task-rest_run-1_atlas-CC200_fd-0.2_connectome.npz
ABIDE2	sub-28847_ses-1_task-rest_run-1	sub-28847	ABIDEII-GU_1	ok	0.2	/work/ioannou_lab/elizabeth.szentmiklo/abide-sex-age-connectomics/connectomes/CC200/ABIDE2/sub-28847_ses-1_task-rest_run-1_atlas-CC200_fd-0.2_connectome.npz
ABIDE2	sub-28920_ses-1_task-rest_run-1	sub-28920	ABIDEII-OHSU_1	ok	0.2	/work/ioannou_lab/elizabeth.szentmiklo/abide-sex-age-connectomics/connectomes/CC200/ABIDE2/sub-28920_ses-1_task-rest_run-1_atlas-CC200_fd-0.2_connectome.npz
ABIDE2	sub-28920_ses-1_task-rest_run-2	sub-28920	ABIDEII-OHSU_1	ok	0.2	/work/ioannou_lab/elizabeth.szentmiklo/abide-sex-age-connectomics/connectomes/CC200/ABIDE2/sub-28920_ses-1_task-rest_run-2_atlas-CC200_fd-0.2_connectome.npz
ABIDE2	sub-28920_ses-1_task-rest_run-3	sub-28920	ABIDEII-OHSU_1	ok	0.2	/work/ioannou_lab/elizabeth.szentmiklo/abide-sex-age-connectomics/connectomes/CC200/ABIDE2/sub-28920_ses-1_task-rest_run-3_atlas-CC200_fd-0.2_connectome.npz
ABIDE2	sub-28924_ses-1_task-rest_run-1	sub-28924	ABIDEII-OHSU_1	ok	0.2	/work/ioannou_lab/elizabeth.szentmiklo/abide-sex-age-connectomics/connectomes/CC200/ABIDE2/sub-28924_ses-1_task-rest_run-1_atlas-CC200_fd-0.2_connectome.npz
ABIDE2	sub-28924_ses-1_task-rest_run-2	sub-28924	ABIDEII-OHSU_1	ok	0.2	/work/ioannou_lab/elizabeth.szentmiklo/abide-sex-age-connectomics/connectomes/CC200/ABIDE2/sub-28924_ses-1_task-rest_run-2_atlas-CC200_fd-0.2_connectome.npz
ABIDE2	sub-28924_ses-1_task-rest_run-3	sub-28924	ABIDEII-OHSU_1	ok	0.2	/work/ioannou_lab/elizabeth.szentmiklo/abide-sex-age-connectomics/connectomes/CC200/ABIDE2/sub-28924_ses-1_task-rest_run-3_atlas-CC200_fd-0.2_connectome.npz
ABIDE2	sub-28925_ses-1_task-rest_run-1	sub-28925	ABIDEII-OHSU_1	ok	0.2	/work/ioannou_lab/elizabeth.szentmiklo/abide-sex-age-connectomics/connectomes/CC200/ABIDE2/sub-28925_ses-1_task-rest_run-1_atlas-CC200_fd-0.2_connectome.npz
ABIDE2	sub-28931_ses-1_task-rest_run-2	sub-28931	ABIDEII-OHSU_1	ok	0.2	/work/ioannou_lab/elizabeth.szentmiklo/abide-sex-age-connectomics/connectomes/CC200/ABIDE2/sub-28931_ses-1_task-rest_run-2_atlas-CC200_fd-0.2_connectome.npz
ABIDE2	sub-28933_ses-1_task-rest_run-1	sub-28933	ABIDEII-OHSU_1	ok	0.2	/work/ioannou_lab/elizabeth.szentmiklo/abide-sex-age-connectomics/connectomes/CC200/ABIDE2/sub-28933_ses-1_task-rest_run-1_atlas-CC200_fd-0.2_connectome.npz
ABIDE2	sub-28934_ses-1_task-rest_run-1	sub-28934	ABIDEII-OHSU_1	ok	0.2	/work/ioannou_lab/elizabeth.szentmiklo/abide-sex-age-connectomics/connectomes/CC200/ABIDE2/sub-28934_ses-1_task-rest_run-1_atlas-CC200_fd-0.2_connectome.npz
ABIDE2	sub-28934_ses-1_task-rest_run-2	sub-28934	ABIDEII-OHSU_1	ok	0.2	/work/ioannou_lab/elizabeth.szentmiklo/abide-sex-age-connectomics/connectomes/CC200/ABIDE2/sub-28934_ses-1_task-rest_run-2_atlas-CC200_fd-0.2_connectome.npz
ABIDE2	sub-28935_ses-1_task-rest_run-1	sub-28935	ABIDEII-OHSU_1	ok	0.2	/work/ioannou_lab/elizabeth.szentmiklo/abide-sex-age-connectomics/connectomes/CC200/ABIDE2/sub-28935_ses-1_task-rest_run-1_atlas-CC200_fd-0.2_connectome.npz
ABIDE2	sub-28935_ses-1_task-rest_run-2	sub-28935	ABIDEII-OHSU_1	ok	0.2	/work/ioannou_lab/elizabeth.szentmiklo/abide-sex-age-connectomics/connectomes/CC200/ABIDE2/sub-28935_ses-1_task-rest_run-2_atlas-CC200_fd-0.2_connectome.npz
ABIDE2	sub-28935_ses-1_task-rest_run-3	sub-28935	ABIDEII-OHSU_1	ok	0.2	/work/ioannou_lab/elizabeth.szentmiklo/abide-sex-age-connectomics/connectomes/CC200/ABIDE2/sub-28935_ses-1_task-rest_run-3_atlas-CC200_fd-0.2_connectome.npz
ABIDE2	sub-28939_ses-1_task-rest_run-1	sub-28939	ABIDEII-OHSU_1	ok	0.2	/work/ioannou_lab/elizabeth.szentmiklo/abide-sex-age-connectomics/connectomes/CC200/ABIDE2/sub-28939_ses-1_task-rest_run-1_atlas-CC200_fd-0.2_connectome.npz
ABIDE2	sub-28939_ses-1_task-rest_run-2	sub-28939	ABIDEII-OHSU_1	ok	0.2	/work/ioannou_lab/elizabeth.szentmiklo/abide-sex-age-connectomics/connectomes/CC200/ABIDE2/sub-28939_ses-1_task-rest_run-2_atlas-CC200_fd-0.2_connectome.npz
ABIDE2	sub-28939_ses-1_task-rest_run-3	sub-28939	ABIDEII-OHSU_1	ok	0.2	/work/ioannou_lab/elizabeth.szentmiklo/abide-sex-age-connectomics/connectomes/CC200/ABIDE2/sub-28939_ses-1_task-rest_run-3_atlas-CC200_fd-0.2_connectome.npz
ABIDE2	sub-28940_ses-1_task-rest_run-1	sub-28940	ABIDEII-OHSU_1	ok	0.2	/work/ioannou_lab/elizabeth.szentmiklo/abide-sex-age-connectomics/connectomes/CC200/ABIDE2/sub-28940_ses-1_task-rest_run-1_atlas-CC200_fd-0.2_connectome.npz
ABIDE2	sub-28940_ses-1_task-rest_run-2	sub-28940	ABIDEII-OHSU_1	ok	0.2	/work/ioannou_lab/elizabeth.szentmiklo/abide-sex-age-connectomics/connectomes/CC200/ABIDE2/sub-28940_ses-1_task-rest_run-2_atlas-CC200_fd-0.2_connectome.npz
ABIDE2	sub-28940_ses-1_task-rest_run-3	sub-28940	ABIDEII-OHSU_1	ok	0.2	/work/ioannou_lab/elizabeth.szentmiklo/abide-sex-age-connectomics/connectomes/CC200/ABIDE2/sub-28940_ses-1_task-rest_run-3_atlas-CC200_fd-0.2_connectome.npz
ABIDE2	sub-28943_ses-1_task-rest_run-1	sub-28943	ABIDEII-OHSU_1	ok	0.2	/work/ioannou_lab/elizabeth.szentmiklo/abide-sex-age-connectomics/connectomes/CC200/ABIDE2/sub-28943_ses-1_task-rest_run-1_atlas-CC200_fd-0.2_connectome.npz
ABIDE2	sub-28943_ses-1_task-rest_run-2	sub-28943	ABIDEII-OHSU_1	ok	0.2	/work/ioannou_lab/elizabeth.szentmiklo/abide-sex-age-connectomics/connectomes/CC200/ABIDE2/sub-28943_ses-1_task-rest_run-2_atlas-CC200_fd-0.2_connectome.npz
ABIDE2	sub-28943_ses-1_task-rest_run-3	sub-28943	ABIDEII-OHSU_1	ok	0.2	/work/ioannou_lab/elizabeth.szentmiklo/abide-sex-age-connectomics/connectomes/CC200/ABIDE2/sub-28943_ses-1_task-rest_run-3_atlas-CC200_fd-0.2_connectome.npz
ABIDE2	sub-28945_ses-1_task-rest_run-1	sub-28945	ABIDEII-OHSU_1	ok	0.2	/work/ioannou_lab/elizabeth.szentmiklo/abide-sex-age-connectomics/connectomes/CC200/ABIDE2/sub-28945_ses-1_task-rest_run-1_atlas-CC200_fd-0.2_connectome.npz
ABIDE2	sub-28945_ses-1_task-rest_run-2	sub-28945	ABIDEII-OHSU_1	ok	0.2	/work/ioannou_lab/elizabeth.szentmiklo/abide-sex-age-connectomics/connectomes/CC200/ABIDE2/sub-28945_ses-1_task-rest_run-2_atlas-CC200_fd-0.2_connectome.npz
ABIDE2	sub-28945_ses-1_task-rest_run-3	sub-28945	ABIDEII-OHSU_1	ok	0.2	/work/ioannou_lab/elizabeth.szentmiklo/abide-sex-age-connectomics/connectomes/CC200/ABIDE2/sub-28945_ses-1_task-rest_run-3_atlas-CC200_fd-0.2_connectome.npz
ABIDE2	sub-28946_ses-1_task-rest_run-2	sub-28946	ABIDEII-OHSU_1	ok	0.2	/work/ioannou_lab/elizabeth.szentmiklo/abide-sex-age-connectomics/connectomes/CC200/ABIDE2/sub-28946_ses-1_task-rest_run-2_atlas-CC200_fd-0.2_connectome.npz
ABIDE2	sub-28946_ses-1_task-rest_run-3	sub-28946	ABIDEII-OHSU_1	ok	0.2	/work/ioannou_lab/elizabeth.szentmiklo/abide-sex-age-connectomics/connectomes/CC200/ABIDE2/sub-28946_ses-1_task-rest_run-3_atlas-CC200_fd-0.2_connectome.npz
ABIDE2	sub-28949_ses-1_task-rest_run-1	sub-28949	ABIDEII-OHSU_1	ok	0.2	/work/ioannou_lab/elizabeth.szentmiklo/abide-sex-age-connectomics/connectomes/CC200/ABIDE2/sub-28949_ses-1_task-rest_run-1_atlas-CC200_fd-0.2_connectome.npz
ABIDE2	sub-28956_ses-1_task-rest_run-1	sub-28956	ABIDEII-OHSU_1	ok	0.2	/work/ioannou_lab/elizabeth.szentmiklo/abide-sex-age-connectomics/connectomes/CC200/ABIDE2/sub-28956_ses-1_task-rest_run-1_atlas-CC200_fd-0.2_connectome.npz
ABIDE2	sub-28963_ses-1_task-rest_run-2	sub-28963	ABIDEII-OHSU_1	ok	0.2	/work/ioannou_lab/elizabeth.szentmiklo/abide-sex-age-connectomics/connectomes/CC200/ABIDE2/sub-28963_ses-1_task-rest_run-2_atlas-CC200_fd-0.2_connectome.npz
ABIDE2	sub-28963_ses-1_task-rest_run-3	sub-28963	ABIDEII-OHSU_1	ok	0.2	/work/ioannou_lab/elizabeth.szentmiklo/abide-sex-age-connectomics/connectomes/CC200/ABIDE2/sub-28963_ses-1_task-rest_run-3_atlas-CC200_fd-0.2_connectome.npz
ABIDE2	sub-28971_ses-1_task-rest_run-3	sub-28971	ABIDEII-OHSU_1	ok	0.2	/work/ioannou_lab/elizabeth.szentmiklo/abide-sex-age-connectomics/connectomes/CC200/ABIDE2/sub-28971_ses-1_task-rest_run-3_atlas-CC200_fd-0.2_connectome.npz
ABIDE2	sub-28976_ses-1_task-rest_run-1	sub-28976	ABIDEII-OHSU_1	ok	0.2	/work/ioannou_lab/elizabeth.szentmiklo/abide-sex-age-connectomics/connectomes/CC200/ABIDE2/sub-28976_ses-1_task-rest_run-1_atlas-CC200_fd-0.2_connectome.npz
ABIDE2	sub-28976_ses-1_task-rest_run-3	sub-28976	ABIDEII-OHSU_1	ok	0.2	/work/ioannou_lab/elizabeth.szentmiklo/abide-sex-age-connectomics/connectomes/CC200/ABIDE2/sub-28976_ses-1_task-rest_run-3_atlas-CC200_fd-0.2_connectome.npz
ABIDE2	sub-28977_ses-1_task-rest_run-1	sub-28977	ABIDEII-OHSU_1	ok	0.2	/work/ioannou_lab/elizabeth.szentmiklo/abide-sex-age-connectomics/connectomes/CC200/ABIDE2/sub-28977_ses-1_task-rest_run-1_atlas-CC200_fd-0.2_connectome.npz
ABIDE2	sub-28977_ses-1_task-rest_run-2	sub-28977	ABIDEII-OHSU_1	ok	0.2	/work/ioannou_lab/elizabeth.szentmiklo/abide-sex-age-connectomics/connectomes/CC200/ABIDE2/sub-28977_ses-1_task-rest_run-2_atlas-CC200_fd-0.2_connectome.npz
ABIDE2	sub-28977_ses-1_task-rest_run-3	sub-28977	ABIDEII-OHSU_1	ok	0.2	/work/ioannou_lab/elizabeth.szentmiklo/abide-sex-age-connectomics/connectomes/CC200/ABIDE2/sub-28977_ses-1_task-rest_run-3_atlas-CC200_fd-0.2_connectome.npz
ABIDE2	sub-28980_ses-1_task-rest_run-1	sub-28980	ABIDEII-OHSU_1	ok	0.2	/work/ioannou_lab/elizabeth.szentmiklo/abide-sex-age-connectomics/connectomes/CC200/ABIDE2/sub-28980_ses-1_task-rest_run-1_atlas-CC200_fd-0.2_connectome.npz
ABIDE2	sub-28980_ses-1_task-rest_run-2	sub-28980	ABIDEII-OHSU_1	ok	0.2	/work/ioannou_lab/elizabeth.szentmiklo/abide-sex-age-connectomics/connectomes/CC200/ABIDE2/sub-28980_ses-1_task-rest_run-2_atlas-CC200_fd-0.2_connectome.npz
ABIDE2	sub-28980_ses-1_task-rest_run-3	sub-28980	ABIDEII-OHSU_1	ok	0.2	/work/ioannou_lab/elizabeth.szentmiklo/abide-sex-age-connectomics/connectomes/CC200/ABIDE2/sub-28980_ses-1_task-rest_run-3_atlas-CC200_fd-0.2_connectome.npz
ABIDE2	sub-28983_ses-1_task-rest_run-1	sub-28983	ABIDEII-OHSU_1	ok	0.2	/work/ioannou_lab/elizabeth.szentmiklo/abide-sex-age-connectomics/connectomes/CC200/ABIDE2/sub-28983_ses-1_task-rest_run-1_atlas-CC200_fd-0.2_connectome.npz
ABIDE2	sub-28983_ses-1_task-rest_run-3	sub-28983	ABIDEII-OHSU_1	ok	0.2	/work/ioannou_lab/elizabeth.szentmiklo/abide-sex-age-connectomics/connectomes/CC200/ABIDE2/sub-28983_ses-1_task-rest_run-3_atlas-CC200_fd-0.2_connectome.npz
ABIDE2	sub-28984_ses-1_task-rest_run-1	sub-28984	ABIDEII-OHSU_1	ok	0.2	/work/ioannou_lab/elizabeth.szentmiklo/abide-sex-age-connectomics/connectomes/CC200/ABIDE2/sub-28984_ses-1_task-rest_run-1_atlas-CC200_fd-0.2_connectome.npz
ABIDE2	sub-28984_ses-1_task-rest_run-2	sub-28984	ABIDEII-OHSU_1	ok	0.2	/work/ioannou_lab/elizabeth.szentmiklo/abide-sex-age-connectomics/connectomes/CC200/ABIDE2/sub-28984_ses-1_task-rest_run-2_atlas-CC200_fd-0.2_connectome.npz
ABIDE2	sub-28984_ses-1_task-rest_run-3	sub-28984	ABIDEII-OHSU_1	ok	0.2	/work/ioannou_lab/elizabeth.szentmiklo/abide-sex-age-connectomics/connectomes/CC200/ABIDE2/sub-28984_ses-1_task-rest_run-3_atlas-CC200_fd-0.2_connectome.npz
ABIDE2	sub-28992_ses-1_task-rest_run-1	sub-28992	ABIDEII-OHSU_1	ok	0.2	/work/ioannou_lab/elizabeth.szentmiklo/abide-sex-age-connectomics/connectomes/CC200/ABIDE2/sub-28992_ses-1_task-rest_run-1_atlas-CC200_fd-0.2_connectome.npz
ABIDE2	sub-28992_ses-1_task-rest_run-3	sub-28992	ABIDEII-OHSU_1	ok	0.2	/work/ioannou_lab/elizabeth.szentmiklo/abide-sex-age-connectomics/connectomes/CC200/ABIDE2/sub-28992_ses-1_task-rest_run-3_atlas-CC200_fd-0.2_connectome.npz
ABIDE2	sub-28995_ses-1_task-rest_run-1	sub-28995	ABIDEII-OHSU_1	ok	0.2	/work/ioannou_lab/elizabeth.szentmiklo/abide-sex-age-connectomics/connectomes/CC200/ABIDE2/sub-28995_ses-1_task-rest_run-1_atlas-CC200_fd-0.2_connectome.npz
ABIDE2	sub-28995_ses-1_task-rest_run-2	sub-28995	ABIDEII-OHSU_1	ok	0.2	/work/ioannou_lab/elizabeth.szentmiklo/abide-sex-age-connectomics/connectomes/CC200/ABIDE2/sub-28995_ses-1_task-rest_run-2_atlas-CC200_fd-0.2_connectome.npz
ABIDE2	sub-28995_ses-1_task-rest_run-3	sub-28995	ABIDEII-OHSU_1	ok	0.2	/work/ioannou_lab/elizabeth.szentmiklo/abide-sex-age-connectomics/connectomes/CC200/ABIDE2/sub-28995_ses-1_task-rest_run-3_atlas-CC200_fd-0.2_connectome.npz
ABIDE2	sub-28999_ses-1_task-rest_run-1	sub-28999	ABIDEII-OHSU_1	ok	0.2	/work/ioannou_lab/elizabeth.szentmiklo/abide-sex-age-connectomics/connectomes/CC200/ABIDE2/sub-28999_ses-1_task-rest_run-1_atlas-CC200_fd-0.2_connectome.npz
ABIDE2	sub-28999_ses-1_task-rest_run-2	sub-28999	ABIDEII-OHSU_1	ok	0.2	/work/ioannou_lab/elizabeth.szentmiklo/abide-sex-age-connectomics/connectomes/CC200/ABIDE2/sub-28999_ses-1_task-rest_run-2_atlas-CC200_fd-0.2_connectome.npz
ABIDE2	sub-28999_ses-1_task-rest_run-3	sub-28999	ABIDEII-OHSU_1	ok	0.2	/work/ioannou_lab/elizabeth.szentmiklo/abide-sex-age-connectomics/connectomes/CC200/ABIDE2/sub-28999_ses-1_task-rest_run-3_atlas-CC200_fd-0.2_connectome.npz
ABIDE2	sub-29000_ses-1_task-rest_run-1	sub-29000	ABIDEII-OHSU_1	ok	0.2	/work/ioannou_lab/elizabeth.szentmiklo/abide-sex-age-connectomics/connectomes/CC200/ABIDE2/sub-29000_ses-1_task-rest_run-1_atlas-CC200_fd-0.2_connectome.npz
ABIDE2	sub-29000_ses-1_task-rest_run-2	sub-29000	ABIDEII-OHSU_1	ok	0.2	/work/ioannou_lab/elizabeth.szentmiklo/abide-sex-age-connectomics/connectomes/CC200/ABIDE2/sub-29000_ses-1_task-rest_run-2_atlas-CC200_fd-0.2_connectome.npz
ABIDE2	sub-29000_ses-1_task-rest_run-3	sub-29000	ABIDEII-OHSU_1	ok	0.2	/work/ioannou_lab/elizabeth.szentmiklo/abide-sex-age-connectomics/connectomes/CC200/ABIDE2/sub-29000_ses-1_task-rest_run-3_atlas-CC200_fd-0.2_connectome.npz
ABIDE2	sub-29003_ses-1_task-rest_run-1	sub-29003	ABIDEII-OHSU_1	ok	0.2	/work/ioannou_lab/elizabeth.szentmiklo/abide-sex-age-connectomics/connectomes/CC200/ABIDE2/sub-29003_ses-1_task-rest_run-1_atlas-CC200_fd-0.2_connectome.npz
ABIDE2	sub-29003_ses-1_task-rest_run-2	sub-29003	ABIDEII-OHSU_1	ok	0.2	/work/ioannou_lab/elizabeth.szentmiklo/abide-sex-age-connectomics/connectomes/CC200/ABIDE2/sub-29003_ses-1_task-rest_run-2_atlas-CC200_fd-0.2_connectome.npz
ABIDE2	sub-29003_ses-1_task-rest_run-3	sub-29003	ABIDEII-OHSU_1	ok	0.2	/work/ioannou_lab/elizabeth.szentmiklo/abide-sex-age-connectomics/connectomes/CC200/ABIDE2/sub-29003_ses-1_task-rest_run-3_atlas-CC200_fd-0.2_connectome.npz
ABIDE2	sub-29004_ses-1_task-rest_run-1	sub-29004	ABIDEII-OHSU_1	ok	0.2	/work/ioannou_lab/elizabeth.szentmiklo/abide-sex-age-connectomics/connectomes/CC200/ABIDE2/sub-29004_ses-1_task-rest_run-1_atlas-CC200_fd-0.2_connectome.npz
ABIDE2	sub-29004_ses-1_task-rest_run-2	sub-29004	ABIDEII-OHSU_1	ok	0.2	/work/ioannou_lab/elizabeth.szentmiklo/abide-sex-age-connectomics/connectomes/CC200/ABIDE2/sub-29004_ses-1_task-rest_run-2_atlas-CC200_fd-0.2_connectome.npz
ABIDE2	sub-29004_ses-1_task-rest_run-3	sub-29004	ABIDEII-OHSU_1	ok	0.2	/work/ioannou_lab/elizabeth.szentmiklo/abide-sex-age-connectomics/connectomes/CC200/ABIDE2/sub-29004_ses-1_task-rest_run-3_atlas-CC200_fd-0.2_connectome.npz
ABIDE2	sub-29007_ses-1_task-rest_run-1	sub-29007	ABIDEII-BNI_1	ok	0.2	/work/ioannou_lab/elizabeth.szentmiklo/abide-sex-age-connectomics/connectomes/CC200/ABIDE2/sub-29007_ses-1_task-rest_run-1_atlas-CC200_fd-0.2_connectome.npz
ABIDE2	sub-29010_ses-1_task-rest_run-1	sub-29010	ABIDEII-BNI_1	ok	0.2	/work/ioannou_lab/elizabeth.szentmiklo/abide-sex-age-connectomics/connectomes/CC200/ABIDE2/sub-29010_ses-1_task-rest_run-1_atlas-CC200_fd-0.2_connectome.npz
ABIDE2	sub-29011_ses-1_task-rest_run-1	sub-29011	ABIDEII-BNI_1	ok	0.2	/work/ioannou_lab/elizabeth.szentmiklo/abide-sex-age-connectomics/connectomes/CC200/ABIDE2/sub-29011_ses-1_task-rest_run-1_atlas-CC200_fd-0.2_connectome.npz
ABIDE2	sub-29013_ses-1_task-rest_run-1	sub-29013	ABIDEII-BNI_1	ok	0.2	/work/ioannou_lab/elizabeth.szentmiklo/abide-sex-age-connectomics/connectomes/CC200/ABIDE2/sub-29013_ses-1_task-rest_run-1_atlas-CC200_fd-0.2_connectome.npz
ABIDE2	sub-29057_ses-1_task-rest_run-1	sub-29057	ABIDEII-ETH_1	ok	0.2	/work/ioannou_lab/elizabeth.szentmiklo/abide-sex-age-connectomics/connectomes/CC200/ABIDE2/sub-29057_ses-1_task-rest_run-1_atlas-CC200_fd-0.2_connectome.npz
ABIDE2	sub-29058_ses-1_task-rest_run-1	sub-29058	ABIDEII-ETH_1	ok	0.2	/work/ioannou_lab/elizabeth.szentmiklo/abide-sex-age-connectomics/connectomes/CC200/ABIDE2/sub-29058_ses-1_task-rest_run-1_atlas-CC200_fd-0.2_connectome.npz
ABIDE2	sub-29059_ses-1_task-rest_run-1	sub-29059	ABIDEII-ETH_1	ok	0.2	/work/ioannou_lab/elizabeth.szentmiklo/abide-sex-age-connectomics/connectomes/CC200/ABIDE2/sub-29059_ses-1_task-rest_run-1_atlas-CC200_fd-0.2_connectome.npz
ABIDE2	sub-29060_ses-1_task-rest_run-1	sub-29060	ABIDEII-ETH_1	ok	0.2	/work/ioannou_lab/elizabeth.szentmiklo/abide-sex-age-connectomics/connectomes/CC200/ABIDE2/sub-29060_ses-1_task-rest_run-1_atlas-CC200_fd-0.2_connectome.npz
ABIDE2	sub-29066_ses-1_task-rest_run-1	sub-29066	ABIDEII-ETH_1	ok	0.2	/work/ioannou_lab/elizabeth.szentmiklo/abide-sex-age-connectomics/connectomes/CC200/ABIDE2/sub-29066_ses-1_task-rest_run-1_atlas-CC200_fd-0.2_connectome.npz
ABIDE2	sub-29071_ses-1_task-rest_run-1	sub-29071	ABIDEII-ETH_1	ok	0.2	/work/ioannou_lab/elizabeth.szentmiklo/abide-sex-age-connectomics/connectomes/CC200/ABIDE2/sub-29071_ses-1_task-rest_run-1_atlas-CC200_fd-0.2_connectome.npz
ABIDE2	sub-29073_ses-1_task-rest_run-1	sub-29073	ABIDEII-ETH_1	ok	0.2	/work/ioannou_lab/elizabeth.szentmiklo/abide-sex-age-connectomics/connectomes/CC200/ABIDE2/sub-29073_ses-1_task-rest_run-1_atlas-CC200_fd-0.2_connectome.npz
ABIDE2	sub-29074_ses-1_task-rest_run-1	sub-29074	ABIDEII-ETH_1	ok	0.2	/work/ioannou_lab/elizabeth.szentmiklo/abide-sex-age-connectomics/connectomes/CC200/ABIDE2/sub-29074_ses-1_task-rest_run-1_atlas-CC200_fd-0.2_connectome.npz
ABIDE2	sub-29076_ses-1_task-rest_run-1	sub-29076	ABIDEII-ETH_1	ok	0.2	/work/ioannou_lab/elizabeth.szentmiklo/abide-sex-age-connectomics/connectomes/CC200/ABIDE2/sub-29076_ses-1_task-rest_run-1_atlas-CC200_fd-0.2_connectome.npz
ABIDE2	sub-29077_ses-1_task-rest_run-1	sub-29077	ABIDEII-ETH_1	ok	0.2	/work/ioannou_lab/elizabeth.szentmiklo/abide-sex-age-connectomics/connectomes/CC200/ABIDE2/sub-29077_ses-1_task-rest_run-1_atlas-CC200_fd-0.2_connectome.npz
ABIDE2	sub-29078_ses-1_task-rest_run-1	sub-29078	ABIDEII-ETH_1	ok	0.2	/work/ioannou_lab/elizabeth.szentmiklo/abide-sex-age-connectomics/connectomes/CC200/ABIDE2/sub-29078_ses-1_task-rest_run-1_atlas-CC200_fd-0.2_connectome.npz
ABIDE2	sub-29080_ses-1_task-rest_run-1	sub-29080	ABIDEII-ETH_1	ok	0.2	/work/ioannou_lab/elizabeth.szentmiklo/abide-sex-age-connectomics/connectomes/CC200/ABIDE2/sub-29080_ses-1_task-rest_run-1_atlas-CC200_fd-0.2_connectome.npz
ABIDE2	sub-29081_ses-1_task-rest_run-1	sub-29081	ABIDEII-ETH_1	ok	0.2	/work/ioannou_lab/elizabeth.szentmiklo/abide-sex-age-connectomics/connectomes/CC200/ABIDE2/sub-29081_ses-1_task-rest_run-1_atlas-CC200_fd-0.2_connectome.npz
ABIDE2	sub-29082_ses-1_task-rest_run-1	sub-29082	ABIDEII-ETH_1	ok	0.2	/work/ioannou_lab/elizabeth.szentmiklo/abide-sex-age-connectomics/connectomes/CC200/ABIDE2/sub-29082_ses-1_task-rest_run-1_atlas-CC200_fd-0.2_connectome.npz
ABIDE2	sub-29084_ses-1_task-rest_run-1	sub-29084	ABIDEII-ETH_1	ok	0.2	/work/ioannou_lab/elizabeth.szentmiklo/abide-sex-age-connectomics/connectomes/CC200/ABIDE2/sub-29084_ses-1_task-rest_run-1_atlas-CC200_fd-0.2_connectome.npz
ABIDE2	sub-29087_ses-1_task-rest_run-1	sub-29087	ABIDEII-ETH_1	ok	0.2	/work/ioannou_lab/elizabeth.szentmiklo/abide-sex-age-connectomics/connectomes/CC200/ABIDE2/sub-29087_ses-1_task-rest_run-1_atlas-CC200_fd-0.2_connectome.npz
ABIDE2	sub-29088_ses-1_task-rest_run-1	sub-29088	ABIDEII-ETH_1	ok	0.2	/work/ioannou_lab/elizabeth.szentmiklo/abide-sex-age-connectomics/connectomes/CC200/ABIDE2/sub-29088_ses-1_task-rest_run-1_atlas-CC200_fd-0.2_connectome.npz
ABIDE2	sub-29089_ses-1_task-rest_run-1	sub-29089	ABIDEII-ETH_1	ok	0.2	/work/ioannou_lab/elizabeth.szentmiklo/abide-sex-age-connectomics/connectomes/CC200/ABIDE2/sub-29089_ses-1_task-rest_run-1_atlas-CC200_fd-0.2_connectome.npz
ABIDE2	sub-29090_ses-1_task-rest_run-1	sub-29090	ABIDEII-ETH_1	ok	0.2	/work/ioannou_lab/elizabeth.szentmiklo/abide-sex-age-connectomics/connectomes/CC200/ABIDE2/sub-29090_ses-1_task-rest_run-1_atlas-CC200_fd-0.2_connectome.npz
ABIDE2	sub-29091_ses-1_task-rest_run-1	sub-29091	ABIDEII-ETH_1	ok	0.2	/work/ioannou_lab/elizabeth.szentmiklo/abide-sex-age-connectomics/connectomes/CC200/ABIDE2/sub-29091_ses-1_task-rest_run-1_atlas-CC200_fd-0.2_connectome.npz
ABIDE2	sub-29092_ses-1_task-rest_run-1	sub-29092	ABIDEII-ETH_1	ok	0.2	/work/ioannou_lab/elizabeth.szentmiklo/abide-sex-age-connectomics/connectomes/CC200/ABIDE2/sub-29092_ses-1_task-rest_run-1_atlas-CC200_fd-0.2_connectome.npz
ABIDE2	sub-29093_ses-1_task-rest_run-1	sub-29093	ABIDEII-ETH_1	ok	0.2	/work/ioannou_lab/elizabeth.szentmiklo/abide-sex-age-connectomics/connectomes/CC200/ABIDE2/sub-29093_ses-1_task-rest_run-1_atlas-CC200_fd-0.2_connectome.npz
ABIDE2	sub-29094_ses-1_task-rest_run-1	sub-29094	ABIDEII-ETH_1	ok	0.2	/work/ioannou_lab/elizabeth.szentmiklo/abide-sex-age-connectomics/connectomes/CC200/ABIDE2/sub-29094_ses-1_task-rest_run-1_atlas-CC200_fd-0.2_connectome.npz
ABIDE2	sub-29096_ses-1_task-rest_run-1	sub-29096	ABIDEII-TCD_1	ok	0.2	/work/ioannou_lab/elizabeth.szentmiklo/abide-sex-age-connectomics/connectomes/CC200/ABIDE2/sub-29096_ses-1_task-rest_run-1_atlas-CC200_fd-0.2_connectome.npz
ABIDE2	sub-29099_ses-1_task-rest_run-1	sub-29099	ABIDEII-TCD_1	ok	0.2	/work/ioannou_lab/elizabeth.szentmiklo/abide-sex-age-connectomics/connectomes/CC200/ABIDE2/sub-29099_ses-1_task-rest_run-1_atlas-CC200_fd-0.2_connectome.npz
ABIDE2	sub-29103_ses-1_task-rest_run-1	sub-29103	ABIDEII-TCD_1	ok	0.2	/work/ioannou_lab/elizabeth.szentmiklo/abide-sex-age-connectomics/connectomes/CC200/ABIDE2/sub-29103_ses-1_task-rest_run-1_atlas-CC200_fd-0.2_connectome.npz
ABIDE2	sub-29104_ses-1_task-rest_run-1	sub-29104	ABIDEII-TCD_1	ok	0.2	/work/ioannou_lab/elizabeth.szentmiklo/abide-sex-age-connectomics/connectomes/CC200/ABIDE2/sub-29104_ses-1_task-rest_run-1_atlas-CC200_fd-0.2_connectome.npz
ABIDE2	sub-29105_ses-1_task-rest_run-1	sub-29105	ABIDEII-TCD_1	ok	0.2	/work/ioannou_lab/elizabeth.szentmiklo/abide-sex-age-connectomics/connectomes/CC200/ABIDE2/sub-29105_ses-1_task-rest_run-1_atlas-CC200_fd-0.2_connectome.npz
ABIDE2	sub-29106_ses-1_task-rest_run-1	sub-29106	ABIDEII-TCD_1	ok	0.2	/work/ioannou_lab/elizabeth.szentmiklo/abide-sex-age-connectomics/connectomes/CC200/ABIDE2/sub-29106_ses-1_task-rest_run-1_atlas-CC200_fd-0.2_connectome.npz
ABIDE2	sub-29107_ses-1_task-rest_run-1	sub-29107	ABIDEII-TCD_1	ok	0.2	/work/ioannou_lab/elizabeth.szentmiklo/abide-sex-age-connectomics/connectomes/CC200/ABIDE2/sub-29107_ses-1_task-rest_run-1_atlas-CC200_fd-0.2_connectome.npz
ABIDE2	sub-29111_ses-1_task-rest_run-1	sub-29111	ABIDEII-TCD_1	ok	0.2	/work/ioannou_lab/elizabeth.szentmiklo/abide-sex-age-connectomics/connectomes/CC200/ABIDE2/sub-29111_ses-1_task-rest_run-1_atlas-CC200_fd-0.2_connectome.npz
ABIDE2	sub-29112_ses-1_task-rest_run-1	sub-29112	ABIDEII-TCD_1	ok	0.2	/work/ioannou_lab/elizabeth.szentmiklo/abide-sex-age-connectomics/connectomes/CC200/ABIDE2/sub-29112_ses-1_task-rest_run-1_atlas-CC200_fd-0.2_connectome.npz
ABIDE2	sub-29113_ses-1_task-rest_run-1	sub-29113	ABIDEII-TCD_1	ok	0.2	/work/ioannou_lab/elizabeth.szentmiklo/abide-sex-age-connectomics/connectomes/CC200/ABIDE2/sub-29113_ses-1_task-rest_run-1_atlas-CC200_fd-0.2_connectome.npz
ABIDE2	sub-29114_ses-1_task-rest_run-1	sub-29114	ABIDEII-TCD_1	ok	0.2	/work/ioannou_lab/elizabeth.szentmiklo/abide-sex-age-connectomics/connectomes/CC200/ABIDE2/sub-29114_ses-1_task-rest_run-1_atlas-CC200_fd-0.2_connectome.npz
ABIDE2	sub-29115_ses-1_task-rest_run-1	sub-29115	ABIDEII-TCD_1	ok	0.2	/work/ioannou_lab/elizabeth.szentmiklo/abide-sex-age-connectomics/connectomes/CC200/ABIDE2/sub-29115_ses-1_task-rest_run-1_atlas-CC200_fd-0.2_connectome.npz
ABIDE2	sub-29116_ses-1_task-rest_run-1	sub-29116	ABIDEII-TCD_1	ok	0.2	/work/ioannou_lab/elizabeth.szentmiklo/abide-sex-age-connectomics/connectomes/CC200/ABIDE2/sub-29116_ses-1_task-rest_run-1_atlas-CC200_fd-0.2_connectome.npz
ABIDE2	sub-29117_ses-1_task-rest_run-1	sub-29117	ABIDEII-TCD_1	ok	0.2	/work/ioannou_lab/elizabeth.szentmiklo/abide-sex-age-connectomics/connectomes/CC200/ABIDE2/sub-29117_ses-1_task-rest_run-1_atlas-CC200_fd-0.2_connectome.npz
ABIDE2	sub-29118_ses-1_task-rest_run-1	sub-29118	ABIDEII-TCD_1	ok	0.2	/work/ioannou_lab/elizabeth.szentmiklo/abide-sex-age-connectomics/connectomes/CC200/ABIDE2/sub-29118_ses-1_task-rest_run-1_atlas-CC200_fd-0.2_connectome.npz
ABIDE2	sub-29119_ses-1_task-rest_run-1	sub-29119	ABIDEII-TCD_1	ok	0.2	/work/ioannou_lab/elizabeth.szentmiklo/abide-sex-age-connectomics/connectomes/CC200/ABIDE2/sub-29119_ses-1_task-rest_run-1_atlas-CC200_fd-0.2_connectome.npz
ABIDE2	sub-29120_ses-1_task-rest_run-1	sub-29120	ABIDEII-TCD_1	ok	0.2	/work/ioannou_lab/elizabeth.szentmiklo/abide-sex-age-connectomics/connectomes/CC200/ABIDE2/sub-29120_ses-1_task-rest_run-1_atlas-CC200_fd-0.2_connectome.npz
ABIDE2	sub-29121_ses-1_task-rest_run-1	sub-29121	ABIDEII-TCD_1	ok	0.2	/work/ioannou_lab/elizabeth.szentmiklo/abide-sex-age-connectomics/connectomes/CC200/ABIDE2/sub-29121_ses-1_task-rest_run-1_atlas-CC200_fd-0.2_connectome.npz
ABIDE2	sub-29122_ses-1_task-rest_run-1	sub-29122	ABIDEII-TCD_1	ok	0.2	/work/ioannou_lab/elizabeth.szentmiklo/abide-sex-age-connectomics/connectomes/CC200/ABIDE2/sub-29122_ses-1_task-rest_run-1_atlas-CC200_fd-0.2_connectome.npz
ABIDE2	sub-29123_ses-1_task-rest_run-1	sub-29123	ABIDEII-TCD_1	ok	0.2	/work/ioannou_lab/elizabeth.szentmiklo/abide-sex-age-connectomics/connectomes/CC200/ABIDE2/sub-29123_ses-1_task-rest_run-1_atlas-CC200_fd-0.2_connectome.npz
ABIDE2	sub-29124_ses-1_task-rest_run-1	sub-29124	ABIDEII-TCD_1	ok	0.2	/work/ioannou_lab/elizabeth.szentmiklo/abide-sex-age-connectomics/connectomes/CC200/ABIDE2/sub-29124_ses-1_task-rest_run-1_atlas-CC200_fd-0.2_connectome.npz
ABIDE2	sub-29127_ses-1_task-rest_run-1	sub-29127	ABIDEII-TCD_1	ok	0.2	/work/ioannou_lab/elizabeth.szentmiklo/abide-sex-age-connectomics/connectomes/CC200/ABIDE2/sub-29127_ses-1_task-rest_run-1_atlas-CC200_fd-0.2_connectome.npz
ABIDE2	sub-29128_ses-1_task-rest_run-1	sub-29128	ABIDEII-TCD_1	ok	0.2	/work/ioannou_lab/elizabeth.szentmiklo/abide-sex-age-connectomics/connectomes/CC200/ABIDE2/sub-29128_ses-1_task-rest_run-1_atlas-CC200_fd-0.2_connectome.npz
ABIDE2	sub-29129_ses-1_task-rest_run-1	sub-29129	ABIDEII-TCD_1	ok	0.2	/work/ioannou_lab/elizabeth.szentmiklo/abide-sex-age-connectomics/connectomes/CC200/ABIDE2/sub-29129_ses-1_task-rest_run-1_atlas-CC200_fd-0.2_connectome.npz
ABIDE2	sub-29130_ses-1_task-rest_run-1	sub-29130	ABIDEII-TCD_1	ok	0.2	/work/ioannou_lab/elizabeth.szentmiklo/abide-sex-age-connectomics/connectomes/CC200/ABIDE2/sub-29130_ses-1_task-rest_run-1_atlas-CC200_fd-0.2_connectome.npz
ABIDE2	sub-29131_ses-1_task-rest_run-1	sub-29131	ABIDEII-TCD_1	ok	0.2	/work/ioannou_lab/elizabeth.szentmiklo/abide-sex-age-connectomics/connectomes/CC200/ABIDE2/sub-29131_ses-1_task-rest_run-1_atlas-CC200_fd-0.2_connectome.npz
ABIDE2	sub-29132_ses-1_task-rest_run-1	sub-29132	ABIDEII-TCD_1	ok	0.2	/work/ioannou_lab/elizabeth.szentmiklo/abide-sex-age-connectomics/connectomes/CC200/ABIDE2/sub-29132_ses-1_task-rest_run-1_atlas-CC200_fd-0.2_connectome.npz
ABIDE2	sub-29133_ses-1_task-rest_run-1	sub-29133	ABIDEII-TCD_1	ok	0.2	/work/ioannou_lab/elizabeth.szentmiklo/abide-sex-age-connectomics/connectomes/CC200/ABIDE2/sub-29133_ses-1_task-rest_run-1_atlas-CC200_fd-0.2_connectome.npz
ABIDE2	sub-29135_ses-1_task-rest_run-1	sub-29135	ABIDEII-TCD_1	ok	0.2	/work/ioannou_lab/elizabeth.szentmiklo/abide-sex-age-connectomics/connectomes/CC200/ABIDE2/sub-29135_ses-1_task-rest_run-1_atlas-CC200_fd-0.2_connectome.npz
ABIDE2	sub-29136_ses-1_task-rest_run-1	sub-29136	ABIDEII-TCD_1	ok	0.2	/work/ioannou_lab/elizabeth.szentmiklo/abide-sex-age-connectomics/connectomes/CC200/ABIDE2/sub-29136_ses-1_task-rest_run-1_atlas-CC200_fd-0.2_connectome.npz
ABIDE2	sub-29137_ses-1_task-rest_run-1	sub-29137	ABIDEII-TCD_1	ok	0.2	/work/ioannou_lab/elizabeth.szentmiklo/abide-sex-age-connectomics/connectomes/CC200/ABIDE2/sub-29137_ses-1_task-rest_run-1_atlas-CC200_fd-0.2_connectome.npz
ABIDE2	sub-29150_ses-1_task-rest_run-1	sub-29150	ABIDEII-NYU_2	ok	0.2	/work/ioannou_lab/elizabeth.szentmiklo/abide-sex-age-connectomics/connectomes/CC200/ABIDE2/sub-29150_ses-1_task-rest_run-1_atlas-CC200_fd-0.2_connectome.npz
ABIDE2	sub-29151_ses-1_task-rest_run-1	sub-29151	ABIDEII-NYU_2	ok	0.2	/work/ioannou_lab/elizabeth.szentmiklo/abide-sex-age-connectomics/connectomes/CC200/ABIDE2/sub-29151_ses-1_task-rest_run-1_atlas-CC200_fd-0.2_connectome.npz
ABIDE2	sub-29154_ses-1_task-rest_run-1	sub-29154	ABIDEII-NYU_2	ok	0.2	/work/ioannou_lab/elizabeth.szentmiklo/abide-sex-age-connectomics/connectomes/CC200/ABIDE2/sub-29154_ses-1_task-rest_run-1_atlas-CC200_fd-0.2_connectome.npz
ABIDE2	sub-29157_ses-1_task-rest_run-1	sub-29157	ABIDEII-NYU_2	ok	0.2	/work/ioannou_lab/elizabeth.szentmiklo/abide-sex-age-connectomics/connectomes/CC200/ABIDE2/sub-29157_ses-1_task-rest_run-1_atlas-CC200_fd-0.2_connectome.npz
ABIDE2	sub-29163_ses-1_task-rest_run-1	sub-29163	ABIDEII-NYU_2	ok	0.2	/work/ioannou_lab/elizabeth.szentmiklo/abide-sex-age-connectomics/connectomes/CC200/ABIDE2/sub-29163_ses-1_task-rest_run-1_atlas-CC200_fd-0.2_connectome.npz
ABIDE2	sub-29166_ses-1_task-rest_run-1	sub-29166	ABIDEII-NYU_2	ok	0.2	/work/ioannou_lab/elizabeth.szentmiklo/abide-sex-age-connectomics/connectomes/CC200/ABIDE2/sub-29166_ses-1_task-rest_run-1_atlas-CC200_fd-0.2_connectome.npz
ABIDE2	sub-29172_ses-1_task-rest_run-1	sub-29172	ABIDEII-NYU_2	ok	0.2	/work/ioannou_lab/elizabeth.szentmiklo/abide-sex-age-connectomics/connectomes/CC200/ABIDE2/sub-29172_ses-1_task-rest_run-1_atlas-CC200_fd-0.2_connectome.npz
ABIDE2	sub-29173_ses-1_task-rest_run-1	sub-29173	ABIDEII-NYU_2	ok	0.2	/work/ioannou_lab/elizabeth.szentmiklo/abide-sex-age-connectomics/connectomes/CC200/ABIDE2/sub-29173_ses-1_task-rest_run-1_atlas-CC200_fd-0.2_connectome.npz
ABIDE2	sub-29181_ses-1_task-rest_run-1	sub-29181	ABIDEII-NYU_1	ok	0.2	/work/ioannou_lab/elizabeth.szentmiklo/abide-sex-age-connectomics/connectomes/CC200/ABIDE2/sub-29181_ses-1_task-rest_run-1_atlas-CC200_fd-0.2_connectome.npz
ABIDE2	sub-29184_ses-1_task-rest_run-1	sub-29184	ABIDEII-NYU_1	ok	0.2	/work/ioannou_lab/elizabeth.szentmiklo/abide-sex-age-connectomics/connectomes/CC200/ABIDE2/sub-29184_ses-1_task-rest_run-1_atlas-CC200_fd-0.2_connectome.npz
ABIDE2	sub-29192_ses-1_task-rest_run-1	sub-29192	ABIDEII-NYU_1	ok	0.2	/work/ioannou_lab/elizabeth.szentmiklo/abide-sex-age-connectomics/connectomes/CC200/ABIDE2/sub-29192_ses-1_task-rest_run-1_atlas-CC200_fd-0.2_connectome.npz
ABIDE2	sub-29195_ses-1_task-rest_run-1	sub-29195	ABIDEII-NYU_1	ok	0.2	/work/ioannou_lab/elizabeth.szentmiklo/abide-sex-age-connectomics/connectomes/CC200/ABIDE2/sub-29195_ses-1_task-rest_run-1_atlas-CC200_fd-0.2_connectome.npz
ABIDE2	sub-29197_ses-1_task-rest_run-1	sub-29197	ABIDEII-NYU_1	ok	0.2	/work/ioannou_lab/elizabeth.szentmiklo/abide-sex-age-connectomics/connectomes/CC200/ABIDE2/sub-29197_ses-1_task-rest_run-1_atlas-CC200_fd-0.2_connectome.npz
ABIDE2	sub-29203_ses-1_task-rest_run-1	sub-29203	ABIDEII-NYU_1	ok	0.2	/work/ioannou_lab/elizabeth.szentmiklo/abide-sex-age-connectomics/connectomes/CC200/ABIDE2/sub-29203_ses-1_task-rest_run-1_atlas-CC200_fd-0.2_connectome.npz
ABIDE2	sub-29209_ses-1_task-rest_run-1	sub-29209	ABIDEII-NYU_1	ok	0.2	/work/ioannou_lab/elizabeth.szentmiklo/abide-sex-age-connectomics/connectomes/CC200/ABIDE2/sub-29209_ses-1_task-rest_run-1_atlas-CC200_fd-0.2_connectome.npz
ABIDE2	sub-29210_ses-1_task-rest_run-1	sub-29210	ABIDEII-NYU_1	ok	0.2	/work/ioannou_lab/elizabeth.szentmiklo/abide-sex-age-connectomics/connectomes/CC200/ABIDE2/sub-29210_ses-1_task-rest_run-1_atlas-CC200_fd-0.2_connectome.npz
ABIDE2	sub-29221_ses-1_task-rest_run-1	sub-29221	ABIDEII-NYU_1	ok	0.2	/work/ioannou_lab/elizabeth.szentmiklo/abide-sex-age-connectomics/connectomes/CC200/ABIDE2/sub-29221_ses-1_task-rest_run-1_atlas-CC200_fd-0.2_connectome.npz
ABIDE2	sub-29224_ses-1_task-rest_run-1	sub-29224	ABIDEII-NYU_1	ok	0.2	/work/ioannou_lab/elizabeth.szentmiklo/abide-sex-age-connectomics/connectomes/CC200/ABIDE2/sub-29224_ses-1_task-rest_run-1_atlas-CC200_fd-0.2_connectome.npz
ABIDE2	sub-29228_ses-1_task-rest_run-1	sub-29228	ABIDEII-NYU_1	ok	0.2	/work/ioannou_lab/elizabeth.szentmiklo/abide-sex-age-connectomics/connectomes/CC200/ABIDE2/sub-29228_ses-1_task-rest_run-1_atlas-CC200_fd-0.2_connectome.npz
ABIDE2	sub-29229_ses-1_task-rest_run-1	sub-29229	ABIDEII-NYU_1	ok	0.2	/work/ioannou_lab/elizabeth.szentmiklo/abide-sex-age-connectomics/connectomes/CC200/ABIDE2/sub-29229_ses-1_task-rest_run-1_atlas-CC200_fd-0.2_connectome.npz
ABIDE2	sub-29232_ses-1_task-rest_run-1	sub-29232	ABIDEII-NYU_1	ok	0.2	/work/ioannou_lab/elizabeth.szentmiklo/abide-sex-age-connectomics/connectomes/CC200/ABIDE2/sub-29232_ses-1_task-rest_run-1_atlas-CC200_fd-0.2_connectome.npz
ABIDE2	sub-29236_ses-1_task-rest_run-1	sub-29236	ABIDEII-NYU_1	ok	0.2	/work/ioannou_lab/elizabeth.szentmiklo/abide-sex-age-connectomics/connectomes/CC200/ABIDE2/sub-29236_ses-1_task-rest_run-1_atlas-CC200_fd-0.2_connectome.npz
ABIDE2	sub-29237_ses-1_task-rest_run-1	sub-29237	ABIDEII-NYU_1	ok	0.2	/work/ioannou_lab/elizabeth.szentmiklo/abide-sex-age-connectomics/connectomes/CC200/ABIDE2/sub-29237_ses-1_task-rest_run-1_atlas-CC200_fd-0.2_connectome.npz
ABIDE2	sub-29246_ses-1_task-rest_run-1	sub-29246	ABIDEII-NYU_1	ok	0.2	/work/ioannou_lab/elizabeth.szentmiklo/abide-sex-age-connectomics/connectomes/CC200/ABIDE2/sub-29246_ses-1_task-rest_run-1_atlas-CC200_fd-0.2_connectome.npz
ABIDE2	sub-29247_ses-1_task-rest_run-1	sub-29247	ABIDEII-NYU_1	ok	0.2	/work/ioannou_lab/elizabeth.szentmiklo/abide-sex-age-connectomics/connectomes/CC200/ABIDE2/sub-29247_ses-1_task-rest_run-1_atlas-CC200_fd-0.2_connectome.npz
ABIDE2	sub-29250_ses-1_task-rest_run-1	sub-29250	ABIDEII-NYU_1	ok	0.2	/work/ioannou_lab/elizabeth.szentmiklo/abide-sex-age-connectomics/connectomes/CC200/ABIDE2/sub-29250_ses-1_task-rest_run-1_atlas-CC200_fd-0.2_connectome.npz
ABIDE2	sub-29275_ses-1_task-rest_acq-rc8chan_run-1	sub-29275	ABIDEII-KKI_1	ok	0.2	/work/ioannou_lab/elizabeth.szentmiklo/abide-sex-age-connectomics/connectomes/CC200/ABIDE2/sub-29275_ses-1_task-rest_acq-rc8chan_run-1_atlas-CC200_fd-0.2_connectome.npz
ABIDE2	sub-29277_ses-1_task-rest_acq-rc8chan_run-1	sub-29277	ABIDEII-KKI_1	ok	0.2	/work/ioannou_lab/elizabeth.szentmiklo/abide-sex-age-connectomics/connectomes/CC200/ABIDE2/sub-29277_ses-1_task-rest_acq-rc8chan_run-1_atlas-CC200_fd-0.2_connectome.npz
ABIDE2	sub-29283_ses-1_task-rest_acq-rc8chan_run-1	sub-29283	ABIDEII-KKI_1	ok	0.2	/work/ioannou_lab/elizabeth.szentmiklo/abide-sex-age-connectomics/connectomes/CC200/ABIDE2/sub-29283_ses-1_task-rest_acq-rc8chan_run-1_atlas-CC200_fd-0.2_connectome.npz
ABIDE2	sub-29289_ses-1_task-rest_acq-rc8chan_run-1	sub-29289	ABIDEII-KKI_1	ok	0.2	/work/ioannou_lab/elizabeth.szentmiklo/abide-sex-age-connectomics/connectomes/CC200/ABIDE2/sub-29289_ses-1_task-rest_acq-rc8chan_run-1_atlas-CC200_fd-0.2_connectome.npz
ABIDE2	sub-29291_ses-1_task-rest_acq-rc8chan_run-1	sub-29291	ABIDEII-KKI_1	ok	0.2	/work/ioannou_lab/elizabeth.szentmiklo/abide-sex-age-connectomics/connectomes/CC200/ABIDE2/sub-29291_ses-1_task-rest_acq-rc8chan_run-1_atlas-CC200_fd-0.2_connectome.npz
ABIDE2	sub-29292_ses-1_task-rest_acq-rc8chan_run-1	sub-29292	ABIDEII-KKI_1	ok	0.2	/work/ioannou_lab/elizabeth.szentmiklo/abide-sex-age-connectomics/connectomes/CC200/ABIDE2/sub-29292_ses-1_task-rest_acq-rc8chan_run-1_atlas-CC200_fd-0.2_connectome.npz
ABIDE2	sub-29293_ses-1_task-rest_acq-rc8chan_run-1	sub-29293	ABIDEII-KKI_1	ok	0.2	/work/ioannou_lab/elizabeth.szentmiklo/abide-sex-age-connectomics/connectomes/CC200/ABIDE2/sub-29293_ses-1_task-rest_acq-rc8chan_run-1_atlas-CC200_fd-0.2_connectome.npz
ABIDE2	sub-29296_ses-1_task-rest_acq-rc8chan_run-1	sub-29296	ABIDEII-KKI_1	ok	0.2	/work/ioannou_lab/elizabeth.szentmiklo/abide-sex-age-connectomics/connectomes/CC200/ABIDE2/sub-29296_ses-1_task-rest_acq-rc8chan_run-1_atlas-CC200_fd-0.2_connectome.npz
ABIDE2	sub-29297_ses-1_task-rest_acq-rc8chan_run-1	sub-29297	ABIDEII-KKI_1	ok	0.2	/work/ioannou_lab/elizabeth.szentmiklo/abide-sex-age-connectomics/connectomes/CC200/ABIDE2/sub-29297_ses-1_task-rest_acq-rc8chan_run-1_atlas-CC200_fd-0.2_connectome.npz
ABIDE2	sub-29298_ses-1_task-rest_acq-rc8chan_run-1	sub-29298	ABIDEII-KKI_1	ok	0.2	/work/ioannou_lab/elizabeth.szentmiklo/abide-sex-age-connectomics/connectomes/CC200/ABIDE2/sub-29298_ses-1_task-rest_acq-rc8chan_run-1_atlas-CC200_fd-0.2_connectome.npz
ABIDE2	sub-29301_ses-1_task-rest_acq-rc8chan_run-1	sub-29301	ABIDEII-KKI_1	ok	0.2	/work/ioannou_lab/elizabeth.szentmiklo/abide-sex-age-connectomics/connectomes/CC200/ABIDE2/sub-29301_ses-1_task-rest_acq-rc8chan_run-1_atlas-CC200_fd-0.2_connectome.npz
ABIDE2	sub-29302_ses-1_task-rest_acq-rc8chan_run-1	sub-29302	ABIDEII-KKI_1	ok	0.2	/work/ioannou_lab/elizabeth.szentmiklo/abide-sex-age-connectomics/connectomes/CC200/ABIDE2/sub-29302_ses-1_task-rest_acq-rc8chan_run-1_atlas-CC200_fd-0.2_connectome.npz
ABIDE2	sub-29304_ses-1_task-rest_acq-rc8chan_run-1	sub-29304	ABIDEII-KKI_1	ok	0.2	/work/ioannou_lab/elizabeth.szentmiklo/abide-sex-age-connectomics/connectomes/CC200/ABIDE2/sub-29304_ses-1_task-rest_acq-rc8chan_run-1_atlas-CC200_fd-0.2_connectome.npz
ABIDE2	sub-29305_ses-1_task-rest_acq-rc8chan_run-1	sub-29305	ABIDEII-KKI_1	ok	0.2	/work/ioannou_lab/elizabeth.szentmiklo/abide-sex-age-connectomics/connectomes/CC200/ABIDE2/sub-29305_ses-1_task-rest_acq-rc8chan_run-1_atlas-CC200_fd-0.2_connectome.npz
ABIDE2	sub-29306_ses-1_task-rest_acq-rc8chan_run-1	sub-29306	ABIDEII-KKI_1	ok	0.2	/work/ioannou_lab/elizabeth.szentmiklo/abide-sex-age-connectomics/connectomes/CC200/ABIDE2/sub-29306_ses-1_task-rest_acq-rc8chan_run-1_atlas-CC200_fd-0.2_connectome.npz
ABIDE2	sub-29308_ses-1_task-rest_acq-rc8chan_run-1	sub-29308	ABIDEII-KKI_1	ok	0.2	/work/ioannou_lab/elizabeth.szentmiklo/abide-sex-age-connectomics/connectomes/CC200/ABIDE2/sub-29308_ses-1_task-rest_acq-rc8chan_run-1_atlas-CC200_fd-0.2_connectome.npz
ABIDE2	sub-29309_ses-1_task-rest_acq-rc8chan_run-1	sub-29309	ABIDEII-KKI_1	ok	0.2	/work/ioannou_lab/elizabeth.szentmiklo/abide-sex-age-connectomics/connectomes/CC200/ABIDE2/sub-29309_ses-1_task-rest_acq-rc8chan_run-1_atlas-CC200_fd-0.2_connectome.npz
ABIDE2	sub-29310_ses-1_task-rest_acq-rc8chan_run-1	sub-29310	ABIDEII-KKI_1	ok	0.2	/work/ioannou_lab/elizabeth.szentmiklo/abide-sex-age-connectomics/connectomes/CC200/ABIDE2/sub-29310_ses-1_task-rest_acq-rc8chan_run-1_atlas-CC200_fd-0.2_connectome.npz
ABIDE2	sub-29312_ses-1_task-rest_acq-rc8chan_run-1	sub-29312	ABIDEII-KKI_1	ok	0.2	/work/ioannou_lab/elizabeth.szentmiklo/abide-sex-age-connectomics/connectomes/CC200/ABIDE2/sub-29312_ses-1_task-rest_acq-rc8chan_run-1_atlas-CC200_fd-0.2_connectome.npz
ABIDE2	sub-29314_ses-1_task-rest_acq-rc8chan_run-1	sub-29314	ABIDEII-KKI_1	ok	0.2	/work/ioannou_lab/elizabeth.szentmiklo/abide-sex-age-connectomics/connectomes/CC200/ABIDE2/sub-29314_ses-1_task-rest_acq-rc8chan_run-1_atlas-CC200_fd-0.2_connectome.npz
ABIDE2	sub-29315_ses-1_task-rest_acq-rc8chan_run-1	sub-29315	ABIDEII-KKI_1	ok	0.2	/work/ioannou_lab/elizabeth.szentmiklo/abide-sex-age-connectomics/connectomes/CC200/ABIDE2/sub-29315_ses-1_task-rest_acq-rc8chan_run-1_atlas-CC200_fd-0.2_connectome.npz
ABIDE2	sub-29317_ses-1_task-rest_acq-rc8chan_run-1	sub-29317	ABIDEII-KKI_1	ok	0.2	/work/ioannou_lab/elizabeth.szentmiklo/abide-sex-age-connectomics/connectomes/CC200/ABIDE2/sub-29317_ses-1_task-rest_acq-rc8chan_run-1_atlas-CC200_fd-0.2_connectome.npz
ABIDE2	sub-29319_ses-1_task-rest_acq-rc8chan_run-1	sub-29319	ABIDEII-KKI_1	ok	0.2	/work/ioannou_lab/elizabeth.szentmiklo/abide-sex-age-connectomics/connectomes/CC200/ABIDE2/sub-29319_ses-1_task-rest_acq-rc8chan_run-1_atlas-CC200_fd-0.2_connectome.npz
ABIDE2	sub-29320_ses-1_task-rest_acq-rc8chan_run-1	sub-29320	ABIDEII-KKI_1	ok	0.2	/work/ioannou_lab/elizabeth.szentmiklo/abide-sex-age-connectomics/connectomes/CC200/ABIDE2/sub-29320_ses-1_task-rest_acq-rc8chan_run-1_atlas-CC200_fd-0.2_connectome.npz
ABIDE2	sub-29321_ses-1_task-rest_acq-rc8chan_run-1	sub-29321	ABIDEII-KKI_1	ok	0.2	/work/ioannou_lab/elizabeth.szentmiklo/abide-sex-age-connectomics/connectomes/CC200/ABIDE2/sub-29321_ses-1_task-rest_acq-rc8chan_run-1_atlas-CC200_fd-0.2_connectome.npz
ABIDE2	sub-29324_ses-1_task-rest_acq-rc8chan_run-1	sub-29324	ABIDEII-KKI_1	ok	0.2	/work/ioannou_lab/elizabeth.szentmiklo/abide-sex-age-connectomics/connectomes/CC200/ABIDE2/sub-29324_ses-1_task-rest_acq-rc8chan_run-1_atlas-CC200_fd-0.2_connectome.npz
ABIDE2	sub-29325_ses-1_task-rest_acq-rc8chan_run-1	sub-29325	ABIDEII-KKI_1	ok	0.2	/work/ioannou_lab/elizabeth.szentmiklo/abide-sex-age-connectomics/connectomes/CC200/ABIDE2/sub-29325_ses-1_task-rest_acq-rc8chan_run-1_atlas-CC200_fd-0.2_connectome.npz
ABIDE2	sub-29327_ses-1_task-rest_acq-rc8chan_run-1	sub-29327	ABIDEII-KKI_1	ok	0.2	/work/ioannou_lab/elizabeth.szentmiklo/abide-sex-age-connectomics/connectomes/CC200/ABIDE2/sub-29327_ses-1_task-rest_acq-rc8chan_run-1_atlas-CC200_fd-0.2_connectome.npz
ABIDE2	sub-29329_ses-1_task-rest_acq-rc8chan_run-1	sub-29329	ABIDEII-KKI_1	ok	0.2	/work/ioannou_lab/elizabeth.szentmiklo/abide-sex-age-connectomics/connectomes/CC200/ABIDE2/sub-29329_ses-1_task-rest_acq-rc8chan_run-1_atlas-CC200_fd-0.2_connectome.npz
ABIDE2	sub-29330_ses-1_task-rest_acq-rc8chan_run-1	sub-29330	ABIDEII-KKI_1	ok	0.2	/work/ioannou_lab/elizabeth.szentmiklo/abide-sex-age-connectomics/connectomes/CC200/ABIDE2/sub-29330_ses-1_task-rest_acq-rc8chan_run-1_atlas-CC200_fd-0.2_connectome.npz
ABIDE2	sub-29332_ses-1_task-rest_acq-rc8chan_run-1	sub-29332	ABIDEII-KKI_1	ok	0.2	/work/ioannou_lab/elizabeth.szentmiklo/abide-sex-age-connectomics/connectomes/CC200/ABIDE2/sub-29332_ses-1_task-rest_acq-rc8chan_run-1_atlas-CC200_fd-0.2_connectome.npz
ABIDE2	sub-29333_ses-1_task-rest_acq-rc8chan_run-1	sub-29333	ABIDEII-KKI_1	ok	0.2	/work/ioannou_lab/elizabeth.szentmiklo/abide-sex-age-connectomics/connectomes/CC200/ABIDE2/sub-29333_ses-1_task-rest_acq-rc8chan_run-1_atlas-CC200_fd-0.2_connectome.npz
ABIDE2	sub-29334_ses-1_task-rest_acq-rc8chan_run-1	sub-29334	ABIDEII-KKI_1	ok	0.2	/work/ioannou_lab/elizabeth.szentmiklo/abide-sex-age-connectomics/connectomes/CC200/ABIDE2/sub-29334_ses-1_task-rest_acq-rc8chan_run-1_atlas-CC200_fd-0.2_connectome.npz
ABIDE2	sub-29336_ses-1_task-rest_acq-rc8chan_run-1	sub-29336	ABIDEII-KKI_1	ok	0.2	/work/ioannou_lab/elizabeth.szentmiklo/abide-sex-age-connectomics/connectomes/CC200/ABIDE2/sub-29336_ses-1_task-rest_acq-rc8chan_run-1_atlas-CC200_fd-0.2_connectome.npz
ABIDE2	sub-29337_ses-1_task-rest_acq-rc8chan_run-1	sub-29337	ABIDEII-KKI_1	ok	0.2	/work/ioannou_lab/elizabeth.szentmiklo/abide-sex-age-connectomics/connectomes/CC200/ABIDE2/sub-29337_ses-1_task-rest_acq-rc8chan_run-1_atlas-CC200_fd-0.2_connectome.npz
ABIDE2	sub-29339_ses-1_task-rest_acq-rc8chan_run-1	sub-29339	ABIDEII-KKI_1	ok	0.2	/work/ioannou_lab/elizabeth.szentmiklo/abide-sex-age-connectomics/connectomes/CC200/ABIDE2/sub-29339_ses-1_task-rest_acq-rc8chan_run-1_atlas-CC200_fd-0.2_connectome.npz
ABIDE2	sub-29340_ses-1_task-rest_acq-rc8chan_run-1	sub-29340	ABIDEII-KKI_1	ok	0.2	/work/ioannou_lab/elizabeth.szentmiklo/abide-sex-age-connectomics/connectomes/CC200/ABIDE2/sub-29340_ses-1_task-rest_acq-rc8chan_run-1_atlas-CC200_fd-0.2_connectome.npz
ABIDE2	sub-29341_ses-1_task-rest_acq-rc8chan_run-1	sub-29341	ABIDEII-KKI_1	ok	0.2	/work/ioannou_lab/elizabeth.szentmiklo/abide-sex-age-connectomics/connectomes/CC200/ABIDE2/sub-29341_ses-1_task-rest_acq-rc8chan_run-1_atlas-CC200_fd-0.2_connectome.npz
ABIDE2	sub-29343_ses-1_task-rest_acq-rc8chan_run-1	sub-29343	ABIDEII-KKI_1	ok	0.2	/work/ioannou_lab/elizabeth.szentmiklo/abide-sex-age-connectomics/connectomes/CC200/ABIDE2/sub-29343_ses-1_task-rest_acq-rc8chan_run-1_atlas-CC200_fd-0.2_connectome.npz
ABIDE2	sub-29344_ses-1_task-rest_acq-rc8chan_run-1	sub-29344	ABIDEII-KKI_1	ok	0.2	/work/ioannou_lab/elizabeth.szentmiklo/abide-sex-age-connectomics/connectomes/CC200/ABIDE2/sub-29344_ses-1_task-rest_acq-rc8chan_run-1_atlas-CC200_fd-0.2_connectome.npz
ABIDE2	sub-29347_ses-1_task-rest_acq-rc8chan_run-1	sub-29347	ABIDEII-KKI_1	ok	0.2	/work/ioannou_lab/elizabeth.szentmiklo/abide-sex-age-connectomics/connectomes/CC200/ABIDE2/sub-29347_ses-1_task-rest_acq-rc8chan_run-1_atlas-CC200_fd-0.2_connectome.npz
ABIDE2	sub-29349_ses-1_task-rest_acq-rc8chan_run-1	sub-29349	ABIDEII-KKI_1	ok	0.2	/work/ioannou_lab/elizabeth.szentmiklo/abide-sex-age-connectomics/connectomes/CC200/ABIDE2/sub-29349_ses-1_task-rest_acq-rc8chan_run-1_atlas-CC200_fd-0.2_connectome.npz
ABIDE2	sub-29350_ses-1_task-rest_acq-rc8chan_run-1	sub-29350	ABIDEII-KKI_1	ok	0.2	/work/ioannou_lab/elizabeth.szentmiklo/abide-sex-age-connectomics/connectomes/CC200/ABIDE2/sub-29350_ses-1_task-rest_acq-rc8chan_run-1_atlas-CC200_fd-0.2_connectome.npz
ABIDE2	sub-29352_ses-1_task-rest_acq-rc8chan_run-1	sub-29352	ABIDEII-KKI_1	ok	0.2	/work/ioannou_lab/elizabeth.szentmiklo/abide-sex-age-connectomics/connectomes/CC200/ABIDE2/sub-29352_ses-1_task-rest_acq-rc8chan_run-1_atlas-CC200_fd-0.2_connectome.npz
ABIDE2	sub-29354_ses-1_task-rest_acq-rc8chan_run-1	sub-29354	ABIDEII-KKI_1	ok	0.2	/work/ioannou_lab/elizabeth.szentmiklo/abide-sex-age-connectomics/connectomes/CC200/ABIDE2/sub-29354_ses-1_task-rest_acq-rc8chan_run-1_atlas-CC200_fd-0.2_connectome.npz
ABIDE2	sub-29355_ses-1_task-rest_acq-rc8chan_run-1	sub-29355	ABIDEII-KKI_1	ok	0.2	/work/ioannou_lab/elizabeth.szentmiklo/abide-sex-age-connectomics/connectomes/CC200/ABIDE2/sub-29355_ses-1_task-rest_acq-rc8chan_run-1_atlas-CC200_fd-0.2_connectome.npz
ABIDE2	sub-29357_ses-1_task-rest_acq-rc8chan_run-1	sub-29357	ABIDEII-KKI_1	ok	0.2	/work/ioannou_lab/elizabeth.szentmiklo/abide-sex-age-connectomics/connectomes/CC200/ABIDE2/sub-29357_ses-1_task-rest_acq-rc8chan_run-1_atlas-CC200_fd-0.2_connectome.npz
ABIDE2	sub-29358_ses-1_task-rest_acq-rc8chan_run-1	sub-29358	ABIDEII-KKI_1	ok	0.2	/work/ioannou_lab/elizabeth.szentmiklo/abide-sex-age-connectomics/connectomes/CC200/ABIDE2/sub-29358_ses-1_task-rest_acq-rc8chan_run-1_atlas-CC200_fd-0.2_connectome.npz
ABIDE2	sub-29359_ses-1_task-rest_acq-rc8chan_run-1	sub-29359	ABIDEII-KKI_1	ok	0.2	/work/ioannou_lab/elizabeth.szentmiklo/abide-sex-age-connectomics/connectomes/CC200/ABIDE2/sub-29359_ses-1_task-rest_acq-rc8chan_run-1_atlas-CC200_fd-0.2_connectome.npz
ABIDE2	sub-29362_ses-1_task-rest_acq-rc8chan_run-1	sub-29362	ABIDEII-KKI_1	ok	0.2	/work/ioannou_lab/elizabeth.szentmiklo/abide-sex-age-connectomics/connectomes/CC200/ABIDE2/sub-29362_ses-1_task-rest_acq-rc8chan_run-1_atlas-CC200_fd-0.2_connectome.npz
ABIDE2	sub-29363_ses-1_task-rest_acq-rc8chan_run-1	sub-29363	ABIDEII-KKI_1	ok	0.2	/work/ioannou_lab/elizabeth.szentmiklo/abide-sex-age-connectomics/connectomes/CC200/ABIDE2/sub-29363_ses-1_task-rest_acq-rc8chan_run-1_atlas-CC200_fd-0.2_connectome.npz
ABIDE2	sub-29364_ses-1_task-rest_acq-rc8chan_run-1	sub-29364	ABIDEII-KKI_1	ok	0.2	/work/ioannou_lab/elizabeth.szentmiklo/abide-sex-age-connectomics/connectomes/CC200/ABIDE2/sub-29364_ses-1_task-rest_acq-rc8chan_run-1_atlas-CC200_fd-0.2_connectome.npz
ABIDE2	sub-29365_ses-1_task-rest_acq-rc32chan_run-1	sub-29365	ABIDEII-KKI_1	ok	0.2	/work/ioannou_lab/elizabeth.szentmiklo/abide-sex-age-connectomics/connectomes/CC200/ABIDE2/sub-29365_ses-1_task-rest_acq-rc32chan_run-1_atlas-CC200_fd-0.2_connectome.npz
ABIDE2	sub-29366_ses-1_task-rest_acq-rc32chan_run-1	sub-29366	ABIDEII-KKI_1	ok	0.2	/work/ioannou_lab/elizabeth.szentmiklo/abide-sex-age-connectomics/connectomes/CC200/ABIDE2/sub-29366_ses-1_task-rest_acq-rc32chan_run-1_atlas-CC200_fd-0.2_connectome.npz
ABIDE2	sub-29368_ses-1_task-rest_acq-rc8chan_run-1	sub-29368	ABIDEII-KKI_1	ok	0.2	/work/ioannou_lab/elizabeth.szentmiklo/abide-sex-age-connectomics/connectomes/CC200/ABIDE2/sub-29368_ses-1_task-rest_acq-rc8chan_run-1_atlas-CC200_fd-0.2_connectome.npz
ABIDE2	sub-29370_ses-1_task-rest_acq-rc8chan_run-1	sub-29370	ABIDEII-KKI_1	ok	0.2	/work/ioannou_lab/elizabeth.szentmiklo/abide-sex-age-connectomics/connectomes/CC200/ABIDE2/sub-29370_ses-1_task-rest_acq-rc8chan_run-1_atlas-CC200_fd-0.2_connectome.npz
ABIDE2	sub-29371_ses-1_task-rest_acq-rc8chan_run-1	sub-29371	ABIDEII-KKI_1	ok	0.2	/work/ioannou_lab/elizabeth.szentmiklo/abide-sex-age-connectomics/connectomes/CC200/ABIDE2/sub-29371_ses-1_task-rest_acq-rc8chan_run-1_atlas-CC200_fd-0.2_connectome.npz
ABIDE2	sub-29373_ses-1_task-rest_acq-rc8chan_run-1	sub-29373	ABIDEII-KKI_1	ok	0.2	/work/ioannou_lab/elizabeth.szentmiklo/abide-sex-age-connectomics/connectomes/CC200/ABIDE2/sub-29373_ses-1_task-rest_acq-rc8chan_run-1_atlas-CC200_fd-0.2_connectome.npz
ABIDE2	sub-29375_ses-1_task-rest_acq-rc8chan_run-1	sub-29375	ABIDEII-KKI_1	ok	0.2	/work/ioannou_lab/elizabeth.szentmiklo/abide-sex-age-connectomics/connectomes/CC200/ABIDE2/sub-29375_ses-1_task-rest_acq-rc8chan_run-1_atlas-CC200_fd-0.2_connectome.npz
ABIDE2	sub-29378_ses-1_task-rest_acq-rc8chan_run-1	sub-29378	ABIDEII-KKI_1	ok	0.2	/work/ioannou_lab/elizabeth.szentmiklo/abide-sex-age-connectomics/connectomes/CC200/ABIDE2/sub-29378_ses-1_task-rest_acq-rc8chan_run-1_atlas-CC200_fd-0.2_connectome.npz
ABIDE2	sub-29379_ses-1_task-rest_acq-rc8chan_run-1	sub-29379	ABIDEII-KKI_1	ok	0.2	/work/ioannou_lab/elizabeth.szentmiklo/abide-sex-age-connectomics/connectomes/CC200/ABIDE2/sub-29379_ses-1_task-rest_acq-rc8chan_run-1_atlas-CC200_fd-0.2_connectome.npz
ABIDE2	sub-29380_ses-1_task-rest_acq-rc8chan_run-1	sub-29380	ABIDEII-KKI_1	ok	0.2	/work/ioannou_lab/elizabeth.szentmiklo/abide-sex-age-connectomics/connectomes/CC200/ABIDE2/sub-29380_ses-1_task-rest_acq-rc8chan_run-1_atlas-CC200_fd-0.2_connectome.npz
ABIDE2	sub-29381_ses-1_task-rest_acq-rc8chan_run-1	sub-29381	ABIDEII-KKI_1	ok	0.2	/work/ioannou_lab/elizabeth.szentmiklo/abide-sex-age-connectomics/connectomes/CC200/ABIDE2/sub-29381_ses-1_task-rest_acq-rc8chan_run-1_atlas-CC200_fd-0.2_connectome.npz
ABIDE2	sub-29383_ses-1_task-rest_acq-rc8chan_run-1	sub-29383	ABIDEII-KKI_1	ok	0.2	/work/ioannou_lab/elizabeth.szentmiklo/abide-sex-age-connectomics/connectomes/CC200/ABIDE2/sub-29383_ses-1_task-rest_acq-rc8chan_run-1_atlas-CC200_fd-0.2_connectome.npz
ABIDE2	sub-29385_ses-1_task-rest_acq-rc8chan_run-1	sub-29385	ABIDEII-KKI_1	ok	0.2	/work/ioannou_lab/elizabeth.szentmiklo/abide-sex-age-connectomics/connectomes/CC200/ABIDE2/sub-29385_ses-1_task-rest_acq-rc8chan_run-1_atlas-CC200_fd-0.2_connectome.npz
ABIDE2	sub-29386_ses-1_task-rest_acq-rc8chan_run-1	sub-29386	ABIDEII-KKI_1	ok	0.2	/work/ioannou_lab/elizabeth.szentmiklo/abide-sex-age-connectomics/connectomes/CC200/ABIDE2/sub-29386_ses-1_task-rest_acq-rc8chan_run-1_atlas-CC200_fd-0.2_connectome.npz
ABIDE2	sub-29389_ses-1_task-rest_acq-rc8chan_run-1	sub-29389	ABIDEII-KKI_1	ok	0.2	/work/ioannou_lab/elizabeth.szentmiklo/abide-sex-age-connectomics/connectomes/CC200/ABIDE2/sub-29389_ses-1_task-rest_acq-rc8chan_run-1_atlas-CC200_fd-0.2_connectome.npz
ABIDE2	sub-29392_ses-1_task-rest_acq-rc8chan_run-1	sub-29392	ABIDEII-KKI_1	ok	0.2	/work/ioannou_lab/elizabeth.szentmiklo/abide-sex-age-connectomics/connectomes/CC200/ABIDE2/sub-29392_ses-1_task-rest_acq-rc8chan_run-1_atlas-CC200_fd-0.2_connectome.npz
ABIDE2	sub-29393_ses-1_task-rest_acq-rc8chan_run-1	sub-29393	ABIDEII-KKI_1	ok	0.2	/work/ioannou_lab/elizabeth.szentmiklo/abide-sex-age-connectomics/connectomes/CC200/ABIDE2/sub-29393_ses-1_task-rest_acq-rc8chan_run-1_atlas-CC200_fd-0.2_connectome.npz
ABIDE2	sub-29396_ses-1_task-rest_acq-rc8chan_run-1	sub-29396	ABIDEII-KKI_1	ok	0.2	/work/ioannou_lab/elizabeth.szentmiklo/abide-sex-age-connectomics/connectomes/CC200/ABIDE2/sub-29396_ses-1_task-rest_acq-rc8chan_run-1_atlas-CC200_fd-0.2_connectome.npz
ABIDE2	sub-29397_ses-1_task-rest_acq-rc8chan_run-1	sub-29397	ABIDEII-KKI_1	ok	0.2	/work/ioannou_lab/elizabeth.szentmiklo/abide-sex-age-connectomics/connectomes/CC200/ABIDE2/sub-29397_ses-1_task-rest_acq-rc8chan_run-1_atlas-CC200_fd-0.2_connectome.npz
ABIDE2	sub-29399_ses-1_task-rest_acq-rc8chan_run-1	sub-29399	ABIDEII-KKI_1	ok	0.2	/work/ioannou_lab/elizabeth.szentmiklo/abide-sex-age-connectomics/connectomes/CC200/ABIDE2/sub-29399_ses-1_task-rest_acq-rc8chan_run-1_atlas-CC200_fd-0.2_connectome.npz
ABIDE2	sub-29400_ses-1_task-rest_acq-rc8chan_run-1	sub-29400	ABIDEII-KKI_1	ok	0.2	/work/ioannou_lab/elizabeth.szentmiklo/abide-sex-age-connectomics/connectomes/CC200/ABIDE2/sub-29400_ses-1_task-rest_acq-rc8chan_run-1_atlas-CC200_fd-0.2_connectome.npz
ABIDE2	sub-29404_ses-1_task-rest_acq-rc8chan_run-1	sub-29404	ABIDEII-KKI_1	ok	0.2	/work/ioannou_lab/elizabeth.szentmiklo/abide-sex-age-connectomics/connectomes/CC200/ABIDE2/sub-29404_ses-1_task-rest_acq-rc8chan_run-1_atlas-CC200_fd-0.2_connectome.npz
ABIDE2	sub-29405_ses-1_task-rest_acq-rc32chan_run-1	sub-29405	ABIDEII-KKI_1	ok	0.2	/work/ioannou_lab/elizabeth.szentmiklo/abide-sex-age-connectomics/connectomes/CC200/ABIDE2/sub-29405_ses-1_task-rest_acq-rc32chan_run-1_atlas-CC200_fd-0.2_connectome.npz
ABIDE2	sub-29407_ses-1_task-rest_acq-rc32chan_run-1	sub-29407	ABIDEII-KKI_1	ok	0.2	/work/ioannou_lab/elizabeth.szentmiklo/abide-sex-age-connectomics/connectomes/CC200/ABIDE2/sub-29407_ses-1_task-rest_acq-rc32chan_run-1_atlas-CC200_fd-0.2_connectome.npz
ABIDE2	sub-29408_ses-1_task-rest_acq-rc8chan_run-1	sub-29408	ABIDEII-KKI_1	ok	0.2	/work/ioannou_lab/elizabeth.szentmiklo/abide-sex-age-connectomics/connectomes/CC200/ABIDE2/sub-29408_ses-1_task-rest_acq-rc8chan_run-1_atlas-CC200_fd-0.2_connectome.npz
ABIDE2	sub-29415_ses-1_task-rest_acq-rc8chan_run-1	sub-29415	ABIDEII-KKI_1	ok	0.2	/work/ioannou_lab/elizabeth.szentmiklo/abide-sex-age-connectomics/connectomes/CC200/ABIDE2/sub-29415_ses-1_task-rest_acq-rc8chan_run-1_atlas-CC200_fd-0.2_connectome.npz
ABIDE2	sub-29416_ses-1_task-rest_acq-rc32chan_run-1	sub-29416	ABIDEII-KKI_1	ok	0.2	/work/ioannou_lab/elizabeth.szentmiklo/abide-sex-age-connectomics/connectomes/CC200/ABIDE2/sub-29416_ses-1_task-rest_acq-rc32chan_run-1_atlas-CC200_fd-0.2_connectome.npz
ABIDE2	sub-29418_ses-1_task-rest_acq-rc32chan_run-1	sub-29418	ABIDEII-KKI_1	ok	0.2	/work/ioannou_lab/elizabeth.szentmiklo/abide-sex-age-connectomics/connectomes/CC200/ABIDE2/sub-29418_ses-1_task-rest_acq-rc32chan_run-1_atlas-CC200_fd-0.2_connectome.npz
ABIDE2	sub-29419_ses-1_task-rest_acq-rc32chan_run-1	sub-29419	ABIDEII-KKI_1	ok	0.2	/work/ioannou_lab/elizabeth.szentmiklo/abide-sex-age-connectomics/connectomes/CC200/ABIDE2/sub-29419_ses-1_task-rest_acq-rc32chan_run-1_atlas-CC200_fd-0.2_connectome.npz
ABIDE2	sub-29420_ses-1_task-rest_acq-rc8chan_run-1	sub-29420	ABIDEII-KKI_1	ok	0.2	/work/ioannou_lab/elizabeth.szentmiklo/abide-sex-age-connectomics/connectomes/CC200/ABIDE2/sub-29420_ses-1_task-rest_acq-rc8chan_run-1_atlas-CC200_fd-0.2_connectome.npz
ABIDE2	sub-29421_ses-1_task-rest_acq-rc32chan_run-1	sub-29421	ABIDEII-KKI_1	ok	0.2	/work/ioannou_lab/elizabeth.szentmiklo/abide-sex-age-connectomics/connectomes/CC200/ABIDE2/sub-29421_ses-1_task-rest_acq-rc32chan_run-1_atlas-CC200_fd-0.2_connectome.npz
ABIDE2	sub-29422_ses-1_task-rest_acq-rc8chan_run-1	sub-29422	ABIDEII-KKI_1	ok	0.2	/work/ioannou_lab/elizabeth.szentmiklo/abide-sex-age-connectomics/connectomes/CC200/ABIDE2/sub-29422_ses-1_task-rest_acq-rc8chan_run-1_atlas-CC200_fd-0.2_connectome.npz
ABIDE2	sub-29423_ses-1_task-rest_acq-rc32chan_run-1	sub-29423	ABIDEII-KKI_1	ok	0.2	/work/ioannou_lab/elizabeth.szentmiklo/abide-sex-age-connectomics/connectomes/CC200/ABIDE2/sub-29423_ses-1_task-rest_acq-rc32chan_run-1_atlas-CC200_fd-0.2_connectome.npz
ABIDE2	sub-29424_ses-1_task-rest_acq-rc8chan_run-1	sub-29424	ABIDEII-KKI_1	ok	0.2	/work/ioannou_lab/elizabeth.szentmiklo/abide-sex-age-connectomics/connectomes/CC200/ABIDE2/sub-29424_ses-1_task-rest_acq-rc8chan_run-1_atlas-CC200_fd-0.2_connectome.npz
ABIDE2	sub-29427_ses-1_task-rest_acq-rc32chan_run-1	sub-29427	ABIDEII-KKI_1	ok	0.2	/work/ioannou_lab/elizabeth.szentmiklo/abide-sex-age-connectomics/connectomes/CC200/ABIDE2/sub-29427_ses-1_task-rest_acq-rc32chan_run-1_atlas-CC200_fd-0.2_connectome.npz
ABIDE2	sub-29429_ses-1_task-rest_acq-rc32chan_run-1	sub-29429	ABIDEII-KKI_1	ok	0.2	/work/ioannou_lab/elizabeth.szentmiklo/abide-sex-age-connectomics/connectomes/CC200/ABIDE2/sub-29429_ses-1_task-rest_acq-rc32chan_run-1_atlas-CC200_fd-0.2_connectome.npz
ABIDE2	sub-29430_ses-1_task-rest_acq-rc32chan_run-1	sub-29430	ABIDEII-KKI_1	ok	0.2	/work/ioannou_lab/elizabeth.szentmiklo/abide-sex-age-connectomics/connectomes/CC200/ABIDE2/sub-29430_ses-1_task-rest_acq-rc32chan_run-1_atlas-CC200_fd-0.2_connectome.npz
ABIDE2	sub-29431_ses-1_task-rest_acq-rc32chan_run-1	sub-29431	ABIDEII-KKI_1	ok	0.2	/work/ioannou_lab/elizabeth.szentmiklo/abide-sex-age-connectomics/connectomes/CC200/ABIDE2/sub-29431_ses-1_task-rest_acq-rc32chan_run-1_atlas-CC200_fd-0.2_connectome.npz
ABIDE2	sub-29432_ses-1_task-rest_acq-rc8chan_run-1	sub-29432	ABIDEII-KKI_1	ok	0.2	/work/ioannou_lab/elizabeth.szentmiklo/abide-sex-age-connectomics/connectomes/CC200/ABIDE2/sub-29432_ses-1_task-rest_acq-rc8chan_run-1_atlas-CC200_fd-0.2_connectome.npz
ABIDE2	sub-29435_ses-1_task-rest_acq-rc32chan_run-1	sub-29435	ABIDEII-KKI_1	ok	0.2	/work/ioannou_lab/elizabeth.szentmiklo/abide-sex-age-connectomics/connectomes/CC200/ABIDE2/sub-29435_ses-1_task-rest_acq-rc32chan_run-1_atlas-CC200_fd-0.2_connectome.npz
ABIDE2	sub-29436_ses-1_task-rest_acq-rc8chan_run-1	sub-29436	ABIDEII-KKI_1	ok	0.2	/work/ioannou_lab/elizabeth.szentmiklo/abide-sex-age-connectomics/connectomes/CC200/ABIDE2/sub-29436_ses-1_task-rest_acq-rc8chan_run-1_atlas-CC200_fd-0.2_connectome.npz
ABIDE2	sub-29437_ses-1_task-rest_acq-rc8chan_run-1	sub-29437	ABIDEII-KKI_1	ok	0.2	/work/ioannou_lab/elizabeth.szentmiklo/abide-sex-age-connectomics/connectomes/CC200/ABIDE2/sub-29437_ses-1_task-rest_acq-rc8chan_run-1_atlas-CC200_fd-0.2_connectome.npz
ABIDE2	sub-29441_ses-1_task-rest_acq-rc8chan_run-1	sub-29441	ABIDEII-KKI_1	ok	0.2	/work/ioannou_lab/elizabeth.szentmiklo/abide-sex-age-connectomics/connectomes/CC200/ABIDE2/sub-29441_ses-1_task-rest_acq-rc8chan_run-1_atlas-CC200_fd-0.2_connectome.npz
ABIDE2	sub-29442_ses-1_task-rest_acq-rc8chan_run-1	sub-29442	ABIDEII-KKI_1	ok	0.2	/work/ioannou_lab/elizabeth.szentmiklo/abide-sex-age-connectomics/connectomes/CC200/ABIDE2/sub-29442_ses-1_task-rest_acq-rc8chan_run-1_atlas-CC200_fd-0.2_connectome.npz
ABIDE2	sub-29443_ses-1_task-rest_acq-rc32chan_run-1	sub-29443	ABIDEII-KKI_1	ok	0.2	/work/ioannou_lab/elizabeth.szentmiklo/abide-sex-age-connectomics/connectomes/CC200/ABIDE2/sub-29443_ses-1_task-rest_acq-rc32chan_run-1_atlas-CC200_fd-0.2_connectome.npz
ABIDE2	sub-29445_ses-1_task-rest_acq-rc8chan_run-1	sub-29445	ABIDEII-KKI_1	ok	0.2	/work/ioannou_lab/elizabeth.szentmiklo/abide-sex-age-connectomics/connectomes/CC200/ABIDE2/sub-29445_ses-1_task-rest_acq-rc8chan_run-1_atlas-CC200_fd-0.2_connectome.npz
ABIDE2	sub-29446_ses-1_task-rest_acq-rc8chan_run-1	sub-29446	ABIDEII-KKI_1	ok	0.2	/work/ioannou_lab/elizabeth.szentmiklo/abide-sex-age-connectomics/connectomes/CC200/ABIDE2/sub-29446_ses-1_task-rest_acq-rc8chan_run-1_atlas-CC200_fd-0.2_connectome.npz
ABIDE2	sub-29447_ses-1_task-rest_acq-rc32chan_run-1	sub-29447	ABIDEII-KKI_1	ok	0.2	/work/ioannou_lab/elizabeth.szentmiklo/abide-sex-age-connectomics/connectomes/CC200/ABIDE2/sub-29447_ses-1_task-rest_acq-rc32chan_run-1_atlas-CC200_fd-0.2_connectome.npz
ABIDE2	sub-29449_ses-1_task-rest_acq-rc32chan_run-1	sub-29449	ABIDEII-KKI_1	ok	0.2	/work/ioannou_lab/elizabeth.szentmiklo/abide-sex-age-connectomics/connectomes/CC200/ABIDE2/sub-29449_ses-1_task-rest_acq-rc32chan_run-1_atlas-CC200_fd-0.2_connectome.npz
ABIDE2	sub-29450_ses-1_task-rest_acq-rc8chan_run-1	sub-29450	ABIDEII-KKI_1	ok	0.2	/work/ioannou_lab/elizabeth.szentmiklo/abide-sex-age-connectomics/connectomes/CC200/ABIDE2/sub-29450_ses-1_task-rest_acq-rc8chan_run-1_atlas-CC200_fd-0.2_connectome.npz
ABIDE2	sub-29451_ses-1_task-rest_acq-rc32chan_run-1	sub-29451	ABIDEII-KKI_1	ok	0.2	/work/ioannou_lab/elizabeth.szentmiklo/abide-sex-age-connectomics/connectomes/CC200/ABIDE2/sub-29451_ses-1_task-rest_acq-rc32chan_run-1_atlas-CC200_fd-0.2_connectome.npz
ABIDE2	sub-29453_ses-1_task-rest_acq-rc32chan_run-1	sub-29453	ABIDEII-KKI_1	ok	0.2	/work/ioannou_lab/elizabeth.szentmiklo/abide-sex-age-connectomics/connectomes/CC200/ABIDE2/sub-29453_ses-1_task-rest_acq-rc32chan_run-1_atlas-CC200_fd-0.2_connectome.npz
ABIDE2	sub-29454_ses-1_task-rest_acq-rc32chan_run-1	sub-29454	ABIDEII-KKI_1	ok	0.2	/work/ioannou_lab/elizabeth.szentmiklo/abide-sex-age-connectomics/connectomes/CC200/ABIDE2/sub-29454_ses-1_task-rest_acq-rc32chan_run-1_atlas-CC200_fd-0.2_connectome.npz
ABIDE2	sub-29455_ses-1_task-rest_acq-rc32chan_run-1	sub-29455	ABIDEII-KKI_1	ok	0.2	/work/ioannou_lab/elizabeth.szentmiklo/abide-sex-age-connectomics/connectomes/CC200/ABIDE2/sub-29455_ses-1_task-rest_acq-rc32chan_run-1_atlas-CC200_fd-0.2_connectome.npz
ABIDE2	sub-29456_ses-1_task-rest_acq-rc32chan_run-1	sub-29456	ABIDEII-KKI_1	ok	0.2	/work/ioannou_lab/elizabeth.szentmiklo/abide-sex-age-connectomics/connectomes/CC200/ABIDE2/sub-29456_ses-1_task-rest_acq-rc32chan_run-1_atlas-CC200_fd-0.2_connectome.npz
ABIDE2	sub-29459_ses-1_task-rest_acq-rc32chan_run-1	sub-29459	ABIDEII-KKI_1	ok	0.2	/work/ioannou_lab/elizabeth.szentmiklo/abide-sex-age-connectomics/connectomes/CC200/ABIDE2/sub-29459_ses-1_task-rest_acq-rc32chan_run-1_atlas-CC200_fd-0.2_connectome.npz
ABIDE2	sub-29460_ses-1_task-rest_acq-rc32chan_run-1	sub-29460	ABIDEII-KKI_1	ok	0.2	/work/ioannou_lab/elizabeth.szentmiklo/abide-sex-age-connectomics/connectomes/CC200/ABIDE2/sub-29460_ses-1_task-rest_acq-rc32chan_run-1_atlas-CC200_fd-0.2_connectome.npz
ABIDE2	sub-29463_ses-1_task-rest_acq-rc32chan_run-1	sub-29463	ABIDEII-KKI_1	ok	0.2	/work/ioannou_lab/elizabeth.szentmiklo/abide-sex-age-connectomics/connectomes/CC200/ABIDE2/sub-29463_ses-1_task-rest_acq-rc32chan_run-1_atlas-CC200_fd-0.2_connectome.npz
ABIDE2	sub-29465_ses-1_task-rest_acq-rc32chan_run-1	sub-29465	ABIDEII-KKI_1	ok	0.2	/work/ioannou_lab/elizabeth.szentmiklo/abide-sex-age-connectomics/connectomes/CC200/ABIDE2/sub-29465_ses-1_task-rest_acq-rc32chan_run-1_atlas-CC200_fd-0.2_connectome.npz
ABIDE2	sub-29466_ses-1_task-rest_acq-rc32chan_run-1	sub-29466	ABIDEII-KKI_1	ok	0.2	/work/ioannou_lab/elizabeth.szentmiklo/abide-sex-age-connectomics/connectomes/CC200/ABIDE2/sub-29466_ses-1_task-rest_acq-rc32chan_run-1_atlas-CC200_fd-0.2_connectome.npz
ABIDE2	sub-29467_ses-1_task-rest_acq-rc32chan_run-1	sub-29467	ABIDEII-KKI_1	ok	0.2	/work/ioannou_lab/elizabeth.szentmiklo/abide-sex-age-connectomics/connectomes/CC200/ABIDE2/sub-29467_ses-1_task-rest_acq-rc32chan_run-1_atlas-CC200_fd-0.2_connectome.npz
ABIDE2	sub-29468_ses-1_task-rest_acq-rc8chan_run-1	sub-29468	ABIDEII-KKI_1	ok	0.2	/work/ioannou_lab/elizabeth.szentmiklo/abide-sex-age-connectomics/connectomes/CC200/ABIDE2/sub-29468_ses-1_task-rest_acq-rc8chan_run-1_atlas-CC200_fd-0.2_connectome.npz
ABIDE2	sub-29469_ses-1_task-rest_acq-rc32chan_run-1	sub-29469	ABIDEII-KKI_1	ok	0.2	/work/ioannou_lab/elizabeth.szentmiklo/abide-sex-age-connectomics/connectomes/CC200/ABIDE2/sub-29469_ses-1_task-rest_acq-rc32chan_run-1_atlas-CC200_fd-0.2_connectome.npz
ABIDE2	sub-29470_ses-1_task-rest_acq-rc32chan_run-1	sub-29470	ABIDEII-KKI_1	ok	0.2	/work/ioannou_lab/elizabeth.szentmiklo/abide-sex-age-connectomics/connectomes/CC200/ABIDE2/sub-29470_ses-1_task-rest_acq-rc32chan_run-1_atlas-CC200_fd-0.2_connectome.npz
ABIDE2	sub-29471_ses-1_task-rest_acq-rc32chan_run-1	sub-29471	ABIDEII-KKI_1	ok	0.2	/work/ioannou_lab/elizabeth.szentmiklo/abide-sex-age-connectomics/connectomes/CC200/ABIDE2/sub-29471_ses-1_task-rest_acq-rc32chan_run-1_atlas-CC200_fd-0.2_connectome.npz
ABIDE2	sub-29472_ses-1_task-rest_acq-rc8chan_run-1	sub-29472	ABIDEII-KKI_1	ok	0.2	/work/ioannou_lab/elizabeth.szentmiklo/abide-sex-age-connectomics/connectomes/CC200/ABIDE2/sub-29472_ses-1_task-rest_acq-rc8chan_run-1_atlas-CC200_fd-0.2_connectome.npz
ABIDE2	sub-29473_ses-1_task-rest_acq-rc32chan_run-1	sub-29473	ABIDEII-KKI_1	ok	0.2	/work/ioannou_lab/elizabeth.szentmiklo/abide-sex-age-connectomics/connectomes/CC200/ABIDE2/sub-29473_ses-1_task-rest_acq-rc32chan_run-1_atlas-CC200_fd-0.2_connectome.npz
ABIDE2	sub-29474_ses-1_task-rest_acq-rc32chan_run-1	sub-29474	ABIDEII-KKI_1	ok	0.2	/work/ioannou_lab/elizabeth.szentmiklo/abide-sex-age-connectomics/connectomes/CC200/ABIDE2/sub-29474_ses-1_task-rest_acq-rc32chan_run-1_atlas-CC200_fd-0.2_connectome.npz
ABIDE2	sub-29475_ses-1_task-rest_acq-rc32chan_run-1	sub-29475	ABIDEII-KKI_1	ok	0.2	/work/ioannou_lab/elizabeth.szentmiklo/abide-sex-age-connectomics/connectomes/CC200/ABIDE2/sub-29475_ses-1_task-rest_acq-rc32chan_run-1_atlas-CC200_fd-0.2_connectome.npz
ABIDE2	sub-29476_ses-1_task-rest_acq-rc32chan_run-1	sub-29476	ABIDEII-KKI_1	ok	0.2	/work/ioannou_lab/elizabeth.szentmiklo/abide-sex-age-connectomics/connectomes/CC200/ABIDE2/sub-29476_ses-1_task-rest_acq-rc32chan_run-1_atlas-CC200_fd-0.2_connectome.npz
ABIDE2	sub-29477_ses-1_task-rest_acq-rc32chan_run-1	sub-29477	ABIDEII-KKI_1	ok	0.2	/work/ioannou_lab/elizabeth.szentmiklo/abide-sex-age-connectomics/connectomes/CC200/ABIDE2/sub-29477_ses-1_task-rest_acq-rc32chan_run-1_atlas-CC200_fd-0.2_connectome.npz
ABIDE2	sub-29478_ses-1_task-rest_acq-rc32chan_run-1	sub-29478	ABIDEII-KKI_1	ok	0.2	/work/ioannou_lab/elizabeth.szentmiklo/abide-sex-age-connectomics/connectomes/CC200/ABIDE2/sub-29478_ses-1_task-rest_acq-rc32chan_run-1_atlas-CC200_fd-0.2_connectome.npz
ABIDE2	sub-29479_ses-1_task-rest_acq-rc32chan_run-1	sub-29479	ABIDEII-KKI_1	ok	0.2	/work/ioannou_lab/elizabeth.szentmiklo/abide-sex-age-connectomics/connectomes/CC200/ABIDE2/sub-29479_ses-1_task-rest_acq-rc32chan_run-1_atlas-CC200_fd-0.2_connectome.npz
ABIDE2	sub-29481_ses-1_task-rest_acq-rc32chan_run-1	sub-29481	ABIDEII-KKI_1	ok	0.2	/work/ioannou_lab/elizabeth.szentmiklo/abide-sex-age-connectomics/connectomes/CC200/ABIDE2/sub-29481_ses-1_task-rest_acq-rc32chan_run-1_atlas-CC200_fd-0.2_connectome.npz
ABIDE2	sub-29483_ses-1_task-rest_acq-rc32chan_run-1	sub-29483	ABIDEII-KKI_1	ok	0.2	/work/ioannou_lab/elizabeth.szentmiklo/abide-sex-age-connectomics/connectomes/CC200/ABIDE2/sub-29483_ses-1_task-rest_acq-rc32chan_run-1_atlas-CC200_fd-0.2_connectome.npz
ABIDE2	sub-29485_ses-1_task-rest_acq-rc32chan_run-1	sub-29485	ABIDEII-KKI_1	ok	0.2	/work/ioannou_lab/elizabeth.szentmiklo/abide-sex-age-connectomics/connectomes/CC200/ABIDE2/sub-29485_ses-1_task-rest_acq-rc32chan_run-1_atlas-CC200_fd-0.2_connectome.npz
ABIDE2	sub-29504_ses-1_task-rest_run-1	sub-29504	ABIDEII-USM_1	ok	0.2	/work/ioannou_lab/elizabeth.szentmiklo/abide-sex-age-connectomics/connectomes/CC200/ABIDE2/sub-29504_ses-1_task-rest_run-1_atlas-CC200_fd-0.2_connectome.npz
ABIDE2	sub-29580_ses-1_task-rest_run-1	sub-29580	ABIDEII-IP_1	ok	0.2	/work/ioannou_lab/elizabeth.szentmiklo/abide-sex-age-connectomics/connectomes/CC200/ABIDE2/sub-29580_ses-1_task-rest_run-1_atlas-CC200_fd-0.2_connectome.npz
ABIDE2	sub-29580_ses-1_task-rest_run-2	sub-29580	ABIDEII-IP_1	ok	0.2	/work/ioannou_lab/elizabeth.szentmiklo/abide-sex-age-connectomics/connectomes/CC200/ABIDE2/sub-29580_ses-1_task-rest_run-2_atlas-CC200_fd-0.2_connectome.npz
ABIDE2	sub-29580_ses-1_task-rest_run-3	sub-29580	ABIDEII-IP_1	ok	0.2	/work/ioannou_lab/elizabeth.szentmiklo/abide-sex-age-connectomics/connectomes/CC200/ABIDE2/sub-29580_ses-1_task-rest_run-3_atlas-CC200_fd-0.2_connectome.npz
ABIDE2	sub-29581_ses-1_task-rest_run-1	sub-29581	ABIDEII-IP_1	ok	0.2	/work/ioannou_lab/elizabeth.szentmiklo/abide-sex-age-connectomics/connectomes/CC200/ABIDE2/sub-29581_ses-1_task-rest_run-1_atlas-CC200_fd-0.2_connectome.npz
ABIDE2	sub-29581_ses-1_task-rest_run-2	sub-29581	ABIDEII-IP_1	ok	0.2	/work/ioannou_lab/elizabeth.szentmiklo/abide-sex-age-connectomics/connectomes/CC200/ABIDE2/sub-29581_ses-1_task-rest_run-2_atlas-CC200_fd-0.2_connectome.npz
ABIDE2	sub-29581_ses-1_task-rest_run-3	sub-29581	ABIDEII-IP_1	ok	0.2	/work/ioannou_lab/elizabeth.szentmiklo/abide-sex-age-connectomics/connectomes/CC200/ABIDE2/sub-29581_ses-1_task-rest_run-3_atlas-CC200_fd-0.2_connectome.npz
ABIDE2	sub-29582_ses-1_task-rest_run-1	sub-29582	ABIDEII-IP_1	ok	0.2	/work/ioannou_lab/elizabeth.szentmiklo/abide-sex-age-connectomics/connectomes/CC200/ABIDE2/sub-29582_ses-1_task-rest_run-1_atlas-CC200_fd-0.2_connectome.npz
ABIDE2	sub-29582_ses-1_task-rest_run-2	sub-29582	ABIDEII-IP_1	ok	0.2	/work/ioannou_lab/elizabeth.szentmiklo/abide-sex-age-connectomics/connectomes/CC200/ABIDE2/sub-29582_ses-1_task-rest_run-2_atlas-CC200_fd-0.2_connectome.npz
ABIDE2	sub-29583_ses-1_task-rest_run-1	sub-29583	ABIDEII-IP_1	ok	0.2	/work/ioannou_lab/elizabeth.szentmiklo/abide-sex-age-connectomics/connectomes/CC200/ABIDE2/sub-29583_ses-1_task-rest_run-1_atlas-CC200_fd-0.2_connectome.npz
ABIDE2	sub-29583_ses-1_task-rest_run-2	sub-29583	ABIDEII-IP_1	ok	0.2	/work/ioannou_lab/elizabeth.szentmiklo/abide-sex-age-connectomics/connectomes/CC200/ABIDE2/sub-29583_ses-1_task-rest_run-2_atlas-CC200_fd-0.2_connectome.npz
ABIDE2	sub-29583_ses-1_task-rest_run-3	sub-29583	ABIDEII-IP_1	ok	0.2	/work/ioannou_lab/elizabeth.szentmiklo/abide-sex-age-connectomics/connectomes/CC200/ABIDE2/sub-29583_ses-1_task-rest_run-3_atlas-CC200_fd-0.2_connectome.npz
ABIDE2	sub-29584_ses-1_task-rest_run-2	sub-29584	ABIDEII-IP_1	ok	0.2	/work/ioannou_lab/elizabeth.szentmiklo/abide-sex-age-connectomics/connectomes/CC200/ABIDE2/sub-29584_ses-1_task-rest_run-2_atlas-CC200_fd-0.2_connectome.npz
ABIDE2	sub-29585_ses-1_task-rest_run-1	sub-29585	ABIDEII-IP_1	ok	0.2	/work/ioannou_lab/elizabeth.szentmiklo/abide-sex-age-connectomics/connectomes/CC200/ABIDE2/sub-29585_ses-1_task-rest_run-1_atlas-CC200_fd-0.2_connectome.npz
ABIDE2	sub-29585_ses-1_task-rest_run-2	sub-29585	ABIDEII-IP_1	ok	0.2	/work/ioannou_lab/elizabeth.szentmiklo/abide-sex-age-connectomics/connectomes/CC200/ABIDE2/sub-29585_ses-1_task-rest_run-2_atlas-CC200_fd-0.2_connectome.npz
ABIDE2	sub-29585_ses-1_task-rest_run-3	sub-29585	ABIDEII-IP_1	ok	0.2	/work/ioannou_lab/elizabeth.szentmiklo/abide-sex-age-connectomics/connectomes/CC200/ABIDE2/sub-29585_ses-1_task-rest_run-3_atlas-CC200_fd-0.2_connectome.npz
ABIDE2	sub-29588_ses-1_task-rest_run-3	sub-29588	ABIDEII-IP_1	ok	0.2	/work/ioannou_lab/elizabeth.szentmiklo/abide-sex-age-connectomics/connectomes/CC200/ABIDE2/sub-29588_ses-1_task-rest_run-3_atlas-CC200_fd-0.2_connectome.npz
ABIDE2	sub-29589_ses-1_task-rest_run-1	sub-29589	ABIDEII-IP_1	ok	0.2	/work/ioannou_lab/elizabeth.szentmiklo/abide-sex-age-connectomics/connectomes/CC200/ABIDE2/sub-29589_ses-1_task-rest_run-1_atlas-CC200_fd-0.2_connectome.npz
ABIDE2	sub-29589_ses-1_task-rest_run-3	sub-29589	ABIDEII-IP_1	ok	0.2	/work/ioannou_lab/elizabeth.szentmiklo/abide-sex-age-connectomics/connectomes/CC200/ABIDE2/sub-29589_ses-1_task-rest_run-3_atlas-CC200_fd-0.2_connectome.npz
ABIDE2	sub-29590_ses-1_task-rest_run-1	sub-29590	ABIDEII-IP_1	ok	0.2	/work/ioannou_lab/elizabeth.szentmiklo/abide-sex-age-connectomics/connectomes/CC200/ABIDE2/sub-29590_ses-1_task-rest_run-1_atlas-CC200_fd-0.2_connectome.npz
ABIDE2	sub-29590_ses-1_task-rest_run-2	sub-29590	ABIDEII-IP_1	ok	0.2	/work/ioannou_lab/elizabeth.szentmiklo/abide-sex-age-connectomics/connectomes/CC200/ABIDE2/sub-29590_ses-1_task-rest_run-2_atlas-CC200_fd-0.2_connectome.npz
ABIDE2	sub-29590_ses-1_task-rest_run-3	sub-29590	ABIDEII-IP_1	ok	0.2	/work/ioannou_lab/elizabeth.szentmiklo/abide-sex-age-connectomics/connectomes/CC200/ABIDE2/sub-29590_ses-1_task-rest_run-3_atlas-CC200_fd-0.2_connectome.npz
ABIDE2	sub-29593_ses-1_task-rest_run-1	sub-29593	ABIDEII-IP_1	ok	0.2	/work/ioannou_lab/elizabeth.szentmiklo/abide-sex-age-connectomics/connectomes/CC200/ABIDE2/sub-29593_ses-1_task-rest_run-1_atlas-CC200_fd-0.2_connectome.npz
ABIDE2	sub-29593_ses-1_task-rest_run-2	sub-29593	ABIDEII-IP_1	ok	0.2	/work/ioannou_lab/elizabeth.szentmiklo/abide-sex-age-connectomics/connectomes/CC200/ABIDE2/sub-29593_ses-1_task-rest_run-2_atlas-CC200_fd-0.2_connectome.npz
ABIDE2	sub-29593_ses-1_task-rest_run-3	sub-29593	ABIDEII-IP_1	ok	0.2	/work/ioannou_lab/elizabeth.szentmiklo/abide-sex-age-connectomics/connectomes/CC200/ABIDE2/sub-29593_ses-1_task-rest_run-3_atlas-CC200_fd-0.2_connectome.npz
ABIDE2	sub-29594_ses-1_task-rest_run-1	sub-29594	ABIDEII-IP_1	ok	0.2	/work/ioannou_lab/elizabeth.szentmiklo/abide-sex-age-connectomics/connectomes/CC200/ABIDE2/sub-29594_ses-1_task-rest_run-1_atlas-CC200_fd-0.2_connectome.npz
ABIDE2	sub-29594_ses-1_task-rest_run-2	sub-29594	ABIDEII-IP_1	ok	0.2	/work/ioannou_lab/elizabeth.szentmiklo/abide-sex-age-connectomics/connectomes/CC200/ABIDE2/sub-29594_ses-1_task-rest_run-2_atlas-CC200_fd-0.2_connectome.npz
ABIDE2	sub-29594_ses-1_task-rest_run-3	sub-29594	ABIDEII-IP_1	ok	0.2	/work/ioannou_lab/elizabeth.szentmiklo/abide-sex-age-connectomics/connectomes/CC200/ABIDE2/sub-29594_ses-1_task-rest_run-3_atlas-CC200_fd-0.2_connectome.npz
ABIDE2	sub-29595_ses-1_task-rest_run-2	sub-29595	ABIDEII-IP_1	ok	0.2	/work/ioannou_lab/elizabeth.szentmiklo/abide-sex-age-connectomics/connectomes/CC200/ABIDE2/sub-29595_ses-1_task-rest_run-2_atlas-CC200_fd-0.2_connectome.npz
ABIDE2	sub-29595_ses-1_task-rest_run-3	sub-29595	ABIDEII-IP_1	ok	0.2	/work/ioannou_lab/elizabeth.szentmiklo/abide-sex-age-connectomics/connectomes/CC200/ABIDE2/sub-29595_ses-1_task-rest_run-3_atlas-CC200_fd-0.2_connectome.npz
ABIDE2	sub-29596_ses-1_task-rest_run-1	sub-29596	ABIDEII-IP_1	ok	0.2	/work/ioannou_lab/elizabeth.szentmiklo/abide-sex-age-connectomics/connectomes/CC200/ABIDE2/sub-29596_ses-1_task-rest_run-1_atlas-CC200_fd-0.2_connectome.npz
ABIDE2	sub-29596_ses-1_task-rest_run-2	sub-29596	ABIDEII-IP_1	ok	0.2	/work/ioannou_lab/elizabeth.szentmiklo/abide-sex-age-connectomics/connectomes/CC200/ABIDE2/sub-29596_ses-1_task-rest_run-2_atlas-CC200_fd-0.2_connectome.npz
ABIDE2	sub-29596_ses-1_task-rest_run-3	sub-29596	ABIDEII-IP_1	ok	0.2	/work/ioannou_lab/elizabeth.szentmiklo/abide-sex-age-connectomics/connectomes/CC200/ABIDE2/sub-29596_ses-1_task-rest_run-3_atlas-CC200_fd-0.2_connectome.npz
ABIDE2	sub-29596_ses-1_task-rest_run-4	sub-29596	ABIDEII-IP_1	ok	0.2	/work/ioannou_lab/elizabeth.szentmiklo/abide-sex-age-connectomics/connectomes/CC200/ABIDE2/sub-29596_ses-1_task-rest_run-4_atlas-CC200_fd-0.2_connectome.npz
ABIDE2	sub-29597_ses-1_task-rest_run-1	sub-29597	ABIDEII-IP_1	ok	0.2	/work/ioannou_lab/elizabeth.szentmiklo/abide-sex-age-connectomics/connectomes/CC200/ABIDE2/sub-29597_ses-1_task-rest_run-1_atlas-CC200_fd-0.2_connectome.npz
ABIDE2	sub-29597_ses-1_task-rest_run-2	sub-29597	ABIDEII-IP_1	ok	0.2	/work/ioannou_lab/elizabeth.szentmiklo/abide-sex-age-connectomics/connectomes/CC200/ABIDE2/sub-29597_ses-1_task-rest_run-2_atlas-CC200_fd-0.2_connectome.npz
ABIDE2	sub-29597_ses-1_task-rest_run-3	sub-29597	ABIDEII-IP_1	ok	0.2	/work/ioannou_lab/elizabeth.szentmiklo/abide-sex-age-connectomics/connectomes/CC200/ABIDE2/sub-29597_ses-1_task-rest_run-3_atlas-CC200_fd-0.2_connectome.npz
ABIDE2	sub-29598_ses-1_task-rest_run-1	sub-29598	ABIDEII-IP_1	ok	0.2	/work/ioannou_lab/elizabeth.szentmiklo/abide-sex-age-connectomics/connectomes/CC200/ABIDE2/sub-29598_ses-1_task-rest_run-1_atlas-CC200_fd-0.2_connectome.npz
ABIDE2	sub-29598_ses-1_task-rest_run-2	sub-29598	ABIDEII-IP_1	ok	0.2	/work/ioannou_lab/elizabeth.szentmiklo/abide-sex-age-connectomics/connectomes/CC200/ABIDE2/sub-29598_ses-1_task-rest_run-2_atlas-CC200_fd-0.2_connectome.npz
ABIDE2	sub-29598_ses-1_task-rest_run-3	sub-29598	ABIDEII-IP_1	ok	0.2	/work/ioannou_lab/elizabeth.szentmiklo/abide-sex-age-connectomics/connectomes/CC200/ABIDE2/sub-29598_ses-1_task-rest_run-3_atlas-CC200_fd-0.2_connectome.npz
ABIDE2	sub-29600_ses-1_task-rest_run-1	sub-29600	ABIDEII-IP_1	ok	0.2	/work/ioannou_lab/elizabeth.szentmiklo/abide-sex-age-connectomics/connectomes/CC200/ABIDE2/sub-29600_ses-1_task-rest_run-1_atlas-CC200_fd-0.2_connectome.npz
ABIDE2	sub-29600_ses-1_task-rest_run-2	sub-29600	ABIDEII-IP_1	ok	0.2	/work/ioannou_lab/elizabeth.szentmiklo/abide-sex-age-connectomics/connectomes/CC200/ABIDE2/sub-29600_ses-1_task-rest_run-2_atlas-CC200_fd-0.2_connectome.npz
ABIDE2	sub-29600_ses-1_task-rest_run-3	sub-29600	ABIDEII-IP_1	ok	0.2	/work/ioannou_lab/elizabeth.szentmiklo/abide-sex-age-connectomics/connectomes/CC200/ABIDE2/sub-29600_ses-1_task-rest_run-3_atlas-CC200_fd-0.2_connectome.npz
ABIDE2	sub-29601_ses-1_task-rest_run-1	sub-29601	ABIDEII-IP_1	ok	0.2	/work/ioannou_lab/elizabeth.szentmiklo/abide-sex-age-connectomics/connectomes/CC200/ABIDE2/sub-29601_ses-1_task-rest_run-1_atlas-CC200_fd-0.2_connectome.npz
ABIDE2	sub-29601_ses-1_task-rest_run-2	sub-29601	ABIDEII-IP_1	ok	0.2	/work/ioannou_lab/elizabeth.szentmiklo/abide-sex-age-connectomics/connectomes/CC200/ABIDE2/sub-29601_ses-1_task-rest_run-2_atlas-CC200_fd-0.2_connectome.npz
ABIDE2	sub-29602_ses-1_task-rest_run-1	sub-29602	ABIDEII-IP_1	ok	0.2	/work/ioannou_lab/elizabeth.szentmiklo/abide-sex-age-connectomics/connectomes/CC200/ABIDE2/sub-29602_ses-1_task-rest_run-1_atlas-CC200_fd-0.2_connectome.npz
ABIDE2	sub-29602_ses-1_task-rest_run-2	sub-29602	ABIDEII-IP_1	ok	0.2	/work/ioannou_lab/elizabeth.szentmiklo/abide-sex-age-connectomics/connectomes/CC200/ABIDE2/sub-29602_ses-1_task-rest_run-2_atlas-CC200_fd-0.2_connectome.npz
ABIDE2	sub-29602_ses-1_task-rest_run-3	sub-29602	ABIDEII-IP_1	ok	0.2	/work/ioannou_lab/elizabeth.szentmiklo/abide-sex-age-connectomics/connectomes/CC200/ABIDE2/sub-29602_ses-1_task-rest_run-3_atlas-CC200_fd-0.2_connectome.npz
ABIDE2	sub-29603_ses-1_task-rest_run-1	sub-29603	ABIDEII-IP_1	ok	0.2	/work/ioannou_lab/elizabeth.szentmiklo/abide-sex-age-connectomics/connectomes/CC200/ABIDE2/sub-29603_ses-1_task-rest_run-1_atlas-CC200_fd-0.2_connectome.npz
ABIDE2	sub-29603_ses-1_task-rest_run-2	sub-29603	ABIDEII-IP_1	ok	0.2	/work/ioannou_lab/elizabeth.szentmiklo/abide-sex-age-connectomics/connectomes/CC200/ABIDE2/sub-29603_ses-1_task-rest_run-2_atlas-CC200_fd-0.2_connectome.npz
ABIDE2	sub-29603_ses-1_task-rest_run-3	sub-29603	ABIDEII-IP_1	ok	0.2	/work/ioannou_lab/elizabeth.szentmiklo/abide-sex-age-connectomics/connectomes/CC200/ABIDE2/sub-29603_ses-1_task-rest_run-3_atlas-CC200_fd-0.2_connectome.npz
ABIDE2	sub-29604_ses-1_task-rest_run-1	sub-29604	ABIDEII-IP_1	ok	0.2	/work/ioannou_lab/elizabeth.szentmiklo/abide-sex-age-connectomics/connectomes/CC200/ABIDE2/sub-29604_ses-1_task-rest_run-1_atlas-CC200_fd-0.2_connectome.npz
ABIDE2	sub-29604_ses-1_task-rest_run-2	sub-29604	ABIDEII-IP_1	ok	0.2	/work/ioannou_lab/elizabeth.szentmiklo/abide-sex-age-connectomics/connectomes/CC200/ABIDE2/sub-29604_ses-1_task-rest_run-2_atlas-CC200_fd-0.2_connectome.npz
ABIDE2	sub-29604_ses-1_task-rest_run-3	sub-29604	ABIDEII-IP_1	ok	0.2	/work/ioannou_lab/elizabeth.szentmiklo/abide-sex-age-connectomics/connectomes/CC200/ABIDE2/sub-29604_ses-1_task-rest_run-3_atlas-CC200_fd-0.2_connectome.npz
ABIDE2	sub-29605_ses-1_task-rest_run-1	sub-29605	ABIDEII-IP_1	ok	0.2	/work/ioannou_lab/elizabeth.szentmiklo/abide-sex-age-connectomics/connectomes/CC200/ABIDE2/sub-29605_ses-1_task-rest_run-1_atlas-CC200_fd-0.2_connectome.npz
ABIDE2	sub-29605_ses-1_task-rest_run-2	sub-29605	ABIDEII-IP_1	ok	0.2	/work/ioannou_lab/elizabeth.szentmiklo/abide-sex-age-connectomics/connectomes/CC200/ABIDE2/sub-29605_ses-1_task-rest_run-2_atlas-CC200_fd-0.2_connectome.npz
ABIDE2	sub-29605_ses-1_task-rest_run-3	sub-29605	ABIDEII-IP_1	ok	0.2	/work/ioannou_lab/elizabeth.szentmiklo/abide-sex-age-connectomics/connectomes/CC200/ABIDE2/sub-29605_ses-1_task-rest_run-3_atlas-CC200_fd-0.2_connectome.npz
ABIDE2	sub-29606_ses-1_task-rest_run-1	sub-29606	ABIDEII-IP_1	ok	0.2	/work/ioannou_lab/elizabeth.szentmiklo/abide-sex-age-connectomics/connectomes/CC200/ABIDE2/sub-29606_ses-1_task-rest_run-1_atlas-CC200_fd-0.2_connectome.npz
ABIDE2	sub-29606_ses-1_task-rest_run-2	sub-29606	ABIDEII-IP_1	ok	0.2	/work/ioannou_lab/elizabeth.szentmiklo/abide-sex-age-connectomics/connectomes/CC200/ABIDE2/sub-29606_ses-1_task-rest_run-2_atlas-CC200_fd-0.2_connectome.npz
ABIDE2	sub-29607_ses-1_task-rest_run-1	sub-29607	ABIDEII-IP_1	ok	0.2	/work/ioannou_lab/elizabeth.szentmiklo/abide-sex-age-connectomics/connectomes/CC200/ABIDE2/sub-29607_ses-1_task-rest_run-1_atlas-CC200_fd-0.2_connectome.npz
ABIDE2	sub-29607_ses-1_task-rest_run-2	sub-29607	ABIDEII-IP_1	ok	0.2	/work/ioannou_lab/elizabeth.szentmiklo/abide-sex-age-connectomics/connectomes/CC200/ABIDE2/sub-29607_ses-1_task-rest_run-2_atlas-CC200_fd-0.2_connectome.npz
ABIDE2	sub-29607_ses-1_task-rest_run-3	sub-29607	ABIDEII-IP_1	ok	0.2	/work/ioannou_lab/elizabeth.szentmiklo/abide-sex-age-connectomics/connectomes/CC200/ABIDE2/sub-29607_ses-1_task-rest_run-3_atlas-CC200_fd-0.2_connectome.npz
ABIDE2	sub-29608_ses-1_task-rest_run-1	sub-29608	ABIDEII-IP_1	ok	0.2	/work/ioannou_lab/elizabeth.szentmiklo/abide-sex-age-connectomics/connectomes/CC200/ABIDE2/sub-29608_ses-1_task-rest_run-1_atlas-CC200_fd-0.2_connectome.npz
ABIDE2	sub-29608_ses-1_task-rest_run-2	sub-29608	ABIDEII-IP_1	ok	0.2	/work/ioannou_lab/elizabeth.szentmiklo/abide-sex-age-connectomics/connectomes/CC200/ABIDE2/sub-29608_ses-1_task-rest_run-2_atlas-CC200_fd-0.2_connectome.npz
ABIDE2	sub-29608_ses-1_task-rest_run-3	sub-29608	ABIDEII-IP_1	ok	0.2	/work/ioannou_lab/elizabeth.szentmiklo/abide-sex-age-connectomics/connectomes/CC200/ABIDE2/sub-29608_ses-1_task-rest_run-3_atlas-CC200_fd-0.2_connectome.npz
ABIDE2	sub-29610_ses-1_task-rest_run-1	sub-29610	ABIDEII-IP_1	ok	0.2	/work/ioannou_lab/elizabeth.szentmiklo/abide-sex-age-connectomics/connectomes/CC200/ABIDE2/sub-29610_ses-1_task-rest_run-1_atlas-CC200_fd-0.2_connectome.npz
ABIDE2	sub-29610_ses-1_task-rest_run-2	sub-29610	ABIDEII-IP_1	ok	0.2	/work/ioannou_lab/elizabeth.szentmiklo/abide-sex-age-connectomics/connectomes/CC200/ABIDE2/sub-29610_ses-1_task-rest_run-2_atlas-CC200_fd-0.2_connectome.npz
ABIDE2	sub-29611_ses-1_task-rest_run-1	sub-29611	ABIDEII-IP_1	ok	0.2	/work/ioannou_lab/elizabeth.szentmiklo/abide-sex-age-connectomics/connectomes/CC200/ABIDE2/sub-29611_ses-1_task-rest_run-1_atlas-CC200_fd-0.2_connectome.npz
ABIDE2	sub-29611_ses-1_task-rest_run-2	sub-29611	ABIDEII-IP_1	ok	0.2	/work/ioannou_lab/elizabeth.szentmiklo/abide-sex-age-connectomics/connectomes/CC200/ABIDE2/sub-29611_ses-1_task-rest_run-2_atlas-CC200_fd-0.2_connectome.npz
ABIDE2	sub-29611_ses-1_task-rest_run-3	sub-29611	ABIDEII-IP_1	ok	0.2	/work/ioannou_lab/elizabeth.szentmiklo/abide-sex-age-connectomics/connectomes/CC200/ABIDE2/sub-29611_ses-1_task-rest_run-3_atlas-CC200_fd-0.2_connectome.npz
ABIDE2	sub-29612_ses-1_task-rest_run-1	sub-29612	ABIDEII-IP_1	ok	0.2	/work/ioannou_lab/elizabeth.szentmiklo/abide-sex-age-connectomics/connectomes/CC200/ABIDE2/sub-29612_ses-1_task-rest_run-1_atlas-CC200_fd-0.2_connectome.npz
ABIDE2	sub-29612_ses-1_task-rest_run-2	sub-29612	ABIDEII-IP_1	ok	0.2	/work/ioannou_lab/elizabeth.szentmiklo/abide-sex-age-connectomics/connectomes/CC200/ABIDE2/sub-29612_ses-1_task-rest_run-2_atlas-CC200_fd-0.2_connectome.npz
ABIDE2	sub-29619_ses-1_task-rest_run-1	sub-29619	ABIDEII-IP_1	ok	0.2	/work/ioannou_lab/elizabeth.szentmiklo/abide-sex-age-connectomics/connectomes/CC200/ABIDE2/sub-29619_ses-1_task-rest_run-1_atlas-CC200_fd-0.2_connectome.npz
ABIDE2	sub-29619_ses-1_task-rest_run-2	sub-29619	ABIDEII-IP_1	ok	0.2	/work/ioannou_lab/elizabeth.szentmiklo/abide-sex-age-connectomics/connectomes/CC200/ABIDE2/sub-29619_ses-1_task-rest_run-2_atlas-CC200_fd-0.2_connectome.npz
ABIDE2	sub-29619_ses-1_task-rest_run-3	sub-29619	ABIDEII-IP_1	ok	0.2	/work/ioannou_lab/elizabeth.szentmiklo/abide-sex-age-connectomics/connectomes/CC200/ABIDE2/sub-29619_ses-1_task-rest_run-3_atlas-CC200_fd-0.2_connectome.npz
ABIDE2	sub-29620_ses-1_task-rest_run-1	sub-29620	ABIDEII-IP_1	ok	0.2	/work/ioannou_lab/elizabeth.szentmiklo/abide-sex-age-connectomics/connectomes/CC200/ABIDE2/sub-29620_ses-1_task-rest_run-1_atlas-CC200_fd-0.2_connectome.npz
ABIDE2	sub-29620_ses-1_task-rest_run-2	sub-29620	ABIDEII-IP_1	ok	0.2	/work/ioannou_lab/elizabeth.szentmiklo/abide-sex-age-connectomics/connectomes/CC200/ABIDE2/sub-29620_ses-1_task-rest_run-2_atlas-CC200_fd-0.2_connectome.npz
ABIDE2	sub-29620_ses-1_task-rest_run-3	sub-29620	ABIDEII-IP_1	ok	0.2	/work/ioannou_lab/elizabeth.szentmiklo/abide-sex-age-connectomics/connectomes/CC200/ABIDE2/sub-29620_ses-1_task-rest_run-3_atlas-CC200_fd-0.2_connectome.npz
ABIDE2	sub-29625_ses-1_task-rest_run-1	sub-29625	ABIDEII-IP_1	ok	0.2	/work/ioannou_lab/elizabeth.szentmiklo/abide-sex-age-connectomics/connectomes/CC200/ABIDE2/sub-29625_ses-1_task-rest_run-1_atlas-CC200_fd-0.2_connectome.npz
ABIDE2	sub-29625_ses-1_task-rest_run-2	sub-29625	ABIDEII-IP_1	ok	0.2	/work/ioannou_lab/elizabeth.szentmiklo/abide-sex-age-connectomics/connectomes/CC200/ABIDE2/sub-29625_ses-1_task-rest_run-2_atlas-CC200_fd-0.2_connectome.npz
ABIDE2	sub-29625_ses-1_task-rest_run-3	sub-29625	ABIDEII-IP_1	ok	0.2	/work/ioannou_lab/elizabeth.szentmiklo/abide-sex-age-connectomics/connectomes/CC200/ABIDE2/sub-29625_ses-1_task-rest_run-3_atlas-CC200_fd-0.2_connectome.npz
ABIDE2	sub-29627_ses-1_task-rest_run-1	sub-29627	ABIDEII-IP_1	ok	0.2	/work/ioannou_lab/elizabeth.szentmiklo/abide-sex-age-connectomics/connectomes/CC200/ABIDE2/sub-29627_ses-1_task-rest_run-1_atlas-CC200_fd-0.2_connectome.npz
ABIDE2	sub-29627_ses-1_task-rest_run-2	sub-29627	ABIDEII-IP_1	ok	0.2	/work/ioannou_lab/elizabeth.szentmiklo/abide-sex-age-connectomics/connectomes/CC200/ABIDE2/sub-29627_ses-1_task-rest_run-2_atlas-CC200_fd-0.2_connectome.npz
ABIDE2	sub-29627_ses-1_task-rest_run-3	sub-29627	ABIDEII-IP_1	ok	0.2	/work/ioannou_lab/elizabeth.szentmiklo/abide-sex-age-connectomics/connectomes/CC200/ABIDE2/sub-29627_ses-1_task-rest_run-3_atlas-CC200_fd-0.2_connectome.npz
ABIDE2	sub-29628_ses-1_task-rest_run-2	sub-29628	ABIDEII-IP_1	ok	0.2	/work/ioannou_lab/elizabeth.szentmiklo/abide-sex-age-connectomics/connectomes/CC200/ABIDE2/sub-29628_ses-1_task-rest_run-2_atlas-CC200_fd-0.2_connectome.npz
ABIDE2	sub-29629_ses-1_task-rest_run-3	sub-29629	ABIDEII-IP_1	ok	0.2	/work/ioannou_lab/elizabeth.szentmiklo/abide-sex-age-connectomics/connectomes/CC200/ABIDE2/sub-29629_ses-1_task-rest_run-3_atlas-CC200_fd-0.2_connectome.npz
ABIDE2	sub-29631_ses-1_task-rest_run-1	sub-29631	ABIDEII-IP_1	ok	0.2	/work/ioannou_lab/elizabeth.szentmiklo/abide-sex-age-connectomics/connectomes/CC200/ABIDE2/sub-29631_ses-1_task-rest_run-1_atlas-CC200_fd-0.2_connectome.npz
ABIDE2	sub-29631_ses-1_task-rest_run-2	sub-29631	ABIDEII-IP_1	ok	0.2	/work/ioannou_lab/elizabeth.szentmiklo/abide-sex-age-connectomics/connectomes/CC200/ABIDE2/sub-29631_ses-1_task-rest_run-2_atlas-CC200_fd-0.2_connectome.npz
ABIDE2	sub-29631_ses-1_task-rest_run-3	sub-29631	ABIDEII-IP_1	ok	0.2	/work/ioannou_lab/elizabeth.szentmiklo/abide-sex-age-connectomics/connectomes/CC200/ABIDE2/sub-29631_ses-1_task-rest_run-3_atlas-CC200_fd-0.2_connectome.npz
ABIDE2	sub-29633_ses-1_task-rest_run-2	sub-29633	ABIDEII-IP_1	ok	0.2	/work/ioannou_lab/elizabeth.szentmiklo/abide-sex-age-connectomics/connectomes/CC200/ABIDE2/sub-29633_ses-1_task-rest_run-2_atlas-CC200_fd-0.2_connectome.npz
ABIDE2	sub-29656_ses-1_task-rest_run-1	sub-29656	ABIDEII-KUL_3	ok	0.2	/work/ioannou_lab/elizabeth.szentmiklo/abide-sex-age-connectomics/connectomes/CC200/ABIDE2/sub-29656_ses-1_task-rest_run-1_atlas-CC200_fd-0.2_connectome.npz
ABIDE2	sub-29657_ses-1_task-rest_run-1	sub-29657	ABIDEII-KUL_3	ok	0.2	/work/ioannou_lab/elizabeth.szentmiklo/abide-sex-age-connectomics/connectomes/CC200/ABIDE2/sub-29657_ses-1_task-rest_run-1_atlas-CC200_fd-0.2_connectome.npz
ABIDE2	sub-29658_ses-1_task-rest_run-1	sub-29658	ABIDEII-KUL_3	ok	0.2	/work/ioannou_lab/elizabeth.szentmiklo/abide-sex-age-connectomics/connectomes/CC200/ABIDE2/sub-29658_ses-1_task-rest_run-1_atlas-CC200_fd-0.2_connectome.npz
ABIDE2	sub-29659_ses-1_task-rest_run-1	sub-29659	ABIDEII-KUL_3	ok	0.2	/work/ioannou_lab/elizabeth.szentmiklo/abide-sex-age-connectomics/connectomes/CC200/ABIDE2/sub-29659_ses-1_task-rest_run-1_atlas-CC200_fd-0.2_connectome.npz
ABIDE2	sub-29660_ses-1_task-rest_run-1	sub-29660	ABIDEII-KUL_3	ok	0.2	/work/ioannou_lab/elizabeth.szentmiklo/abide-sex-age-connectomics/connectomes/CC200/ABIDE2/sub-29660_ses-1_task-rest_run-1_atlas-CC200_fd-0.2_connectome.npz
ABIDE2	sub-29661_ses-1_task-rest_run-1	sub-29661	ABIDEII-KUL_3	ok	0.2	/work/ioannou_lab/elizabeth.szentmiklo/abide-sex-age-connectomics/connectomes/CC200/ABIDE2/sub-29661_ses-1_task-rest_run-1_atlas-CC200_fd-0.2_connectome.npz
ABIDE2	sub-29662_ses-1_task-rest_run-1	sub-29662	ABIDEII-KUL_3	ok	0.2	/work/ioannou_lab/elizabeth.szentmiklo/abide-sex-age-connectomics/connectomes/CC200/ABIDE2/sub-29662_ses-1_task-rest_run-1_atlas-CC200_fd-0.2_connectome.npz
ABIDE2	sub-29664_ses-1_task-rest_run-1	sub-29664	ABIDEII-KUL_3	ok	0.2	/work/ioannou_lab/elizabeth.szentmiklo/abide-sex-age-connectomics/connectomes/CC200/ABIDE2/sub-29664_ses-1_task-rest_run-1_atlas-CC200_fd-0.2_connectome.npz
ABIDE2	sub-29665_ses-1_task-rest_run-1	sub-29665	ABIDEII-KUL_3	ok	0.2	/work/ioannou_lab/elizabeth.szentmiklo/abide-sex-age-connectomics/connectomes/CC200/ABIDE2/sub-29665_ses-1_task-rest_run-1_atlas-CC200_fd-0.2_connectome.npz
ABIDE2	sub-29666_ses-1_task-rest_run-1	sub-29666	ABIDEII-KUL_3	ok	0.2	/work/ioannou_lab/elizabeth.szentmiklo/abide-sex-age-connectomics/connectomes/CC200/ABIDE2/sub-29666_ses-1_task-rest_run-1_atlas-CC200_fd-0.2_connectome.npz
ABIDE2	sub-29667_ses-1_task-rest_run-1	sub-29667	ABIDEII-KUL_3	ok	0.2	/work/ioannou_lab/elizabeth.szentmiklo/abide-sex-age-connectomics/connectomes/CC200/ABIDE2/sub-29667_ses-1_task-rest_run-1_atlas-CC200_fd-0.2_connectome.npz
ABIDE2	sub-29668_ses-1_task-rest_run-1	sub-29668	ABIDEII-KUL_3	ok	0.2	/work/ioannou_lab/elizabeth.szentmiklo/abide-sex-age-connectomics/connectomes/CC200/ABIDE2/sub-29668_ses-1_task-rest_run-1_atlas-CC200_fd-0.2_connectome.npz
ABIDE2	sub-29669_ses-1_task-rest_run-1	sub-29669	ABIDEII-KUL_3	ok	0.2	/work/ioannou_lab/elizabeth.szentmiklo/abide-sex-age-connectomics/connectomes/CC200/ABIDE2/sub-29669_ses-1_task-rest_run-1_atlas-CC200_fd-0.2_connectome.npz
ABIDE2	sub-29670_ses-1_task-rest_run-1	sub-29670	ABIDEII-KUL_3	ok	0.2	/work/ioannou_lab/elizabeth.szentmiklo/abide-sex-age-connectomics/connectomes/CC200/ABIDE2/sub-29670_ses-1_task-rest_run-1_atlas-CC200_fd-0.2_connectome.npz
ABIDE2	sub-29675_ses-1_task-rest_run-1	sub-29675	ABIDEII-KUL_3	ok	0.2	/work/ioannou_lab/elizabeth.szentmiklo/abide-sex-age-connectomics/connectomes/CC200/ABIDE2/sub-29675_ses-1_task-rest_run-1_atlas-CC200_fd-0.2_connectome.npz
ABIDE2	sub-29676_ses-1_task-rest_run-1	sub-29676	ABIDEII-KUL_3	ok	0.2	/work/ioannou_lab/elizabeth.szentmiklo/abide-sex-age-connectomics/connectomes/CC200/ABIDE2/sub-29676_ses-1_task-rest_run-1_atlas-CC200_fd-0.2_connectome.npz
ABIDE2	sub-29677_ses-1_task-rest_run-1	sub-29677	ABIDEII-KUL_3	ok	0.2	/work/ioannou_lab/elizabeth.szentmiklo/abide-sex-age-connectomics/connectomes/CC200/ABIDE2/sub-29677_ses-1_task-rest_run-1_atlas-CC200_fd-0.2_connectome.npz
ABIDE2	sub-29678_ses-1_task-rest_run-1	sub-29678	ABIDEII-KUL_3	ok	0.2	/work/ioannou_lab/elizabeth.szentmiklo/abide-sex-age-connectomics/connectomes/CC200/ABIDE2/sub-29678_ses-1_task-rest_run-1_atlas-CC200_fd-0.2_connectome.npz
ABIDE2	sub-29730_ses-1_task-rest_run-1	sub-29730	ABIDEII-UCLA_1	ok	0.2	/work/ioannou_lab/elizabeth.szentmiklo/abide-sex-age-connectomics/connectomes/CC200/ABIDE2/sub-29730_ses-1_task-rest_run-1_atlas-CC200_fd-0.2_connectome.npz
ABIDE2	sub-29734_ses-1_task-rest_run-1	sub-29734	ABIDEII-UCLA_1	ok	0.2	/work/ioannou_lab/elizabeth.szentmiklo/abide-sex-age-connectomics/connectomes/CC200/ABIDE2/sub-29734_ses-1_task-rest_run-1_atlas-CC200_fd-0.2_connectome.npz
ABIDE2	sub-29737_ses-1_task-rest_run-1	sub-29737	ABIDEII-UCLA_1	ok	0.2	/work/ioannou_lab/elizabeth.szentmiklo/abide-sex-age-connectomics/connectomes/CC200/ABIDE2/sub-29737_ses-1_task-rest_run-1_atlas-CC200_fd-0.2_connectome.npz
ABIDE2	sub-29740_ses-1_task-rest_run-1	sub-29740	ABIDEII-UCLA_1	ok	0.2	/work/ioannou_lab/elizabeth.szentmiklo/abide-sex-age-connectomics/connectomes/CC200/ABIDE2/sub-29740_ses-1_task-rest_run-1_atlas-CC200_fd-0.2_connectome.npz
ABIDE2	sub-29746_ses-1_task-rest_run-1	sub-29746	ABIDEII-UCLA_1	ok	0.2	/work/ioannou_lab/elizabeth.szentmiklo/abide-sex-age-connectomics/connectomes/CC200/ABIDE2/sub-29746_ses-1_task-rest_run-1_atlas-CC200_fd-0.2_connectome.npz
ABIDE2	sub-29750_ses-1_task-rest_run-1	sub-29750	ABIDEII-UCLA_1	ok	0.2	/work/ioannou_lab/elizabeth.szentmiklo/abide-sex-age-connectomics/connectomes/CC200/ABIDE2/sub-29750_ses-1_task-rest_run-1_atlas-CC200_fd-0.2_connectome.npz
ABIDE2	sub-29751_ses-1_task-rest_run-1	sub-29751	ABIDEII-UCLA_1	ok	0.2	/work/ioannou_lab/elizabeth.szentmiklo/abide-sex-age-connectomics/connectomes/CC200/ABIDE2/sub-29751_ses-1_task-rest_run-1_atlas-CC200_fd-0.2_connectome.npz
ABIDE2	sub-29758_ses-1_task-rest_run-1	sub-29758	ABIDEII-UCLA_1	ok	0.2	/work/ioannou_lab/elizabeth.szentmiklo/abide-sex-age-connectomics/connectomes/CC200/ABIDE2/sub-29758_ses-1_task-rest_run-1_atlas-CC200_fd-0.2_connectome.npz
ABIDE2	sub-29794_ses-1_task-rest_run-1	sub-29794	ABIDEII-KUL_3	ok	0.2	/work/ioannou_lab/elizabeth.szentmiklo/abide-sex-age-connectomics/connectomes/CC200/ABIDE2/sub-29794_ses-1_task-rest_run-1_atlas-CC200_fd-0.2_connectome.npz
ABIDE2	sub-29796_ses-1_task-rest_run-1	sub-29796	ABIDEII-KUL_3	ok	0.2	/work/ioannou_lab/elizabeth.szentmiklo/abide-sex-age-connectomics/connectomes/CC200/ABIDE2/sub-29796_ses-1_task-rest_run-1_atlas-CC200_fd-0.2_connectome.npz
ABIDE2	sub-29797_ses-1_task-rest_run-1	sub-29797	ABIDEII-KUL_3	ok	0.2	/work/ioannou_lab/elizabeth.szentmiklo/abide-sex-age-connectomics/connectomes/CC200/ABIDE2/sub-29797_ses-1_task-rest_run-1_atlas-CC200_fd-0.2_connectome.npz
ABIDE2	sub-29798_ses-1_task-rest_run-1	sub-29798	ABIDEII-KUL_3	ok	0.2	/work/ioannou_lab/elizabeth.szentmiklo/abide-sex-age-connectomics/connectomes/CC200/ABIDE2/sub-29798_ses-1_task-rest_run-1_atlas-CC200_fd-0.2_connectome.npz
ABIDE2	sub-29864_ses-1_task-rest_run-1	sub-29864	ABIDEII-EMC_1	ok	0.2	/work/ioannou_lab/elizabeth.szentmiklo/abide-sex-age-connectomics/connectomes/CC200/ABIDE2/sub-29864_ses-1_task-rest_run-1_atlas-CC200_fd-0.2_connectome.npz
ABIDE2	sub-29865_ses-1_task-rest_run-1	sub-29865	ABIDEII-EMC_1	ok	0.2	/work/ioannou_lab/elizabeth.szentmiklo/abide-sex-age-connectomics/connectomes/CC200/ABIDE2/sub-29865_ses-1_task-rest_run-1_atlas-CC200_fd-0.2_connectome.npz
ABIDE2	sub-29867_ses-1_task-rest_run-1	sub-29867	ABIDEII-EMC_1	ok	0.2	/work/ioannou_lab/elizabeth.szentmiklo/abide-sex-age-connectomics/connectomes/CC200/ABIDE2/sub-29867_ses-1_task-rest_run-1_atlas-CC200_fd-0.2_connectome.npz
ABIDE2	sub-29868_ses-1_task-rest_run-1	sub-29868	ABIDEII-EMC_1	ok	0.2	/work/ioannou_lab/elizabeth.szentmiklo/abide-sex-age-connectomics/connectomes/CC200/ABIDE2/sub-29868_ses-1_task-rest_run-1_atlas-CC200_fd-0.2_connectome.npz
ABIDE2	sub-29869_ses-1_task-rest_run-1	sub-29869	ABIDEII-EMC_1	ok	0.2	/work/ioannou_lab/elizabeth.szentmiklo/abide-sex-age-connectomics/connectomes/CC200/ABIDE2/sub-29869_ses-1_task-rest_run-1_atlas-CC200_fd-0.2_connectome.npz
ABIDE2	sub-29870_ses-1_task-rest_run-1	sub-29870	ABIDEII-EMC_1	ok	0.2	/work/ioannou_lab/elizabeth.szentmiklo/abide-sex-age-connectomics/connectomes/CC200/ABIDE2/sub-29870_ses-1_task-rest_run-1_atlas-CC200_fd-0.2_connectome.npz
ABIDE2	sub-29874_ses-1_task-rest_run-1	sub-29874	ABIDEII-EMC_1	ok	0.2	/work/ioannou_lab/elizabeth.szentmiklo/abide-sex-age-connectomics/connectomes/CC200/ABIDE2/sub-29874_ses-1_task-rest_run-1_atlas-CC200_fd-0.2_connectome.npz
ABIDE2	sub-29876_ses-1_task-rest_run-1	sub-29876	ABIDEII-EMC_1	ok	0.2	/work/ioannou_lab/elizabeth.szentmiklo/abide-sex-age-connectomics/connectomes/CC200/ABIDE2/sub-29876_ses-1_task-rest_run-1_atlas-CC200_fd-0.2_connectome.npz
ABIDE2	sub-29877_ses-1_task-rest_run-1	sub-29877	ABIDEII-EMC_1	ok	0.2	/work/ioannou_lab/elizabeth.szentmiklo/abide-sex-age-connectomics/connectomes/CC200/ABIDE2/sub-29877_ses-1_task-rest_run-1_atlas-CC200_fd-0.2_connectome.npz
ABIDE2	sub-29879_ses-1_task-rest_run-1	sub-29879	ABIDEII-EMC_1	ok	0.2	/work/ioannou_lab/elizabeth.szentmiklo/abide-sex-age-connectomics/connectomes/CC200/ABIDE2/sub-29879_ses-1_task-rest_run-1_atlas-CC200_fd-0.2_connectome.npz
ABIDE2	sub-29881_ses-1_task-rest_run-1	sub-29881	ABIDEII-EMC_1	ok	0.2	/work/ioannou_lab/elizabeth.szentmiklo/abide-sex-age-connectomics/connectomes/CC200/ABIDE2/sub-29881_ses-1_task-rest_run-1_atlas-CC200_fd-0.2_connectome.npz
ABIDE2	sub-29885_ses-1_task-rest_run-1	sub-29885	ABIDEII-EMC_1	ok	0.2	/work/ioannou_lab/elizabeth.szentmiklo/abide-sex-age-connectomics/connectomes/CC200/ABIDE2/sub-29885_ses-1_task-rest_run-1_atlas-CC200_fd-0.2_connectome.npz
ABIDE2	sub-29892_ses-1_task-rest_run-1	sub-29892	ABIDEII-EMC_1	ok	0.2	/work/ioannou_lab/elizabeth.szentmiklo/abide-sex-age-connectomics/connectomes/CC200/ABIDE2/sub-29892_ses-1_task-rest_run-1_atlas-CC200_fd-0.2_connectome.npz
ABIDE2	sub-29904_ses-1_task-rest_run-1	sub-29904	ABIDEII-EMC_1	ok	0.2	/work/ioannou_lab/elizabeth.szentmiklo/abide-sex-age-connectomics/connectomes/CC200/ABIDE2/sub-29904_ses-1_task-rest_run-1_atlas-CC200_fd-0.2_connectome.npz
ABIDE2	sub-29905_ses-1_task-rest_run-1	sub-29905	ABIDEII-EMC_1	ok	0.2	/work/ioannou_lab/elizabeth.szentmiklo/abide-sex-age-connectomics/connectomes/CC200/ABIDE2/sub-29905_ses-1_task-rest_run-1_atlas-CC200_fd-0.2_connectome.npz
ABIDE2	sub-29906_ses-1_task-rest_run-1	sub-29906	ABIDEII-EMC_1	ok	0.2	/work/ioannou_lab/elizabeth.szentmiklo/abide-sex-age-connectomics/connectomes/CC200/ABIDE2/sub-29906_ses-1_task-rest_run-1_atlas-CC200_fd-0.2_connectome.npz
ABIDE2	sub-29907_ses-1_task-rest_run-1	sub-29907	ABIDEII-EMC_1	ok	0.2	/work/ioannou_lab/elizabeth.szentmiklo/abide-sex-age-connectomics/connectomes/CC200/ABIDE2/sub-29907_ses-1_task-rest_run-1_atlas-CC200_fd-0.2_connectome.npz
ABIDE2	sub-29908_ses-1_task-rest_run-1	sub-29908	ABIDEII-EMC_1	ok	0.2	/work/ioannou_lab/elizabeth.szentmiklo/abide-sex-age-connectomics/connectomes/CC200/ABIDE2/sub-29908_ses-1_task-rest_run-1_atlas-CC200_fd-0.2_connectome.npz
ABIDE2	sub-29911_ses-1_task-rest_run-1	sub-29911	ABIDEII-EMC_1	ok	0.2	/work/ioannou_lab/elizabeth.szentmiklo/abide-sex-age-connectomics/connectomes/CC200/ABIDE2/sub-29911_ses-1_task-rest_run-1_atlas-CC200_fd-0.2_connectome.npz
ABIDE2	sub-29912_ses-1_task-rest_run-1	sub-29912	ABIDEII-EMC_1	ok	0.2	/work/ioannou_lab/elizabeth.szentmiklo/abide-sex-age-connectomics/connectomes/CC200/ABIDE2/sub-29912_ses-1_task-rest_run-1_atlas-CC200_fd-0.2_connectome.npz
ABIDE2	sub-29913_ses-1_task-rest_run-1	sub-29913	ABIDEII-EMC_1	ok	0.2	/work/ioannou_lab/elizabeth.szentmiklo/abide-sex-age-connectomics/connectomes/CC200/ABIDE2/sub-29913_ses-1_task-rest_run-1_atlas-CC200_fd-0.2_connectome.npz
ABIDE2	sub-29916_ses-1_task-rest_run-1	sub-29916	ABIDEII-EMC_1	ok	0.2	/work/ioannou_lab/elizabeth.szentmiklo/abide-sex-age-connectomics/connectomes/CC200/ABIDE2/sub-29916_ses-1_task-rest_run-1_atlas-CC200_fd-0.2_connectome.npz
ABIDE2	sub-30000_ses-1_task-rest_run-1	sub-30000	ABIDEII-UCD_1	ok	0.2	/work/ioannou_lab/elizabeth.szentmiklo/abide-sex-age-connectomics/connectomes/CC200/ABIDE2/sub-30000_ses-1_task-rest_run-1_atlas-CC200_fd-0.2_connectome.npz
ABIDE2	sub-30001_ses-1_task-rest_run-1	sub-30001	ABIDEII-UCD_1	ok	0.2	/work/ioannou_lab/elizabeth.szentmiklo/abide-sex-age-connectomics/connectomes/CC200/ABIDE2/sub-30001_ses-1_task-rest_run-1_atlas-CC200_fd-0.2_connectome.npz
ABIDE2	sub-30004_ses-1_task-rest_run-1	sub-30004	ABIDEII-UCD_1	ok	0.2	/work/ioannou_lab/elizabeth.szentmiklo/abide-sex-age-connectomics/connectomes/CC200/ABIDE2/sub-30004_ses-1_task-rest_run-1_atlas-CC200_fd-0.2_connectome.npz
ABIDE2	sub-30005_ses-1_task-rest_run-1	sub-30005	ABIDEII-UCD_1	ok	0.2	/work/ioannou_lab/elizabeth.szentmiklo/abide-sex-age-connectomics/connectomes/CC200/ABIDE2/sub-30005_ses-1_task-rest_run-1_atlas-CC200_fd-0.2_connectome.npz
ABIDE2	sub-30006_ses-1_task-rest_run-1	sub-30006	ABIDEII-UCD_1	ok	0.2	/work/ioannou_lab/elizabeth.szentmiklo/abide-sex-age-connectomics/connectomes/CC200/ABIDE2/sub-30006_ses-1_task-rest_run-1_atlas-CC200_fd-0.2_connectome.npz
ABIDE2	sub-30007_ses-1_task-rest_run-1	sub-30007	ABIDEII-UCD_1	ok	0.2	/work/ioannou_lab/elizabeth.szentmiklo/abide-sex-age-connectomics/connectomes/CC200/ABIDE2/sub-30007_ses-1_task-rest_run-1_atlas-CC200_fd-0.2_connectome.npz
ABIDE2	sub-30008_ses-1_task-rest_run-1	sub-30008	ABIDEII-UCD_1	ok	0.2	/work/ioannou_lab/elizabeth.szentmiklo/abide-sex-age-connectomics/connectomes/CC200/ABIDE2/sub-30008_ses-1_task-rest_run-1_atlas-CC200_fd-0.2_connectome.npz
ABIDE2	sub-30010_ses-1_task-rest_run-1	sub-30010	ABIDEII-UCD_1	ok	0.2	/work/ioannou_lab/elizabeth.szentmiklo/abide-sex-age-connectomics/connectomes/CC200/ABIDE2/sub-30010_ses-1_task-rest_run-1_atlas-CC200_fd-0.2_connectome.npz
ABIDE2	sub-30011_ses-1_task-rest_run-1	sub-30011	ABIDEII-UCD_1	ok	0.2	/work/ioannou_lab/elizabeth.szentmiklo/abide-sex-age-connectomics/connectomes/CC200/ABIDE2/sub-30011_ses-1_task-rest_run-1_atlas-CC200_fd-0.2_connectome.npz
ABIDE2	sub-30012_ses-1_task-rest_run-1	sub-30012	ABIDEII-UCD_1	ok	0.2	/work/ioannou_lab/elizabeth.szentmiklo/abide-sex-age-connectomics/connectomes/CC200/ABIDE2/sub-30012_ses-1_task-rest_run-1_atlas-CC200_fd-0.2_connectome.npz
ABIDE2	sub-30013_ses-1_task-rest_run-1	sub-30013	ABIDEII-UCD_1	ok	0.2	/work/ioannou_lab/elizabeth.szentmiklo/abide-sex-age-connectomics/connectomes/CC200/ABIDE2/sub-30013_ses-1_task-rest_run-1_atlas-CC200_fd-0.2_connectome.npz
ABIDE2	sub-30017_ses-1_task-rest_run-1	sub-30017	ABIDEII-UCD_1	ok	0.2	/work/ioannou_lab/elizabeth.szentmiklo/abide-sex-age-connectomics/connectomes/CC200/ABIDE2/sub-30017_ses-1_task-rest_run-1_atlas-CC200_fd-0.2_connectome.npz
ABIDE2	sub-30018_ses-1_task-rest_run-1	sub-30018	ABIDEII-UCD_1	ok	0.2	/work/ioannou_lab/elizabeth.szentmiklo/abide-sex-age-connectomics/connectomes/CC200/ABIDE2/sub-30018_ses-1_task-rest_run-1_atlas-CC200_fd-0.2_connectome.npz
ABIDE2	sub-30019_ses-1_task-rest_run-1	sub-30019	ABIDEII-UCD_1	ok	0.2	/work/ioannou_lab/elizabeth.szentmiklo/abide-sex-age-connectomics/connectomes/CC200/ABIDE2/sub-30019_ses-1_task-rest_run-1_atlas-CC200_fd-0.2_connectome.npz
ABIDE2	sub-30021_ses-1_task-rest_run-1	sub-30021	ABIDEII-UCD_1	ok	0.2	/work/ioannou_lab/elizabeth.szentmiklo/abide-sex-age-connectomics/connectomes/CC200/ABIDE2/sub-30021_ses-1_task-rest_run-1_atlas-CC200_fd-0.2_connectome.npz
ABIDE2	sub-30024_ses-1_task-rest_run-1	sub-30024	ABIDEII-UCD_1	ok	0.2	/work/ioannou_lab/elizabeth.szentmiklo/abide-sex-age-connectomics/connectomes/CC200/ABIDE2/sub-30024_ses-1_task-rest_run-1_atlas-CC200_fd-0.2_connectome.npz
ABIDE2	sub-30026_ses-1_task-rest_run-1	sub-30026	ABIDEII-UCD_1	ok	0.2	/work/ioannou_lab/elizabeth.szentmiklo/abide-sex-age-connectomics/connectomes/CC200/ABIDE2/sub-30026_ses-1_task-rest_run-1_atlas-CC200_fd-0.2_connectome.npz
ABIDE2	sub-30027_ses-1_task-rest_run-1	sub-30027	ABIDEII-UCD_1	ok	0.2	/work/ioannou_lab/elizabeth.szentmiklo/abide-sex-age-connectomics/connectomes/CC200/ABIDE2/sub-30027_ses-1_task-rest_run-1_atlas-CC200_fd-0.2_connectome.npz
ABIDE2	sub-30028_ses-1_task-rest_run-1	sub-30028	ABIDEII-UCD_1	ok	0.2	/work/ioannou_lab/elizabeth.szentmiklo/abide-sex-age-connectomics/connectomes/CC200/ABIDE2/sub-30028_ses-1_task-rest_run-1_atlas-CC200_fd-0.2_connectome.npz
ABIDE2	sub-30146_ses-1_task-rest_run-1	sub-30146	ABIDEII-BNI_1	ok	0.2	/work/ioannou_lab/elizabeth.szentmiklo/abide-sex-age-connectomics/connectomes/CC200/ABIDE2/sub-30146_ses-1_task-rest_run-1_atlas-CC200_fd-0.2_connectome.npz
ABIDE2	sub-30154_ses-1_task-rest_run-1	sub-30154	ABIDEII-OHSU_1	ok	0.2	/work/ioannou_lab/elizabeth.szentmiklo/abide-sex-age-connectomics/connectomes/CC200/ABIDE2/sub-30154_ses-1_task-rest_run-1_atlas-CC200_fd-0.2_connectome.npz
ABIDE2	sub-30154_ses-1_task-rest_run-2	sub-30154	ABIDEII-OHSU_1	ok	0.2	/work/ioannou_lab/elizabeth.szentmiklo/abide-sex-age-connectomics/connectomes/CC200/ABIDE2/sub-30154_ses-1_task-rest_run-2_atlas-CC200_fd-0.2_connectome.npz
ABIDE2	sub-30154_ses-1_task-rest_run-3	sub-30154	ABIDEII-OHSU_1	ok	0.2	/work/ioannou_lab/elizabeth.szentmiklo/abide-sex-age-connectomics/connectomes/CC200/ABIDE2/sub-30154_ses-1_task-rest_run-3_atlas-CC200_fd-0.2_connectome.npz
ABIDE2	sub-30156_ses-1_task-rest_run-1	sub-30156	ABIDEII-OHSU_1	ok	0.2	/work/ioannou_lab/elizabeth.szentmiklo/abide-sex-age-connectomics/connectomes/CC200/ABIDE2/sub-30156_ses-1_task-rest_run-1_atlas-CC200_fd-0.2_connectome.npz
ABIDE2	sub-30156_ses-1_task-rest_run-2	sub-30156	ABIDEII-OHSU_1	ok	0.2	/work/ioannou_lab/elizabeth.szentmiklo/abide-sex-age-connectomics/connectomes/CC200/ABIDE2/sub-30156_ses-1_task-rest_run-2_atlas-CC200_fd-0.2_connectome.npz
ABIDE2	sub-30156_ses-1_task-rest_run-3	sub-30156	ABIDEII-OHSU_1	ok	0.2	/work/ioannou_lab/elizabeth.szentmiklo/abide-sex-age-connectomics/connectomes/CC200/ABIDE2/sub-30156_ses-1_task-rest_run-3_atlas-CC200_fd-0.2_connectome.npz
ABIDE2	sub-30158_ses-1_task-rest_run-1	sub-30158	ABIDEII-OHSU_1	ok	0.2	/work/ioannou_lab/elizabeth.szentmiklo/abide-sex-age-connectomics/connectomes/CC200/ABIDE2/sub-30158_ses-1_task-rest_run-1_atlas-CC200_fd-0.2_connectome.npz
ABIDE2	sub-30158_ses-1_task-rest_run-2	sub-30158	ABIDEII-OHSU_1	ok	0.2	/work/ioannou_lab/elizabeth.szentmiklo/abide-sex-age-connectomics/connectomes/CC200/ABIDE2/sub-30158_ses-1_task-rest_run-2_atlas-CC200_fd-0.2_connectome.npz
ABIDE2	sub-30158_ses-1_task-rest_run-3	sub-30158	ABIDEII-OHSU_1	ok	0.2	/work/ioannou_lab/elizabeth.szentmiklo/abide-sex-age-connectomics/connectomes/CC200/ABIDE2/sub-30158_ses-1_task-rest_run-3_atlas-CC200_fd-0.2_connectome.npz
ABIDE2	sub-30160_ses-1_task-rest_run-1	sub-30160	ABIDEII-OHSU_1	ok	0.2	/work/ioannou_lab/elizabeth.szentmiklo/abide-sex-age-connectomics/connectomes/CC200/ABIDE2/sub-30160_ses-1_task-rest_run-1_atlas-CC200_fd-0.2_connectome.npz
ABIDE2	sub-30160_ses-1_task-rest_run-2	sub-30160	ABIDEII-OHSU_1	ok	0.2	/work/ioannou_lab/elizabeth.szentmiklo/abide-sex-age-connectomics/connectomes/CC200/ABIDE2/sub-30160_ses-1_task-rest_run-2_atlas-CC200_fd-0.2_connectome.npz
ABIDE2	sub-30160_ses-1_task-rest_run-3	sub-30160	ABIDEII-OHSU_1	ok	0.2	/work/ioannou_lab/elizabeth.szentmiklo/abide-sex-age-connectomics/connectomes/CC200/ABIDE2/sub-30160_ses-1_task-rest_run-3_atlas-CC200_fd-0.2_connectome.npz
ABIDE2	sub-30161_ses-1_task-rest_run-1	sub-30161	ABIDEII-OHSU_1	ok	0.2	/work/ioannou_lab/elizabeth.szentmiklo/abide-sex-age-connectomics/connectomes/CC200/ABIDE2/sub-30161_ses-1_task-rest_run-1_atlas-CC200_fd-0.2_connectome.npz
ABIDE2	sub-30161_ses-1_task-rest_run-2	sub-30161	ABIDEII-OHSU_1	ok	0.2	/work/ioannou_lab/elizabeth.szentmiklo/abide-sex-age-connectomics/connectomes/CC200/ABIDE2/sub-30161_ses-1_task-rest_run-2_atlas-CC200_fd-0.2_connectome.npz
ABIDE2	sub-30161_ses-1_task-rest_run-3	sub-30161	ABIDEII-OHSU_1	ok	0.2	/work/ioannou_lab/elizabeth.szentmiklo/abide-sex-age-connectomics/connectomes/CC200/ABIDE2/sub-30161_ses-1_task-rest_run-3_atlas-CC200_fd-0.2_connectome.npz
ABIDE2	sub-30163_ses-1_task-rest_run-1	sub-30163	ABIDEII-OHSU_1	ok	0.2	/work/ioannou_lab/elizabeth.szentmiklo/abide-sex-age-connectomics/connectomes/CC200/ABIDE2/sub-30163_ses-1_task-rest_run-1_atlas-CC200_fd-0.2_connectome.npz
ABIDE2	sub-30163_ses-1_task-rest_run-2	sub-30163	ABIDEII-OHSU_1	ok	0.2	/work/ioannou_lab/elizabeth.szentmiklo/abide-sex-age-connectomics/connectomes/CC200/ABIDE2/sub-30163_ses-1_task-rest_run-2_atlas-CC200_fd-0.2_connectome.npz
ABIDE2	sub-30164_ses-1_task-rest_run-1	sub-30164	ABIDEII-OHSU_1	ok	0.2	/work/ioannou_lab/elizabeth.szentmiklo/abide-sex-age-connectomics/connectomes/CC200/ABIDE2/sub-30164_ses-1_task-rest_run-1_atlas-CC200_fd-0.2_connectome.npz
ABIDE2	sub-30164_ses-1_task-rest_run-2	sub-30164	ABIDEII-OHSU_1	ok	0.2	/work/ioannou_lab/elizabeth.szentmiklo/abide-sex-age-connectomics/connectomes/CC200/ABIDE2/sub-30164_ses-1_task-rest_run-2_atlas-CC200_fd-0.2_connectome.npz
ABIDE2	sub-30164_ses-1_task-rest_run-3	sub-30164	ABIDEII-OHSU_1	ok	0.2	/work/ioannou_lab/elizabeth.szentmiklo/abide-sex-age-connectomics/connectomes/CC200/ABIDE2/sub-30164_ses-1_task-rest_run-3_atlas-CC200_fd-0.2_connectome.npz
ABIDE2	sub-30165_ses-1_task-rest_run-1	sub-30165	ABIDEII-OHSU_1	ok	0.2	/work/ioannou_lab/elizabeth.szentmiklo/abide-sex-age-connectomics/connectomes/CC200/ABIDE2/sub-30165_ses-1_task-rest_run-1_atlas-CC200_fd-0.2_connectome.npz
ABIDE2	sub-30165_ses-1_task-rest_run-2	sub-30165	ABIDEII-OHSU_1	ok	0.2	/work/ioannou_lab/elizabeth.szentmiklo/abide-sex-age-connectomics/connectomes/CC200/ABIDE2/sub-30165_ses-1_task-rest_run-2_atlas-CC200_fd-0.2_connectome.npz
ABIDE2	sub-30165_ses-1_task-rest_run-3	sub-30165	ABIDEII-OHSU_1	ok	0.2	/work/ioannou_lab/elizabeth.szentmiklo/abide-sex-age-connectomics/connectomes/CC200/ABIDE2/sub-30165_ses-1_task-rest_run-3_atlas-CC200_fd-0.2_connectome.npz
ABIDE2	sub-30167_ses-1_task-rest_run-1	sub-30167	ABIDEII-OHSU_1	ok	0.2	/work/ioannou_lab/elizabeth.szentmiklo/abide-sex-age-connectomics/connectomes/CC200/ABIDE2/sub-30167_ses-1_task-rest_run-1_atlas-CC200_fd-0.2_connectome.npz
ABIDE2	sub-30167_ses-1_task-rest_run-2	sub-30167	ABIDEII-OHSU_1	ok	0.2	/work/ioannou_lab/elizabeth.szentmiklo/abide-sex-age-connectomics/connectomes/CC200/ABIDE2/sub-30167_ses-1_task-rest_run-2_atlas-CC200_fd-0.2_connectome.npz
ABIDE2	sub-30167_ses-1_task-rest_run-3	sub-30167	ABIDEII-OHSU_1	ok	0.2	/work/ioannou_lab/elizabeth.szentmiklo/abide-sex-age-connectomics/connectomes/CC200/ABIDE2/sub-30167_ses-1_task-rest_run-3_atlas-CC200_fd-0.2_connectome.npz
ABIDE2	sub-50002_ses-2_task-rest_run-1	sub-50002	ABIDEI-PITT	ok	0.2	/work/ioannou_lab/elizabeth.szentmiklo/abide-sex-age-connectomics/connectomes/CC200/ABIDE2/sub-50002_ses-2_task-rest_run-1_atlas-CC200_fd-0.2_connectome.npz
ABIDE2	sub-50002_ses-2_task-rest_run-1	sub-50002	ABIDEII-UPSM_Long	ok	0.2	/work/ioannou_lab/elizabeth.szentmiklo/abide-sex-age-connectomics/connectomes/CC200/ABIDE2/sub-50002_ses-2_task-rest_run-1_atlas-CC200_fd-0.2_connectome.npz
ABIDE2	sub-50005_ses-1_task-rest_run-1	sub-50005	ABIDEI-PITT	ok	0.2	/work/ioannou_lab/elizabeth.szentmiklo/abide-sex-age-connectomics/connectomes/CC200/ABIDE2/sub-50005_ses-1_task-rest_run-1_atlas-CC200_fd-0.2_connectome.npz
ABIDE2	sub-50005_ses-1_task-rest_run-1	sub-50005	ABIDEII-UPSM_Long	ok	0.2	/work/ioannou_lab/elizabeth.szentmiklo/abide-sex-age-connectomics/connectomes/CC200/ABIDE2/sub-50005_ses-1_task-rest_run-1_atlas-CC200_fd-0.2_connectome.npz
ABIDE2	sub-50005_ses-2_task-rest_run-1	sub-50005	ABIDEI-PITT	ok	0.2	/work/ioannou_lab/elizabeth.szentmiklo/abide-sex-age-connectomics/connectomes/CC200/ABIDE2/sub-50005_ses-2_task-rest_run-1_atlas-CC200_fd-0.2_connectome.npz
ABIDE2	sub-50005_ses-2_task-rest_run-1	sub-50005	ABIDEII-UPSM_Long	ok	0.2	/work/ioannou_lab/elizabeth.szentmiklo/abide-sex-age-connectomics/connectomes/CC200/ABIDE2/sub-50005_ses-2_task-rest_run-1_atlas-CC200_fd-0.2_connectome.npz
ABIDE2	sub-50006_ses-1_task-rest_run-1	sub-50006	ABIDEI-PITT	ok	0.2	/work/ioannou_lab/elizabeth.szentmiklo/abide-sex-age-connectomics/connectomes/CC200/ABIDE2/sub-50006_ses-1_task-rest_run-1_atlas-CC200_fd-0.2_connectome.npz
ABIDE2	sub-50006_ses-1_task-rest_run-1	sub-50006	ABIDEII-UPSM_Long	ok	0.2	/work/ioannou_lab/elizabeth.szentmiklo/abide-sex-age-connectomics/connectomes/CC200/ABIDE2/sub-50006_ses-1_task-rest_run-1_atlas-CC200_fd-0.2_connectome.npz
ABIDE2	sub-50006_ses-2_task-rest_run-1	sub-50006	ABIDEI-PITT	ok	0.2	/work/ioannou_lab/elizabeth.szentmiklo/abide-sex-age-connectomics/connectomes/CC200/ABIDE2/sub-50006_ses-2_task-rest_run-1_atlas-CC200_fd-0.2_connectome.npz
ABIDE2	sub-50006_ses-2_task-rest_run-1	sub-50006	ABIDEII-UPSM_Long	ok	0.2	/work/ioannou_lab/elizabeth.szentmiklo/abide-sex-age-connectomics/connectomes/CC200/ABIDE2/sub-50006_ses-2_task-rest_run-1_atlas-CC200_fd-0.2_connectome.npz
ABIDE2	sub-50007_ses-2_task-rest_run-1	sub-50007	ABIDEI-PITT	ok	0.2	/work/ioannou_lab/elizabeth.szentmiklo/abide-sex-age-connectomics/connectomes/CC200/ABIDE2/sub-50007_ses-2_task-rest_run-1_atlas-CC200_fd-0.2_connectome.npz
ABIDE2	sub-50007_ses-2_task-rest_run-1	sub-50007	ABIDEII-UPSM_Long	ok	0.2	/work/ioannou_lab/elizabeth.szentmiklo/abide-sex-age-connectomics/connectomes/CC200/ABIDE2/sub-50007_ses-2_task-rest_run-1_atlas-CC200_fd-0.2_connectome.npz
ABIDE2	sub-50027_ses-1_task-rest_run-1	sub-50027	ABIDEI-PITT	ok	0.2	/work/ioannou_lab/elizabeth.szentmiklo/abide-sex-age-connectomics/connectomes/CC200/ABIDE2/sub-50027_ses-1_task-rest_run-1_atlas-CC200_fd-0.2_connectome.npz
ABIDE2	sub-50027_ses-1_task-rest_run-1	sub-50027	ABIDEII-UPSM_Long	ok	0.2	/work/ioannou_lab/elizabeth.szentmiklo/abide-sex-age-connectomics/connectomes/CC200/ABIDE2/sub-50027_ses-1_task-rest_run-1_atlas-CC200_fd-0.2_connectome.npz
ABIDE2	sub-50027_ses-2_task-rest_run-1	sub-50027	ABIDEI-PITT	ok	0.2	/work/ioannou_lab/elizabeth.szentmiklo/abide-sex-age-connectomics/connectomes/CC200/ABIDE2/sub-50027_ses-2_task-rest_run-1_atlas-CC200_fd-0.2_connectome.npz
ABIDE2	sub-50027_ses-2_task-rest_run-1	sub-50027	ABIDEII-UPSM_Long	ok	0.2	/work/ioannou_lab/elizabeth.szentmiklo/abide-sex-age-connectomics/connectomes/CC200/ABIDE2/sub-50027_ses-2_task-rest_run-1_atlas-CC200_fd-0.2_connectome.npz
ABIDE2	sub-50029_ses-1_task-rest_run-1	sub-50029	ABIDEI-PITT	ok	0.2	/work/ioannou_lab/elizabeth.szentmiklo/abide-sex-age-connectomics/connectomes/CC200/ABIDE2/sub-50029_ses-1_task-rest_run-1_atlas-CC200_fd-0.2_connectome.npz
ABIDE2	sub-50029_ses-1_task-rest_run-1	sub-50029	ABIDEII-UPSM_Long	ok	0.2	/work/ioannou_lab/elizabeth.szentmiklo/abide-sex-age-connectomics/connectomes/CC200/ABIDE2/sub-50029_ses-1_task-rest_run-1_atlas-CC200_fd-0.2_connectome.npz
ABIDE2	sub-50029_ses-2_task-rest_run-1	sub-50029	ABIDEI-PITT	ok	0.2	/work/ioannou_lab/elizabeth.szentmiklo/abide-sex-age-connectomics/connectomes/CC200/ABIDE2/sub-50029_ses-2_task-rest_run-1_atlas-CC200_fd-0.2_connectome.npz
ABIDE2	sub-50029_ses-2_task-rest_run-1	sub-50029	ABIDEII-UPSM_Long	ok	0.2	/work/ioannou_lab/elizabeth.szentmiklo/abide-sex-age-connectomics/connectomes/CC200/ABIDE2/sub-50029_ses-2_task-rest_run-1_atlas-CC200_fd-0.2_connectome.npz
ABIDE2	sub-50031_ses-1_task-rest_run-1	sub-50031	ABIDEI-PITT	ok	0.2	/work/ioannou_lab/elizabeth.szentmiklo/abide-sex-age-connectomics/connectomes/CC200/ABIDE2/sub-50031_ses-1_task-rest_run-1_atlas-CC200_fd-0.2_connectome.npz
ABIDE2	sub-50031_ses-1_task-rest_run-1	sub-50031	ABIDEII-UPSM_Long	ok	0.2	/work/ioannou_lab/elizabeth.szentmiklo/abide-sex-age-connectomics/connectomes/CC200/ABIDE2/sub-50031_ses-1_task-rest_run-1_atlas-CC200_fd-0.2_connectome.npz
ABIDE2	sub-50031_ses-2_task-rest_run-1	sub-50031	ABIDEI-PITT	ok	0.2	/work/ioannou_lab/elizabeth.szentmiklo/abide-sex-age-connectomics/connectomes/CC200/ABIDE2/sub-50031_ses-2_task-rest_run-1_atlas-CC200_fd-0.2_connectome.npz
ABIDE2	sub-50031_ses-2_task-rest_run-1	sub-50031	ABIDEII-UPSM_Long	ok	0.2	/work/ioannou_lab/elizabeth.szentmiklo/abide-sex-age-connectomics/connectomes/CC200/ABIDE2/sub-50031_ses-2_task-rest_run-1_atlas-CC200_fd-0.2_connectome.npz
ABIDE2	sub-50047_ses-1_task-rest_run-1	sub-50047	ABIDEI-PITT	ok	0.2	/work/ioannou_lab/elizabeth.szentmiklo/abide-sex-age-connectomics/connectomes/CC200/ABIDE2/sub-50047_ses-1_task-rest_run-1_atlas-CC200_fd-0.2_connectome.npz
ABIDE2	sub-50047_ses-1_task-rest_run-1	sub-50047	ABIDEII-UPSM_Long	ok	0.2	/work/ioannou_lab/elizabeth.szentmiklo/abide-sex-age-connectomics/connectomes/CC200/ABIDE2/sub-50047_ses-1_task-rest_run-1_atlas-CC200_fd-0.2_connectome.npz
ABIDE2	sub-50047_ses-2_task-rest_run-1	sub-50047	ABIDEI-PITT	ok	0.2	/work/ioannou_lab/elizabeth.szentmiklo/abide-sex-age-connectomics/connectomes/CC200/ABIDE2/sub-50047_ses-2_task-rest_run-1_atlas-CC200_fd-0.2_connectome.npz
ABIDE2	sub-50047_ses-2_task-rest_run-1	sub-50047	ABIDEII-UPSM_Long	ok	0.2	/work/ioannou_lab/elizabeth.szentmiklo/abide-sex-age-connectomics/connectomes/CC200/ABIDE2/sub-50047_ses-2_task-rest_run-1_atlas-CC200_fd-0.2_connectome.npz
ABIDE2	sub-50049_ses-2_task-rest_run-1	sub-50049	ABIDEI-PITT	ok	0.2	/work/ioannou_lab/elizabeth.szentmiklo/abide-sex-age-connectomics/connectomes/CC200/ABIDE2/sub-50049_ses-2_task-rest_run-1_atlas-CC200_fd-0.2_connectome.npz
ABIDE2	sub-50049_ses-2_task-rest_run-1	sub-50049	ABIDEII-UPSM_Long	ok	0.2	/work/ioannou_lab/elizabeth.szentmiklo/abide-sex-age-connectomics/connectomes/CC200/ABIDE2/sub-50049_ses-2_task-rest_run-1_atlas-CC200_fd-0.2_connectome.npz
ABIDE2	sub-50050_ses-1_task-rest_run-1	sub-50050	ABIDEI-PITT	ok	0.2	/work/ioannou_lab/elizabeth.szentmiklo/abide-sex-age-connectomics/connectomes/CC200/ABIDE2/sub-50050_ses-1_task-rest_run-1_atlas-CC200_fd-0.2_connectome.npz
ABIDE2	sub-50050_ses-1_task-rest_run-1	sub-50050	ABIDEII-UPSM_Long	ok	0.2	/work/ioannou_lab/elizabeth.szentmiklo/abide-sex-age-connectomics/connectomes/CC200/ABIDE2/sub-50050_ses-1_task-rest_run-1_atlas-CC200_fd-0.2_connectome.npz
ABIDE2	sub-50050_ses-2_task-rest_run-1	sub-50050	ABIDEI-PITT	ok	0.2	/work/ioannou_lab/elizabeth.szentmiklo/abide-sex-age-connectomics/connectomes/CC200/ABIDE2/sub-50050_ses-2_task-rest_run-1_atlas-CC200_fd-0.2_connectome.npz
ABIDE2	sub-50050_ses-2_task-rest_run-1	sub-50050	ABIDEII-UPSM_Long	ok	0.2	/work/ioannou_lab/elizabeth.szentmiklo/abide-sex-age-connectomics/connectomes/CC200/ABIDE2/sub-50050_ses-2_task-rest_run-1_atlas-CC200_fd-0.2_connectome.npz
ABIDE2	sub-50051_ses-1_task-rest_run-1	sub-50051	ABIDEI-PITT	ok	0.2	/work/ioannou_lab/elizabeth.szentmiklo/abide-sex-age-connectomics/connectomes/CC200/ABIDE2/sub-50051_ses-1_task-rest_run-1_atlas-CC200_fd-0.2_connectome.npz
ABIDE2	sub-50051_ses-1_task-rest_run-1	sub-50051	ABIDEII-UPSM_Long	ok	0.2	/work/ioannou_lab/elizabeth.szentmiklo/abide-sex-age-connectomics/connectomes/CC200/ABIDE2/sub-50051_ses-1_task-rest_run-1_atlas-CC200_fd-0.2_connectome.npz
ABIDE2	sub-50051_ses-2_task-rest_run-1	sub-50051	ABIDEI-PITT	ok	0.2	/work/ioannou_lab/elizabeth.szentmiklo/abide-sex-age-connectomics/connectomes/CC200/ABIDE2/sub-50051_ses-2_task-rest_run-1_atlas-CC200_fd-0.2_connectome.npz
ABIDE2	sub-50051_ses-2_task-rest_run-1	sub-50051	ABIDEII-UPSM_Long	ok	0.2	/work/ioannou_lab/elizabeth.szentmiklo/abide-sex-age-connectomics/connectomes/CC200/ABIDE2/sub-50051_ses-2_task-rest_run-1_atlas-CC200_fd-0.2_connectome.npz
ABIDE2	sub-51270_ses-1_task-rest_run-1	sub-51270	ABIDEI-UCLA_1	ok	0.2	/work/ioannou_lab/elizabeth.szentmiklo/abide-sex-age-connectomics/connectomes/CC200/ABIDE2/sub-51270_ses-1_task-rest_run-1_atlas-CC200_fd-0.2_connectome.npz
ABIDE2	sub-51270_ses-1_task-rest_run-1	sub-51270	ABIDEII-UCLA_Long	ok	0.2	/work/ioannou_lab/elizabeth.szentmiklo/abide-sex-age-connectomics/connectomes/CC200/ABIDE2/sub-51270_ses-1_task-rest_run-1_atlas-CC200_fd-0.2_connectome.npz
ABIDE2	sub-51270_ses-2_task-rest_run-1	sub-51270	ABIDEI-UCLA_1	ok	0.2	/work/ioannou_lab/elizabeth.szentmiklo/abide-sex-age-connectomics/connectomes/CC200/ABIDE2/sub-51270_ses-2_task-rest_run-1_atlas-CC200_fd-0.2_connectome.npz
ABIDE2	sub-51270_ses-2_task-rest_run-1	sub-51270	ABIDEII-UCLA_Long	ok	0.2	/work/ioannou_lab/elizabeth.szentmiklo/abide-sex-age-connectomics/connectomes/CC200/ABIDE2/sub-51270_ses-2_task-rest_run-1_atlas-CC200_fd-0.2_connectome.npz
ABIDE2	sub-51292_ses-2_task-rest_run-1	sub-51292	ABIDEI-UCLA_2	ok	0.2	/work/ioannou_lab/elizabeth.szentmiklo/abide-sex-age-connectomics/connectomes/CC200/ABIDE2/sub-51292_ses-2_task-rest_run-1_atlas-CC200_fd-0.2_connectome.npz
ABIDE2	sub-51292_ses-2_task-rest_run-1	sub-51292	ABIDEII-UCLA_Long	ok	0.2	/work/ioannou_lab/elizabeth.szentmiklo/abide-sex-age-connectomics/connectomes/CC200/ABIDE2/sub-51292_ses-2_task-rest_run-1_atlas-CC200_fd-0.2_connectome.npz
ABIDE2	sub-51315_ses-1_task-rest_run-1	sub-51315	ABIDEI-UCLA_2	ok	0.2	/work/ioannou_lab/elizabeth.szentmiklo/abide-sex-age-connectomics/connectomes/CC200/ABIDE2/sub-51315_ses-1_task-rest_run-1_atlas-CC200_fd-0.2_connectome.npz
ABIDE2	sub-51315_ses-1_task-rest_run-1	sub-51315	ABIDEII-UCLA_Long	ok	0.2	/work/ioannou_lab/elizabeth.szentmiklo/abide-sex-age-connectomics/connectomes/CC200/ABIDE2/sub-51315_ses-1_task-rest_run-1_atlas-CC200_fd-0.2_connectome.npz
ABIDE2	sub-51315_ses-2_task-rest_run-1	sub-51315	ABIDEI-UCLA_2	ok	0.2	/work/ioannou_lab/elizabeth.szentmiklo/abide-sex-age-connectomics/connectomes/CC200/ABIDE2/sub-51315_ses-2_task-rest_run-1_atlas-CC200_fd-0.2_connectome.npz
ABIDE2	sub-51315_ses-2_task-rest_run-1	sub-51315	ABIDEII-UCLA_Long	ok	0.2	/work/ioannou_lab/elizabeth.szentmiklo/abide-sex-age-connectomics/connectomes/CC200/ABIDE2/sub-51315_ses-2_task-rest_run-1_atlas-CC200_fd-0.2_connectome.npz
