FILE_ID,N,M,density,k_avg,C_emp,L_emp,ER_C_mu,ER_C_sd,ER_L_mu,ER_L_sd,DP_C_mu,DP_C_sd,DP_L_mu,DP_L_sd
Pitt_0050004,200,1990,0.1,19.9,0.48052905761884757,2.442110552763819,0.10011234454803972,0.0033904205775279676,2.022270854271357,0.01238011962318179,0.18262880333217307,0.005783638469618864,2.1278782687472124,0.005631554922260817
