FILE_ID,N,M,density,k_avg,C_emp,L_emp,ER_C_mu,ER_C_sd,ER_L_mu,ER_L_sd,DP_C_mu,DP_C_sd,DP_L_mu,DP_L_sd
Pitt_0050005,200,1990,0.1,19.9,0.5299134835380521,2.6336890085983633,0.10011234454803972,0.0033904205775279676,2.022270854271357,0.01238011962318179,0.21615889031716926,0.008544232989613902,2.148949031389206,0.007237251231292943
