scenario,mapping_threshold,age_group,sex,metric,module,module_label,n_CTL,mean_CTL,sd_CTL,median_CTL,min_CTL,max_CTL,n_ASD,mean_ASD,sd_ASD,median_ASD,min_ASD,max_ASD,cohens_d_CTL_minus_ASD,abs_d
OVERALL_ageSexMatched_fd-0.3,fd-0.3,child_0_9,male,PC,1,M1 Somatomotor,88,0.8522178127089881,0.0055465603981379565,0.8526683313098326,0.8373360185735226,0.8636706112018537,84,0.85229184107507,0.005562230696548543,0.8526930485243396,0.8293080671634074,0.8620572223598297,-0.013328317905243645,0.013328317905243645
OVERALL_ageSexMatched_fd-0.3,fd-0.3,child_0_9,male,PC,2,M2 Visual-A,88,0.8542052013115938,0.0032511226774064616,0.8542409385238151,0.846174726958523,0.8620058458773965,84,0.852668826594657,0.004585270331913839,0.8532725384122063,0.8314527682755632,0.8635172868163239,0.38806433695929,0.38806433695929
OVERALL_ageSexMatched_fd-0.3,fd-0.3,child_0_9,male,PC,3,M3 Limbic,88,0.8545268394144379,0.004144450897483031,0.855060403658034,0.8441689902273957,0.8651755423391906,84,0.8540554004182532,0.00438952347565407,0.8545542433776241,0.8392436948173448,0.8620702283259546,0.11051432371759566,0.11051432371759566
OVERALL_ageSexMatched_fd-0.3,fd-0.3,child_0_9,male,PC,4,M4 Frontoparietal,88,0.8434364997276913,0.006105236880123714,0.8449430159547022,0.8243457599337252,0.8529244363055387,84,0.843889327282796,0.005222931980353919,0.8450168936647531,0.825814822487108,0.8522548203860606,-0.07956099191146285,0.07956099191146285
OVERALL_ageSexMatched_fd-0.3,fd-0.3,child_0_9,male,PC,5,M5 VentralAttention,88,0.839531864391967,0.00846183425985311,0.8406645723797406,0.8150909569699393,0.851949358272206,84,0.840275903024826,0.008201335281966687,0.8417302380096214,0.8180502626548098,0.8562274465971615,-0.08925964423226192,0.08925964423226192
OVERALL_ageSexMatched_fd-0.3,fd-0.3,child_0_9,male,PC,6,M6 Visual-B,88,0.8459452830199293,0.006062611095237455,0.8468878602253191,0.8279041268793333,0.8560887495471174,84,0.8478786610090429,0.006469169189757225,0.8482348889302311,0.8317601675887365,0.8613943307260339,-0.30862918249659477,0.30862918249659477
OVERALL_ageSexMatched_fd-0.3,fd-0.3,child_0_9,male,PC,7,M7 DefaultMode,88,0.8425661678054728,0.007417424451158391,0.8442722215396534,0.8194957759118207,0.8560550993490134,84,0.8440421894586783,0.0055233632851769,0.8451801635301,0.829343172956517,0.8541224647637414,-0.22495724032053396,0.22495724032053396
OVERALL_ageSexMatched_fd-0.3,fd-0.3,child_0_9,male,PC,8,M8 DorsalAttention,88,0.8475376346931331,0.004749734162156049,0.8478852906180783,0.8307819958458786,0.8575163670952076,84,0.8482474790254321,0.004544314563985939,0.8482479130258294,0.8354977859549568,0.8568954445623097,-0.15263582841290335,0.15263582841290335
OVERALL_ageSexMatched_fd-0.3,fd-0.3,child_0_9,male,PC_pos,1,M1 Somatomotor,88,0.8379384382796347,0.016906765863137156,0.8416292607654445,0.7622005180008419,0.8619415961116101,84,0.8362532144523284,0.015611100577404982,0.8405533038778026,0.7760616618366037,0.8614910618652326,0.1034701165158101,0.1034701165158101
OVERALL_ageSexMatched_fd-0.3,fd-0.3,child_0_9,male,PC_pos,2,M2 Visual-A,88,0.8349905349377384,0.014619272537410835,0.8356764746266159,0.7836346149991746,0.8608313103754996,84,0.8331188955436074,0.019613689937975444,0.8360722391410973,0.7069689678790279,0.8619374360622909,0.10856725369482889,0.10856725369482889
OVERALL_ageSexMatched_fd-0.3,fd-0.3,child_0_9,male,PC_pos,3,M3 Limbic,88,0.8383777638551438,0.01332203700934144,0.8402833059457984,0.7981268347814351,0.8593305659233743,84,0.8355059415608486,0.014862611100353711,0.8376773693517702,0.7690222762948256,0.8576972647217078,0.20374395821963195,0.20374395821963195
OVERALL_ageSexMatched_fd-0.3,fd-0.3,child_0_9,male,PC_pos,4,M4 Frontoparietal,88,0.8211564298479168,0.016467972022273035,0.8224810293717607,0.7683391103439968,0.8487387731908161,84,0.8189413998195628,0.018252862716985428,0.8220496636181078,0.7655678284370664,0.8510471263673395,0.1275765708448901,0.1275765708448901
OVERALL_ageSexMatched_fd-0.3,fd-0.3,child_0_9,male,PC_pos,5,M5 VentralAttention,88,0.8094561681532042,0.026893181874284418,0.8141176274538133,0.7131848238430768,0.8470984653062246,84,0.8074574923939437,0.033605956639949884,0.8146714935222716,0.6114910956008731,0.8499427544193556,0.06583988094369722,0.06583988094369722
OVERALL_ageSexMatched_fd-0.3,fd-0.3,child_0_9,male,PC_pos,6,M6 Visual-B,88,0.8207447424884028,0.02540850642638231,0.8275695312445482,0.7281690788752648,0.8544865221096606,84,0.8214772687030931,0.027311663962734514,0.8290624917826803,0.7128502164406552,0.8549847123718807,-0.027794719100040746,0.027794719100040746
OVERALL_ageSexMatched_fd-0.3,fd-0.3,child_0_9,male,PC_pos,7,M7 DefaultMode,88,0.8109333681206107,0.031119041176827247,0.8154956723981337,0.7020459414861091,0.8501224001735391,84,0.816113422055997,0.024521105950880615,0.821140140782588,0.7317718567308966,0.8498268968735087,-0.18439626864788922,0.18439626864788922
OVERALL_ageSexMatched_fd-0.3,fd-0.3,child_0_9,male,PC_pos,8,M8 DorsalAttention,88,0.8286783397211775,0.01698086351668205,0.8309116118453745,0.7670122666235057,0.8542571572790749,84,0.8296046888534092,0.01686952284635617,0.8313157263150666,0.7448895764872491,0.8526243193490819,-0.05472743666464205,0.05472743666464205
OVERALL_ageSexMatched_fd-0.3,fd-0.3,child_0_9,male,PC_neg,1,M1 Somatomotor,88,0.7093373003154881,0.1184889985298388,0.749665938090441,0.0,0.8234140625193005,84,0.7275720187084099,0.11056380170413467,0.7540516862067546,0.0114279804430423,0.8379444916635765,-0.15899402083552142,0.15899402083552142
OVERALL_ageSexMatched_fd-0.3,fd-0.3,child_0_9,male,PC_neg,2,M2 Visual-A,88,0.748812939026042,0.06290781582350893,0.7628657011011442,0.479230925835825,0.8211053798932777,84,0.754015125956251,0.055426476651383345,0.7679353662643572,0.5209144683954665,0.816813512466427,-0.08761865722693006,0.08761865722693006
OVERALL_ageSexMatched_fd-0.3,fd-0.3,child_0_9,male,PC_neg,3,M3 Limbic,88,0.7408716309684114,0.08521876164231076,0.7689618862274173,0.3924966200537136,0.8205314243625532,84,0.7454641698369171,0.10758714272426269,0.7683932169507103,0.0,0.8164058531344109,-0.04744956667173703,0.04744956667173703
OVERALL_ageSexMatched_fd-0.3,fd-0.3,child_0_9,male,PC_neg,4,M4 Frontoparietal,88,0.7409887517402022,0.08032119786357425,0.7690986436351908,0.3985102926625093,0.8322527736670632,84,0.7521215922794889,0.0785334073023427,0.7745458918971788,0.3081409529368943,0.8328101915583551,-0.14011793045451756,0.14011793045451756
OVERALL_ageSexMatched_fd-0.3,fd-0.3,child_0_9,male,PC_neg,5,M5 VentralAttention,88,0.7326671414837979,0.07542659413180815,0.7618533910858989,0.48331109769795855,0.8133846236357052,84,0.7399577184262368,0.10764387796930816,0.7673909509060681,0.0626323495797206,0.8233239634888128,-0.07875931241056296,0.07875931241056296
OVERALL_ageSexMatched_fd-0.3,fd-0.3,child_0_9,male,PC_neg,6,M6 Visual-B,88,0.7376925751517915,0.06177495441077377,0.7511471592393147,0.5327593317771435,0.8311270822422099,84,0.7356053029228093,0.08709415834067098,0.7507392326588407,0.2640570954098061,0.8309460238230818,0.027752882249002367,0.027752882249002367
OVERALL_ageSexMatched_fd-0.3,fd-0.3,child_0_9,male,PC_neg,7,M7 DefaultMode,88,0.7398440610561807,0.07634305266497693,0.7695023803523846,0.4570609871941105,0.819712817346061,84,0.742213508260934,0.08766421634918786,0.7631566394655452,0.2390782934412061,0.8255489410430974,-0.0288725322294252,0.0288725322294252
OVERALL_ageSexMatched_fd-0.3,fd-0.3,child_0_9,male,PC_neg,8,M8 DorsalAttention,88,0.7093861566261306,0.09107749278536582,0.7320436512811244,0.1708671256030765,0.8107041527752978,84,0.7179200197776753,0.08722278655430782,0.7277300469192944,0.3063742153492856,0.8262467464607144,-0.09565363385939502,0.09565363385939502
OVERALL_ageSexMatched_fd-0.3,fd-0.3,child_0_9,male,Z,1,M1 Somatomotor,88,0.13739116961897627,0.22530313103598512,0.1723513420181618,-0.4407047239573138,0.5238276227819999,84,0.1699722495552645,0.24287151549055738,0.20682490387258462,-0.542135274910641,0.5432076227688942,-0.13920834741930962,0.13920834741930962
OVERALL_ageSexMatched_fd-0.3,fd-0.3,child_0_9,male,Z,2,M2 Visual-A,88,0.09872250859048128,0.18506764898057462,0.11611956735938284,-0.3105189895843852,0.4761087815173005,84,0.07852812117682016,0.1798575372146054,0.10148948690871278,-0.4271632379169632,0.4677212050231856,0.11062843452029121,0.11062843452029121
OVERALL_ageSexMatched_fd-0.3,fd-0.3,child_0_9,male,Z,3,M3 Limbic,88,0.09834547764328798,0.24190818720411994,0.12291605495475999,-0.6469364277849093,0.5785431382816723,84,0.11855249595005295,0.21129071218301593,0.12528989722954692,-0.5099805278893235,0.6123105803566161,-0.08883178830136312,0.08883178830136312
OVERALL_ageSexMatched_fd-0.3,fd-0.3,child_0_9,male,Z,4,M4 Frontoparietal,88,0.09914614494203108,0.1510602447716483,0.1043574128070319,-0.3212624557767365,0.4833805011450904,84,0.08920834183236452,0.14975849941474492,0.0878114827062927,-0.2184320782366391,0.394627294383263,0.06606435651906867,0.06606435651906867
OVERALL_ageSexMatched_fd-0.3,fd-0.3,child_0_9,male,Z,5,M5 VentralAttention,88,0.12758500394411557,0.13865560499373122,0.1370702496087692,-0.19837000428456464,0.409471572864108,84,0.12280359049413694,0.15460190449260777,0.11736769816813912,-0.2505534834096685,0.4296260694367695,0.032602489639168515,0.032602489639168515
OVERALL_ageSexMatched_fd-0.3,fd-0.3,child_0_9,male,Z,6,M6 Visual-B,88,0.21066300208079508,0.1524844971758192,0.2088185929336647,-0.2417431045338139,0.5483023374900551,84,0.16798668828241947,0.1598861441222758,0.16660541951832805,-0.2915938927260538,0.4527354069320092,0.27331718150498807,0.27331718150498807
OVERALL_ageSexMatched_fd-0.3,fd-0.3,child_0_9,male,Z,7,M7 DefaultMode,88,0.12419247550520533,0.14578580087637405,0.11419631118922485,-0.1875383138333071,0.4206376310121532,84,0.14423663856916666,0.17031301058991058,0.1648893132823894,-0.2763209631666644,0.4768948173730907,-0.12667216211532448,0.12667216211532448
OVERALL_ageSexMatched_fd-0.3,fd-0.3,child_0_9,male,Z,8,M8 DorsalAttention,88,0.16662875866427374,0.13980734822251198,0.174009551476544,-0.2183416454615412,0.4559215042715698,84,0.13189185228769768,0.15782657950215398,0.1163333226666895,-0.3179463318234103,0.5006714997633998,0.2333251319875833,0.2333251319875833
OVERALL_ageSexMatched_fd-0.3,fd-0.3,child_0_9,male,Z_pos,1,M1 Somatomotor,88,0.14890625339385666,0.21286792480188324,0.19096409401363568,-0.4407047239573138,0.5236061283028598,84,0.18294648955565807,0.23734139332061452,0.21562779121367937,-0.542135274910641,0.6123229826672419,-0.15118959756905373,0.15118959756905373
OVERALL_ageSexMatched_fd-0.3,fd-0.3,child_0_9,male,Z_pos,2,M2 Visual-A,88,0.1429465010646652,0.18778267630742257,0.14128932326280083,-0.3337125827561343,0.44736918669322684,84,0.11710777972629323,0.16808478107035937,0.127709723470262,-0.2776329826743912,0.4578419458820926,0.14480557803079597,0.14480557803079597
OVERALL_ageSexMatched_fd-0.3,fd-0.3,child_0_9,male,Z_pos,3,M3 Limbic,88,0.12318550008493694,0.22203064603841377,0.1701741692319479,-0.4825267323323041,0.6034859964901235,84,0.1727346177345673,0.185471206873342,0.16820659996324344,-0.3158727615776738,0.6123105803566161,-0.2417062935125855,0.2417062935125855
OVERALL_ageSexMatched_fd-0.3,fd-0.3,child_0_9,male,Z_pos,4,M4 Frontoparietal,88,0.13206680424744632,0.15345319975317356,0.15298678417979075,-0.3511434029150954,0.4239449490958523,84,0.12378113749875143,0.14476369902505776,0.15447355714211436,-0.1789673475465237,0.4383518764656915,0.055506471790744305,0.055506471790744305
OVERALL_ageSexMatched_fd-0.3,fd-0.3,child_0_9,male,Z_pos,5,M5 VentralAttention,88,0.16660406380314927,0.12025781388098647,0.17915435970227894,-0.125807444048199,0.4326917724929044,84,0.17168439993624277,0.12939701324570899,0.18155742870652658,-0.23174719697862756,0.4431839657367945,-0.040706669615431526,0.040706669615431526
OVERALL_ageSexMatched_fd-0.3,fd-0.3,child_0_9,male,Z_pos,6,M6 Visual-B,88,0.23074675333130365,0.14376180794313095,0.24825301729619295,-0.2377532965522513,0.4793158746399907,84,0.2052656153546384,0.15234743532596368,0.2107532189496601,-0.1567050172671595,0.4890100576220819,0.17215142191175056,0.17215142191175056
OVERALL_ageSexMatched_fd-0.3,fd-0.3,child_0_9,male,Z_pos,7,M7 DefaultMode,88,0.1679736237994027,0.1302676990138471,0.18308672213154045,-0.1767718480816763,0.4555850756640029,84,0.19068121931896395,0.13557927656763413,0.20333772105114556,-0.1257591397728231,0.4530456577365314,-0.17087830885204086,0.17087830885204086
OVERALL_ageSexMatched_fd-0.3,fd-0.3,child_0_9,male,Z_pos,8,M8 DorsalAttention,88,0.19257074895155932,0.13834037524636297,0.22247833168996384,-0.1992859408501231,0.5423874413363924,84,0.15892583465810034,0.1459349179418999,0.15502537517557824,-0.1618532280747882,0.5707868163720982,0.23677091563801358,0.23677091563801358
OVERALL_ageSexMatched_fd-0.3,fd-0.3,child_0_9,male,Z_neg,1,M1 Somatomotor,88,-0.24060027675036777,0.2550735966410998,-0.12783441766620865,-0.735390767873592,0.0,84,-0.2495273748138707,0.2622398720304891,-0.2692036566264002,-0.8081471965236484,0.1723425809274532,0.03452124305777871,0.03452124305777871
OVERALL_ageSexMatched_fd-0.3,fd-0.3,child_0_9,male,Z_neg,2,M2 Visual-A,88,-0.30750131862315344,0.14886987069419985,-0.33036447402452107,-0.5712896355972711,0.22165092837856937,84,-0.3273785119462545,0.1441768813542709,-0.35982200253306007,-0.6682233868026236,0.08579299582513315,0.1355903926548494,0.1355903926548494
OVERALL_ageSexMatched_fd-0.3,fd-0.3,child_0_9,male,Z_neg,3,M3 Limbic,88,-0.3294462041105938,0.20800627100810665,-0.3840316337199696,-0.7079028131239872,0.334048170140113,84,-0.35324425538449183,0.22382615572978456,-0.35630665457844585,-0.8620678362670539,0.1428014650901911,0.1102399693841832,0.1102399693841832
OVERALL_ageSexMatched_fd-0.3,fd-0.3,child_0_9,male,Z_neg,4,M4 Frontoparietal,88,-0.31351636562981156,0.13769443141869558,-0.3293529000206261,-0.6479676268054768,0.2326089876026504,84,-0.290119585980469,0.1361511868229105,-0.3034641751355931,-0.6170456715724133,0.0729544173507395,-0.17085032554776844,0.17085032554776844
OVERALL_ageSexMatched_fd-0.3,fd-0.3,child_0_9,male,Z_neg,5,M5 VentralAttention,88,-0.3161962981335911,0.08842703695499565,-0.31327681182367406,-0.6126788686663944,-0.061583480409375696,84,-0.32486517334658777,0.12100348618859798,-0.3338980675602792,-0.6006973028079501,0.013564940975034356,0.08209542191015443,0.08209542191015443
OVERALL_ageSexMatched_fd-0.3,fd-0.3,child_0_9,male,Z_neg,6,M6 Visual-B,88,-0.33089133338185756,0.1657101313157769,-0.34910804390255157,-0.6158433790923001,0.2403922386431377,84,-0.3351953240069033,0.15333384487430407,-0.3532665213628171,-0.6365673688459637,0.1193906363031702,0.026935733061699208,0.026935733061699208
OVERALL_ageSexMatched_fd-0.3,fd-0.3,child_0_9,male,Z_neg,7,M7 DefaultMode,88,-0.3116139856689142,0.09303639091068108,-0.30771131762871895,-0.5345482985043933,-0.0411235064618638,84,-0.2862288822103479,0.09435162930829463,-0.2856153811779115,-0.5767280137179751,0.0530532734269759,-0.27097432593953347,0.27097432593953347
OVERALL_ageSexMatched_fd-0.3,fd-0.3,child_0_9,male,Z_neg,8,M8 DorsalAttention,88,-0.32753377798234085,0.14343371012574813,-0.32747472061219285,-0.5905584845833398,0.0,84,-0.3049063405598852,0.140330487967836,-0.315674279023094,-0.6005577821764916,0.0133209978899171,-0.1594300164272939,0.1594300164272939
OVERALL_ageSexMatched_fd-0.3,fd-0.3,child_0_9,male,Strength_pos,1,M1 Somatomotor,88,49.87403691773604,18.70619550786896,45.532567754227784,21.233527837437578,120.23023593146354,84,49.07808853384722,18.761327287911612,42.67129566939548,22.08904623336275,114.49673411250114,0.042488802133370585,0.042488802133370585
OVERALL_ageSexMatched_fd-0.3,fd-0.3,child_0_9,male,Strength_pos,2,M2 Visual-A,88,39.96953615977825,12.946367264020491,37.13337860922911,20.027489464031532,91.27994561009109,84,38.65376406615302,12.921157921408438,37.35148316557752,14.096108240977628,83.46627602999797,0.10172919820035925,0.10172919820035925
OVERALL_ageSexMatched_fd-0.3,fd-0.3,child_0_9,male,Strength_pos,3,M3 Limbic,88,39.29799495782936,14.846353038852941,35.11536556738429,17.05941709317267,83.41748859547079,84,39.964470497120985,16.10250299504494,37.110147348968894,19.72729143506149,108.03114820219344,-0.04307513514864354,0.04307513514864354
OVERALL_ageSexMatched_fd-0.3,fd-0.3,child_0_9,male,Strength_pos,4,M4 Frontoparietal,88,48.581473051522316,17.53153339030897,43.425339571753284,19.297552160918716,106.55287434533238,84,46.641495292378856,17.06657392182611,41.65943229140248,23.48536147503364,116.94051325693728,0.11209801745594057,0.11209801745594057
OVERALL_ageSexMatched_fd-0.3,fd-0.3,child_0_9,male,Strength_pos,5,M5 VentralAttention,88,48.09279630818119,17.712698363554544,44.418038257799026,24.363614405621774,110.74934746720828,84,46.912098273110416,18.876099668262547,43.000501662019815,21.632095840439433,115.86929434689227,0.06455443693112031,0.06455443693112031
OVERALL_ageSexMatched_fd-0.3,fd-0.3,child_0_9,male,Strength_pos,6,M6 Visual-B,88,47.294244776791565,16.30002191699614,44.239339132545865,23.75241013756022,120.64167989278212,84,46.34831131146997,16.10871730359432,44.57455140375532,17.633382964180782,111.50778888911007,0.05836608649394083,0.05836608649394083
OVERALL_ageSexMatched_fd-0.3,fd-0.3,child_0_9,male,Strength_pos,7,M7 DefaultMode,88,43.9731672308046,15.791595672999183,41.56344736196479,19.04465119121596,89.93514712864999,84,43.60927930949025,15.704158618228336,41.60455028654542,19.22354087093845,115.35728952288628,0.023105511218764144,0.023105511218764144
OVERALL_ageSexMatched_fd-0.3,fd-0.3,child_0_9,male,Strength_pos,8,M8 DorsalAttention,88,51.81958218993993,17.059202907573162,49.567055881227134,22.29976102360524,106.41541080363096,84,49.84018895898797,17.43060337817377,45.210076025978196,23.73492397239897,119.06399145722388,0.1148037824049169,0.1148037824049169
OVERALL_ageSexMatched_fd-0.3,fd-0.3,child_0_9,male,Strength_neg,1,M1 Somatomotor,88,7.869489038766584,5.646815029500146,7.5009259157814085,0.0677434206008911,27.00837147142738,84,7.793944347869174,5.28810796246102,7.598861066624522,0.3095012344419956,23.232025919482112,0.013799078246787095,0.013799078246787095
OVERALL_ageSexMatched_fd-0.3,fd-0.3,child_0_9,male,Strength_neg,2,M2 Visual-A,88,9.232682451455792,5.155385058874772,8.750339661724865,0.2065711766481399,22.329847160726786,84,9.334816547168588,5.546738474736473,8.696501791815535,0.626928261561261,24.815113660646603,-0.019090359409676242,0.019090359409676242
OVERALL_ageSexMatched_fd-0.3,fd-0.3,child_0_9,male,Strength_neg,3,M3 Limbic,88,9.589352906346654,5.197787746911358,9.51083462499082,0.2757278010249138,20.705535837681964,84,10.566646898009605,6.2146703415025275,10.251118984946515,0.8490856289863586,27.660894266329706,-0.17094801505424947,0.17094801505424947
OVERALL_ageSexMatched_fd-0.3,fd-0.3,child_0_9,male,Strength_neg,4,M4 Frontoparietal,88,8.107040595060177,4.860711253304717,7.608025886089308,0.2965617887675762,20.61747211148031,84,9.18664436143384,5.157507046055999,9.318633930524811,0.4821240305900574,20.63987594563514,-0.21558377616056362,0.21558377616056362
OVERALL_ageSexMatched_fd-0.3,fd-0.3,child_0_9,male,Strength_neg,5,M5 VentralAttention,88,8.7397309200045,5.636303558383463,8.045397820096696,0.3107484164647758,22.77851692744298,84,9.713412553093328,5.992110152241935,9.163960256337305,0.6873531591845676,23.58462244446855,-0.16750813241344994,0.16750813241344994
OVERALL_ageSexMatched_fd-0.3,fd-0.3,child_0_9,male,Strength_neg,6,M6 Visual-B,88,8.667887691581903,5.4519561622759065,8.082944011257496,0.3544442765414715,21.093926953151826,84,9.82821757601507,6.3971973045504384,8.727428885096742,1.152057804632932,30.083941306336783,-0.19559520283965343,0.19559520283965343
OVERALL_ageSexMatched_fd-0.3,fd-0.3,child_0_9,male,Strength_neg,7,M7 DefaultMode,88,10.19129247458119,6.730259904368181,9.075870507134823,0.4348431676626205,29.923208888620135,84,10.390961871111747,6.402080041506091,10.05955996713601,0.6971126385033131,26.4771931450814,-0.030381468247201993,0.030381468247201993
OVERALL_ageSexMatched_fd-0.3,fd-0.3,child_0_9,male,Strength_neg,8,M8 DorsalAttention,88,7.641854649319281,4.91161371340825,6.670475496095605,0.0717694275081157,19.335835514240895,84,8.410733159757001,5.26675252964272,8.395022737095132,0.7139696883969009,26.048744240310043,-0.15111300814404222,0.15111300814404222
OVERALL_ageSexMatched_fd-0.3,fd-0.3,child_0_9,female,PC,1,M1 Somatomotor,57,0.8501215074386022,0.005582060500218518,0.8507902721965652,0.8361267286911425,0.8614689335359184,20,0.8543383458927046,0.006203717491505073,0.8556053682389195,0.8407791690406854,0.8623487832294692,-0.7338850262984503,0.7338850262984503
OVERALL_ageSexMatched_fd-0.3,fd-0.3,child_0_9,female,PC,2,M2 Visual-A,57,0.853233366664512,0.003112142686866771,0.8534001598645808,0.8463643794806077,0.859436035891485,20,0.8551681284292414,0.004414205552940465,0.8545548232031477,0.8463393550338549,0.8633184078051739,-0.5546475949149348,0.5546475949149348
OVERALL_ageSexMatched_fd-0.3,fd-0.3,child_0_9,female,PC,3,M3 Limbic,57,0.8531771682532252,0.0036158156604204424,0.8537953805813681,0.8444425621532371,0.8609894396622507,20,0.8555380479010228,0.004390686565331179,0.8561822978219031,0.8462809037669176,0.8635163092337277,-0.6169035007256166,0.6169035007256166
OVERALL_ageSexMatched_fd-0.3,fd-0.3,child_0_9,female,PC,4,M4 Frontoparietal,57,0.8421953239563816,0.005654735444624562,0.8433168132011062,0.8271196528276277,0.8509832361417934,20,0.8460504295860062,0.004369042326761709,0.8449616367360893,0.8392428215101776,0.8535195814832992,-0.7194665660781046,0.7194665660781046
OVERALL_ageSexMatched_fd-0.3,fd-0.3,child_0_9,female,PC,5,M5 VentralAttention,57,0.838354255736931,0.007611938939208822,0.840540089232529,0.8160947777063052,0.8498171908331187,20,0.8407887597707926,0.008859730621475688,0.8430353645155652,0.8196672447086876,0.8509462443046936,-0.3063580001952769,0.3063580001952769
OVERALL_ageSexMatched_fd-0.3,fd-0.3,child_0_9,female,PC,6,M6 Visual-B,57,0.8465201522473599,0.004805082572241918,0.846732649720757,0.8355851696115171,0.8551694422002287,20,0.8445159516991492,0.01075048137699296,0.8470818993327549,0.8155063646027265,0.855316891221903,0.29385302273196195,0.29385302273196195
OVERALL_ageSexMatched_fd-0.3,fd-0.3,child_0_9,female,PC,7,M7 DefaultMode,57,0.8381882667391611,0.0094363973965165,0.8397124406404317,0.8062546662327444,0.8514693013332271,20,0.8461850942525558,0.006417902510346911,0.84727402903366,0.8300718090474011,0.854423268394395,-0.9117847390443717,0.9117847390443717
OVERALL_ageSexMatched_fd-0.3,fd-0.3,child_0_9,female,PC,8,M8 DorsalAttention,57,0.8471045063665394,0.004414381653040102,0.8477096155148431,0.8366839423248651,0.8558893624625246,20,0.8475590025646088,0.005102966573569841,0.8492179719937412,0.8397705762790297,0.8546281569351328,-0.09883391881355452,0.09883391881355452
OVERALL_ageSexMatched_fd-0.3,fd-0.3,child_0_9,female,PC_pos,1,M1 Somatomotor,57,0.8325936158125088,0.013378878154042723,0.8333217077595965,0.793383554890088,0.8539753020096075,20,0.8391481706774782,0.013265228877623256,0.8401832314358859,0.8144827079749144,0.8584146960625498,-0.4909713275642999,0.4909713275642999
OVERALL_ageSexMatched_fd-0.3,fd-0.3,child_0_9,female,PC_pos,2,M2 Visual-A,57,0.8340344268530888,0.012878797789023398,0.8368232790794735,0.7986125239399653,0.8554048909643328,20,0.8316121570610461,0.022353933744379616,0.8404422665376559,0.7619596930171217,0.8492904614661125,0.1530647011394165,0.1530647011394165
OVERALL_ageSexMatched_fd-0.3,fd-0.3,child_0_9,female,PC_pos,3,M3 Limbic,57,0.8275346957889713,0.017011698214428526,0.8284697682552918,0.7796235192894625,0.8509237272689116,20,0.8280098007662173,0.020730696435591334,0.835995122237573,0.7951396712192005,0.8557258399360033,-0.026355836938858332,0.026355836938858332
OVERALL_ageSexMatched_fd-0.3,fd-0.3,child_0_9,female,PC_pos,4,M4 Frontoparietal,57,0.8186090061700494,0.017048260610701964,0.8192231440527223,0.7748973969906501,0.8469411877960007,20,0.8205732728467405,0.015174161463451468,0.822553098782178,0.7695417849074929,0.8410961380199161,-0.11837552989900842,0.11837552989900842
OVERALL_ageSexMatched_fd-0.3,fd-0.3,child_0_9,female,PC_pos,5,M5 VentralAttention,57,0.8068556422805927,0.024567024906152556,0.8134846835221718,0.7391246768454426,0.8411208200373512,20,0.8057315082938123,0.017985055245670248,0.8013702873419088,0.7763326601413724,0.8397799543255638,0.048710569330393916,0.048710569330393916
OVERALL_ageSexMatched_fd-0.3,fd-0.3,child_0_9,female,PC_pos,6,M6 Visual-B,57,0.8178983512240342,0.02438559043872537,0.8260300723984729,0.7395989246709436,0.8488902667903175,20,0.8132336736667349,0.030439019228660085,0.8227640879967797,0.7385989000608002,0.8517808210399747,0.17904916822999936,0.17904916822999936
OVERALL_ageSexMatched_fd-0.3,fd-0.3,child_0_9,female,PC_pos,7,M7 DefaultMode,57,0.7985635985235443,0.03248493175852529,0.8032700414738494,0.7183032064638809,0.8449324720736029,20,0.8128361752770606,0.0258710252705353,0.8191035645127602,0.730420483581599,0.8475462396596752,-0.46124784116487116,0.46124784116487116
OVERALL_ageSexMatched_fd-0.3,fd-0.3,child_0_9,female,PC_pos,8,M8 DorsalAttention,57,0.8274894486802383,0.012472186478192935,0.8287491561540875,0.7907183875591209,0.8509895577039308,20,0.8267178684714803,0.01809615049818751,0.8295535675887977,0.7784039159965661,0.8474945206662087,0.05468113182139664,0.05468113182139664
OVERALL_ageSexMatched_fd-0.3,fd-0.3,child_0_9,female,PC_neg,1,M1 Somatomotor,57,0.7284702864360121,0.08514626416432206,0.7469546882821971,0.245318124941644,0.8247677834910235,20,0.7263588621645651,0.08438056673093791,0.7430986134153894,0.4792433414015478,0.8280732090654968,0.024854045857071037,0.024854045857071037
OVERALL_ageSexMatched_fd-0.3,fd-0.3,child_0_9,female,PC_neg,2,M2 Visual-A,57,0.757747237992886,0.04802860338251936,0.7685052090431802,0.6024741677321153,0.8271407694672179,20,0.7566716729470335,0.03645397777100729,0.7611671959131826,0.6660273830725553,0.810611510305477,0.02370314704113753,0.02370314704113753
OVERALL_ageSexMatched_fd-0.3,fd-0.3,child_0_9,female,PC_neg,3,M3 Limbic,57,0.7634541563801485,0.08397129541528935,0.7851914537918419,0.2262173989002245,0.8280479971373713,20,0.7735239725049736,0.04361456566394445,0.781572361495739,0.6818371846331734,0.8494449519592445,-0.13283402125535282,0.13283402125535282
OVERALL_ageSexMatched_fd-0.3,fd-0.3,child_0_9,female,PC_neg,4,M4 Frontoparietal,57,0.7464636209180622,0.0849828916589019,0.7683585378106577,0.2355628847951925,0.8218427367098369,20,0.7638955074703261,0.050554143473106196,0.7743717850235914,0.5969887607701099,0.8144604621718399,-0.22429929569369716,0.22429929569369716
OVERALL_ageSexMatched_fd-0.3,fd-0.3,child_0_9,female,PC_neg,5,M5 VentralAttention,57,0.7300251578497563,0.09824094548273447,0.7503114549283638,0.1319084228666558,0.8306325903168669,20,0.7600885409594904,0.04057486244376156,0.7639705138419045,0.6413236320290794,0.8162813988231057,-0.3443219110838949,0.3443219110838949
OVERALL_ageSexMatched_fd-0.3,fd-0.3,child_0_9,female,PC_neg,6,M6 Visual-B,57,0.7442047441371693,0.07025603285365087,0.7607203259007473,0.3784605948712102,0.8302327646400967,20,0.7573505172548897,0.032503694166773275,0.7511138519724585,0.6911129604538362,0.8076989665963775,-0.20908165432680936,0.20908165432680936
OVERALL_ageSexMatched_fd-0.3,fd-0.3,child_0_9,female,PC_neg,7,M7 DefaultMode,57,0.7465514140048419,0.07304601205792033,0.7596547583829477,0.31556509922928,0.8196609200068925,20,0.7672365642844846,0.030535873107264785,0.7720724668483492,0.6894291128425627,0.813335269711163,-0.31841316960286525,0.31841316960286525
OVERALL_ageSexMatched_fd-0.3,fd-0.3,child_0_9,female,PC_neg,8,M8 DorsalAttention,57,0.7076789685569133,0.089325846553377,0.7160057964791013,0.3052720705283803,0.8136714554616608,20,0.7286811592807313,0.06323261396312566,0.7481208012585389,0.5646239244366718,0.8056090455299197,-0.2515520733616716,0.2515520733616716
OVERALL_ageSexMatched_fd-0.3,fd-0.3,child_0_9,female,Z,1,M1 Somatomotor,57,0.1515443004790103,0.17957130883935526,0.1594886421538099,-0.2623833407914707,0.4400044752180322,20,0.21572940624116566,0.17924859087625022,0.2545618344937281,-0.1046476671324123,0.4446955669750738,-0.3575978927060792,0.3575978927060792
OVERALL_ageSexMatched_fd-0.3,fd-0.3,child_0_9,female,Z,2,M2 Visual-A,57,0.07647353469379846,0.1928056633570141,0.0831094627528857,-0.3462659532793426,0.45280943102471644,20,0.12460149137214556,0.17085362672408075,0.14869802943217167,-0.1543759838412446,0.392346334694147,-0.25669923693427527,0.25669923693427527
OVERALL_ageSexMatched_fd-0.3,fd-0.3,child_0_9,female,Z,3,M3 Limbic,57,0.11260451665568057,0.2284275104080126,0.0929400492801769,-0.3619977338504778,0.5643632575434601,20,0.0926503528219285,0.26563525731469834,0.06984467048952944,-0.3551927853424936,0.477359430921825,0.08369918481256963,0.08369918481256963
OVERALL_ageSexMatched_fd-0.3,fd-0.3,child_0_9,female,Z,4,M4 Frontoparietal,57,0.10803503074048221,0.14450018627485667,0.1143557854771066,-0.1393571501039076,0.4640523806012098,20,0.15946001970055473,0.14870296849947795,0.18416175258911985,-0.0249872315346271,0.4462167981934158,-0.35325094310257593,0.35325094310257593
OVERALL_ageSexMatched_fd-0.3,fd-0.3,child_0_9,female,Z,5,M5 VentralAttention,57,0.14752322241177165,0.1645167592982471,0.17147225354175427,-0.2295648511559898,0.46754298934590743,20,0.11110271210369167,0.16159922531529955,0.13188987618118625,-0.28771623853324824,0.43695995539748905,0.22237110563946835,0.22237110563946835
OVERALL_ageSexMatched_fd-0.3,fd-0.3,child_0_9,female,Z,6,M6 Visual-B,57,0.17835949133521492,0.1498279268870539,0.2061061444726324,-0.2028193650387325,0.3986772569575187,20,0.18908313222972745,0.17423393602168924,0.18649007226812542,-0.2698226987605298,0.4636724859446098,-0.06857799038039435,0.06857799038039435
OVERALL_ageSexMatched_fd-0.3,fd-0.3,child_0_9,female,Z,7,M7 DefaultMode,57,0.13964155900100314,0.16491317425765858,0.1866585360132441,-0.2370828137623197,0.4279175049688529,20,0.18020548480593396,0.14682436813054145,0.19621016092297433,-0.0581059214167062,0.408420455968805,-0.252697620891565,0.252697620891565
OVERALL_ageSexMatched_fd-0.3,fd-0.3,child_0_9,female,Z,8,M8 DorsalAttention,57,0.12594513639915875,0.16316529597211152,0.1573142012988715,-0.309096397550894,0.480584425945896,20,0.10530353348748026,0.15368593334464842,0.12977926652150895,-0.2302469657791666,0.3316748872347437,0.12835483685195517,0.12835483685195517
OVERALL_ageSexMatched_fd-0.3,fd-0.3,child_0_9,female,Z_pos,1,M1 Somatomotor,57,0.18463344328655862,0.16226778333708555,0.1820827538509265,-0.2551597687839405,0.4745660401141122,20,0.17856340206038726,0.19464515878539307,0.23191319687101652,-0.2920692703530474,0.4446955669750738,0.03548680328900969,0.03548680328900969
OVERALL_ageSexMatched_fd-0.3,fd-0.3,child_0_9,female,Z_pos,2,M2 Visual-A,57,0.09352103167162126,0.1840278167560431,0.11621036900450635,-0.4036240613565175,0.4605774730119717,20,0.15308741644754856,0.14658205892377738,0.15326893167924885,-0.1298213977327703,0.3780653920079327,-0.3397974046871836,0.3397974046871836
OVERALL_ageSexMatched_fd-0.3,fd-0.3,child_0_9,female,Z_pos,3,M3 Limbic,57,0.0958477660027336,0.2508440955151014,0.0984405403832743,-0.6209604872530394,0.5836213638135475,20,0.12939690816718338,0.23384295753445106,0.08360056620293574,-0.2576828950536759,0.5062069164592071,-0.13602033029867483,0.13602033029867483
OVERALL_ageSexMatched_fd-0.3,fd-0.3,child_0_9,female,Z_pos,4,M4 Frontoparietal,57,0.12855204356505653,0.13713682542693537,0.1198132702538364,-0.1277516909038408,0.4678375623410966,20,0.14190673533985523,0.15377055002200324,0.16303374330734025,-0.1891286664777862,0.4486356079860363,-0.09435563593273329,0.09435563593273329
OVERALL_ageSexMatched_fd-0.3,fd-0.3,child_0_9,female,Z_pos,5,M5 VentralAttention,57,0.19262309250853538,0.134656498036933,0.20047758730386325,-0.10241922856715505,0.4865566670329396,20,0.14498848294417072,0.14632669422031983,0.12996638047015405,-0.12329324044107351,0.5391454923093766,0.3459139785691456,0.3459139785691456
OVERALL_ageSexMatched_fd-0.3,fd-0.3,child_0_9,female,Z_pos,6,M6 Visual-B,57,0.20596278259539702,0.1324566764332594,0.2422773965171533,-0.1607773846020009,0.4477940556851968,20,0.20409417728888793,0.17524348785938076,0.2269200610397514,-0.2698226987605298,0.4647001045130116,0.012931591689018513,0.012931591689018513
OVERALL_ageSexMatched_fd-0.3,fd-0.3,child_0_9,female,Z_pos,7,M7 DefaultMode,57,0.1960205725164092,0.12838052925857768,0.2005459345819225,-0.0742160597306247,0.4406951842023138,20,0.24571095726899075,0.12952666335723176,0.2613128185572525,0.0418009377562891,0.478099676777698,-0.3861791465716995,0.3861791465716995
OVERALL_ageSexMatched_fd-0.3,fd-0.3,child_0_9,female,Z_pos,8,M8 DorsalAttention,57,0.13371085246088377,0.1473638421168992,0.1561563254443603,-0.1245895865780698,0.454260090030117,20,0.15164108074105687,0.15062467204170182,0.14598671822161996,-0.1224481761303512,0.3944523493190632,-0.12098938549841123,0.12098938549841123
OVERALL_ageSexMatched_fd-0.3,fd-0.3,child_0_9,female,Z_neg,1,M1 Somatomotor,57,-0.28400510920182886,0.27206846715082295,-0.314734145729967,-0.7466604544510913,0.3113239234732836,20,-0.18896274084559256,0.2836183119622581,0.0,-0.6163353247328519,0.3344716558547356,-0.34555796799953914,0.34555796799953914
OVERALL_ageSexMatched_fd-0.3,fd-0.3,child_0_9,female,Z_neg,2,M2 Visual-A,57,-0.2642183701263964,0.1423541572000675,-0.25865623080822153,-0.6131444547961774,0.18068911109469085,20,-0.3023540856597718,0.1205791207457784,-0.2947798554633197,-0.4886487026771664,-0.0590119375668877,0.27802774903851596,0.27802774903851596
OVERALL_ageSexMatched_fd-0.3,fd-0.3,child_0_9,female,Z_neg,3,M3 Limbic,57,-0.28921798593822157,0.2019140380982098,-0.3259203780406881,-0.8020137839987784,0.199946770474819,20,-0.32178218088791255,0.1989850759169383,-0.34098393473725763,-0.6756050908244516,0.0,0.16186912963666356,0.16186912963666356
OVERALL_ageSexMatched_fd-0.3,fd-0.3,child_0_9,female,Z_neg,4,M4 Frontoparietal,57,-0.29696601252541655,0.11899211726520258,-0.291730112843558,-0.5589676979595809,0.0,20,-0.3036789203104998,0.11059256752502462,-0.3194701057921362,-0.4743619810838533,0.0522496446389551,0.057413892181981854,0.057413892181981854
OVERALL_ageSexMatched_fd-0.3,fd-0.3,child_0_9,female,Z_neg,5,M5 VentralAttention,57,-0.3138474499101835,0.0948245375507524,-0.31664791893189803,-0.5333505915360549,0.0,20,-0.26749967217321313,0.10635150835592391,-0.25629967193050474,-0.5018509820124617,-0.07349724449668625,-0.473549294400368,0.473549294400368
OVERALL_ageSexMatched_fd-0.3,fd-0.3,child_0_9,female,Z_neg,6,M6 Visual-B,57,-0.3347234192686992,0.15576583894452115,-0.3531844653495413,-0.6836691694832157,0.1005086327523798,20,-0.3525899997869655,0.17105247444476038,-0.3733672409289116,-0.702800406538868,0.0,0.1118220937132426,0.1118220937132426
OVERALL_ageSexMatched_fd-0.3,fd-0.3,child_0_9,female,Z_neg,7,M7 DefaultMode,57,-0.2997520002968065,0.085962717181308,-0.2923200296637641,-0.6194062618762217,-0.0995116287313023,20,-0.284344176025825,0.08307466304473209,-0.2760130062487509,-0.4307999640573769,-0.1557054038126431,-0.1807574412103215,0.1807574412103215
OVERALL_ageSexMatched_fd-0.3,fd-0.3,child_0_9,female,Z_neg,8,M8 DorsalAttention,57,-0.3538358056655371,0.1791059397800157,-0.361801872268233,-0.6614250708354743,0.060185526844693,20,-0.31384215765276996,0.08817846208121816,-0.29892861361187023,-0.5167266531817768,-0.1909908314127987,-0.24840271153006627,0.24840271153006627
OVERALL_ageSexMatched_fd-0.3,fd-0.3,child_0_9,female,Strength_pos,1,M1 Somatomotor,57,47.778767150228845,14.819705359296616,46.2132456919644,19.305724859819748,93.21790159679948,20,47.92258234026813,16.168288664043445,49.88921251986176,23.9996198839508,74.8049601316452,-0.009478557578258495,0.009478557578258495
OVERALL_ageSexMatched_fd-0.3,fd-0.3,child_0_9,female,Strength_pos,2,M2 Visual-A,57,37.56788411967742,10.509103264217623,37.48225651669782,18.396141060540685,76.88106160686584,20,37.32218277256216,9.902892192922279,35.64410273551766,22.869661104807165,59.186302568152314,0.023718897681205813,0.023718897681205813
OVERALL_ageSexMatched_fd-0.3,fd-0.3,child_0_9,female,Strength_pos,3,M3 Limbic,57,34.39675772834302,13.164448668866802,33.01912645902485,14.719302983372472,90.91347755491734,20,34.09294003198083,10.419525575052079,31.52299802924972,13.194570939987898,59.72465868084692,0.0242547956025863,0.0242547956025863
OVERALL_ageSexMatched_fd-0.3,fd-0.3,child_0_9,female,Strength_pos,4,M4 Frontoparietal,57,47.94068099865724,15.192176233417193,48.2347421980885,22.73795365542173,103.03967981226742,20,44.41088494683572,10.406362548714913,40.85153633507434,30.498929677531123,66.34401276416611,0.2497401675132275,0.2497401675132275
OVERALL_ageSexMatched_fd-0.3,fd-0.3,child_0_9,female,Strength_pos,5,M5 VentralAttention,57,47.11408768141867,15.892638579982115,46.63504006591393,22.057601560256444,104.71455485094339,20,42.75939928017988,12.332147826495415,40.49689155467786,27.74333650438348,71.71382756647654,0.2889560721943238,0.2889560721943238
OVERALL_ageSexMatched_fd-0.3,fd-0.3,child_0_9,female,Strength_pos,6,M6 Visual-B,57,45.49451370265958,15.396292211288072,42.18546473630704,25.682162707904357,94.04569007828832,20,44.53384358028361,12.108100586172819,42.893543623620644,27.26858903700486,71.37914030067623,0.06564944269066879,0.06564944269066879
OVERALL_ageSexMatched_fd-0.3,fd-0.3,child_0_9,female,Strength_pos,7,M7 DefaultMode,57,42.89972061528029,13.972389342644652,42.517423560493626,23.49556942051277,101.39164776727556,20,38.5559750616092,8.586907432018014,40.45231042793603,24.63229923252948,52.32323296926916,0.3387256431434001,0.3387256431434001
OVERALL_ageSexMatched_fd-0.3,fd-0.3,child_0_9,female,Strength_pos,8,M8 DorsalAttention,57,50.37155894637963,15.305387712211555,48.00270543433726,27.190811143722385,99.65756494086236,20,47.02944996972146,11.227919966319819,43.0819226851454,28.845719317439944,69.31997745623812,0.23237847744138665,0.23237847744138665
OVERALL_ageSexMatched_fd-0.3,fd-0.3,child_0_9,female,Strength_neg,1,M1 Somatomotor,57,7.677801334688347,4.4165183678394575,7.290723595884629,1.0268506035208702,18.819238649623003,20,8.91388974641086,5.298910463715454,7.372738231439143,3.5963758938014507,21.847628059214912,-0.2654885462521538,0.2654885462521538
OVERALL_ageSexMatched_fd-0.3,fd-0.3,child_0_9,female,Strength_neg,2,M2 Visual-A,57,9.62580561931035,4.66647495494396,9.424312211078359,2.0172903191123623,21.691285476088524,20,12.850027228174076,4.974541493946704,12.494588474233751,4.202527439629193,24.646982127451338,-0.6792969094677501,0.6792969094677501
OVERALL_ageSexMatched_fd-0.3,fd-0.3,child_0_9,female,Strength_neg,3,M3 Limbic,57,12.093602947937764,6.007375312006423,11.29973134212196,2.010565641336143,30.49546672683209,20,15.23628907858656,9.150748121269286,12.741732441951171,4.67436587670818,39.56513272598386,-0.4528568723651106,0.4528568723651106
OVERALL_ageSexMatched_fd-0.3,fd-0.3,child_0_9,female,Strength_neg,4,M4 Frontoparietal,57,8.319773559000751,4.46226176772535,7.404080847278237,1.217662856914103,18.81747064460069,20,11.010378990695244,5.271779341362834,9.151267539244145,4.691471732628997,23.32240224722773,-0.5748420018076654,0.5748420018076654
OVERALL_ageSexMatched_fd-0.3,fd-0.3,child_0_9,female,Strength_neg,5,M5 VentralAttention,57,9.297059268873182,5.247461802603771,8.033050351543352,1.3510127083864063,24.67737615527585,20,11.78193630540045,5.571257396523836,10.347761716300738,4.989111053291708,24.144449718878604,-0.4660877478240666,0.4660877478240666
OVERALL_ageSexMatched_fd-0.3,fd-0.3,child_0_9,female,Strength_neg,6,M6 Visual-B,57,9.990386064247408,6.209907208364601,8.204881766345352,1.461618758738041,27.02427015826106,20,12.111865426344957,7.59148252963865,10.775811415514909,4.151616456510965,38.5102366847932,-0.3220526410384229,0.3220526410384229
OVERALL_ageSexMatched_fd-0.3,fd-0.3,child_0_9,female,Strength_neg,7,M7 DefaultMode,57,11.353657422423886,6.179376588796564,9.896580052212812,0.9876992274075748,25.444599074777216,20,12.537277948041446,6.502737404585538,10.592414968297817,6.62877378356643,29.78945397119969,-0.1889899982471199,0.1889899982471199
OVERALL_ageSexMatched_fd-0.3,fd-0.3,child_0_9,female,Strength_neg,8,M8 DorsalAttention,57,8.234420516323953,4.6287045020173805,7.658314320258796,0.9753100185189396,22.150124330073595,20,9.898579443483323,5.00570934939432,9.170518628321588,4.043143233284354,22.10384357953444,-0.3520496843147024,0.3520496843147024
OVERALL_ageSexMatched_fd-0.3,fd-0.3,preteen_10_12,male,PC,1,M1 Somatomotor,151,0.8510823626273943,0.005984244180073246,0.8520209912114937,0.8286923965840226,0.8641574014566136,115,0.8427936888008775,0.0795737270738093,0.8508806180466566,0.0,0.8638897749002505,0.1579264779938112,0.1579264779938112
OVERALL_ageSexMatched_fd-0.3,fd-0.3,preteen_10_12,male,PC,2,M2 Visual-A,151,0.8536382257646256,0.0033125991556691757,0.8538137121390383,0.8456618320618834,0.8631867632661023,115,0.8456714511339171,0.07964853070774819,0.8532179150244863,0.0,0.863551240593057,0.15204097269247605,0.15204097269247605
OVERALL_ageSexMatched_fd-0.3,fd-0.3,preteen_10_12,male,PC,3,M3 Limbic,151,0.8543171864798085,0.003582476513805817,0.8543111639743141,0.8447567595107188,0.8645154084852739,115,0.8468832783740591,0.0797908668612169,0.853773681522492,0.0,0.865721672201497,0.14159187525038375,0.14159187525038375
OVERALL_ageSexMatched_fd-0.3,fd-0.3,preteen_10_12,male,PC,4,M4 Frontoparietal,151,0.8427703678309563,0.0050027534848211125,0.843444465092559,0.8286649100335675,0.8550166139486135,115,0.8418024898384883,0.0160476359799831,0.843927816883021,0.6802100741325912,0.8557980741983631,0.08642288946639155,0.08642288946639155
OVERALL_ageSexMatched_fd-0.3,fd-0.3,preteen_10_12,male,PC,5,M5 VentralAttention,151,0.8400310705169609,0.008235023549270585,0.8414726919374453,0.8096069460280835,0.8527299225803735,115,0.8325901780496021,0.07863573808639847,0.8405280628012217,0.0,0.8550643483828033,0.14296952904353,0.14296952904353
OVERALL_ageSexMatched_fd-0.3,fd-0.3,preteen_10_12,male,PC,6,M6 Visual-B,151,0.8460279236168996,0.0072893300379709034,0.8472646399559083,0.8048317566045406,0.8587196189937975,115,0.8387984288545435,0.07928913484369896,0.8479283291359473,0.0,0.8590915032819932,0.1379883092984782,0.1379883092984782
OVERALL_ageSexMatched_fd-0.3,fd-0.3,preteen_10_12,male,PC,7,M7 DefaultMode,151,0.8405481704637107,0.007575653696631517,0.8418885016106922,0.8198723179414834,0.853810268740454,115,0.8345851722490507,0.07878546814480347,0.8426075949427553,0.0,0.8551636964601497,0.11448334372841051,0.11448334372841051
OVERALL_ageSexMatched_fd-0.3,fd-0.3,preteen_10_12,male,PC,8,M8 DorsalAttention,151,0.846910821487904,0.005055681370356064,0.8473600911113937,0.828438648609805,0.8577432511229158,115,0.8393586763977303,0.07908491662253894,0.8468254621562417,0.0,0.8564610066580205,0.14493113038331784,0.14493113038331784
OVERALL_ageSexMatched_fd-0.3,fd-0.3,preteen_10_12,male,PC_pos,1,M1 Somatomotor,151,0.8361701336126348,0.016416754494181725,0.8405010231935837,0.7814118219198884,0.862067913427732,115,0.8301019766896873,0.07975842760646963,0.8416729325446202,0.0,0.8619087741907994,0.11268086957883516,0.11268086957883516
OVERALL_ageSexMatched_fd-0.3,fd-0.3,preteen_10_12,male,PC_pos,2,M2 Visual-A,151,0.8371362624725152,0.013382424231442326,0.8379410959245146,0.7930851626595234,0.8587925259784439,115,0.8285042156451319,0.07910409683707871,0.8365506794095764,0.0,0.8579583191994462,0.1630186211117927,0.1630186211117927
OVERALL_ageSexMatched_fd-0.3,fd-0.3,preteen_10_12,male,PC_pos,3,M3 Limbic,151,0.8361764094442032,0.013616875229458193,0.838253059593085,0.7932714316977239,0.8614002135095815,115,0.8298548488285226,0.07952347285003734,0.8393089531653084,0.0,0.8603541195948472,0.11870219341441542,0.11870219341441542
OVERALL_ageSexMatched_fd-0.3,fd-0.3,preteen_10_12,male,PC_pos,4,M4 Frontoparietal,151,0.8207508313618611,0.018693839719213654,0.8238060187767018,0.7612320737614511,0.8549087451466315,115,0.8234830203112048,0.020437354038463678,0.8276453381464308,0.6669051201317625,0.8525501475596892,-0.14035778872265148,0.14035778872265148
OVERALL_ageSexMatched_fd-0.3,fd-0.3,preteen_10_12,male,PC_pos,5,M5 VentralAttention,151,0.8137122266801043,0.024560660556263277,0.8173414274364149,0.7368259512871005,0.8498859345426626,115,0.8093547299041708,0.07871669187241431,0.8205413005653291,0.0,0.850997776244753,0.07931346145129814,0.07931346145129814
OVERALL_ageSexMatched_fd-0.3,fd-0.3,preteen_10_12,male,PC_pos,6,M6 Visual-B,151,0.8220940885842863,0.026255609770100535,0.8276677559065387,0.7053602187128393,0.8586837090558725,115,0.8166087714321688,0.0818501733843202,0.8325720149050213,0.0,0.8521957260749463,0.09571033944346859,0.09571033944346859
OVERALL_ageSexMatched_fd-0.3,fd-0.3,preteen_10_12,male,PC_pos,7,M7 DefaultMode,151,0.8047476800303984,0.03528060556520906,0.8103950980500291,0.6580597090126753,0.8512439827655311,115,0.80912490176668,0.0796068639490899,0.8214213022637934,0.0,0.8536139408282836,-0.07459016157359015,0.07459016157359015
OVERALL_ageSexMatched_fd-0.3,fd-0.3,preteen_10_12,male,PC_pos,8,M8 DorsalAttention,151,0.8287782703773259,0.01615891413375032,0.832379694744328,0.7690112873093301,0.8568277195105853,115,0.8237301031188572,0.07856779576618393,0.8329058485252405,0.0,0.8540514980947198,0.09516499748240928,0.09516499748240928
OVERALL_ageSexMatched_fd-0.3,fd-0.3,preteen_10_12,male,PC_neg,1,M1 Somatomotor,151,0.7117130693240109,0.0833689582692247,0.7364707815606654,0.3035765434229387,0.8157256399130653,115,0.7095610804064537,0.11082805138315159,0.7373400500651217,0.0,0.8245363050932963,0.022371636590664885,0.022371636590664885
OVERALL_ageSexMatched_fd-0.3,fd-0.3,preteen_10_12,male,PC_neg,2,M2 Visual-A,151,0.7406263104100433,0.06665978942435409,0.7581631765475372,0.4449772400884078,0.8276840145562603,115,0.7368378764294532,0.09825084385855953,0.7631671990636137,0.0,0.8304430977428638,0.04630669241607026,0.04630669241607026
OVERALL_ageSexMatched_fd-0.3,fd-0.3,preteen_10_12,male,PC_neg,3,M3 Limbic,151,0.7425434013427537,0.08812290461277729,0.7661613100817808,0.1058417276159466,0.8246386727044985,115,0.7424443604493216,0.09041258008911336,0.766470214268347,0.0,0.8363190924425641,0.001111335019573155,0.001111335019573155
OVERALL_ageSexMatched_fd-0.3,fd-0.3,preteen_10_12,male,PC_neg,4,M4 Frontoparietal,151,0.741609286156284,0.08088858000712226,0.7646234045127008,0.4375717234681197,0.8348098240994355,115,0.7426775251992545,0.07268139001409943,0.7620636373404037,0.4412682727387317,0.8391125193916682,-0.013792391490660593,0.013792391490660593
OVERALL_ageSexMatched_fd-0.3,fd-0.3,preteen_10_12,male,PC_neg,5,M5 VentralAttention,151,0.7160249208461534,0.09006163689686801,0.7391511477930139,0.392905610230763,0.8173991350723899,115,0.7209599673564213,0.10980936033207069,0.7511634544194561,0.0,0.8342298980157183,-0.049812162875819424,0.049812162875819424
OVERALL_ageSexMatched_fd-0.3,fd-0.3,preteen_10_12,male,PC_neg,6,M6 Visual-B,151,0.7160808503714899,0.09015469779478254,0.7430204672680165,0.3504287533885153,0.8191397514585169,115,0.7259552950717814,0.1021214767969315,0.7526954688588146,0.0,0.8303452843337021,-0.10339051701729776,0.10339051701729776
OVERALL_ageSexMatched_fd-0.3,fd-0.3,preteen_10_12,male,PC_neg,7,M7 DefaultMode,151,0.7423909177344583,0.08176090560106798,0.764376485638964,0.2714226717714644,0.8286266499746806,115,0.7425973050691592,0.09050597900157345,0.7574339259685658,0.0,0.8378727253316763,-0.002409749577112308,0.002409749577112308
OVERALL_ageSexMatched_fd-0.3,fd-0.3,preteen_10_12,male,PC_neg,8,M8 DorsalAttention,151,0.6954968346341018,0.0875323976560386,0.7266831075884219,0.3185190004909431,0.8078340513319423,115,0.7013623339484422,0.11045333359097172,0.7308700522892853,0.0,0.825475150195753,-0.05979751792210184,0.05979751792210184
OVERALL_ageSexMatched_fd-0.3,fd-0.3,preteen_10_12,male,Z,1,M1 Somatomotor,151,0.17704331119684,0.17907008164971652,0.1857754915287558,-0.3777095736969219,0.5398728561827656,115,0.18411736625726166,0.20765999697093998,0.2025029286027377,-0.3859309747182403,0.6273993967699534,-0.036855772771646936,0.036855772771646936
OVERALL_ageSexMatched_fd-0.3,fd-0.3,preteen_10_12,male,Z,2,M2 Visual-A,151,0.08610493539744704,0.1786647604075016,0.09490520610019346,-0.38988669937857856,0.468904988008053,115,0.07400934148725646,0.184909542675117,0.0834637562620422,-0.41042993967115177,0.49922339994770704,0.06668363262764165,0.06668363262764165
OVERALL_ageSexMatched_fd-0.3,fd-0.3,preteen_10_12,male,Z,3,M3 Limbic,151,0.07051340060869539,0.21166850038878798,0.0910046771952177,-0.4389205498157751,0.679979933607739,115,0.13488829424874213,0.18944737288819313,0.1566922790663326,-0.3443457451507367,0.4777569659124167,-0.31810090503430327,0.31810090503430327
OVERALL_ageSexMatched_fd-0.3,fd-0.3,preteen_10_12,male,Z,4,M4 Frontoparietal,151,0.08536976713941175,0.1567366139494322,0.0927002025065822,-0.266792311847939,0.3920998091171313,115,0.1030769286196416,0.1489554204257451,0.1129417091680315,-0.3255735036669369,0.4020953814988506,-0.11541251167955877,0.11541251167955877
OVERALL_ageSexMatched_fd-0.3,fd-0.3,preteen_10_12,male,Z,5,M5 VentralAttention,151,0.1344401864848491,0.1520185243453183,0.13330229048335054,-0.2813689925200352,0.47279416423002824,115,0.12326141643236645,0.14205895488699025,0.1317298052400038,-0.4827425437370651,0.4451574131646321,0.07563435930059009,0.07563435930059009
OVERALL_ageSexMatched_fd-0.3,fd-0.3,preteen_10_12,male,Z,6,M6 Visual-B,151,0.19150982385726398,0.14555556202836478,0.1902207703321388,-0.2453057710550925,0.5610414951096289,115,0.182602862910425,0.14919650301322324,0.1993835312497177,-0.3306089748855182,0.53787183811189,0.060534397193182425,0.060534397193182425
OVERALL_ageSexMatched_fd-0.3,fd-0.3,preteen_10_12,male,Z,7,M7 DefaultMode,151,0.17632601628274133,0.15096996519207145,0.2105688059394583,-0.2101197116446134,0.4817262564909115,115,0.15554814481790014,0.17659608468239776,0.1807027798365876,-0.7648693094302833,0.5887401286163914,0.1278384861379402,0.1278384861379402
OVERALL_ageSexMatched_fd-0.3,fd-0.3,preteen_10_12,male,Z,8,M8 DorsalAttention,151,0.14250773069015313,0.14358651804324107,0.1433566418193659,-0.2809102974729987,0.475562413578749,115,0.14750562412453821,0.1677725557365954,0.1587392644839844,-0.5221885708685428,0.4597259998658352,-0.03234973063702736,0.03234973063702736
OVERALL_ageSexMatched_fd-0.3,fd-0.3,preteen_10_12,male,Z_pos,1,M1 Somatomotor,151,0.18280223349015873,0.17880248862878603,0.1901480689778974,-0.295653844682985,0.5635217714961913,115,0.19853215578613373,0.19689355216227394,0.2121900209851473,-0.4251817135818015,0.6123860525901144,-0.08419396747470584,0.08419396747470584
OVERALL_ageSexMatched_fd-0.3,fd-0.3,preteen_10_12,male,Z_pos,2,M2 Visual-A,151,0.1405778323027285,0.1604146611776834,0.13380372657579184,-0.2964300864860013,0.5927612186588789,115,0.1228137823839671,0.16438526921208074,0.1502608421654822,-0.3128479438198825,0.49272047534042174,0.10955915666137192,0.10955915666137192
OVERALL_ageSexMatched_fd-0.3,fd-0.3,preteen_10_12,male,Z_pos,3,M3 Limbic,151,0.10232101504804049,0.19712079976863903,0.1332580498950155,-0.3573018583944218,0.6524276885102755,115,0.12745771548414375,0.21151364384495586,0.1551619659168268,-0.4848540396435479,0.5149428385919897,-0.12354564835208552,0.12354564835208552
OVERALL_ageSexMatched_fd-0.3,fd-0.3,preteen_10_12,male,Z_pos,4,M4 Frontoparietal,151,0.12779841119573174,0.13999172177836236,0.1318584441197343,-0.2955387947442399,0.3868998839630323,115,0.12988712429713994,0.1442413847473273,0.1542793340248617,-0.3508090672630991,0.4171669202575931,-0.014725588068372873,0.014725588068372873
OVERALL_ageSexMatched_fd-0.3,fd-0.3,preteen_10_12,male,Z_pos,5,M5 VentralAttention,151,0.17813664942857863,0.1446690858444777,0.18346077462623014,-0.23876263717837448,0.5264159665032416,115,0.1468802314746486,0.13400011142700644,0.15612871024014244,-0.4349327176610738,0.41009234847664877,0.22300257539034993,0.22300257539034993
OVERALL_ageSexMatched_fd-0.3,fd-0.3,preteen_10_12,male,Z_pos,6,M6 Visual-B,151,0.21220824219870477,0.14821760199995174,0.2142783189396084,-0.2488658391249892,0.5777994802743827,115,0.1961104385278599,0.14712354457222676,0.1949064164152464,-0.2027298603733963,0.4953203638844474,0.1089558162221541,0.1089558162221541
OVERALL_ageSexMatched_fd-0.3,fd-0.3,preteen_10_12,male,Z_pos,7,M7 DefaultMode,151,0.21702109719171134,0.13007494788376062,0.2196264614720036,-0.1661720183547145,0.4555970671902124,115,0.1881784797495577,0.16347727152799257,0.2016235626865728,-0.695931886849563,0.521183665525157,0.19830899831800683,0.19830899831800683
OVERALL_ageSexMatched_fd-0.3,fd-0.3,preteen_10_12,male,Z_pos,8,M8 DorsalAttention,151,0.16357752302864784,0.1286265196454787,0.1678735781716818,-0.1856216461042226,0.4518183944806475,115,0.17194192956287122,0.15271188971094676,0.176289718115427,-0.500183180832438,0.4597259998658352,-0.05994359255239698,0.05994359255239698
OVERALL_ageSexMatched_fd-0.3,fd-0.3,preteen_10_12,male,Z_neg,1,M1 Somatomotor,151,-0.21978614141841007,0.25843563690014043,0.0,-0.7578145926522237,0.0,115,-0.20493799163700835,0.23835216185528513,0.0,-0.7357614412096761,0.0,-0.05940180421686721,0.05940180421686721
OVERALL_ageSexMatched_fd-0.3,fd-0.3,preteen_10_12,male,Z_neg,2,M2 Visual-A,151,-0.2940712157069597,0.14265293368972037,-0.2959231955942478,-0.682666948135566,0.08905870452130155,115,-0.3135805506615081,0.1468942300943682,-0.3109787802217416,-0.6813680373883862,0.098511957838432,0.13501300217628864,0.13501300217628864
OVERALL_ageSexMatched_fd-0.3,fd-0.3,preteen_10_12,male,Z_neg,3,M3 Limbic,151,-0.3344539214712999,0.2166820998134577,-0.3569710728328148,-0.7254546856701216,0.1656832122291778,115,-0.3225033477792432,0.2010151756709306,-0.3024225302791855,-0.6986473156492535,0.2645459581743225,-0.05689117661146645,0.05689117661146645
OVERALL_ageSexMatched_fd-0.3,fd-0.3,preteen_10_12,male,Z_neg,4,M4 Frontoparietal,151,-0.30685345710581685,0.13254480128392707,-0.3026021485050612,-0.6375627084257162,0.1279165970540832,115,-0.29571037675878975,0.11919318899435948,-0.2911291109179684,-0.6347760480077863,0.0755567469557062,-0.08777416474942056,0.08777416474942056
OVERALL_ageSexMatched_fd-0.3,fd-0.3,preteen_10_12,male,Z_neg,5,M5 VentralAttention,151,-0.30400928689912354,0.10356597183735938,-0.31034683462883117,-0.5615155195614331,0.04197942802280155,115,-0.31617282344504494,0.11704437004239891,-0.3159897707584741,-0.6308583337234233,0.0,0.11099156516018045,0.11099156516018045
OVERALL_ageSexMatched_fd-0.3,fd-0.3,preteen_10_12,male,Z_neg,6,M6 Visual-B,151,-0.30401973216242917,0.17220593417351074,-0.3168238897341376,-0.7033421750446927,0.0,115,-0.31376924112752214,0.1676985586237874,-0.3312530959504721,-0.6899316666046231,0.0558520140674557,0.05725769766923853,0.05725769766923853
OVERALL_ageSexMatched_fd-0.3,fd-0.3,preteen_10_12,male,Z_neg,7,M7 DefaultMode,151,-0.298764603670365,0.08519354196270407,-0.2916246594744719,-0.5294964347954527,-0.0068067248540188,115,-0.308778859976748,0.109456801777255,-0.3021813343141372,-0.663098440565518,0.0053731246068837,0.10385778230329365,0.10385778230329365
OVERALL_ageSexMatched_fd-0.3,fd-0.3,preteen_10_12,male,Z_neg,8,M8 DorsalAttention,151,-0.32399086131014915,0.14464288606228912,-0.3290556044596084,-0.7281707196258386,0.0,115,-0.315431513727842,0.1576559656530054,-0.3342905193848964,-0.6240348233707098,0.0,-0.05691042025081865,0.05691042025081865
OVERALL_ageSexMatched_fd-0.3,fd-0.3,preteen_10_12,male,Strength_pos,1,M1 Somatomotor,151,53.22168150381261,20.192881968650607,48.087272176053375,22.21837336034514,118.5903671644628,115,52.00239767479595,18.472641220965272,49.876018163748085,0.0,94.01853094808756,0.0626278814765804,0.0626278814765804
OVERALL_ageSexMatched_fd-0.3,fd-0.3,preteen_10_12,male,Strength_pos,2,M2 Visual-A,151,42.137374548974215,15.080827477714818,38.741329072625376,19.436075545494532,111.51908409781754,115,40.813363210529054,13.347704375973112,39.06107731710654,0.0,79.92483160202391,0.09221341854535964,0.09221341854535964
OVERALL_ageSexMatched_fd-0.3,fd-0.3,preteen_10_12,male,Strength_pos,3,M3 Limbic,151,38.54934096014187,14.97982516455294,35.12079364829697,15.522892576642334,99.80042403191328,115,38.13032310603746,13.422543265626814,36.63363936252426,0.0,90.12648131232709,0.029244397311889783,0.029244397311889783
OVERALL_ageSexMatched_fd-0.3,fd-0.3,preteen_10_12,male,Strength_pos,4,M4 Frontoparietal,151,50.318001410559184,18.543521637029656,45.58578545646742,22.101585582102416,117.18257918953896,115,51.318589743974734,15.872143294969415,48.94826678466052,4.53774356469512,87.05831043235958,-0.05737239075102499,0.05737239075102499
OVERALL_ageSexMatched_fd-0.3,fd-0.3,preteen_10_12,male,Strength_pos,5,M5 VentralAttention,151,50.28557421583323,19.220371778766868,45.46002485897043,19.609471264266176,113.71938629634678,115,49.74119722041682,16.936141341348694,46.86171427305089,0.0,90.72739963885397,0.02979774022031884,0.02979774022031884
OVERALL_ageSexMatched_fd-0.3,fd-0.3,preteen_10_12,male,Strength_pos,6,M6 Visual-B,151,49.81057500877921,18.46327561632506,45.62577763013542,23.79257176828105,116.40383818745612,115,49.176613669533324,16.34490979267653,47.6529959444888,0.0,103.7733885385096,0.03606177812140112,0.03606177812140112
OVERALL_ageSexMatched_fd-0.3,fd-0.3,preteen_10_12,male,Strength_pos,7,M7 DefaultMode,151,45.17117942907891,16.561059882458963,39.77543289226014,20.134188805241138,104.30480639915912,115,46.08702666497593,14.213524759369689,43.90719382709358,0.0,89.04511752724648,-0.05874289522870547,0.05874289522870547
OVERALL_ageSexMatched_fd-0.3,fd-0.3,preteen_10_12,male,Strength_pos,8,M8 DorsalAttention,151,53.75366002446643,19.183092281172424,49.38504349859432,26.136098287068307,122.14432394877076,115,53.42641395223272,17.175693491093075,51.14328570099315,0.0,97.33356088213624,0.017840155072682197,0.017840155072682197
OVERALL_ageSexMatched_fd-0.3,fd-0.3,preteen_10_12,male,Strength_neg,1,M1 Somatomotor,151,6.543137009024544,4.457072895668027,5.424236627062783,0.0744385346770286,19.34676767955534,115,6.648120500528998,5.4585047357109175,5.274583904596511,0.0,27.39308499378967,-0.021361525738388284,0.021361525738388284
OVERALL_ageSexMatched_fd-0.3,fd-0.3,preteen_10_12,male,Strength_neg,2,M2 Visual-A,151,8.247681267827462,4.961695608320644,8.006595818005735,0.5440114140510559,28.1244666937273,115,8.84565182056774,5.571782161982423,7.974187541520223,0.0,24.98678521248803,-0.11425009865737157,0.11425009865737157
OVERALL_ageSexMatched_fd-0.3,fd-0.3,preteen_10_12,male,Strength_neg,3,M3 Limbic,151,10.063713591717221,6.0741645246691585,9.591041476465762,0.1818202654249034,28.68730396195315,115,9.837948889800654,6.2576035211305765,8.7202207185328,0.0,29.568262302316725,0.036685562944119975,0.036685562944119975
OVERALL_ageSexMatched_fd-0.3,fd-0.3,preteen_10_12,male,Strength_neg,4,M4 Frontoparietal,151,7.435988952604105,4.728036401410441,6.500471835955977,0.2302587532903999,21.948324698023495,115,7.185708774600726,4.480126279673872,6.754452244844288,0.7360994145274162,20.199631755938757,0.05414254593315596,0.05414254593315596
OVERALL_ageSexMatched_fd-0.3,fd-0.3,preteen_10_12,male,Strength_neg,5,M5 VentralAttention,151,7.905340027246393,4.938772834438121,7.762134162228904,0.5419432446360588,23.086776719312184,115,7.401127377755252,4.72538023152095,7.016667106887326,0.0,22.17617186406278,0.10400901169037989,0.10400901169037989
OVERALL_ageSexMatched_fd-0.3,fd-0.3,preteen_10_12,male,Strength_neg,6,M6 Visual-B,151,8.060897660447816,5.815360930586612,6.910481411032379,0.4982123505324125,30.89335800455592,115,7.7852775688293905,5.548259963478304,7.161844877526164,0.0,37.09686444117688,0.04834119633291081,0.04834119633291081
OVERALL_ageSexMatched_fd-0.3,fd-0.3,preteen_10_12,male,Strength_neg,7,M7 DefaultMode,151,10.003115050966404,6.342745906753346,10.391282122116536,0.2044008076190948,29.673422523774207,115,8.877884130405025,5.2443291989559455,8.006979243615206,0.0,22.973554351949133,0.19092430279465009,0.19092430279465009
OVERALL_ageSexMatched_fd-0.3,fd-0.3,preteen_10_12,male,Strength_neg,8,M8 DorsalAttention,151,7.1820277444162,4.721754440942465,6.889798712916672,0.4458037763833999,23.19051398243755,115,6.92791161374964,4.7843136017943735,5.662977458443493,0.0,22.71614294755273,0.05351086582543143,0.05351086582543143
OVERALL_ageSexMatched_fd-0.3,fd-0.3,preteen_10_12,female,PC,1,M1 Somatomotor,50,0.8504305118467036,0.00581894997882287,0.8510261998142703,0.8366364647741982,0.8632197185785462,20,0.8499273886877461,0.00869943824751036,0.8508852517401091,0.8283813672216488,0.861444140018287,0.07455092562392478,0.07455092562392478
OVERALL_ageSexMatched_fd-0.3,fd-0.3,preteen_10_12,female,PC,2,M2 Visual-A,50,0.8532470625341072,0.003788619603631776,0.8537879473177012,0.8404252561185702,0.8599704329187572,20,0.8520421656077085,0.0032472415204208424,0.8528002063034457,0.8461664100781698,0.859658024487518,0.33052031408582855,0.33052031408582855
OVERALL_ageSexMatched_fd-0.3,fd-0.3,preteen_10_12,female,PC,3,M3 Limbic,50,0.8526109015561947,0.004616275716009794,0.852509585234978,0.8415447773035588,0.8623637130681743,20,0.8549077856110314,0.0033815247862798367,0.8547861021499072,0.8470130871154669,0.8618673281427696,-0.5332840374132674,0.5332840374132674
OVERALL_ageSexMatched_fd-0.3,fd-0.3,preteen_10_12,female,PC,4,M4 Frontoparietal,50,0.8427442520520024,0.0047898513311271365,0.8430391580077674,0.8347776827087464,0.8548006610676142,20,0.8417712080007027,0.005221618703390865,0.8418066299320821,0.8301738051783257,0.8497549901195949,0.19800206658241423,0.19800206658241423
OVERALL_ageSexMatched_fd-0.3,fd-0.3,preteen_10_12,female,PC,5,M5 VentralAttention,50,0.8400423159470618,0.00545342634104748,0.8406559981762839,0.8264925537471003,0.8544332864476298,20,0.8403137186051646,0.007565069370010336,0.8432687835432872,0.8242470749554429,0.8505203162230324,-0.04436662334063633,0.04436662334063633
OVERALL_ageSexMatched_fd-0.3,fd-0.3,preteen_10_12,female,PC,6,M6 Visual-B,50,0.8464450896055706,0.006005726111973813,0.8479643301645021,0.8298884915886904,0.8546698411465101,20,0.8448154614195917,0.006940408764242956,0.8466238898833571,0.8286282720210625,0.8529995095509251,0.2594575167763102,0.2594575167763102
OVERALL_ageSexMatched_fd-0.3,fd-0.3,preteen_10_12,female,PC,7,M7 DefaultMode,50,0.8389073905145292,0.007562927545682601,0.8401256122007907,0.8111336836845651,0.8517577775071118,20,0.8397667016773352,0.006385262147041312,0.8393532268343423,0.8254062086644648,0.8526013783846259,-0.11847421775968467,0.11847421775968467
OVERALL_ageSexMatched_fd-0.3,fd-0.3,preteen_10_12,female,PC,8,M8 DorsalAttention,50,0.8473464494154385,0.003911855420409354,0.8479445499192313,0.8395008767563784,0.8556818586791883,20,0.846592283021732,0.0057203774169239125,0.8483291683750732,0.8299464221718911,0.8545867007310142,0.16792458343359454,0.16792458343359454
OVERALL_ageSexMatched_fd-0.3,fd-0.3,preteen_10_12,female,PC_pos,1,M1 Somatomotor,50,0.8350483809273014,0.014059233952042772,0.8387117125456802,0.7890940594702092,0.8524137858392797,20,0.8381850890510136,0.015312893488992979,0.8399815622214022,0.8077158379703964,0.8598379921204231,-0.2175173348198247,0.2175173348198247
OVERALL_ageSexMatched_fd-0.3,fd-0.3,preteen_10_12,female,PC_pos,2,M2 Visual-A,50,0.8348649188699687,0.013956991965912597,0.8357860643867248,0.7945956903486819,0.8581918507069154,20,0.8361121247021138,0.013547504646236504,0.8398901620298106,0.8121608515313128,0.8542427982597398,-0.09009131966506338,0.09009131966506338
OVERALL_ageSexMatched_fd-0.3,fd-0.3,preteen_10_12,female,PC_pos,3,M3 Limbic,50,0.8320566763883309,0.01737792491862386,0.8346663419993573,0.7682484118994246,0.857637568279217,20,0.8401910201905318,0.01569297659796752,0.8445407288810557,0.8026925464116812,0.8591219449418256,-0.48063879512078433,0.48063879512078433
OVERALL_ageSexMatched_fd-0.3,fd-0.3,preteen_10_12,female,PC_pos,4,M4 Frontoparietal,50,0.8215796641550646,0.015374282248310299,0.8217562670193403,0.7858544555108732,0.8509238777663488,20,0.8228158824843004,0.016673581273703407,0.8245383769899353,0.7801534851939291,0.8457094724844265,-0.07849943708841467,0.07849943708841467
OVERALL_ageSexMatched_fd-0.3,fd-0.3,preteen_10_12,female,PC_pos,5,M5 VentralAttention,50,0.8140161118563707,0.019112990605805732,0.8167067660144751,0.7734301441516878,0.851245234480329,20,0.8132844333201195,0.025881625232609694,0.8161914926993319,0.7502466529538616,0.843066482792773,0.034476266614532264,0.034476266614532264
OVERALL_ageSexMatched_fd-0.3,fd-0.3,preteen_10_12,female,PC_pos,6,M6 Visual-B,50,0.8181424416077883,0.03274972455999263,0.827822759334562,0.68776112188251,0.8538447377662913,20,0.8228622023808573,0.02275287594264349,0.8224781836609695,0.7572519426636206,0.8516817847152337,-0.1558166931718606,0.1558166931718606
OVERALL_ageSexMatched_fd-0.3,fd-0.3,preteen_10_12,female,PC_pos,7,M7 DefaultMode,50,0.8039103744640457,0.03183833302538342,0.8088681711012453,0.7240952818099738,0.8490248942185727,20,0.8085121123853615,0.023131290754816024,0.808884436625653,0.7677433066445778,0.8432053509756139,-0.15512926068535685,0.15512926068535685
OVERALL_ageSexMatched_fd-0.3,fd-0.3,preteen_10_12,female,PC_pos,8,M8 DorsalAttention,50,0.8284948356217311,0.014443129808934668,0.8308290465857882,0.7887571321332666,0.8519551383916095,20,0.8302727894750985,0.015759172895468104,0.8375467349522701,0.7989375404741454,0.8513716892195956,-0.11994872753722285,0.11994872753722285
OVERALL_ageSexMatched_fd-0.3,fd-0.3,preteen_10_12,female,PC_neg,1,M1 Somatomotor,50,0.7131879380440315,0.08944272682593117,0.7390943098746867,0.4102954041174331,0.8354594499720536,20,0.7250877530388147,0.06861260341006149,0.744187955753556,0.5276614684491217,0.7906973661476934,-0.14142324560584507,0.14142324560584507
OVERALL_ageSexMatched_fd-0.3,fd-0.3,preteen_10_12,female,PC_neg,2,M2 Visual-A,50,0.7466705538637461,0.07325507126371623,0.7671840016026261,0.47386883944310354,0.8261765794514576,20,0.7275751720485772,0.08864701121612097,0.7480809580407828,0.4318580123088275,0.8051217421860241,0.24524436237550562,0.24524436237550562
OVERALL_ageSexMatched_fd-0.3,fd-0.3,preteen_10_12,female,PC_neg,3,M3 Limbic,50,0.7606413929123689,0.05098955061382206,0.769152241604182,0.5763537517065214,0.8238640969869853,20,0.7439974841656799,0.07491794957802546,0.7608561939489289,0.4803171317089281,0.8160080309776405,0.28370470245838536,0.28370470245838536
OVERALL_ageSexMatched_fd-0.3,fd-0.3,preteen_10_12,female,PC_neg,4,M4 Frontoparietal,50,0.7354590299453969,0.07640560005394803,0.7531739842669618,0.4716454539775605,0.822466312267101,20,0.7171648202860915,0.12556698339069497,0.7580355757638444,0.2204338657045235,0.799511498730563,0.19713215529336675,0.19713215529336675
OVERALL_ageSexMatched_fd-0.3,fd-0.3,preteen_10_12,female,PC_neg,5,M5 VentralAttention,50,0.734459933737634,0.06605533594487678,0.7523451861934582,0.5301167629951472,0.8398307477731382,20,0.710164478723738,0.17500546657546756,0.7510978274468756,0.0,0.8152689674004554,0.22459555309566312,0.22459555309566312
OVERALL_ageSexMatched_fd-0.3,fd-0.3,preteen_10_12,female,PC_neg,6,M6 Visual-B,50,0.7314376149573373,0.06411339659091883,0.750892455689701,0.4739074489898035,0.8266715714017243,20,0.7155637834861861,0.08346052642124502,0.7367438308298839,0.455967502887264,0.7957902917954979,0.22657755023854867,0.22657755023854867
OVERALL_ageSexMatched_fd-0.3,fd-0.3,preteen_10_12,female,PC_neg,7,M7 DefaultMode,50,0.7419365712311219,0.0646699199379263,0.7587491398076052,0.4996191659139692,0.8251562131945702,20,0.7135047968005596,0.11770051762039606,0.7537774003007984,0.3328584955680362,0.8100045896271327,0.3426646951812694,0.3426646951812694
OVERALL_ageSexMatched_fd-0.3,fd-0.3,preteen_10_12,female,PC_neg,8,M8 DorsalAttention,50,0.7013036113982496,0.0734727674083368,0.7164015131081357,0.4594031025422349,0.8051246052698249,20,0.703094106512537,0.08176486769974636,0.7284491087153432,0.4686458087770608,0.7954890440422568,-0.023596106939388826,0.023596106939388826
OVERALL_ageSexMatched_fd-0.3,fd-0.3,preteen_10_12,female,Z,1,M1 Somatomotor,50,0.1977987659891107,0.19555514154141992,0.22043977610434054,-0.3131433794954881,0.5047982088822753,20,0.15998720355615656,0.20404407936197694,0.16770443907681187,-0.2633617446040227,0.4544701355457191,0.1910025044221746,0.1910025044221746
OVERALL_ageSexMatched_fd-0.3,fd-0.3,preteen_10_12,female,Z,2,M2 Visual-A,50,0.11952062301757753,0.18167137354792576,0.13875195375652244,-0.3473607202640788,0.4130121676614324,20,0.12404818429267173,0.17929658982848948,0.11426107828301404,-0.2131335154726409,0.3963517027792207,-0.025012635068631002,0.025012635068631002
OVERALL_ageSexMatched_fd-0.3,fd-0.3,preteen_10_12,female,Z,3,M3 Limbic,50,0.09364361560998608,0.1918182979831252,0.0893885642759316,-0.2488608534153419,0.5665310812976121,20,0.15181386709310646,0.2473751409115863,0.1779165270450789,-0.3269964040947263,0.5096907108686479,-0.2785467692994632,0.2785467692994632
OVERALL_ageSexMatched_fd-0.3,fd-0.3,preteen_10_12,female,Z,4,M4 Frontoparietal,50,0.08574877479247797,0.15237700030953052,0.0727093198319978,-0.2257744290619656,0.3546393144897576,20,0.11055233226417302,0.11329486973088779,0.1252556741916882,-0.1631866159517273,0.3604662600781917,-0.1740113788012929,0.1740113788012929
OVERALL_ageSexMatched_fd-0.3,fd-0.3,preteen_10_12,female,Z,5,M5 VentralAttention,50,0.14976775183952887,0.13575935225672955,0.1562389909686728,-0.1999883316268525,0.4342496060315906,20,0.10991703624631055,0.1543739070749957,0.08360395134232113,-0.15393862996573893,0.4481932350820724,0.2822134266504792,0.2822134266504792
OVERALL_ageSexMatched_fd-0.3,fd-0.3,preteen_10_12,female,Z,6,M6 Visual-B,50,0.22330972039184208,0.17867166887208244,0.2475858447323584,-0.1904371449701464,0.5116752833389262,20,0.18123604060531678,0.17948948613452417,0.2149333819796119,-0.3064508334084232,0.4690477658441858,0.23517914887263996,0.23517914887263996
OVERALL_ageSexMatched_fd-0.3,fd-0.3,preteen_10_12,female,Z,7,M7 DefaultMode,50,0.1920655640509473,0.15284581710054673,0.20071086869765808,-0.1719624322258827,0.5379995628865215,20,0.19838590709190812,0.11773840915780837,0.20144383272638894,-0.0413791744939731,0.3989926317303304,-0.04392139191054387,0.04392139191054387
OVERALL_ageSexMatched_fd-0.3,fd-0.3,preteen_10_12,female,Z,8,M8 DorsalAttention,50,0.16652775468467668,0.13553796506796412,0.1739305750056241,-0.2070404875684888,0.4745642763461872,20,0.14687028690519494,0.14256198800355552,0.17462978689990843,-0.0465535058520229,0.3576608511584832,0.14292527813762734,0.14292527813762734
OVERALL_ageSexMatched_fd-0.3,fd-0.3,preteen_10_12,female,Z_pos,1,M1 Somatomotor,50,0.20509835100605678,0.18538703255652111,0.24596530921794055,-0.3131433794954881,0.5047982088822753,20,0.2004605328127643,0.17497966104923643,0.23109665813526653,-0.2056747547965434,0.4600362500866232,0.02540729585781701,0.02540729585781701
OVERALL_ageSexMatched_fd-0.3,fd-0.3,preteen_10_12,female,Z_pos,2,M2 Visual-A,50,0.18339137298700992,0.1691107175623951,0.18575127783599113,-0.16799148713673556,0.45384611747993603,20,0.16087936009746034,0.1750179550414323,0.18710274932727988,-0.25766548938354034,0.39844138828477405,0.13181736924188922,0.13181736924188922
OVERALL_ageSexMatched_fd-0.3,fd-0.3,preteen_10_12,female,Z_pos,3,M3 Limbic,50,0.0911895028169316,0.19221883317734526,0.09878616786501465,-0.4894880189813856,0.5467751502165307,20,0.18625209574184898,0.20803049009159238,0.1458582867280456,-0.1336908920395355,0.5452426498361113,-0.4831281686827831,0.4831281686827831
OVERALL_ageSexMatched_fd-0.3,fd-0.3,preteen_10_12,female,Z_pos,4,M4 Frontoparietal,50,0.11907752850168542,0.14469187363066707,0.1339521861934202,-0.2567123005361437,0.3294711124703777,20,0.11668554898282033,0.13212384273440905,0.1464164607561826,-0.1970200160227715,0.2837474995635204,0.01692923793979291,0.01692923793979291
OVERALL_ageSexMatched_fd-0.3,fd-0.3,preteen_10_12,female,Z_pos,5,M5 VentralAttention,50,0.17717890315391358,0.12173219735132129,0.18772046703865078,-0.0667852955420227,0.42753921776325093,20,0.15797209537521212,0.136412766206117,0.17978910868872428,-0.1421343690059776,0.41143377233582246,0.15242721141510332,0.15242721141510332
OVERALL_ageSexMatched_fd-0.3,fd-0.3,preteen_10_12,female,Z_pos,6,M6 Visual-B,50,0.23814221496159063,0.1794074730148764,0.27475350473390975,-0.2539267500619628,0.5257352380400561,20,0.1857234956711348,0.16002031195566038,0.22383605816833946,-0.2154364769820891,0.4688992530956774,0.3008976437502301,0.3008976437502301
OVERALL_ageSexMatched_fd-0.3,fd-0.3,preteen_10_12,female,Z_pos,7,M7 DefaultMode,50,0.23396407936536556,0.12920297901491,0.2622177208275618,-0.1175553427663589,0.5388701517960094,20,0.21643987926173813,0.1223795995067817,0.20467181649450827,-0.0863582206872684,0.4660198961846412,0.13762468604885988,0.13762468604885988
OVERALL_ageSexMatched_fd-0.3,fd-0.3,preteen_10_12,female,Z_pos,8,M8 DorsalAttention,50,0.18473947659990334,0.1207433987882552,0.1861373768324136,-0.3284278148553917,0.4620700191629126,20,0.20248056263854058,0.15006205765760725,0.18699737135903166,-0.0547571657835755,0.4213972361200768,-0.13688604011167296,0.13688604011167296
OVERALL_ageSexMatched_fd-0.3,fd-0.3,preteen_10_12,female,Z_neg,1,M1 Somatomotor,50,-0.19503170611822176,0.23524973697165552,0.0,-0.7941507248721107,0.0,20,-0.2490303189401276,0.2750373472530377,-0.17841395261863935,-0.6360736766330786,0.1641652537200882,0.21860646291704958,0.21860646291704958
OVERALL_ageSexMatched_fd-0.3,fd-0.3,preteen_10_12,female,Z_neg,2,M2 Visual-A,50,-0.29676568148655474,0.14226005033898312,-0.31864751182863477,-0.5586228264984376,0.1028172284226103,20,-0.28653229792687607,0.1650774987175357,-0.2803585163329051,-0.5770954702859314,0.0836432428543047,-0.06868608657451107,0.06868608657451107
OVERALL_ageSexMatched_fd-0.3,fd-0.3,preteen_10_12,female,Z_neg,3,M3 Limbic,50,-0.31792062272522925,0.19082238062196447,-0.3294413815603122,-0.6997590525812508,0.2323034604411545,20,-0.23931135713303528,0.25019549886655634,-0.22347915489049294,-0.6330985502415194,0.2747656001616473,-0.3759123910180643,0.3759123910180643
OVERALL_ageSexMatched_fd-0.3,fd-0.3,preteen_10_12,female,Z_neg,4,M4 Frontoparietal,50,-0.2838152192111658,0.1604998928655789,-0.3162139539805341,-0.5384068825438383,0.2948739260878513,20,-0.275865899678624,0.1490383984523272,-0.2928717780985377,-0.567088242811395,0.0056192685274709,-0.05050988290931285,0.05050988290931285
OVERALL_ageSexMatched_fd-0.3,fd-0.3,preteen_10_12,female,Z_neg,5,M5 VentralAttention,50,-0.3294965868427866,0.10509108377758358,-0.32369337101191986,-0.5989937660430322,-0.01875299092114085,20,-0.3140145000318542,0.10086217529523053,-0.29200792418872007,-0.5294086436678374,-0.15130712862605838,-0.1489710695441716,0.1489710695441716
OVERALL_ageSexMatched_fd-0.3,fd-0.3,preteen_10_12,female,Z_neg,6,M6 Visual-B,50,-0.32229320922274346,0.13543463287538185,-0.33829236867882406,-0.6022448481596837,0.0,20,-0.2857650277909549,0.14323460909322652,-0.30896249887912025,-0.4619759188123885,0.0,-0.2653535486237749,0.2653535486237749
OVERALL_ageSexMatched_fd-0.3,fd-0.3,preteen_10_12,female,Z_neg,7,M7 DefaultMode,50,-0.276311367618597,0.09544581279394493,-0.2835878386494729,-0.4332096717715648,0.1242653516614496,20,-0.28700949938248443,0.09381854736923606,-0.2703295967466155,-0.5383428289290352,-0.1540599116520397,0.11261909489563905,0.11261909489563905
OVERALL_ageSexMatched_fd-0.3,fd-0.3,preteen_10_12,female,Z_neg,8,M8 DorsalAttention,50,-0.31370415000108254,0.16374563538606188,-0.32665087660629566,-0.5831677622144376,0.025771601902605,20,-0.35723111205276936,0.09322123491221197,-0.36554065222597176,-0.5938583979282932,-0.2091782140617332,0.29514714950887416,0.29514714950887416
OVERALL_ageSexMatched_fd-0.3,fd-0.3,preteen_10_12,female,Strength_pos,1,M1 Somatomotor,50,53.93139297831862,23.369567954068568,45.78514754213393,21.231195784406736,113.98558031022549,20,49.493258915640766,17.5664158990134,44.31381267285906,21.95391895622015,78.37159928120673,0.20262278133607314,0.20262278133607314
OVERALL_ageSexMatched_fd-0.3,fd-0.3,preteen_10_12,female,Strength_pos,2,M2 Visual-A,50,42.788467331890715,17.105953708006428,39.746237129933434,21.25180463748984,88.29318459611386,20,42.34664477546903,13.72061349655298,42.084639751381474,19.832947923452593,68.79208827321418,0.027220426343751977,0.027220426343751977
OVERALL_ageSexMatched_fd-0.3,fd-0.3,preteen_10_12,female,Strength_pos,3,M3 Limbic,50,38.587502803483275,14.847086929260982,36.216903732856736,15.4381670570001,97.4169232212007,20,41.18699155700451,18.095811227250504,37.84877002821303,21.38257122109644,97.88046182692052,-0.1642946496906875,0.1642946496906875
OVERALL_ageSexMatched_fd-0.3,fd-0.3,preteen_10_12,female,Strength_pos,4,M4 Frontoparietal,50,53.0449098702501,22.171392423732843,46.43736407413962,16.166318664792925,118.66314074769616,20,52.0391726164773,18.888401610414817,45.275527904275805,30.435861544450745,106.296980320476,0.04720646310032209,0.04720646310032209
OVERALL_ageSexMatched_fd-0.3,fd-0.3,preteen_10_12,female,Strength_pos,5,M5 VentralAttention,50,51.068120942228525,21.16605481117588,45.40757362311706,18.941628464244786,110.33720644377172,20,47.63324660660783,19.628733617971726,44.40986225505185,25.124828329280717,108.74973127245903,0.16555223297050167,0.16555223297050167
OVERALL_ageSexMatched_fd-0.3,fd-0.3,preteen_10_12,female,Strength_pos,6,M6 Visual-B,50,49.270152920788604,19.72968403758411,43.06574410106987,24.332290054298937,109.36760561168194,20,49.68527618448134,18.104795370444176,46.51185808586888,22.455396609846503,94.25168300047515,-0.02152073539220033,0.02152073539220033
OVERALL_ageSexMatched_fd-0.3,fd-0.3,preteen_10_12,female,Strength_pos,7,M7 DefaultMode,50,47.77325301310855,18.36108383662153,44.229581414489076,18.038033137097955,108.7143238335848,20,46.68377509559068,19.63302459791172,44.2543383090524,25.3075425256975,103.28102135658264,0.05818251055357159,0.05818251055357159
OVERALL_ageSexMatched_fd-0.3,fd-0.3,preteen_10_12,female,Strength_pos,8,M8 DorsalAttention,50,53.66731073870469,22.209378771499278,48.305316990357824,22.78880558721721,120.66558445990086,20,53.83937021642923,19.113448092363974,54.236378722125664,28.049990381114185,99.65223505534232,-0.00804411009376675,0.00804411009376675
OVERALL_ageSexMatched_fd-0.3,fd-0.3,preteen_10_12,female,Strength_neg,1,M1 Somatomotor,50,7.569543601786463,6.450114439754791,6.409913305484224,0.6304739471524954,32.86608254304156,20,6.965366513936715,5.924381769577286,4.520352177787572,0.7084504822269082,20.26975845824927,0.095785097693383,0.095785097693383
OVERALL_ageSexMatched_fd-0.3,fd-0.3,preteen_10_12,female,Strength_neg,2,M2 Visual-A,50,8.743416590354238,5.373988678141898,8.298535923211602,0.59535969235003,29.046060979133472,20,7.796110061236277,4.497035262053399,8.046679375431268,1.0737617578852223,16.268536788847996,0.18415648758961542,0.18415648758961542
OVERALL_ageSexMatched_fd-0.3,fd-0.3,preteen_10_12,female,Strength_neg,3,M3 Limbic,50,10.09494626559499,5.815331788876343,9.211372606601799,0.7179344855248928,26.515156598063182,20,8.547944192087744,6.3348305586596805,7.28406539815478,0.3779095623176545,25.788794874679297,0.2593446958072435,0.2593446958072435
OVERALL_ageSexMatched_fd-0.3,fd-0.3,preteen_10_12,female,Strength_neg,4,M4 Frontoparietal,50,7.364826522490766,4.240697322483569,7.035706325492356,0.9203046560287476,16.044559698202647,20,7.484551727847429,5.07527468055678,5.606371852336451,0.2935270518064499,17.785487821209244,-0.026667626421660248,0.026667626421660248
OVERALL_ageSexMatched_fd-0.3,fd-0.3,preteen_10_12,female,Strength_neg,5,M5 VentralAttention,50,8.206891326734876,4.625863818763965,8.023571904486744,1.0335871705319732,19.511539087980054,20,9.07549068287426,6.592132630019372,7.37761200015666,0.31421545613557095,20.694061064714333,-0.1654496932796976,0.1654496932796976
OVERALL_ageSexMatched_fd-0.3,fd-0.3,preteen_10_12,female,Strength_neg,6,M6 Visual-B,50,9.102480082457156,6.083621201300311,7.36443871515803,0.7243087030947208,23.481127491686493,20,7.981003271555164,5.090216669745712,8.675172893970739,0.8805268863216043,16.401364095392637,0.1925897684384973,0.1925897684384973
OVERALL_ageSexMatched_fd-0.3,fd-0.3,preteen_10_12,female,Strength_neg,7,M7 DefaultMode,50,9.66417587200791,5.664425065578435,8.78757460199995,0.6004454870708287,21.838446916546676,20,9.768064261746257,6.690602373424837,9.703775230125757,0.3115553129464388,24.50852250540629,-0.017404836894373853,0.017404836894373853
OVERALL_ageSexMatched_fd-0.3,fd-0.3,preteen_10_12,female,Strength_neg,8,M8 DorsalAttention,50,7.385442177197001,4.639547023380768,6.759221831220202,0.710874080657959,20.20898170513101,20,7.543970670423005,5.539973614563385,5.857096754509257,0.9644140303134918,18.720985621388536,-0.03230136267285705,0.03230136267285705
OVERALL_ageSexMatched_fd-0.3,fd-0.3,teen_13_17,male,PC,1,M1 Somatomotor,135,0.8441242425846157,0.07349364419709185,0.851298790321892,0.0,0.8644337190501603,132,0.8503109806222865,0.0076943970368853615,0.8509495781915116,0.8185129789810397,0.8650099004013528,-0.11775192077687786,0.11775192077687786
OVERALL_ageSexMatched_fd-0.3,fd-0.3,teen_13_17,male,PC,2,M2 Visual-A,135,0.8522111342509628,0.003850121717532559,0.8523513660548377,0.8406972394430328,0.859518158579275,132,0.8529241032317627,0.003932890164122076,0.8531481158718128,0.8436311246109517,0.8623582626771474,-0.18322328553175019,0.18322328553175019
OVERALL_ageSexMatched_fd-0.3,fd-0.3,teen_13_17,male,PC,3,M3 Limbic,135,0.8533210644480763,0.004421829769102788,0.853327881231892,0.839268914119357,0.865836318030741,132,0.853924545251994,0.004193939492303171,0.8544286102710922,0.8379575579899737,0.8625942778834932,-0.1399966404344683,0.1399966404344683
OVERALL_ageSexMatched_fd-0.3,fd-0.3,teen_13_17,male,PC,4,M4 Frontoparietal,135,0.8411393084661533,0.005897976880081711,0.8405632733093065,0.8260144556819324,0.8544016154769504,132,0.8427515311300166,0.0063216971587990506,0.8439817274616471,0.8206323467913037,0.8575513081895945,-0.26381823204462557,0.26381823204462557
OVERALL_ageSexMatched_fd-0.3,fd-0.3,teen_13_17,male,PC,5,M5 VentralAttention,135,0.8378064555636366,0.008507034244663836,0.8393874100643168,0.8147448497990755,0.8544594003236201,132,0.8399378727370632,0.008822584666405134,0.8416960259787305,0.8152908517968434,0.8553886950915629,-0.245995391876107,0.245995391876107
OVERALL_ageSexMatched_fd-0.3,fd-0.3,teen_13_17,male,PC,6,M6 Visual-B,135,0.8440531435416951,0.007520689206033886,0.8446658567726376,0.8162500065281733,0.8595626344076971,132,0.8449703232072466,0.009829401256122946,0.8471203817576234,0.8063738200770442,0.8599229499809178,-0.1049579073890507,0.1049579073890507
OVERALL_ageSexMatched_fd-0.3,fd-0.3,teen_13_17,male,PC,7,M7 DefaultMode,135,0.838324144151421,0.00784761084614318,0.8396689786538253,0.8168083420890834,0.8526816962407033,132,0.8418744188657428,0.007098326333927086,0.8431656742211878,0.8238143603591355,0.8544466913483078,-0.4742179660662512,0.4742179660662512
OVERALL_ageSexMatched_fd-0.3,fd-0.3,teen_13_17,male,PC,8,M8 DorsalAttention,135,0.8453806276630008,0.005246378638614644,0.8460796783227351,0.8304020197642781,0.8587968330085285,132,0.8464700128319009,0.005246659605960735,0.8468177370698855,0.8321087519962977,0.857301513083094,-0.20763966991143679,0.20763966991143679
OVERALL_ageSexMatched_fd-0.3,fd-0.3,teen_13_17,male,PC_pos,1,M1 Somatomotor,135,0.8277463886802578,0.07470775812193581,0.8395546033000718,0.0,0.8626687044163405,132,0.835222536954736,0.015697513769206545,0.8373578340947996,0.796203461663427,0.8629447123395121,-0.1377865920175657,0.1377865920175657
OVERALL_ageSexMatched_fd-0.3,fd-0.3,teen_13_17,male,PC_pos,2,M2 Visual-A,135,0.8338668048795664,0.014915574469038627,0.8360476360309816,0.7827993363958368,0.8580736897814578,132,0.8359236077615663,0.014391538653935491,0.8363837677331758,0.7958546722271646,0.8593233902001463,-0.14031120195664504,0.14031120195664504
OVERALL_ageSexMatched_fd-0.3,fd-0.3,teen_13_17,male,PC_pos,3,M3 Limbic,135,0.8352296568938122,0.01726928330163051,0.836883959552711,0.7657482178919284,0.8619886307326504,132,0.8367188673845742,0.0152165838930131,0.8373407682344784,0.7680910224519527,0.8612555292142599,-0.09143598384030492,0.09143598384030492
OVERALL_ageSexMatched_fd-0.3,fd-0.3,teen_13_17,male,PC_pos,4,M4 Frontoparietal,135,0.8209361888835655,0.016937381795492385,0.8229976239627766,0.7574053274152469,0.8523169883378208,132,0.8212512523259561,0.017663266703075237,0.8221972142656635,0.7727556414946464,0.8565230517158049,-0.01821173594994444,0.01821173594994444
OVERALL_ageSexMatched_fd-0.3,fd-0.3,teen_13_17,male,PC_pos,5,M5 VentralAttention,135,0.8087690141745295,0.02889204209578045,0.8154070558136102,0.7118329227081827,0.8554339033457466,132,0.8133440474596743,0.024801784368872575,0.8154781599699887,0.725335818550613,0.8545390386858136,-0.1697740799719837,0.1697740799719837
OVERALL_ageSexMatched_fd-0.3,fd-0.3,teen_13_17,male,PC_pos,6,M6 Visual-B,135,0.8169240154839142,0.029986111367031085,0.8240098510333442,0.6952526703812713,0.8579055543495495,132,0.8160787210098743,0.0386847918122581,0.828218474829683,0.6564618529272919,0.8598064622670284,0.024458084679204267,0.024458084679204267
OVERALL_ageSexMatched_fd-0.3,fd-0.3,teen_13_17,male,PC_pos,7,M7 DefaultMode,135,0.8025248665564376,0.032239319610512705,0.8091739448546662,0.7012140353499448,0.850553226461536,132,0.810909056340546,0.02785197379681312,0.8161016039008089,0.714890096495767,0.8538000362739174,-0.2780790778957005,0.2780790778957005
OVERALL_ageSexMatched_fd-0.3,fd-0.3,teen_13_17,male,PC_pos,8,M8 DorsalAttention,135,0.8271392959508153,0.014842546025052144,0.8282870125150286,0.7843019481794563,0.8558659381351865,132,0.8282587921395792,0.01609347487261788,0.8294044627500912,0.7565225825470435,0.8563536421237595,-0.07234890678079328,0.07234890678079328
OVERALL_ageSexMatched_fd-0.3,fd-0.3,teen_13_17,male,PC_neg,1,M1 Somatomotor,135,0.7082347029452102,0.1095855930791091,0.7413548096738133,0.0,0.8249119296624812,132,0.6945282037244546,0.1298666883438364,0.7365959507825577,0.0,0.8180615385906269,0.11418241299399765,0.11418241299399765
OVERALL_ageSexMatched_fd-0.3,fd-0.3,teen_13_17,male,PC_neg,2,M2 Visual-A,135,0.7427392487562224,0.0759253537588304,0.7622814638609967,0.302826571970808,0.8215894545128686,132,0.7350698542675965,0.09657397224156428,0.7604821579419143,0.0,0.8196860897281002,0.08840875934506037,0.08840875934506037
OVERALL_ageSexMatched_fd-0.3,fd-0.3,teen_13_17,male,PC_neg,3,M3 Limbic,135,0.7405332748251097,0.06269326789509966,0.7559734370175024,0.4899488526850448,0.8233940258517124,132,0.735644649941861,0.10026108809716905,0.7637260238446485,0.0,0.8379006310320548,0.058611743835399056,0.058611743835399056
OVERALL_ageSexMatched_fd-0.3,fd-0.3,teen_13_17,male,PC_neg,4,M4 Frontoparietal,135,0.7364558840699275,0.07641958454746899,0.7635648072185885,0.4666620531029966,0.8173114984398278,132,0.7324367094213213,0.10836678333005634,0.7694236561393385,0.0,0.8335977551696059,0.04294656540754301,0.04294656540754301
OVERALL_ageSexMatched_fd-0.3,fd-0.3,teen_13_17,male,PC_neg,5,M5 VentralAttention,135,0.71692644783137,0.09819381608897149,0.7512279994711126,0.23454883030254392,0.8123996518502815,132,0.7050598218988435,0.11673389084468688,0.7442557764849498,0.0,0.8194309335753991,0.11012258393721397,0.11012258393721397
OVERALL_ageSexMatched_fd-0.3,fd-0.3,teen_13_17,male,PC_neg,6,M6 Visual-B,135,0.725332294142291,0.06796798434831317,0.7430979008452346,0.44441345517982,0.8138647998071178,132,0.7198884481796561,0.10651887737274246,0.7543052789329584,0.0,0.8348637251476224,0.06107479982798002,0.06107479982798002
OVERALL_ageSexMatched_fd-0.3,fd-0.3,teen_13_17,male,PC_neg,7,M7 DefaultMode,135,0.7373343879128699,0.07467627746971668,0.7571539252104293,0.3564186288104108,0.8145327278685247,132,0.7348639376429631,0.11062166681717979,0.7662422908384136,0.0,0.8330036946619697,0.02623222682519554,0.02623222682519554
OVERALL_ageSexMatched_fd-0.3,fd-0.3,teen_13_17,male,PC_neg,8,M8 DorsalAttention,135,0.6966508771188908,0.08636976145196841,0.7176112510840421,0.3452556463427078,0.8033492307718398,132,0.6907344731776976,0.1090006339348724,0.7207061893473992,0.0,0.8120744746246997,0.06024173454465138,0.06024173454465138
OVERALL_ageSexMatched_fd-0.3,fd-0.3,teen_13_17,male,Z,1,M1 Somatomotor,135,0.1714011924430234,0.23429092757003012,0.1816062315294446,-0.5734906215073259,0.5796679421513057,132,0.14396157187809197,0.21831045892873588,0.17879624376556363,-0.5622777604241598,0.615048509139277,0.12112906626920808,0.12112906626920808
OVERALL_ageSexMatched_fd-0.3,fd-0.3,teen_13_17,male,Z,2,M2 Visual-A,135,0.11640517574519396,0.16647380853698243,0.11091310072385195,-0.39307247468958084,0.45936385528861534,132,0.08482194681623832,0.17670771485126538,0.06792041858748957,-0.3593340603177991,0.43347449913569336,0.18404166033683553,0.18404166033683553
OVERALL_ageSexMatched_fd-0.3,fd-0.3,teen_13_17,male,Z,3,M3 Limbic,135,0.10874638006355127,0.21636481779341205,0.1222669980705576,-0.3940381569627098,0.5561336718120331,132,0.07351036601548916,0.23057550118747047,0.09742364614315124,-0.4492464908586743,0.6095233127929842,0.15765365468984793,0.15765365468984793
OVERALL_ageSexMatched_fd-0.3,fd-0.3,teen_13_17,male,Z,4,M4 Frontoparietal,135,0.07709520293352831,0.15195337934757688,0.0870733662090681,-0.2639164910129165,0.4788898807243097,132,0.08307790970961104,0.15388823322796435,0.0736069359453751,-0.2624197171811308,0.4922281101046738,-0.03912492811335235,0.03912492811335235
OVERALL_ageSexMatched_fd-0.3,fd-0.3,teen_13_17,male,Z,5,M5 VentralAttention,135,0.15325016728112234,0.1421271799209285,0.15442548121606425,-0.26886295569488583,0.4541142688360204,132,0.11717862167442299,0.15206432278309998,0.12418727864010783,-0.25688805666347186,0.4189036559663315,0.2451788230463647,0.2451788230463647
OVERALL_ageSexMatched_fd-0.3,fd-0.3,teen_13_17,male,Z,6,M6 Visual-B,135,0.18420160143673003,0.15736798254841183,0.2042563183735521,-0.2519283441117868,0.4984337646266644,132,0.20018940017046663,0.1715533952682286,0.2136674208964745,-0.2923683918166643,0.5549004804504769,-0.09717058253964916,0.09717058253964916
OVERALL_ageSexMatched_fd-0.3,fd-0.3,teen_13_17,male,Z,7,M7 DefaultMode,135,0.1597979446576969,0.1505581287657176,0.1626672261690242,-0.3163414376712036,0.4734132824269517,132,0.13738395784353674,0.1512532977658311,0.12521529844631116,-0.3104850055488979,0.414824749773511,0.14853322212675762,0.14853322212675762
OVERALL_ageSexMatched_fd-0.3,fd-0.3,teen_13_17,male,Z,8,M8 DorsalAttention,135,0.15232704779815423,0.14371662936231405,0.1507167988548903,-0.2230009860087034,0.4839644464392451,132,0.12204379017228106,0.16666517630268832,0.13701495064869723,-0.3914400433185239,0.5534353261830586,0.1947665370129732,0.1947665370129732
OVERALL_ageSexMatched_fd-0.3,fd-0.3,teen_13_17,male,Z_pos,1,M1 Somatomotor,135,0.17414362826724328,0.23457279852086999,0.1765425329017889,-0.5734906215073259,0.5796679421513057,132,0.15146560655591543,0.2096996041422366,0.18520078840409185,-0.5622777604241598,0.64144342566146,0.10186664959281834,0.10186664959281834
OVERALL_ageSexMatched_fd-0.3,fd-0.3,teen_13_17,male,Z_pos,2,M2 Visual-A,135,0.1448651490681925,0.16677583595864315,0.15893178223684146,-0.3252979132465197,0.49925180015491416,132,0.12990294776328296,0.1556819322070542,0.13758019753712003,-0.28485148320673176,0.43446743834391055,0.09271006534677295,0.09271006534677295
OVERALL_ageSexMatched_fd-0.3,fd-0.3,teen_13_17,male,Z_pos,3,M3 Limbic,135,0.11648446746311004,0.2224125817248021,0.1468635516400123,-0.5270407266676962,0.5903999535016141,132,0.12523471465216057,0.22832958664771455,0.1326270681051006,-0.4591942997238888,0.6440114884581393,-0.03882837812824803,0.03882837812824803
OVERALL_ageSexMatched_fd-0.3,fd-0.3,teen_13_17,male,Z_pos,4,M4 Frontoparietal,135,0.11166051054579236,0.1471720833472607,0.108937473371475,-0.2793802781747482,0.5400616414874723,132,0.123838199108374,0.14844777188106292,0.1276036960820452,-0.2692755920947721,0.46690994256766,-0.08239074541469915,0.08239074541469915
OVERALL_ageSexMatched_fd-0.3,fd-0.3,teen_13_17,male,Z_pos,5,M5 VentralAttention,135,0.18440236348591602,0.132739983041399,0.19442383279929354,-0.16875414755704016,0.5038901979326728,132,0.15778319693760984,0.1352025651365668,0.16397284989119648,-0.17873890537557796,0.43727807084078263,0.19870537355451778,0.19870537355451778
OVERALL_ageSexMatched_fd-0.3,fd-0.3,teen_13_17,male,Z_pos,6,M6 Visual-B,135,0.20409652596876393,0.1505133103224508,0.2302297392099815,-0.2488734151820173,0.4766369053831618,132,0.20904521728472714,0.15419073047562123,0.21160162432662855,-0.2339986218758278,0.5384376716313143,-0.032484026528947565,0.032484026528947565
OVERALL_ageSexMatched_fd-0.3,fd-0.3,teen_13_17,male,Z_pos,7,M7 DefaultMode,135,0.20103427676576477,0.12984581659852573,0.2088730179348901,-0.1207286204254064,0.4607119474587218,132,0.18032232079206642,0.1372382667705949,0.19638453175059345,-0.2165152775346241,0.4540396326293424,0.15508608463123152,0.15508608463123152
OVERALL_ageSexMatched_fd-0.3,fd-0.3,teen_13_17,male,Z_pos,8,M8 DorsalAttention,135,0.1721183541482062,0.13563684893373842,0.1696686885687469,-0.2035655985810662,0.4832574360255369,132,0.14761755622339398,0.1623504832471321,0.1631662081102653,-0.2554093044386633,0.5157351270370796,0.1639502031141402,0.1639502031141402
OVERALL_ageSexMatched_fd-0.3,fd-0.3,teen_13_17,male,Z_neg,1,M1 Somatomotor,135,-0.17520294365154288,0.22784373818660755,0.0,-0.7169168292385389,0.0,132,-0.23738889883498893,0.2465634631206681,-0.20062580041830547,-0.7782960042523632,0.0,0.26207583526351563,0.26207583526351563
OVERALL_ageSexMatched_fd-0.3,fd-0.3,teen_13_17,male,Z_neg,2,M2 Visual-A,135,-0.30804053434272516,0.13785299073926174,-0.3175336841721416,-0.617829309153981,0.07854611229394962,132,-0.33098164764471233,0.1410454106719268,-0.34084015768789855,-0.7390229331171623,0.09842788164366184,0.1645228743253796,0.1645228743253796
OVERALL_ageSexMatched_fd-0.3,fd-0.3,teen_13_17,male,Z_neg,3,M3 Limbic,135,-0.32647111895274683,0.22237375440201235,-0.3552741660996637,-0.842305506419269,0.3066313515696289,132,-0.31946771930149137,0.2274036593868592,-0.35665885245556506,-0.7880423381026594,0.4210819315230784,-0.031143619885594657,0.031143619885594657
OVERALL_ageSexMatched_fd-0.3,fd-0.3,teen_13_17,male,Z_neg,4,M4 Frontoparietal,135,-0.3076084522090774,0.12415455600731223,-0.304725063514368,-0.6417966826585593,0.0,132,-0.2971471997054214,0.131524439904908,-0.30580587124605824,-0.5834721422573628,0.1563227974604997,-0.08182385364876439,0.08182385364876439
OVERALL_ageSexMatched_fd-0.3,fd-0.3,teen_13_17,male,Z_neg,5,M5 VentralAttention,135,-0.30908665754577175,0.10363522700972526,-0.3042453982482362,-0.5719716696003962,0.0044693218655156,132,-0.32447264780231927,0.12648485948863877,-0.3076876385983902,-0.6026257327076198,0.0312797365433094,0.13321539811387922,0.13321539811387922
OVERALL_ageSexMatched_fd-0.3,fd-0.3,teen_13_17,male,Z_neg,6,M6 Visual-B,135,-0.3339939010993538,0.1678767423437404,-0.3461971477044827,-0.6827243482724293,0.06402475392844,132,-0.30554325828065787,0.1722080531687542,-0.325372899929281,-0.6389675073354216,0.0,-0.1673255492910245,0.1673255492910245
OVERALL_ageSexMatched_fd-0.3,fd-0.3,teen_13_17,male,Z_neg,7,M7 DefaultMode,135,-0.30421904522819315,0.09647561453726888,-0.3002928095262203,-0.5697014622765012,0.0,132,-0.30799635828154276,0.10928856494239202,-0.302704529327091,-0.5828924052403898,0.1473939083914688,0.03666975547557096,0.03666975547557096
OVERALL_ageSexMatched_fd-0.3,fd-0.3,teen_13_17,male,Z_neg,8,M8 DorsalAttention,135,-0.33874579779245984,0.1254177563111281,-0.3419840085346176,-0.5834613255111556,0.0415285517424788,132,-0.30905571853235314,0.1716760203861656,-0.3383335315301156,-0.609755798337386,0.1545038989876582,-0.19783126235640017,0.19783126235640017
OVERALL_ageSexMatched_fd-0.3,fd-0.3,teen_13_17,male,Strength_pos,1,M1 Somatomotor,135,48.95773576168286,17.80786280454857,46.92505951158819,0.0,104.97370220161974,132,51.578515969659115,19.472894358936763,46.47559092746815,20.62281803158112,98.87185189221054,-0.14052785509422103,0.14052785509422103
OVERALL_ageSexMatched_fd-0.3,fd-0.3,teen_13_17,male,Strength_pos,2,M2 Visual-A,135,39.87394514145945,15.729953215745748,36.894207593169995,16.795229098876007,99.79847912368132,132,42.39698222417336,15.728865414398387,38.125714704468464,18.326948155649006,116.75696153752506,-0.16040246922250306,0.16040246922250306
OVERALL_ageSexMatched_fd-0.3,fd-0.3,teen_13_17,male,Strength_pos,3,M3 Limbic,135,39.28695587005592,14.528281115206854,35.925517342751846,14.66510102385655,98.38709535077214,132,40.33729053745888,18.0701843226582,34.373546046583215,15.689443016599398,119.33690564334393,-0.0641417281709549,0.0641417281709549
OVERALL_ageSexMatched_fd-0.3,fd-0.3,teen_13_17,male,Strength_pos,4,M4 Frontoparietal,135,49.16057175775619,15.697420701015742,46.49314446374774,25.097609484335408,97.31816722871736,132,49.414343317304784,18.408480921712147,44.07743392838165,22.600708239420783,140.5483004897833,-0.014847877351348899,0.014847877351348899
OVERALL_ageSexMatched_fd-0.3,fd-0.3,teen_13_17,male,Strength_pos,5,M5 VentralAttention,135,48.48996891873053,16.28891251751932,45.2514903168485,23.80393054371234,112.26305069960654,132,49.624960067830834,19.320112250452198,43.43627475865651,22.819186785040074,133.6461351015605,-0.06357852996164719,0.06357852996164719
OVERALL_ageSexMatched_fd-0.3,fd-0.3,teen_13_17,male,Strength_pos,6,M6 Visual-B,135,47.427768582822424,17.152752978277114,43.31455487990752,20.573434826626908,95.80632765498012,132,48.96880498981486,20.59375098087282,43.77218053070828,19.151933608576652,140.82879073172808,-0.08139805385779074,0.08139805385779074
OVERALL_ageSexMatched_fd-0.3,fd-0.3,teen_13_17,male,Strength_pos,7,M7 DefaultMode,135,43.48094164624582,15.555914040106646,40.46568071655929,20.34669417887926,105.17669117823245,132,44.82363632871514,17.9008905755605,41.76872173754964,20.32984109816607,135.34652161598206,-0.08013123792018485,0.08013123792018485
OVERALL_ageSexMatched_fd-0.3,fd-0.3,teen_13_17,male,Strength_pos,8,M8 DorsalAttention,135,51.38200791141562,15.679457496617633,47.77701191511005,26.462463943869807,98.9203897221014,132,52.705716812491474,19.110406563049757,47.536533233185764,24.65349496131239,135.49206465110183,-0.07581388711363497,0.07581388711363497
OVERALL_ageSexMatched_fd-0.3,fd-0.3,teen_13_17,male,Strength_neg,1,M1 Somatomotor,135,6.837945959306988,5.211967334359048,5.843365399166942,0.0,28.60977691458538,132,7.117859545749222,5.26250149741129,6.181055995635688,0.1861831471323967,25.018833885376807,-0.05344912895493888,0.05344912895493888
OVERALL_ageSexMatched_fd-0.3,fd-0.3,teen_13_17,male,Strength_neg,2,M2 Visual-A,135,8.19655881754676,4.9271455056916285,7.150106880202657,0.2980722052161581,25.52922917343676,132,8.313503958044423,5.311990025084759,7.191513357858639,0.0102787753567099,31.618958808481693,-0.022836363638206448,0.022836363638206448
OVERALL_ageSexMatched_fd-0.3,fd-0.3,teen_13_17,male,Strength_neg,3,M3 Limbic,135,8.822430495236228,5.3357493061872665,8.469168139621615,0.4461699416860938,29.272084327414632,132,9.556883224864137,6.454287996468168,8.314155725296587,0.0183851141482591,36.48825445391413,-0.12416400833532357,0.12416400833532357
OVERALL_ageSexMatched_fd-0.3,fd-0.3,teen_13_17,male,Strength_neg,4,M4 Frontoparietal,135,7.127021712807497,4.210339757584795,6.207399667007849,0.2325203046202659,20.340515872463584,132,7.930659677045696,5.045403540713315,7.466726031005237,0.0,23.50386224873364,-0.1731247614367698,0.1731247614367698
OVERALL_ageSexMatched_fd-0.3,fd-0.3,teen_13_17,male,Strength_neg,5,M5 VentralAttention,135,8.053286949069479,4.832222983763,7.02231195702916,0.2651861821068451,25.40755965653807,132,8.166671696693804,5.314256657460853,7.283929861529032,0.04086832329630845,21.437842791667205,-0.022336384460199206,0.022336384460199206
OVERALL_ageSexMatched_fd-0.3,fd-0.3,teen_13_17,male,Strength_neg,6,M6 Visual-B,135,7.877276936259107,4.991154663873314,6.806512245442718,0.5671314969658852,30.127162764183595,132,8.854222081064302,6.484203326091374,8.371763201605063,0.0,36.075504299253225,-0.16909030156060323,0.16909030156060323
OVERALL_ageSexMatched_fd-0.3,fd-0.3,teen_13_17,male,Strength_neg,7,M7 DefaultMode,135,9.612708115088571,5.860674505220187,8.639133926481009,0.2191013277042657,33.77514685597271,132,10.427756892756971,6.774661699616909,9.155949092237279,0.0,34.49112043622881,-0.12877976235924926,0.12877976235924926
OVERALL_ageSexMatched_fd-0.3,fd-0.3,teen_13_17,male,Strength_neg,8,M8 DorsalAttention,135,6.909529980337969,4.12931197541311,6.335021776845679,0.329928420484066,19.011086114915088,132,7.568745807419294,5.092556948186331,6.439977497982909,0.030726658180356,22.30655924975872,-0.14236097967879155,0.14236097967879155
OVERALL_ageSexMatched_fd-0.3,fd-0.3,teen_13_17,female,PC,1,M1 Somatomotor,46,0.8509303339370454,0.0069728976876500225,0.8521744128718445,0.8326962544981725,0.863775189641878,18,0.8482705703908935,0.005388489614295764,0.8478841500274006,0.8381553680242163,0.8591798242842026,0.4044310621470617,0.4044310621470617
OVERALL_ageSexMatched_fd-0.3,fd-0.3,teen_13_17,female,PC,2,M2 Visual-A,46,0.8518814996851264,0.0031435749633712817,0.8520368444965185,0.8440164514516384,0.8594235428069306,18,0.8527787465952544,0.004386436720439782,0.8533800034495118,0.8428519510146044,0.8585214034161301,-0.2543074651604953,0.2543074651604953
OVERALL_ageSexMatched_fd-0.3,fd-0.3,teen_13_17,female,PC,3,M3 Limbic,46,0.8541807433218792,0.004266997377416571,0.8540948791083836,0.843886973329152,0.8635654283469829,18,0.8534859931012072,0.004764157034320729,0.8532112705794554,0.8467473324075636,0.8603310249836347,0.15757913508803958,0.15757913508803958
OVERALL_ageSexMatched_fd-0.3,fd-0.3,teen_13_17,female,PC,4,M4 Frontoparietal,46,0.8416671961137407,0.0062765375828653,0.8422402196147941,0.8235874642329124,0.8515597871228764,18,0.8423175060270218,0.006444957999823864,0.8413837012205052,0.8291106531788391,0.8524832988161072,-0.10284565402209866,0.10284565402209866
OVERALL_ageSexMatched_fd-0.3,fd-0.3,teen_13_17,female,PC,5,M5 VentralAttention,46,0.8380401675071188,0.008775915272756807,0.8387233621868561,0.8126407655953298,0.8531964520287005,18,0.8391080879379512,0.00986867439440082,0.8419215187870926,0.815536578533482,0.8517858956981501,-0.1175007578703456,0.1175007578703456
OVERALL_ageSexMatched_fd-0.3,fd-0.3,teen_13_17,female,PC,6,M6 Visual-B,46,0.8447462356789682,0.007624913880522486,0.846259668195865,0.8264892099008748,0.8632670661038484,18,0.8438150854851714,0.009259473481833348,0.8455120817919387,0.8265791835505556,0.8579099322098553,0.11487223384155881,0.11487223384155881
OVERALL_ageSexMatched_fd-0.3,fd-0.3,teen_13_17,female,PC,7,M7 DefaultMode,46,0.838052913565568,0.006721800083687009,0.8375382207546774,0.821041491564848,0.8527648116618114,18,0.841209306800741,0.007024463599211387,0.8432881203325977,0.8242659297102931,0.8497583612623091,-0.46375755732030943,0.46375755732030943
OVERALL_ageSexMatched_fd-0.3,fd-0.3,teen_13_17,female,PC,8,M8 DorsalAttention,46,0.8452263613694634,0.006446318805898848,0.8461601148950482,0.8274638026203338,0.8633072261191626,18,0.8468476186702757,0.004543261517232783,0.8464207717575936,0.8399117707191868,0.8565600102728015,-0.27088536099080085,0.27088536099080085
OVERALL_ageSexMatched_fd-0.3,fd-0.3,teen_13_17,female,PC_pos,1,M1 Somatomotor,46,0.8351931116852019,0.021123714340776922,0.8438373231859355,0.7572036946639296,0.8631427476992014,18,0.8305429858874419,0.017527826288160395,0.8338218619620917,0.7965848857372968,0.8527952331318136,0.23018673898631353,0.23018673898631353
OVERALL_ageSexMatched_fd-0.3,fd-0.3,teen_13_17,female,PC_pos,2,M2 Visual-A,46,0.8350092376347653,0.012635086224864985,0.8346980768357906,0.8024779979277488,0.8553167911809478,18,0.838877326380626,0.012419634403863468,0.8392101857566447,0.805806713681354,0.857644216662022,-0.307567786501219,0.307567786501219
OVERALL_ageSexMatched_fd-0.3,fd-0.3,teen_13_17,female,PC_pos,3,M3 Limbic,46,0.8374012716853428,0.015177974740106773,0.8397612556137855,0.8035090146770887,0.8642282147090468,18,0.839372768133355,0.01613040322278859,0.8431032699727298,0.804265449319623,0.8577197405465508,-0.1276465071455982,0.1276465071455982
OVERALL_ageSexMatched_fd-0.3,fd-0.3,teen_13_17,female,PC_pos,4,M4 Frontoparietal,46,0.8222442137494169,0.015804215951651972,0.8231331023381556,0.7786470019596934,0.8488762605556256,18,0.820570069401841,0.018540933401522595,0.820263719578797,0.7935456320338948,0.8524832988161072,0.10085472125209402,0.10085472125209402
OVERALL_ageSexMatched_fd-0.3,fd-0.3,teen_13_17,female,PC_pos,5,M5 VentralAttention,46,0.8078769300695533,0.02833827038725238,0.8115589841395902,0.699156307295674,0.8480492596499496,18,0.808660336425553,0.03651111139993035,0.8165440765795551,0.6922966585760644,0.8517858956981501,-0.025438742061515418,0.025438742061515418
OVERALL_ageSexMatched_fd-0.3,fd-0.3,teen_13_17,female,PC_pos,6,M6 Visual-B,46,0.819716712612076,0.02347535372400222,0.822659745066062,0.7627445640957795,0.8637790877977227,18,0.8210599066693463,0.025370394013081422,0.8208806087620296,0.771326290899242,0.8559980836399548,-0.055943460477652814,0.055943460477652814
OVERALL_ageSexMatched_fd-0.3,fd-0.3,teen_13_17,female,PC_pos,7,M7 DefaultMode,46,0.7998355343897068,0.02806283600055425,0.806347118260337,0.737773152254445,0.8528719616911085,18,0.8054687256484682,0.03495332134756954,0.8141351854242929,0.7379032868622695,0.8495164944402007,-0.1870902786187763,0.1870902786187763
OVERALL_ageSexMatched_fd-0.3,fd-0.3,teen_13_17,female,PC_pos,8,M8 DorsalAttention,46,0.8273994853643036,0.014851574676599798,0.8274080702505906,0.7859154373499955,0.8634416901038089,18,0.8315662241465469,0.014961246880811432,0.8370714600314293,0.8111799244715172,0.8552785676903565,-0.2799902806214501,0.2799902806214501
OVERALL_ageSexMatched_fd-0.3,fd-0.3,teen_13_17,female,PC_neg,1,M1 Somatomotor,46,0.7207157776526664,0.07051767296178936,0.7359357858351948,0.4509094590505769,0.8096170152815818,18,0.6532996743485541,0.17687187598597273,0.7164301007105445,0.0,0.7855119904632322,0.6106815131800613,0.6106815131800613
OVERALL_ageSexMatched_fd-0.3,fd-0.3,teen_13_17,female,PC_neg,2,M2 Visual-A,46,0.7393429602817242,0.053980269923818165,0.7468061143013651,0.568036684898831,0.8054150777625475,18,0.6848330178660913,0.18166837917047532,0.7355702303976974,0.0,0.8009884707640047,0.5158951434348833,0.5158951434348833
OVERALL_ageSexMatched_fd-0.3,fd-0.3,teen_13_17,female,PC_neg,3,M3 Limbic,46,0.7506558175844453,0.04544714306309434,0.7564987570503003,0.6202415953483266,0.8140817287626363,18,0.6909867615689353,0.18190974153402062,0.735777359818653,0.0,0.8139839201979766,0.5803105563273463,0.5803105563273463
OVERALL_ageSexMatched_fd-0.3,fd-0.3,teen_13_17,female,PC_neg,4,M4 Frontoparietal,46,0.7485555887722621,0.05437317639180795,0.7649551154004623,0.5931707276101164,0.8144309501880568,18,0.694989356805574,0.18515135297393986,0.751584843865065,0.0,0.8039592454774753,0.49852374192546073,0.49852374192546073
OVERALL_ageSexMatched_fd-0.3,fd-0.3,teen_13_17,female,PC_neg,5,M5 VentralAttention,46,0.7324649404550796,0.05260940478087966,0.7448615987135243,0.6072276329534779,0.8084519917330977,18,0.6964810830252111,0.17618031135920706,0.7377553231320051,0.0,0.7885526540650072,0.3508378321700142,0.3508378321700142
OVERALL_ageSexMatched_fd-0.3,fd-0.3,teen_13_17,female,PC_neg,6,M6 Visual-B,46,0.7133449667810873,0.06350924046271407,0.7119837114637431,0.577783940346797,0.8164978661283746,18,0.6794837045130453,0.1811867685399709,0.7414944925042142,0.0,0.7846439625568562,0.3100296077033107,0.3100296077033107
OVERALL_ageSexMatched_fd-0.3,fd-0.3,teen_13_17,female,PC_neg,7,M7 DefaultMode,46,0.7476384426202879,0.04795815291002677,0.7555334069899456,0.6063711063834363,0.8265660728856286,18,0.692558186189432,0.18433909349440256,0.7488743829710556,0.0,0.7977072364717688,0.5254877159436983,0.5254877159436983
OVERALL_ageSexMatched_fd-0.3,fd-0.3,teen_13_17,female,PC_neg,8,M8 DorsalAttention,46,0.6922686565936567,0.06825036794610213,0.7075370831737466,0.5225263024834614,0.792634323086358,18,0.6479841596342963,0.17192351034493464,0.6840950596125549,0.0,0.7682295664961252,0.4132171422908468,0.4132171422908468
OVERALL_ageSexMatched_fd-0.3,fd-0.3,teen_13_17,female,Z,1,M1 Somatomotor,46,0.1535404844371521,0.20983521631534963,0.151420686092274,-0.3222574876362723,0.5739208221550152,18,0.16540424160466127,0.22548920368180622,0.2228111883600285,-0.274112239608882,0.49049540935454,-0.05537568212184244,0.05537568212184244
OVERALL_ageSexMatched_fd-0.3,fd-0.3,teen_13_17,female,Z,2,M2 Visual-A,46,0.10511097614060792,0.20689912848178732,0.129752469460222,-0.37115122930891054,0.47909438328456116,18,0.04655242789798923,0.2267492825563489,0.09128097091362922,-0.36545948378870896,0.46390202893049093,0.2755353057474711,0.2755353057474711
OVERALL_ageSexMatched_fd-0.3,fd-0.3,teen_13_17,female,Z,3,M3 Limbic,46,0.07094685214280969,0.22912799903750924,0.08651562152406905,-0.3722197233503825,0.5949642121894311,18,0.1084489238392658,0.15688358288423146,0.1340190551067637,-0.1648403603730038,0.3515324655908376,-0.17707561652937548,0.17707561652937548
OVERALL_ageSexMatched_fd-0.3,fd-0.3,teen_13_17,female,Z,4,M4 Frontoparietal,46,0.053393216032281046,0.15163803621342167,0.0413028454102284,-0.2256235153489993,0.4149755129661154,18,0.062014096419396134,0.11522566027242392,0.09695291154755409,-0.1846203782064397,0.2458356175179488,-0.06046248006916355,0.06046248006916355
OVERALL_ageSexMatched_fd-0.3,fd-0.3,teen_13_17,female,Z,5,M5 VentralAttention,46,0.09020852504356074,0.14495017920671438,0.09352965758021453,-0.19111559618098134,0.502542413749318,18,0.15077828421096956,0.13369625004735278,0.1749066154377651,-0.06412014757740185,0.46720703807860287,-0.42668813222091834,0.42668813222091834
OVERALL_ageSexMatched_fd-0.3,fd-0.3,teen_13_17,female,Z,6,M6 Visual-B,46,0.20083395865531126,0.16360890676250478,0.232864340251392,-0.2620535087876862,0.4916609888341599,18,0.17848019059184858,0.1543491668226632,0.21334053230556244,-0.3331518105756559,0.3294825908231928,0.13873736792424504,0.13873736792424504
OVERALL_ageSexMatched_fd-0.3,fd-0.3,teen_13_17,female,Z,7,M7 DefaultMode,46,0.17090683864928446,0.14092814869423284,0.17426771183771267,-0.1820681766176926,0.4312828969314432,18,0.11618237881298543,0.12067055003213709,0.13535237775063405,-0.0866772652952699,0.3338357098095902,0.4033497662260689,0.4033497662260689
OVERALL_ageSexMatched_fd-0.3,fd-0.3,teen_13_17,female,Z,8,M8 DorsalAttention,46,0.14704429223653168,0.18636203662758344,0.17600863778924275,-0.3609644733765106,0.5389171515252676,18,0.18099088495521698,0.15018187183369733,0.20370024346845084,-0.0611930008075265,0.4453316662064844,-0.19159559748002158,0.19159559748002158
OVERALL_ageSexMatched_fd-0.3,fd-0.3,teen_13_17,female,Z_pos,1,M1 Somatomotor,46,0.17729799218089176,0.2018345059818905,0.1865181150397664,-0.3222574876362723,0.5753883300274145,18,0.17205840490038748,0.23782761325825558,0.2467188037348076,-0.2081910722255252,0.5227033062102687,0.024678757942220353,0.024678757942220353
OVERALL_ageSexMatched_fd-0.3,fd-0.3,teen_13_17,female,Z_pos,2,M2 Visual-A,46,0.15655544508421465,0.17724219104426697,0.15608582408403746,-0.25791778307137736,0.501312553045822,18,0.10148354415600455,0.17900988367698983,0.1283900398165096,-0.28999593002729035,0.46376807854190244,0.309865106118826,0.309865106118826
OVERALL_ageSexMatched_fd-0.3,fd-0.3,teen_13_17,female,Z_pos,3,M3 Limbic,46,0.10544977639434587,0.22672131327836578,0.1106881460655213,-0.3646410299381089,0.5949702478323822,18,0.12563532437926786,0.17577275438303777,0.1647179913223395,-0.3249808640070793,0.3591055403776193,-0.09434167232672912,0.09434167232672912
OVERALL_ageSexMatched_fd-0.3,fd-0.3,teen_13_17,female,Z_pos,4,M4 Frontoparietal,46,0.09283988413547896,0.1341582217381919,0.0990764567414684,-0.184440047615409,0.3892869696307792,18,0.10428210016605927,0.1563695548483915,0.10090364305179905,-0.2283580402666417,0.3586722725418036,-0.08138248602990983,0.08138248602990983
OVERALL_ageSexMatched_fd-0.3,fd-0.3,teen_13_17,female,Z_pos,5,M5 VentralAttention,46,0.13131380644087137,0.12981503195419292,0.13195310962298407,-0.08655544134075696,0.4992364744639593,18,0.18018494115083905,0.1521233030295957,0.19579726063468378,-0.06452919435120089,0.4800029950784692,-0.3585671466850901,0.3585671466850901
OVERALL_ageSexMatched_fd-0.3,fd-0.3,teen_13_17,female,Z_pos,6,M6 Visual-B,46,0.2174154328044061,0.13500411517370978,0.23461352917298128,-0.1119275474258861,0.5100960604150353,18,0.17851618198258445,0.13796496603930414,0.21762384176748156,-0.2149068822585996,0.3418602126401726,0.28639793856845575,0.28639793856845575
OVERALL_ageSexMatched_fd-0.3,fd-0.3,teen_13_17,female,Z_pos,7,M7 DefaultMode,46,0.19453972227043478,0.14205612162820463,0.1871105649184144,-0.062657076378941,0.4463965526643186,18,0.13495569287784426,0.1056803488873536,0.16427704551217975,-0.0908735918952256,0.2566122696441178,0.4477469483331984,0.4477469483331984
OVERALL_ageSexMatched_fd-0.3,fd-0.3,teen_13_17,female,Z_pos,8,M8 DorsalAttention,46,0.17304228139736472,0.13841412894084734,0.1887461475413979,-0.2020672752829379,0.4640628533697568,18,0.21911595550464413,0.1466416157451345,0.22694159152281557,-0.0335859106871044,0.5371909026664234,-0.3274186517282554,0.3274186517282554
OVERALL_ageSexMatched_fd-0.3,fd-0.3,teen_13_17,female,Z_neg,1,M1 Somatomotor,46,-0.24661329068913815,0.27539262396351405,-0.04604934408948255,-0.7757175093627308,0.0,18,-0.2601363512023584,0.2776184101960768,-0.22473328748774735,-0.7541771903265309,0.0,0.048995760602241444,0.048995760602241444
OVERALL_ageSexMatched_fd-0.3,fd-0.3,teen_13_17,female,Z_neg,2,M2 Visual-A,46,-0.29747101594209585,0.1418570649092207,-0.286429089315936,-0.6356015494435805,0.0361312028219708,18,-0.32221215578599094,0.17488338329200454,-0.32549589487965225,-0.7059159199906218,0.0,0.16316767904036816,0.16316767904036816
OVERALL_ageSexMatched_fd-0.3,fd-0.3,teen_13_17,female,Z_neg,3,M3 Limbic,46,-0.30823816691583,0.2523889651636385,-0.2967118613722642,-0.8452289035984462,0.2906070365961406,18,-0.3771411308177431,0.2328333000506736,-0.44305491717101564,-0.7138096424567523,0.0,0.27875518219020534,0.27875518219020534
OVERALL_ageSexMatched_fd-0.3,fd-0.3,teen_13_17,female,Z_neg,4,M4 Frontoparietal,46,-0.27022286813223656,0.1430173171689018,-0.2561181546345104,-0.6149883871822911,-0.0043989970464444,18,-0.32315161921025454,0.1746520484190938,-0.356552463860078,-0.696200588145469,0.0,0.34742367770107635,0.34742367770107635
OVERALL_ageSexMatched_fd-0.3,fd-0.3,teen_13_17,female,Z_neg,5,M5 VentralAttention,46,-0.31853563582372535,0.11511839405427303,-0.31319352221708724,-0.5563695928597319,0.0510029792865339,18,-0.32937025094625005,0.1264840347088379,-0.3456122181704365,-0.5154485151540448,0.0,0.09155230477515969,0.09155230477515969
OVERALL_ageSexMatched_fd-0.3,fd-0.3,teen_13_17,female,Z_neg,6,M6 Visual-B,46,-0.3487231019609505,0.18466478712819842,-0.36978213028684076,-0.6511574043178838,0.0,18,-0.34302185809664,0.1733207901691881,-0.39723369618236104,-0.5473369516937627,0.0,-0.03139021880670919,0.03139021880670919
OVERALL_ageSexMatched_fd-0.3,fd-0.3,teen_13_17,female,Z_neg,7,M7 DefaultMode,46,-0.3360863059370831,0.14183316715188732,-0.3484339705691508,-0.7248029623984801,0.082071247404642,18,-0.3121607934685426,0.08028386700873075,-0.29684215721504903,-0.5157256741134421,-0.1749794536965966,-0.18700879198047038,0.18700879198047038
OVERALL_ageSexMatched_fd-0.3,fd-0.3,teen_13_17,female,Z_neg,8,M8 DorsalAttention,46,-0.3279283645462249,0.14276203146921712,-0.32010984909412177,-0.6715333377967965,0.0,18,-0.3566072431454874,0.08890431987168006,-0.35146157570073455,-0.4904346429417585,-0.0920605970508755,0.22021697166517357,0.22021697166517357
OVERALL_ageSexMatched_fd-0.3,fd-0.3,teen_13_17,female,Strength_pos,1,M1 Somatomotor,46,48.003907511792534,15.799654752928415,44.714158858463634,24.75952906953171,80.5365059375763,18,53.20834457552908,23.682176083377257,48.54050663032103,27.509403178701177,126.44446408003569,-0.28436464111547083,0.28436464111547083
OVERALL_ageSexMatched_fd-0.3,fd-0.3,teen_13_17,female,Strength_pos,2,M2 Visual-A,46,41.13816515721113,12.215084279044184,38.654866850643884,22.1929731661221,73.10598970996216,18,48.36135346157688,19.73296834556695,46.326389369449316,25.918145666248165,115.19212282460649,-0.4925433954276335,0.4925433954276335
OVERALL_ageSexMatched_fd-0.3,fd-0.3,teen_13_17,female,Strength_pos,3,M3 Limbic,46,38.319645063904,11.743913025447437,36.65267062388011,22.659997412818484,73.99460800224915,18,46.28658625900263,24.36086279940184,44.57752416469157,19.227827626280487,121.9239124506712,-0.4914275964106344,0.4914275964106344
OVERALL_ageSexMatched_fd-0.3,fd-0.3,teen_13_17,female,Strength_pos,4,M4 Frontoparietal,46,46.90491971772747,12.545588158540438,43.542464579455554,29.97787267016247,83.2849184088409,18,50.546990287423895,24.188575113241,43.27862665540306,28.592531722038984,128.59421937167645,-0.21975977414814396,0.21975977414814396
OVERALL_ageSexMatched_fd-0.3,fd-0.3,teen_13_17,female,Strength_pos,5,M5 VentralAttention,46,44.83907739773622,13.093061568326615,41.13485537536326,27.221068844548427,77.18372807535343,18,49.27435899934588,24.781650482427107,43.42469310158049,24.775886736926623,137.00901671126485,-0.25919407817243445,0.25919407817243445
OVERALL_ageSexMatched_fd-0.3,fd-0.3,teen_13_17,female,Strength_pos,6,M6 Visual-B,46,47.45034756693578,13.977275803263018,45.400183690479025,27.690992327639837,83.6632687188685,18,50.52700541760068,23.138565214890818,43.468537193213706,30.175206824205816,129.32702999562025,-0.18110588113825388,0.18110588113825388
OVERALL_ageSexMatched_fd-0.3,fd-0.3,teen_13_17,female,Strength_pos,7,M7 DefaultMode,46,41.7712843671399,11.828173253497143,39.00531656049134,21.526482664979994,70.5719020459801,18,46.671608540822895,23.90856003816017,38.92375458081369,27.843872744822875,125.35896664112806,-0.3049161787261233,0.3049161787261233
OVERALL_ageSexMatched_fd-0.3,fd-0.3,teen_13_17,female,Strength_pos,8,M8 DorsalAttention,46,51.722563368059525,13.246625540274268,47.735620592779014,33.98676724429242,83.23679288104177,18,55.56152785253572,23.338797272476903,53.35554882953875,31.8838308500126,132.64341143518686,-0.23078078437039137,0.23078078437039137
OVERALL_ageSexMatched_fd-0.3,fd-0.3,teen_13_17,female,Strength_neg,1,M1 Somatomotor,46,7.152515252968995,5.448177083028757,5.524202957865782,0.3822923079133034,25.389736969955266,18,6.517829467372495,4.853825993869626,5.874007472302765,0.0,15.559297211002558,0.1199363196645658,0.1199363196645658
OVERALL_ageSexMatched_fd-0.3,fd-0.3,teen_13_17,female,Strength_neg,2,M2 Visual-A,46,7.488981623550602,4.181953198566234,6.692011668492341,0.5866609830409288,18.567051782039925,18,7.041992208221927,3.8834868732470804,6.373405572609045,0.0730330348014831,14.664848654996604,0.10896129462144778,0.10896129462144778
OVERALL_ageSexMatched_fd-0.3,fd-0.3,teen_13_17,female,Strength_neg,3,M3 Limbic,46,8.96448755755506,5.067694989545487,7.415446959581459,1.4953685894142836,21.72864661179483,18,7.054281708246385,4.8673383279576266,6.446054375781387,0.0401732288300991,17.739392544375733,0.3810082354723203,0.3810082354723203
OVERALL_ageSexMatched_fd-0.3,fd-0.3,teen_13_17,female,Strength_neg,4,M4 Frontoparietal,46,7.43613392339324,4.782550451039228,6.6202000232297,0.4578763917088508,18.472280593472533,18,7.397615310820078,4.793975423137322,8.14060573244933,0.0,19.613732860423625,0.008048713190196417,0.008048713190196417
OVERALL_ageSexMatched_fd-0.3,fd-0.3,teen_13_17,female,Strength_neg,5,M5 VentralAttention,46,8.680559370628702,5.666128181162596,7.911780097114388,0.7483345088548958,24.276333398272982,18,7.698259173335019,4.658420471080737,8.129021808883408,0.0,16.676181147340685,0.18162034203923758,0.18162034203923758
OVERALL_ageSexMatched_fd-0.3,fd-0.3,teen_13_17,female,Strength_neg,6,M6 Visual-B,46,8.558927950404684,5.403577754741896,7.1643306249097805,0.4397780280560255,19.501628261525184,18,6.992191304252224,4.670572099795153,6.832254677661695,0.0,15.422893395647408,0.3005522979970471,0.3005522979970471
OVERALL_ageSexMatched_fd-0.3,fd-0.3,teen_13_17,female,Strength_neg,7,M7 DefaultMode,46,11.015895856065743,6.524334639789633,10.03531340265181,1.5414136950857935,28.736205529421568,18,9.446465254458921,5.976547551629753,10.229874058044516,0.0,20.86471291165799,0.24603785545973592,0.24603785545973592
OVERALL_ageSexMatched_fd-0.3,fd-0.3,teen_13_17,female,Strength_neg,8,M8 DorsalAttention,46,7.023184337163991,4.229411622279077,6.260054822429083,0.8177111372351646,20.883322830311958,18,6.293958657351646,4.647892550410183,5.404826746322215,0.0080670481547713,17.357874152250588,0.1677087978189068,0.1677087978189068
OVERALL_ageSexMatched_fd-0.3,fd-0.3,adult_18_plus,male,PC,1,M1 Somatomotor,156,0.8459141715733722,0.06844457821179606,0.8514125559223679,0.0,0.8653455755079951,140,0.8498064060449639,0.006985955319633296,0.8511266205180742,0.823552363930095,0.8637071290685099,-0.07795581372710211,0.07795581372710211
OVERALL_ageSexMatched_fd-0.3,fd-0.3,adult_18_plus,male,PC,2,M2 Visual-A,156,0.8420401779555394,0.09633048842525943,0.8530110600855669,0.0,0.8601740240367133,140,0.8519078054678915,0.004124329438760196,0.851971397095445,0.8372768189870132,0.8610819314758428,-0.14096137796095393,0.14096137796095393
OVERALL_ageSexMatched_fd-0.3,fd-0.3,adult_18_plus,male,PC,3,M3 Limbic,156,0.8489053507957084,0.06855343219310307,0.8547842205483975,0.0,0.8666976835267396,140,0.8524227393011606,0.004669635437585353,0.8529860950379263,0.8349234404938708,0.8637714125906317,-0.07051756259420648,0.07051756259420648
OVERALL_ageSexMatched_fd-0.3,fd-0.3,adult_18_plus,male,PC,4,M4 Frontoparietal,156,0.841572410497218,0.010369288612836829,0.8428435337811153,0.7402985843664491,0.8569353251660263,140,0.8418815667038063,0.0066681480444252495,0.8428882475835937,0.8238582520236286,0.8563158716251167,-0.03507052055486949,0.03507052055486949
OVERALL_ageSexMatched_fd-0.3,fd-0.3,adult_18_plus,male,PC,5,M5 VentralAttention,156,0.8418885435971247,0.00945168956404281,0.8431440121757929,0.7598418542784176,0.8540920158690353,140,0.8412969097355896,0.007248593440648152,0.8424283496430356,0.8121269671010543,0.8531640305538182,0.06975406909461956,0.06975406909461956
OVERALL_ageSexMatched_fd-0.3,fd-0.3,adult_18_plus,male,PC,6,M6 Visual-B,156,0.8409093026216158,0.0681657883043452,0.8471071351114351,0.0,0.8576847504756553,140,0.8458472975085041,0.007277023347351148,0.8469776984402029,0.8218476864731703,0.8603942029247758,-0.09926221792801676,0.09926221792801676
OVERALL_ageSexMatched_fd-0.3,fd-0.3,adult_18_plus,male,PC,7,M7 DefaultMode,156,0.8387597257090723,0.012626308948589609,0.840432201764189,0.7366852570262498,0.8552400841294114,140,0.8391130589514637,0.009276133778017382,0.8404162650283711,0.8146605104317144,0.8551838854239974,-0.03163704168452974,0.03163704168452974
OVERALL_ageSexMatched_fd-0.3,fd-0.3,adult_18_plus,male,PC,8,M8 DorsalAttention,156,0.8406265469745893,0.06795409658212001,0.8464882393721542,0.0,0.8562713423587063,140,0.8457245752714826,0.005479482585166257,0.8465284413125296,0.8296422956981475,0.8567917345039265,-0.10302246609877226,0.10302246609877226
OVERALL_ageSexMatched_fd-0.3,fd-0.3,adult_18_plus,male,PC_pos,1,M1 Somatomotor,156,0.8309770183007583,0.06884384287771296,0.8386248981627695,0.0,0.8644781802918017,140,0.8343824109768562,0.017615267532038893,0.8391260910367527,0.774697422571579,0.8602799669286479,-0.06620958508852043,0.06620958508852043
OVERALL_ageSexMatched_fd-0.3,fd-0.3,adult_18_plus,male,PC_pos,2,M2 Visual-A,156,0.8224848806935444,0.0962797160599544,0.8372419309294341,0.0,0.8596900352350678,140,0.833579214185019,0.018002462424480618,0.8371426001110548,0.7307379538158223,0.860972749931111,-0.15626819315228987,0.15626819315228987
OVERALL_ageSexMatched_fd-0.3,fd-0.3,adult_18_plus,male,PC_pos,3,M3 Limbic,156,0.8318927321491147,0.06845983091995786,0.8380858955512405,0.0,0.8672119537303009,140,0.8338330358831109,0.01621777950616366,0.8359432597397947,0.7711026878433319,0.8578903999557499,-0.038087249552012176,0.038087249552012176
OVERALL_ageSexMatched_fd-0.3,fd-0.3,adult_18_plus,male,PC_pos,4,M4 Frontoparietal,156,0.8186529957204659,0.01929636913076623,0.8201855838801515,0.7108091008770688,0.8557284624331712,140,0.8215431032905491,0.018167346063840725,0.8255180988053983,0.7611220883596523,0.8564241068672009,-0.15396626270725575,0.15396626270725575
OVERALL_ageSexMatched_fd-0.3,fd-0.3,adult_18_plus,male,PC_pos,5,M5 VentralAttention,156,0.8170551094066113,0.019319788088948048,0.8193340527144888,0.7350890771120953,0.8531597605969627,140,0.816547330411749,0.02510176471503998,0.8235746360131289,0.725489767057434,0.8525446814089874,0.022830177604939245,0.022830177604939245
OVERALL_ageSexMatched_fd-0.3,fd-0.3,adult_18_plus,male,PC_pos,6,M6 Visual-B,156,0.8166276009352448,0.07166538987296436,0.8289565315694798,0.0,0.8558418530930331,140,0.8245561897565555,0.025317519569311303,0.8299405312636674,0.7025079594745809,0.8604273155960477,-0.14449656891176835,0.14449656891176835
OVERALL_ageSexMatched_fd-0.3,fd-0.3,adult_18_plus,male,PC_pos,7,M7 DefaultMode,156,0.8013933192201939,0.03714607928496911,0.8112158571599657,0.6547745842195971,0.8540731007391493,140,0.802673923023465,0.03562875007898863,0.8131581590519072,0.6875674744306848,0.8549464300396412,-0.0351461049215424,0.0351461049215424
OVERALL_ageSexMatched_fd-0.3,fd-0.3,adult_18_plus,male,PC_pos,8,M8 DorsalAttention,156,0.82101068336309,0.06827456353763761,0.8274222578173049,0.0,0.8547718531181492,140,0.8261852395057738,0.016929150901761187,0.8301385122903671,0.7822430894600768,0.8564146335957494,-0.10161732488650063,0.10161732488650063
OVERALL_ageSexMatched_fd-0.3,fd-0.3,adult_18_plus,male,PC_neg,1,M1 Somatomotor,156,0.6947309989263999,0.13689025789721196,0.7344736578458491,0.0,0.8196690645385769,140,0.7021621030695405,0.12438675644511725,0.7403284595351025,0.0,0.8214546036968655,-0.05667086648873274,0.05667086648873274
OVERALL_ageSexMatched_fd-0.3,fd-0.3,adult_18_plus,male,PC_neg,2,M2 Visual-A,156,0.7381520651351977,0.11884098196152044,0.7668851349668049,0.0,0.8322719100636434,140,0.7300663906272756,0.1124586002557613,0.7586376946865627,0.0,0.8376077159756068,0.06978393000424969,0.06978393000424969
OVERALL_ageSexMatched_fd-0.3,fd-0.3,adult_18_plus,male,PC_neg,3,M3 Limbic,156,0.738117941508177,0.12217060655310712,0.7726619573790896,0.0,0.8376764638598204,140,0.7352049881258234,0.11248673369719098,0.7651389226299952,0.0,0.8287076566315652,0.02475074896953939,0.02475074896953939
OVERALL_ageSexMatched_fd-0.3,fd-0.3,adult_18_plus,male,PC_neg,4,M4 Frontoparietal,156,0.734749952048702,0.10635092468445963,0.7693561010249859,0.0,0.8225478720493803,140,0.7305023591706554,0.11568289373670522,0.7605893210557837,0.0,0.8336242927899483,0.03831460864581816,0.03831460864581816
OVERALL_ageSexMatched_fd-0.3,fd-0.3,adult_18_plus,male,PC_neg,5,M5 VentralAttention,156,0.7116849512959909,0.11599212916200975,0.7461055057063489,0.0,0.8200543007317274,140,0.7099853218051818,0.10888777626995877,0.7393364526882591,0.0,0.8253038741062072,0.01508246545753806,0.01508246545753806
OVERALL_ageSexMatched_fd-0.3,fd-0.3,adult_18_plus,male,PC_neg,6,M6 Visual-B,156,0.7166852114674782,0.1199555153511641,0.7423695454731802,0.0,0.8362765204054123,140,0.7137114650691867,0.1129554796587957,0.7396154811766639,0.0,0.8243242555854295,0.025482341719501315,0.025482341719501315
OVERALL_ageSexMatched_fd-0.3,fd-0.3,adult_18_plus,male,PC_neg,7,M7 DefaultMode,156,0.7418339324657028,0.09330330880794958,0.7702489406184637,0.0,0.8252087791229418,140,0.740757883886743,0.09264039358911721,0.7612328148104075,0.0,0.8333921497483588,0.011571599524386241,0.011571599524386241
OVERALL_ageSexMatched_fd-0.3,fd-0.3,adult_18_plus,male,PC_neg,8,M8 DorsalAttention,156,0.6810125678162233,0.12646828371457902,0.7111483296607279,0.0,0.8079626131752569,140,0.6772559085969413,0.12955467503265958,0.7047626953050415,0.0,0.8199952681737153,0.029363403870196442,0.029363403870196442
OVERALL_ageSexMatched_fd-0.3,fd-0.3,adult_18_plus,male,Z,1,M1 Somatomotor,156,0.15472792084800846,0.2036784812151376,0.1771277715486097,-0.6411599358667844,0.5555389413436339,140,0.20040699364735087,0.2202514428328738,0.2250278343861199,-0.4576320935196857,0.6119849455596542,-0.215797357943341,0.215797357943341
OVERALL_ageSexMatched_fd-0.3,fd-0.3,adult_18_plus,male,Z,2,M2 Visual-A,156,0.09104588072763035,0.18755672371508778,0.09581233712162193,-0.8319516811482666,0.48065117969892857,140,0.10969831989844818,0.18204240694697257,0.1216909770822733,-0.4577410646502163,0.5054999706050107,-0.10084029125570042,0.10084029125570042
OVERALL_ageSexMatched_fd-0.3,fd-0.3,adult_18_plus,male,Z,3,M3 Limbic,156,0.09779663891240478,0.228421847006543,0.14009285921003461,-0.7069753945030027,0.5569912199987481,140,0.07036450536499629,0.2344532954801345,0.08793629114514134,-0.5119647068988163,0.5808028518226436,0.11860336130753499,0.11860336130753499
OVERALL_ageSexMatched_fd-0.3,fd-0.3,adult_18_plus,male,Z,4,M4 Frontoparietal,156,0.0715879101949378,0.1460911834845396,0.0736976183465673,-0.3572859835105572,0.4069867886206642,140,0.08345897101612137,0.1458264742895699,0.10356031820723735,-0.3011579775281564,0.4479759946245645,-0.08132752397490228,0.08132752397490228
OVERALL_ageSexMatched_fd-0.3,fd-0.3,adult_18_plus,male,Z,5,M5 VentralAttention,156,0.11206816228960957,0.14704978081562511,0.10667871364560164,-0.23083184247077898,0.5791565025308415,140,0.1196659054433088,0.15660860403542545,0.1140709994056484,-0.28268125193548116,0.48986453283145637,-0.05010243126237212,0.05010243126237212
OVERALL_ageSexMatched_fd-0.3,fd-0.3,adult_18_plus,male,Z,6,M6 Visual-B,156,0.20486351098367153,0.15336516509614287,0.22570373179631992,-0.3194964155301235,0.5949859211857538,140,0.21794916524925032,0.14563743803495194,0.2207862993213642,-0.1897216239738748,0.5051640957851943,-0.08737674960594007,0.08737674960594007
OVERALL_ageSexMatched_fd-0.3,fd-0.3,adult_18_plus,male,Z,7,M7 DefaultMode,156,0.1744730527673299,0.1495419295070658,0.1681888203635173,-0.2157299805562371,0.5514947934501444,140,0.16215405292135593,0.13075748216383434,0.1732067179464109,-0.169215685401227,0.4038969249579197,0.08738543908008763,0.08738543908008763
OVERALL_ageSexMatched_fd-0.3,fd-0.3,adult_18_plus,male,Z,8,M8 DorsalAttention,156,0.1585390452912449,0.16271793913082225,0.1621605283272756,-0.7340815166463974,0.5174811660635811,140,0.16140455687561656,0.15664893932797566,0.1801455045775228,-0.2292554225067771,0.5025962832580089,-0.017923192581499305,0.017923192581499305
OVERALL_ageSexMatched_fd-0.3,fd-0.3,adult_18_plus,male,Z_pos,1,M1 Somatomotor,156,0.16294599053413833,0.1971769631999827,0.18748990139798094,-0.5469829565312067,0.5555389413436339,140,0.2089682193330198,0.21294748302212438,0.24108268691535284,-0.5312857306741922,0.6119849455596542,-0.22473491044347738,0.22473491044347738
OVERALL_ageSexMatched_fd-0.3,fd-0.3,adult_18_plus,male,Z_pos,2,M2 Visual-A,156,0.12206065889957757,0.1729772188755001,0.13719754558705344,-0.818142474888237,0.5573926760778755,140,0.1505655096834022,0.16598385907045765,0.17276472072196508,-0.33547406096160187,0.4566228149008361,-0.16796532827835747,0.16796532827835747
OVERALL_ageSexMatched_fd-0.3,fd-0.3,adult_18_plus,male,Z_pos,3,M3 Limbic,156,0.11694021199699715,0.21528615554443897,0.14034353949578166,-0.599320715342374,0.5093619762283711,140,0.10827738633126258,0.2145232977442964,0.12638213666959947,-0.4586841965560751,0.7302664895852161,0.040306118546100056,0.040306118546100056
OVERALL_ageSexMatched_fd-0.3,fd-0.3,adult_18_plus,male,Z_pos,4,M4 Frontoparietal,156,0.10407494990065687,0.14907071874565375,0.1096689228723552,-0.2424824404316855,0.4445293136479728,140,0.13006370293710492,0.12705253783225712,0.13061755138238573,-0.2365190905760671,0.5023525273174853,-0.18684064232703546,0.18684064232703546
OVERALL_ageSexMatched_fd-0.3,fd-0.3,adult_18_plus,male,Z_pos,5,M5 VentralAttention,156,0.15309748787503508,0.1381903832444996,0.14201998403779081,-0.21018582993983398,0.5245848646296128,140,0.1504910067652185,0.15317927958934824,0.15300542921517862,-0.36573457123767905,0.5015509308872177,0.017917705698131222,0.017917705698131222
OVERALL_ageSexMatched_fd-0.3,fd-0.3,adult_18_plus,male,Z_pos,6,M6 Visual-B,156,0.21666927340033565,0.15312990806909824,0.24336706573973904,-0.307295585731594,0.5658043533400259,140,0.21985535409921514,0.14679955742548853,0.22558083085755826,-0.3421768437996215,0.5051640957851943,-0.021216457501818765,0.021216457501818765
OVERALL_ageSexMatched_fd-0.3,fd-0.3,adult_18_plus,male,Z_pos,7,M7 DefaultMode,156,0.20237093327882769,0.15458690830326421,0.21467270727775925,-0.710321621300044,0.5737900954546495,140,0.18993338658663425,0.12857191957121403,0.21430500323682355,-0.1478784941907066,0.4287234312058673,0.08704958872869051,0.08704958872869051
OVERALL_ageSexMatched_fd-0.3,fd-0.3,adult_18_plus,male,Z_pos,8,M8 DorsalAttention,156,0.18182456710076045,0.16119461821613948,0.19013896261263585,-0.7223894256385447,0.5428652767331882,140,0.18923611746207084,0.14885919917526919,0.19252129074814733,-0.3446113962463752,0.6252216452127657,-0.04766742980417976,0.04766742980417976
OVERALL_ageSexMatched_fd-0.3,fd-0.3,adult_18_plus,male,Z_neg,1,M1 Somatomotor,156,-0.1833799545970269,0.23507899526068016,0.0,-0.7271005296548332,0.0239819218412052,140,-0.2031551364411464,0.24504003340390387,0.0,-0.7474355138473959,0.0574811292168507,0.08245154813490135,0.08245154813490135
OVERALL_ageSexMatched_fd-0.3,fd-0.3,adult_18_plus,male,Z_neg,2,M2 Visual-A,156,-0.32002747926224684,0.15513403892838676,-0.3167280090309901,-0.742503364844338,0.0785573162701585,140,-0.303948205958959,0.14665132898238817,-0.30206055609975074,-0.6941090255536306,0.13579160912975985,-0.10635647363840595,0.10635647363840595
OVERALL_ageSexMatched_fd-0.3,fd-0.3,adult_18_plus,male,Z_neg,3,M3 Limbic,156,-0.314247827289792,0.21045437747742235,-0.3231194127819236,-0.8049945680594738,0.4181676702994586,140,-0.2851912825041217,0.19523165589396674,-0.31236355289326334,-0.7526232648732437,0.200712046457534,-0.1428547083335361,0.1428547083335361
OVERALL_ageSexMatched_fd-0.3,fd-0.3,adult_18_plus,male,Z_neg,4,M4 Frontoparietal,156,-0.2948171551764837,0.1254382348463957,-0.30845097658674314,-0.6121782444814158,0.18868596132058,140,-0.2979079509337956,0.13418339316385702,-0.2814300101401659,-0.6287195081728597,0.0703732958737154,0.023840199174716116,0.023840199174716116
OVERALL_ageSexMatched_fd-0.3,fd-0.3,adult_18_plus,male,Z_neg,5,M5 VentralAttention,156,-0.2916739088511156,0.11042651644269791,-0.28510598008870447,-0.6222727851069427,0.03965706038047965,140,-0.2826815255441006,0.12586183288796612,-0.2906327955171626,-0.5314276247268827,0.16043921248697535,-0.07622206285975167,0.07622206285975167
OVERALL_ageSexMatched_fd-0.3,fd-0.3,adult_18_plus,male,Z_neg,6,M6 Visual-B,156,-0.3107708447725901,0.17539731144780263,-0.33079616305452836,-0.7692875026691226,0.0,140,-0.29514785437177665,0.18995323707315942,-0.30230337065563506,-0.6949279420930383,0.1312833462427586,-0.08564108994314033,0.08564108994314033
OVERALL_ageSexMatched_fd-0.3,fd-0.3,adult_18_plus,male,Z_neg,7,M7 DefaultMode,156,-0.3109619728182803,0.10382417659450799,-0.2977117255365124,-0.6399543220213516,0.0,140,-0.3039713197583807,0.10284304090246055,-0.29320662710502143,-0.5604804121396549,0.0,-0.06763306734003718,0.06763306734003718
OVERALL_ageSexMatched_fd-0.3,fd-0.3,adult_18_plus,male,Z_neg,8,M8 DorsalAttention,156,-0.322592559000142,0.12988886000347558,-0.32661718125106215,-0.6317719146074543,0.0,140,-0.321656599803648,0.13958044800214692,-0.32126884043444964,-0.6009965072049175,0.1746499941758193,-0.006955806866202504,0.006955806866202504
OVERALL_ageSexMatched_fd-0.3,fd-0.3,adult_18_plus,male,Strength_pos,1,M1 Somatomotor,156,49.3849003562201,17.407381852240466,47.288231406826526,0.0,121.07607049494982,140,51.39256087126131,18.883923257119243,49.610601485939696,18.84773420868441,129.47779822349548,-0.11079513320891883,0.11079513320891883
OVERALL_ageSexMatched_fd-0.3,fd-0.3,adult_18_plus,male,Strength_pos,2,M2 Visual-A,156,39.10893012191118,15.059485185021007,36.06449232707382,0.0,101.06593883223832,140,42.84950297571755,15.72620793962083,39.15921373054152,9.845636340105557,118.40585569385439,-0.24323696778905732,0.24323696778905732
OVERALL_ageSexMatched_fd-0.3,fd-0.3,adult_18_plus,male,Strength_pos,3,M3 Limbic,156,38.77924393154901,16.36327439985403,35.344636590976734,0.0,115.21922799944878,140,39.376244186998754,17.274054252626012,34.460574929980794,16.309001479297876,110.49425091594458,-0.03553565321898557,0.03553565321898557
OVERALL_ageSexMatched_fd-0.3,fd-0.3,adult_18_plus,male,Strength_pos,4,M4 Frontoparietal,156,47.05345461225334,15.518953123514654,44.93707317870576,9.03628871589899,125.58261203207076,140,50.21799843770565,16.338356276376913,47.820390892011346,27.787516118958592,115.25712838955224,-0.19888259316743687,0.19888259316743687
OVERALL_ageSexMatched_fd-0.3,fd-0.3,adult_18_plus,male,Strength_pos,5,M5 VentralAttention,156,46.91282596927398,16.38000371659055,44.35947600900545,10.271425668033771,124.52417097066063,140,49.97696476758579,17.673982525603186,46.45143622647447,23.416276053525507,121.85513242986053,-0.1802004281648123,0.1802004281648123
OVERALL_ageSexMatched_fd-0.3,fd-0.3,adult_18_plus,male,Strength_pos,6,M6 Visual-B,156,47.678697565865896,16.478640286409863,44.970797665184364,0.0,118.96181374788284,140,52.051840178038326,16.289272187390186,48.497232216759585,23.532324948813766,108.9632364101708,-0.26682779522875916,0.26682779522875916
OVERALL_ageSexMatched_fd-0.3,fd-0.3,adult_18_plus,male,Strength_pos,7,M7 DefaultMode,156,42.72591087803837,14.968532444968387,38.80288384051528,5.136735257226974,108.91102828644216,140,44.40194000882789,15.721314214844524,41.105215025600046,22.654139906167984,113.63871736079454,-0.10933680886107758,0.10933680886107758
OVERALL_ageSexMatched_fd-0.3,fd-0.3,adult_18_plus,male,Strength_pos,8,M8 DorsalAttention,156,51.10052307215616,16.14338234075496,48.13937511097174,0.0,118.85299967974424,140,53.046249684849265,17.271210682051116,50.0003355013323,26.601563484291542,117.70676285028458,-0.11660755784944937,0.11660755784944937
OVERALL_ageSexMatched_fd-0.3,fd-0.3,adult_18_plus,male,Strength_neg,1,M1 Somatomotor,156,7.958791046679103,5.405856441931007,7.500421255623223,0.0,25.394217900931835,140,7.060622996496126,4.930106148883993,6.111555465264246,0.0735362842679023,21.62392208428355,0.17317859588819393,0.17317859588819393
OVERALL_ageSexMatched_fd-0.3,fd-0.3,adult_18_plus,male,Strength_neg,2,M2 Visual-A,156,8.90553413145045,5.810255121065294,8.610526762058726,0.0,29.714586610731203,140,8.24800869534424,5.685895551284449,7.2400745838167495,0.0456094383262097,30.210201704176143,0.11431657539694734,0.11431657539694734
OVERALL_ageSexMatched_fd-0.3,fd-0.3,adult_18_plus,male,Strength_neg,3,M3 Limbic,156,9.42528936869128,5.856307900518731,9.495653970516289,0.0,37.35630688164383,140,9.536922783995191,6.083436525905267,8.625772985978983,0.0007591510657221,26.03839124157093,-0.01871546071455251,0.01871546071455251
OVERALL_ageSexMatched_fd-0.3,fd-0.3,adult_18_plus,male,Strength_neg,4,M4 Frontoparietal,156,8.13250447493402,4.756369425561915,8.464753906591795,0.0,27.86723583727144,140,7.779603641574632,4.985802365801884,6.726676799706183,0.1061429425608366,20.68001831928268,0.07252095539553939,0.07252095539553939
OVERALL_ageSexMatched_fd-0.3,fd-0.3,adult_18_plus,male,Strength_neg,5,M5 VentralAttention,156,8.415017004531464,4.98057883652361,8.546336153623997,0.0,27.152488561579958,140,8.105976092883461,5.6806760031993475,7.246929654931591,0.0719818472862243,28.24547297577374,0.058056946657350776,0.058056946657350776
OVERALL_ageSexMatched_fd-0.3,fd-0.3,adult_18_plus,male,Strength_neg,6,M6 Visual-B,156,8.83894471574268,5.549583727826243,8.43111475254409,0.0,26.01851885346696,140,7.869141166471429,5.328325798243902,6.545976859051734,0.023817092180252,24.64027664298192,0.1780731710437115,0.1780731710437115
OVERALL_ageSexMatched_fd-0.3,fd-0.3,adult_18_plus,male,Strength_neg,7,M7 DefaultMode,156,10.587008782877128,5.873554934743897,10.323689048120286,0.1751416651532054,29.796450039371848,140,10.536046388665532,6.377892535852508,9.611350558581762,0.0444891490042209,29.69232168921735,0.0083310210766783,0.0083310210766783
OVERALL_ageSexMatched_fd-0.3,fd-0.3,adult_18_plus,male,Strength_neg,8,M8 DorsalAttention,156,7.890604436883973,4.997951103179859,7.2835469441488385,0.0,29.334568470017985,140,7.744122016680714,5.182152031125632,6.819651875179261,0.0667182691395282,23.8025784958154,0.02880183656078513,0.02880183656078513
OVERALL_ageSexMatched_fd-0.3,fd-0.3,adult_18_plus,female,PC,1,M1 Somatomotor,23,0.8510811190711177,0.004722702183014016,0.8505963160255428,0.8336152916261583,0.858494293862346,15,0.8495929284521097,0.0060680171384611716,0.8504063915381718,0.8399010686302043,0.8598884874330566,0.2814961425607105,0.2814961425607105
OVERALL_ageSexMatched_fd-0.3,fd-0.3,adult_18_plus,female,PC,2,M2 Visual-A,23,0.8521546320907483,0.0035628647915906847,0.8525358901080201,0.8466641059086588,0.861297790867516,15,0.8529759310676963,0.0036652059924624563,0.8534656635602743,0.8463250431521405,0.8588332960687282,-0.227948040962468,0.227948040962468
OVERALL_ageSexMatched_fd-0.3,fd-0.3,adult_18_plus,female,PC,3,M3 Limbic,23,0.8517097883672035,0.004073623158388419,0.8520311738374287,0.8439045756314514,0.8579270929528672,15,0.8535205170255099,0.003855877959261888,0.853772188345538,0.8450547205096105,0.8618741483123442,-0.4537761495857523,0.4537761495857523
OVERALL_ageSexMatched_fd-0.3,fd-0.3,adult_18_plus,female,PC,4,M4 Frontoparietal,23,0.8437217277479473,0.004962951904538169,0.8442418130598474,0.828699902735077,0.8497619504138512,15,0.8450577692885095,0.00393786238323618,0.8438924071121783,0.8395105106346215,0.8532535899789331,-0.2909763481039793,0.2909763481039793
OVERALL_ageSexMatched_fd-0.3,fd-0.3,adult_18_plus,female,PC,5,M5 VentralAttention,23,0.8421732398362348,0.006726852236435478,0.8440908527100814,0.8233470025436774,0.8515304293555883,15,0.8427148922317627,0.007351522629829207,0.8420775789340775,0.8316193748705873,0.8537465197982579,-0.0776403492383835,0.0776403492383835
OVERALL_ageSexMatched_fd-0.3,fd-0.3,adult_18_plus,female,PC,6,M6 Visual-B,23,0.845433877274158,0.006179474757137579,0.8467566175444657,0.8310693275205603,0.8555876917657356,15,0.8477887674533606,0.007171935366418202,0.8481951163898774,0.8341851868423076,0.8582699926250219,-0.35771020463037195,0.35771020463037195
OVERALL_ageSexMatched_fd-0.3,fd-0.3,adult_18_plus,female,PC,7,M7 DefaultMode,23,0.8401908353801012,0.007957918333629025,0.8425826840049488,0.820533258470742,0.8541442025365642,15,0.8444531232706435,0.00568706162975974,0.845517143586675,0.8335807836070805,0.852095753671712,-0.5952171102978099,0.5952171102978099
OVERALL_ageSexMatched_fd-0.3,fd-0.3,adult_18_plus,female,PC,8,M8 DorsalAttention,23,0.8466629467476771,0.004187325074301463,0.8459500219110054,0.8372189312422712,0.8552586885211588,15,0.8478927654499946,0.005134044231397415,0.8476017273317438,0.8372946884404437,0.8560928537511141,-0.26858899097008704,0.26858899097008704
OVERALL_ageSexMatched_fd-0.3,fd-0.3,adult_18_plus,female,PC_pos,1,M1 Somatomotor,23,0.8353095737846855,0.013987345778083934,0.8403549277326359,0.805210204069748,0.8492580076387366,15,0.8331573649944043,0.013513265713418396,0.8360373125737347,0.798205371074647,0.8519825482588819,0.15590162138413835,0.15590162138413835
OVERALL_ageSexMatched_fd-0.3,fd-0.3,adult_18_plus,female,PC_pos,2,M2 Visual-A,23,0.8291290049439767,0.021488428564097033,0.8350356636343552,0.7684644075176789,0.8538579025722723,15,0.8328051957904951,0.01261385155531219,0.8374049903194991,0.8082430185984913,0.8495050571064315,-0.19819023665363697,0.19819023665363697
OVERALL_ageSexMatched_fd-0.3,fd-0.3,adult_18_plus,female,PC_pos,3,M3 Limbic,23,0.8337928108788992,0.0113815996832471,0.8339449596985922,0.811266095064074,0.8542953709074079,15,0.8334020772189277,0.013721632478035031,0.834769308904949,0.810908193742562,0.8564081826301149,0.03165261621374516,0.03165261621374516
OVERALL_ageSexMatched_fd-0.3,fd-0.3,adult_18_plus,female,PC_pos,4,M4 Frontoparietal,23,0.825176766559067,0.014601669590404383,0.8215951679354667,0.7958195790033281,0.8485169022389307,15,0.8254126609018876,0.009869285240426406,0.8263478808175927,0.7983481905080019,0.8404266997089656,-0.018190274716256987,0.018190274716256987
OVERALL_ageSexMatched_fd-0.3,fd-0.3,adult_18_plus,female,PC_pos,5,M5 VentralAttention,23,0.8180305219320998,0.016191595809324524,0.8194992420089332,0.7844840367757934,0.8434722556690323,15,0.8182897562560504,0.014239538003876106,0.8183760848256818,0.7798293354354439,0.8362213788084651,-0.016766142816581852,0.016766142816581852
OVERALL_ageSexMatched_fd-0.3,fd-0.3,adult_18_plus,female,PC_pos,6,M6 Visual-B,23,0.8217018893936907,0.021275631199229345,0.8261765205436117,0.7720495661235943,0.8495420660686039,15,0.8216825667865065,0.022432931047475263,0.8279429578575828,0.7632213334168596,0.8487318289623726,0.0008890899806772699,0.0008890899806772699
OVERALL_ageSexMatched_fd-0.3,fd-0.3,adult_18_plus,female,PC_pos,7,M7 DefaultMode,23,0.8048314209912146,0.02440471003069097,0.8068828750069116,0.7541820483796854,0.8524864898736194,15,0.8026809587680592,0.033958614183072625,0.8092451896128383,0.7183909087179551,0.8391059974843758,0.0754462984209584,0.0754462984209584
OVERALL_ageSexMatched_fd-0.3,fd-0.3,adult_18_plus,female,PC_pos,8,M8 DorsalAttention,23,0.8264839257171886,0.014504572839031515,0.8282100261328359,0.7936817717788749,0.8475909371661734,15,0.8275920216605823,0.013090870691427598,0.8309532049167417,0.8002341521932981,0.8420091409536968,-0.07930942018217797,0.07930942018217797
OVERALL_ageSexMatched_fd-0.3,fd-0.3,adult_18_plus,female,PC_neg,1,M1 Somatomotor,23,0.7343058988189309,0.06522261695290138,0.7470709609011482,0.5391444669291648,0.8184920431891092,15,0.7244220243160864,0.11522513013321169,0.7638671912008086,0.3571376087569897,0.822523932810093,0.11218014602594649,0.11218014602594649
OVERALL_ageSexMatched_fd-0.3,fd-0.3,adult_18_plus,female,PC_neg,2,M2 Visual-A,23,0.7604595775910252,0.0455871431368925,0.7768851686948037,0.63144234913655,0.8217947507955492,15,0.7589432284066101,0.0689813904211949,0.7712078578954888,0.5204660132717294,0.8254614890915999,0.027144808552166094,0.027144808552166094
OVERALL_ageSexMatched_fd-0.3,fd-0.3,adult_18_plus,female,PC_neg,3,M3 Limbic,23,0.7472519673440646,0.05547957997227983,0.7636812545699339,0.6185969359569176,0.8228885909826671,15,0.7699695249223344,0.06480745797237782,0.7868436244019466,0.5977562867057278,0.8287665183190094,-0.3832133363344727,0.3832133363344727
OVERALL_ageSexMatched_fd-0.3,fd-0.3,adult_18_plus,female,PC_neg,4,M4 Frontoparietal,23,0.7443457197742348,0.06899958164097696,0.7563684487517252,0.5095300901772888,0.8318451771972954,15,0.7616385720032396,0.05225277909281113,0.7723775822173551,0.6285943369207094,0.8306742909489939,-0.274411304013307,0.274411304013307
OVERALL_ageSexMatched_fd-0.3,fd-0.3,adult_18_plus,female,PC_neg,5,M5 VentralAttention,23,0.7138163384505252,0.08366014459200244,0.7460759350994891,0.5170055359847014,0.8035156505531857,15,0.7417614964586601,0.07325928038847014,0.7666266126091534,0.5228974190915093,0.8161289954556534,-0.3502924127690066,0.3502924127690066
OVERALL_ageSexMatched_fd-0.3,fd-0.3,adult_18_plus,female,PC_neg,6,M6 Visual-B,23,0.7223121909985603,0.08878070473045471,0.7466100823081182,0.491957631047333,0.8185172480533138,15,0.7478510168313164,0.06691646513579269,0.7645434076584947,0.5955337070955159,0.8255176842484067,-0.31536245824775005,0.31536245824775005
OVERALL_ageSexMatched_fd-0.3,fd-0.3,adult_18_plus,female,PC_neg,7,M7 DefaultMode,23,0.755091650630395,0.037132065846604057,0.7570733193833554,0.6858456128247546,0.8221374562931938,15,0.7748038024983904,0.042195817515320554,0.7886892965288042,0.6770218437507971,0.8339968474466364,-0.5031286408386928,0.5031286408386928
OVERALL_ageSexMatched_fd-0.3,fd-0.3,adult_18_plus,female,PC_neg,8,M8 DorsalAttention,23,0.6969606935367871,0.095034954832901,0.7284776818423297,0.4355898943134846,0.80241149163477,15,0.7181769486401142,0.09586128434981608,0.7383382189526062,0.453914100991393,0.824732127081437,-0.22249253201584698,0.22249253201584698
OVERALL_ageSexMatched_fd-0.3,fd-0.3,adult_18_plus,female,Z,1,M1 Somatomotor,23,0.20716616859093567,0.1631790138143922,0.2239973636313087,-0.1830153077773966,0.4547204190578927,15,-0.010366425012449576,0.2687955633503635,-0.0230533998227509,-0.5934194706347401,0.3728974398004077,1.0327138045429225,1.0327138045429225
OVERALL_ageSexMatched_fd-0.3,fd-0.3,adult_18_plus,female,Z,2,M2 Visual-A,23,0.0648554466106278,0.23537560355112713,0.09375309618295939,-0.3590502001463936,0.6300755002044347,15,0.028406922500541422,0.13975259522900677,0.03106416067125569,-0.3194139851653238,0.2888349417369451,0.17902257637618998,0.17902257637618998
OVERALL_ageSexMatched_fd-0.3,fd-0.3,adult_18_plus,female,Z,3,M3 Limbic,23,0.10889076439311891,0.25032334680625,0.0898732343671764,-0.5334791501724568,0.5062430828309243,15,0.040939299132907066,0.26189396277377913,0.1261865583169772,-0.5025293342724099,0.5058220482123044,0.2665960907093003,0.2665960907093003
OVERALL_ageSexMatched_fd-0.3,fd-0.3,adult_18_plus,female,Z,4,M4 Frontoparietal,23,0.07065331615580187,0.1234767131299867,0.1129665935984503,-0.2008967996725705,0.2825095312582485,15,0.10316950918538524,0.11758788871291813,0.1028829494922547,-0.0855891862803563,0.3464181721039113,-0.2682398002228979,0.2682398002228979
OVERALL_ageSexMatched_fd-0.3,fd-0.3,adult_18_plus,female,Z,5,M5 VentralAttention,23,0.08956119563705423,0.12643345075717397,0.1143307361237154,-0.21907684512078485,0.2837249144719173,15,0.060219819160822884,0.1488896205539639,0.0982784088465494,-0.2813390968578835,0.21568916414869535,0.21636746845430138,0.21636746845430138
OVERALL_ageSexMatched_fd-0.3,fd-0.3,adult_18_plus,female,Z,6,M6 Visual-B,23,0.22159239545747597,0.18735451865875266,0.2508225299230505,-0.1984877875988718,0.5320912957823648,15,0.09550906068036277,0.2147015882179789,0.1090293402536523,-0.3909363062092266,0.3895740565398337,0.6353795399895683,0.6353795399895683
OVERALL_ageSexMatched_fd-0.3,fd-0.3,adult_18_plus,female,Z,7,M7 DefaultMode,23,0.15438895962522792,0.1503043939922409,0.1799976654792605,-0.1100214346837513,0.3992334979747144,15,0.08662380684836206,0.1809299743881616,0.0804424039424395,-0.1782623858569613,0.4430666123745392,0.4159924617167541,0.4159924617167541
OVERALL_ageSexMatched_fd-0.3,fd-0.3,adult_18_plus,female,Z,8,M8 DorsalAttention,23,0.15532271918273222,0.17229324143837083,0.1545648118233086,-0.1838683828749847,0.4298026276104888,15,0.08844492631221758,0.23364226309891442,0.0732936308766998,-0.3143714924942356,0.5043151533762441,0.33705486253326244,0.33705486253326244
OVERALL_ageSexMatched_fd-0.3,fd-0.3,adult_18_plus,female,Z_pos,1,M1 Somatomotor,23,0.1996782238414583,0.16397154825276625,0.2087640828538294,-0.213996959592675,0.4559894529254543,15,0.024807076030476664,0.2596809937097619,-0.039467801969109,-0.5934194706347401,0.3728974398004077,0.8467054821879068,0.8467054821879068
OVERALL_ageSexMatched_fd-0.3,fd-0.3,adult_18_plus,female,Z_pos,2,M2 Visual-A,23,0.10959828133713057,0.2058150319979493,0.15164628889819345,-0.5316084934641419,0.4084019008255939,15,0.05791062818157224,0.11982364197711695,0.05791669582495845,-0.183957102552435,0.28817580304920226,0.29136518780650483,0.29136518780650483
OVERALL_ageSexMatched_fd-0.3,fd-0.3,adult_18_plus,female,Z_pos,3,M3 Limbic,23,0.15229430665535368,0.2233137213304986,0.224418369728644,-0.398460014471461,0.5385202950557555,15,0.12498160443344486,0.17998143141079,0.1891224013741335,-0.385196204124164,0.2952510319986573,0.1316020198246929,0.1316020198246929
OVERALL_ageSexMatched_fd-0.3,fd-0.3,adult_18_plus,female,Z_pos,4,M4 Frontoparietal,23,0.07844355059508316,0.1335383194496832,0.0563425256901362,-0.2072358786680177,0.287921104070777,15,0.1462722674470132,0.13889715355112955,0.1445679526328727,-0.2411959251490912,0.3593033553809194,-0.5000367301516738,0.5000367301516738
OVERALL_ageSexMatched_fd-0.3,fd-0.3,adult_18_plus,female,Z_pos,5,M5 VentralAttention,23,0.1394883974011731,0.10188292987169945,0.13667958905774413,-0.05419685546443685,0.3297234105449003,15,0.10232649203560883,0.1440071927091289,0.12236057141477565,-0.14831914258845397,0.3795898170531113,0.30959420218049866,0.30959420218049866
OVERALL_ageSexMatched_fd-0.3,fd-0.3,adult_18_plus,female,Z_pos,6,M6 Visual-B,23,0.20923337187158905,0.1670262260711701,0.2520298585882516,-0.1761887630527772,0.5044995700298142,15,0.10885604400023731,0.1946068486523067,0.1126931845651906,-0.3052499722627666,0.3533137320568377,0.5630956428386908,0.5630956428386908
OVERALL_ageSexMatched_fd-0.3,fd-0.3,adult_18_plus,female,Z_pos,7,M7 DefaultMode,23,0.19004095545119598,0.11921992234388633,0.1885723175712903,-0.0088576423528688,0.4213247438367984,15,0.15659652745857944,0.16004766906594034,0.1536705412211418,-0.0714536858098296,0.4764671824852358,0.2449142516590051,0.2449142516590051
OVERALL_ageSexMatched_fd-0.3,fd-0.3,adult_18_plus,female,Z_pos,8,M8 DorsalAttention,23,0.1801318330822703,0.1599217747158737,0.2254963274631933,-0.2810344721954771,0.3928764853464273,15,0.15163911696733148,0.19368888723348593,0.130800410144688,-0.2253654941987447,0.4634835875029613,0.1639070505344501,0.1639070505344501
OVERALL_ageSexMatched_fd-0.3,fd-0.3,adult_18_plus,female,Z_neg,1,M1 Somatomotor,23,-0.33584079012997003,0.2694499638120713,-0.4494665749754947,-0.6903478015422122,0.0,15,-0.37057801197612183,0.28373767342513323,-0.4748562061134784,-0.7820308232842017,0.0,0.12627378395178698,0.12627378395178698
OVERALL_ageSexMatched_fd-0.3,fd-0.3,adult_18_plus,female,Z_neg,2,M2 Visual-A,23,-0.2929503855909233,0.1419801736628646,-0.2870435009068463,-0.5896735472588662,0.06142094301175585,15,-0.2516888946725164,0.15594455074561525,-0.27483289651380044,-0.48340578539326773,0.0108762472986749,-0.27961025764509084,0.27961025764509084
OVERALL_ageSexMatched_fd-0.3,fd-0.3,adult_18_plus,female,Z_neg,3,M3 Limbic,23,-0.33164708397718745,0.24054756695464574,-0.3166756995513756,-0.6421257085047692,0.2710325799372547,15,-0.33326956088036985,0.21358460459892623,-0.4057200089176198,-0.5606539859132844,0.0678332208404904,0.007040864826566905,0.007040864826566905
OVERALL_ageSexMatched_fd-0.3,fd-0.3,adult_18_plus,female,Z_neg,4,M4 Frontoparietal,23,-0.30261330896553,0.10096805429169337,-0.3011138156751035,-0.5151563975529682,-0.1457368161114146,15,-0.2976439484886736,0.11105990838439804,-0.2778927883747842,-0.5632749092617768,-0.1182204668190514,-0.04732364781972865,0.04732364781972865
OVERALL_ageSexMatched_fd-0.3,fd-0.3,adult_18_plus,female,Z_neg,5,M5 VentralAttention,23,-0.29300713448795873,0.08674470770061489,-0.2690303197485333,-0.4977183137499681,-0.19124040800110403,15,-0.3510399314840864,0.14174028094742822,-0.33236835984387403,-0.6156560430173895,-0.058456817466745845,0.5209127930259958,0.5209127930259958
OVERALL_ageSexMatched_fd-0.3,fd-0.3,adult_18_plus,female,Z_neg,6,M6 Visual-B,23,-0.26666807962558847,0.20973540365821297,-0.2889260474058461,-0.6960189971843167,0.0,15,-0.21718871593410555,0.13172153621696153,-0.2170163082783993,-0.475664083545547,0.0,-0.2698133553436927,0.2698133553436927
OVERALL_ageSexMatched_fd-0.3,fd-0.3,adult_18_plus,female,Z_neg,7,M7 DefaultMode,23,-0.33363168818216576,0.10683463207892593,-0.3167611741036982,-0.5923422539003457,-0.1423442251764797,15,-0.3285189363220317,0.12260537223142602,-0.331617215622337,-0.6329916230665257,-0.090215740861307,-0.04515407985151654,0.04515407985151654
OVERALL_ageSexMatched_fd-0.3,fd-0.3,adult_18_plus,female,Z_neg,8,M8 DorsalAttention,23,-0.38317443967317266,0.09688565229594118,-0.3664996516514124,-0.5332553621994607,-0.1933740587759357,15,-0.34051471537973127,0.11632523810886382,-0.3196382020153009,-0.5842631496792006,-0.1964324197617361,-0.4067691108132828,0.4067691108132828
OVERALL_ageSexMatched_fd-0.3,fd-0.3,adult_18_plus,female,Strength_pos,1,M1 Somatomotor,23,48.708392934351096,17.824668474778083,44.56145460531116,24.38625163398683,82.7493404308334,15,45.88299190337493,12.521561334462737,43.68651895924632,30.200473234523088,75.53501487523317,0.17688659438331292,0.17688659438331292
OVERALL_ageSexMatched_fd-0.3,fd-0.3,adult_18_plus,female,Strength_pos,2,M2 Visual-A,23,38.30954321167627,14.018018686467359,35.63424878995829,14.644647844848805,65.9589033825323,15,36.86361874932821,10.96127665862002,35.871261852647876,20.163736898626667,63.531523663084954,0.11195231709041006,0.11195231709041006
OVERALL_ageSexMatched_fd-0.3,fd-0.3,adult_18_plus,female,Strength_pos,3,M3 Limbic,23,39.3369401075609,13.797455615417608,34.83258644095622,18.894632606650703,65.81174828577787,15,33.816971139842884,10.817061947275937,30.68244242016226,20.340913805179294,60.89196178782731,0.43390334746461634,0.43390334746461634
OVERALL_ageSexMatched_fd-0.3,fd-0.3,adult_18_plus,female,Strength_pos,4,M4 Frontoparietal,23,47.11893283606562,15.780925475915407,42.10790661047213,29.18308417731896,87.33463313430548,15,44.74353162491364,14.879537377634394,43.58054197230376,25.333005823893476,76.20959475729614,0.15388070233577378,0.15388070233577378
OVERALL_ageSexMatched_fd-0.3,fd-0.3,adult_18_plus,female,Strength_pos,5,M5 VentralAttention,23,48.79349051577715,17.16407485481819,43.621129307055526,25.68081206088391,89.65144355874509,15,45.2956663153224,15.161435432007032,46.845187571365386,24.39344268417335,79.10643614502624,0.21309576750759954,0.21309576750759954
OVERALL_ageSexMatched_fd-0.3,fd-0.3,adult_18_plus,female,Strength_pos,6,M6 Visual-B,23,49.410165856241214,17.03558016480207,42.736689310055226,23.867982128547737,82.62723847292364,15,42.80662627758186,12.967311783337024,41.83182554226369,26.601310494355857,67.97924771672115,0.42384120205118553,0.42384120205118553
OVERALL_ageSexMatched_fd-0.3,fd-0.3,adult_18_plus,female,Strength_pos,7,M7 DefaultMode,23,41.09133855150958,14.43251810805114,36.60672643221915,25.81746297661448,77.44428092427552,15,38.02058662318935,11.942734943925592,35.68005113815889,23.970940046943724,69.65946543193422,0.22714565627816807,0.22714565627816807
OVERALL_ageSexMatched_fd-0.3,fd-0.3,adult_18_plus,female,Strength_pos,8,M8 DorsalAttention,23,49.503446432299036,15.978679422029685,46.05171903595328,26.248675157032267,87.66788634099066,15,48.57813375712528,14.104142783364,42.31872223690152,30.9353416680824,75.10433412902057,0.06056880985904738,0.06056880985904738
OVERALL_ageSexMatched_fd-0.3,fd-0.3,adult_18_plus,female,Strength_neg,1,M1 Somatomotor,23,7.17210025590232,3.991158346899047,6.559250190854073,0.8881818656809628,13.72467096161563,15,8.52168759132425,3.780086742329225,9.059463118202984,2.754261684603989,14.92262103036046,-0.3451251375031149,0.3451251375031149
OVERALL_ageSexMatched_fd-0.3,fd-0.3,adult_18_plus,female,Strength_neg,2,M2 Visual-A,23,9.360677478401435,5.788769129078254,7.076593947276706,1.6839610297465697,25.952650399820413,15,10.4491917972995,5.762909045613781,9.529585559852421,3.078442466503475,24.488777855585795,-0.1883657894066841,0.1883657894066841
OVERALL_ageSexMatched_fd-0.3,fd-0.3,adult_18_plus,female,Strength_neg,3,M3 Limbic,23,9.086871124642684,5.263909975635669,8.483045282046078,1.8090951209887864,24.180782212642956,15,11.43079517811372,6.215007143238356,12.301571271615105,0.7860011234879494,22.15320558520034,-0.41464624698839847,0.41464624698839847
OVERALL_ageSexMatched_fd-0.3,fd-0.3,adult_18_plus,female,Strength_neg,4,M4 Frontoparietal,23,7.436223890146484,4.151020783636375,7.752447430044413,1.2574700913392007,13.99438119120896,15,8.615770654033986,4.398950640570989,8.192196885123849,2.559975125361234,16.637374424841255,-0.27759545881068726,0.27759545881068726
OVERALL_ageSexMatched_fd-0.3,fd-0.3,adult_18_plus,female,Strength_neg,5,M5 VentralAttention,23,8.47462693849933,4.4584913993442745,8.061004912480712,1.163980740820989,16.271246229065582,15,9.28675897407229,5.138354327616521,7.889552150270902,2.5411888994276524,18.289515818469226,-0.17153500164748153,0.17153500164748153
OVERALL_ageSexMatched_fd-0.3,fd-0.3,adult_18_plus,female,Strength_neg,6,M6 Visual-B,23,9.01985038384895,4.586060766886091,9.789161833934486,1.4900988629087806,17.53595558393863,15,10.700130296548984,5.085033460317198,10.981855894089676,2.97008073067991,20.84512253664434,-0.35106096995449065,0.35106096995449065
OVERALL_ageSexMatched_fd-0.3,fd-0.3,adult_18_plus,female,Strength_neg,7,M7 DefaultMode,23,10.425854466104203,5.341783552102828,11.929069734498626,1.9478159118443727,20.35261420579627,15,12.938191666929924,5.916844980744705,13.51804262213409,3.844025529688224,21.93301024287939,-0.45084765937765986,0.45084765937765986
OVERALL_ageSexMatched_fd-0.3,fd-0.3,adult_18_plus,female,Strength_neg,8,M8 DorsalAttention,23,8.024968670331873,4.827482292799206,7.5919879814609885,0.6888650029432029,19.67035996602499,15,9.791888493412019,5.616512228060404,11.028756017854905,1.6899783553089949,20.237563668750223,-0.3431768141619937,0.3431768141619937
