PY=/work/ioannou_lab/elizabeth.szentmiklo/abide-sex-age-connectomics/.venv_clean/bin/python
Python 3.11.13
/usr/bin/python3.11
WROTE [ABIDE1 fd<0.2] PITT_sub-0050002_run-1: mean_fd=0.1609, kept=298.5s, rois=200, confounds=32
EXCLUDE [ABIDE1 fd<0.2] PITT_sub-0050003_run-1: mean_fd>0.2; mean_fd=0.4023, kept=115.5s
EXCLUDE [ABIDE1 fd<0.2] PITT_sub-0050004_run-1: mean_fd>0.2; mean_fd=0.2332, kept=244.5s
EXCLUDE [ABIDE1 fd<0.2] PITT_sub-0050005_run-1: mean_fd>0.2; mean_fd=0.2101, kept=280.5s
WROTE [ABIDE1 fd<0.2] PITT_sub-0050006_run-1: mean_fd=0.1474, kept=295.5s, rois=200, confounds=32
EXCLUDE [ABIDE1 fd<0.2] PITT_sub-0050007_run-1: mean_fd>0.2; mean_fd=0.2494, kept=259.5s
EXCLUDE [ABIDE1 fd<0.2] PITT_sub-0050008_run-1: mean_fd>0.2; mean_fd=0.2561, kept=216.0s
EXCLUDE [ABIDE1 fd<0.2] PITT_sub-0050009_run-1: mean_fd>0.2; mean_fd=0.2194, kept=286.5s
EXCLUDE [ABIDE1 fd<0.2] PITT_sub-0050010_run-1: mean_fd>0.2; mean_fd=0.2200, kept=289.5s
WROTE [ABIDE1 fd<0.2] PITT_sub-0050011_run-1: mean_fd=0.1049, kept=297.0s, rois=200, confounds=32
WROTE [ABIDE1 fd<0.2] PITT_sub-0050012_run-1: mean_fd=0.1695, kept=297.0s, rois=200, confounds=32
EXCLUDE [ABIDE1 fd<0.2] PITT_sub-0050013_run-1: mean_fd>0.2; mean_fd=0.3539, kept=259.5s
WROTE [ABIDE1 fd<0.2] PITT_sub-0050014_run-1: mean_fd=0.0838, kept=298.5s, rois=200, confounds=32
WROTE [ABIDE1 fd<0.2] PITT_sub-0050015_run-1: mean_fd=0.1825, kept=294.0s, rois=200, confounds=32
WROTE [ABIDE1 fd<0.2] PITT_sub-0050016_run-1: mean_fd=0.1641, kept=291.0s, rois=200, confounds=32
EXCLUDE [ABIDE1 fd<0.2] PITT_sub-0050017_run-1: mean_fd>0.2; mean_fd=0.5258, kept=172.5s
EXCLUDE [ABIDE1 fd<0.2] PITT_sub-0050019_run-1: mean_fd>0.2; mean_fd=0.3429, kept=199.5s
WROTE [ABIDE1 fd<0.2] PITT_sub-0050020_run-1: mean_fd=0.1796, kept=294.0s, rois=200, confounds=32
WROTE [ABIDE1 fd<0.2] PITT_sub-0050022_run-1: mean_fd=0.1442, kept=288.0s, rois=200, confounds=32
EXCLUDE [ABIDE1 fd<0.2] PITT_sub-0050023_run-1: mean_fd>0.2; mean_fd=0.2274, kept=264.0s
WROTE [ABIDE1 fd<0.2] PITT_sub-0050024_run-1: mean_fd=0.1161, kept=298.5s, rois=200, confounds=32
WROTE [ABIDE1 fd<0.2] PITT_sub-0050025_run-1: mean_fd=0.1539, kept=298.5s, rois=200, confounds=32
EXCLUDE [ABIDE1 fd<0.2] PITT_sub-0050026_run-1: mean_fd>0.2; mean_fd=0.4844, kept=55.5s
EXCLUDE [ABIDE1 fd<0.2] PITT_sub-0050027_run-1: mean_fd>0.2; mean_fd=0.2332, kept=268.5s
EXCLUDE [ABIDE1 fd<0.2] PITT_sub-0050028_run-1: mean_fd>0.2; mean_fd=0.3478, kept=210.0s
WROTE [ABIDE1 fd<0.2] PITT_sub-0050029_run-1: mean_fd=0.1331, kept=292.5s, rois=200, confounds=32
WROTE [ABIDE1 fd<0.2] PITT_sub-0050030_run-1: mean_fd=0.1401, kept=297.0s, rois=200, confounds=32
EXCLUDE [ABIDE1 fd<0.2] PITT_sub-0050031_run-1: mean_fd>0.2; mean_fd=0.2342, kept=268.5s
WROTE [ABIDE1 fd<0.2] PITT_sub-0050032_run-1: mean_fd=0.0983, kept=300.0s, rois=200, confounds=32
WROTE [ABIDE1 fd<0.2] PITT_sub-0050033_run-1: mean_fd=0.1773, kept=286.5s, rois=200, confounds=32
EXCLUDE [ABIDE1 fd<0.2] PITT_sub-0050034_run-1: mean_fd>0.2; mean_fd=0.2586, kept=276.0s
EXCLUDE [ABIDE1 fd<0.2] PITT_sub-0050035_run-1: mean_fd>0.2; mean_fd=0.2650, kept=279.0s
WROTE [ABIDE1 fd<0.2] PITT_sub-0050036_run-1: mean_fd=0.1428, kept=300.0s, rois=200, confounds=32
WROTE [ABIDE1 fd<0.2] PITT_sub-0050037_run-1: mean_fd=0.1213, kept=298.5s, rois=200, confounds=32
EXCLUDE [ABIDE1 fd<0.2] PITT_sub-0050038_run-1: mean_fd>0.2; mean_fd=0.2170, kept=292.5s
EXCLUDE [ABIDE1 fd<0.2] PITT_sub-0050039_run-1: mean_fd>0.2; mean_fd=1.0225, kept=0.0s
WROTE [ABIDE1 fd<0.2] PITT_sub-0050040_run-1: mean_fd=0.1478, kept=295.5s, rois=200, confounds=32
WROTE [ABIDE1 fd<0.2] PITT_sub-0050041_run-1: mean_fd=0.1511, kept=298.5s, rois=200, confounds=32
EXCLUDE [ABIDE1 fd<0.2] PITT_sub-0050042_run-1: mean_fd>0.2; mean_fd=0.2350, kept=288.0s
EXCLUDE [ABIDE1 fd<0.2] PITT_sub-0050043_run-1: mean_fd>0.2; mean_fd=0.3045, kept=262.5s
WROTE [ABIDE1 fd<0.2] PITT_sub-0050044_run-1: mean_fd=0.1400, kept=300.0s, rois=200, confounds=32
WROTE [ABIDE1 fd<0.2] PITT_sub-0050045_run-1: mean_fd=0.1854, kept=300.0s, rois=200, confounds=32
EXCLUDE [ABIDE1 fd<0.2] PITT_sub-0050046_run-1: mean_fd>0.2; mean_fd=0.2288, kept=238.5s
WROTE [ABIDE1 fd<0.2] PITT_sub-0050047_run-1: mean_fd=0.1847, kept=288.0s, rois=200, confounds=32
EXCLUDE [ABIDE1 fd<0.2] PITT_sub-0050048_run-1: mean_fd>0.2; mean_fd=0.3218, kept=228.0s
WROTE [ABIDE1 fd<0.2] PITT_sub-0050050_run-1: mean_fd=0.1564, kept=288.0s, rois=200, confounds=32
WROTE [ABIDE1 fd<0.2] PITT_sub-0050051_run-1: mean_fd=0.1748, kept=297.0s, rois=200, confounds=32
WROTE [ABIDE1 fd<0.2] PITT_sub-0050052_run-1: mean_fd=0.1494, kept=294.0s, rois=200, confounds=32
EXCLUDE [ABIDE1 fd<0.2] PITT_sub-0050053_run-1: mean_fd>0.2; mean_fd=0.3442, kept=217.5s
EXCLUDE [ABIDE1 fd<0.2] PITT_sub-0050054_run-1: mean_fd>0.2; mean_fd=0.6859, kept=214.5s
EXCLUDE [ABIDE1 fd<0.2] PITT_sub-0050055_run-1: mean_fd>0.2; mean_fd=0.2165, kept=298.5s
EXCLUDE [ABIDE1 fd<0.2] PITT_sub-0050056_run-1: mean_fd>0.2; mean_fd=0.2784, kept=246.0s
WROTE [ABIDE1 fd<0.2] PITT_sub-0050057_run-1: mean_fd=0.1341, kept=298.5s, rois=200, confounds=32
WROTE [ABIDE1 fd<0.2] PITT_sub-0050058_run-1: mean_fd=0.1360, kept=288.0s, rois=200, confounds=32
WROTE [ABIDE1 fd<0.2] PITT_sub-0050059_run-1: mean_fd=0.1579, kept=297.0s, rois=200, confounds=32
WROTE [ABIDE1 fd<0.2] PITT_sub-0050060_run-1: mean_fd=0.1257, kept=294.0s, rois=200, confounds=32
EXCLUDE [ABIDE1 fd<0.2] OLIN_sub-0050102_run-1: mean_fd>0.2; mean_fd=0.3318, kept=279.0s
EXCLUDE [ABIDE1 fd<0.2] OLIN_sub-0050103_run-1: mean_fd>0.2; mean_fd=0.7823, kept=196.5s
WROTE [ABIDE1 fd<0.2] OLIN_sub-0050104_run-1: mean_fd=0.1423, kept=306.0s, rois=200, confounds=32
EXCLUDE [ABIDE1 fd<0.2] OLIN_sub-0050105_run-1: mean_fd>0.2; mean_fd=0.2164, kept=306.0s
EXCLUDE [ABIDE1 fd<0.2] OLIN_sub-0050106_run-1: mean_fd>0.2; mean_fd=0.4935, kept=115.5s
WROTE [ABIDE1 fd<0.2] OLIN_sub-0050107_run-1: mean_fd=0.1192, kept=309.0s, rois=200, confounds=32
WROTE [ABIDE1 fd<0.2] OLIN_sub-0050108_run-1: mean_fd=0.1877, kept=300.0s, rois=200, confounds=32
EXCLUDE [ABIDE1 fd<0.2] OLIN_sub-0050109_run-1: mean_fd>0.2; mean_fd=0.3805, kept=202.5s
EXCLUDE [ABIDE1 fd<0.2] OLIN_sub-0050110_run-1: mean_fd>0.2; mean_fd=0.7456, kept=228.0s
EXCLUDE [ABIDE1 fd<0.2] OLIN_sub-0050111_run-1: mean_fd>0.2; mean_fd=0.2219, kept=295.5s
EXCLUDE [ABIDE1 fd<0.2] OLIN_sub-0050112_run-1: mean_fd>0.2; mean_fd=0.3416, kept=259.5s
WROTE [ABIDE1 fd<0.2] OLIN_sub-0050113_run-1: mean_fd=0.1982, kept=295.5s, rois=200, confounds=32
WROTE [ABIDE1 fd<0.2] OLIN_sub-0050114_run-1: mean_fd=0.1881, kept=295.5s, rois=200, confounds=32
EXCLUDE [ABIDE1 fd<0.2] OLIN_sub-0050115_run-1: mean_fd>0.2; mean_fd=0.2244, kept=298.5s
WROTE [ABIDE1 fd<0.2] OLIN_sub-0050116_run-1: mean_fd=0.1347, kept=298.5s, rois=200, confounds=32
WROTE [ABIDE1 fd<0.2] OLIN_sub-0050117_run-1: mean_fd=0.1948, kept=289.5s, rois=200, confounds=32
WROTE [ABIDE1 fd<0.2] OLIN_sub-0050118_run-1: mean_fd=0.1425, kept=304.5s, rois=200, confounds=32
EXCLUDE [ABIDE1 fd<0.2] OLIN_sub-0050119_run-1: mean_fd>0.2; mean_fd=0.3175, kept=253.5s
EXCLUDE [ABIDE1 fd<0.2] OLIN_sub-0050120_run-1: mean_fd>0.2; mean_fd=0.4331, kept=196.5s
EXCLUDE [ABIDE1 fd<0.2] OLIN_sub-0050121_run-1: mean_fd>0.2; mean_fd=0.2173, kept=291.0s
EXCLUDE [ABIDE1 fd<0.2] OLIN_sub-0050122_run-1: mean_fd>0.2; mean_fd=0.2839, kept=259.5s
EXCLUDE [ABIDE1 fd<0.2] OLIN_sub-0050123_run-1: mean_fd>0.2; mean_fd=2.0770, kept=75.0s
EXCLUDE [ABIDE1 fd<0.2] OLIN_sub-0050124_run-1: mean_fd>0.2; mean_fd=0.4119, kept=222.0s
WROTE [ABIDE1 fd<0.2] OLIN_sub-0050125_run-1: mean_fd=0.1914, kept=300.0s, rois=200, confounds=32
EXCLUDE [ABIDE1 fd<0.2] OLIN_sub-0050126_run-1: mean_fd>0.2; mean_fd=0.5199, kept=210.0s
WROTE [ABIDE1 fd<0.2] OLIN_sub-0050127_run-1: mean_fd=0.1756, kept=300.0s, rois=200, confounds=32
EXCLUDE [ABIDE1 fd<0.2] OLIN_sub-0050128_run-1: mean_fd>0.2; mean_fd=0.2839, kept=265.5s
EXCLUDE [ABIDE1 fd<0.2] OLIN_sub-0050129_run-1: mean_fd>0.2; mean_fd=0.2651, kept=273.0s
WROTE [ABIDE1 fd<0.2] OLIN_sub-0050130_run-1: mean_fd=0.1311, kept=307.5s, rois=200, confounds=32
WROTE [ABIDE1 fd<0.2] OLIN_sub-0050131_run-1: mean_fd=0.1170, kept=306.0s, rois=200, confounds=32
WROTE [ABIDE1 fd<0.2] OLIN_sub-0050132_run-1: mean_fd=0.1621, kept=307.5s, rois=200, confounds=32
WROTE [ABIDE1 fd<0.2] OLIN_sub-0050133_run-1: mean_fd=0.1119, kept=307.5s, rois=200, confounds=32
EXCLUDE [ABIDE1 fd<0.2] OLIN_sub-0050134_run-1: mean_fd>0.2; mean_fd=0.2160, kept=277.5s
EXCLUDE [ABIDE1 fd<0.2] OLIN_sub-0050135_run-1: mean_fd>0.2; mean_fd=0.8736, kept=46.5s
EXCLUDE [ABIDE1 fd<0.2] OLIN_sub-0050136_run-1: mean_fd>0.2; mean_fd=0.2326, kept=285.0s
EXCLUDE [ABIDE1 fd<0.2] OLIN_sub-0050137_run-1: mean_fd>0.2; mean_fd=0.2545, kept=289.5s
EXCLUDE [ABIDE1 fd<0.2] OHSU_sub-0050142_run-1: kept_time_sec<240.0; mean_fd=0.1038, kept=205.0s
EXCLUDE [ABIDE1 fd<0.2] OHSU_sub-0050142_run-2: kept_time_sec<240.0; mean_fd=0.1001, kept=205.0s
EXCLUDE [ABIDE1 fd<0.2] OHSU_sub-0050142_run-3: kept_time_sec<240.0; mean_fd=0.0793, kept=205.0s
EXCLUDE [ABIDE1 fd<0.2] OHSU_sub-0050143_run-1: kept_time_sec<240.0; mean_fd=0.0862, kept=205.0s
EXCLUDE [ABIDE1 fd<0.2] OHSU_sub-0050143_run-2: kept_time_sec<240.0; mean_fd=0.1173, kept=200.0s
EXCLUDE [ABIDE1 fd<0.2] OHSU_sub-0050143_run-3: kept_time_sec<240.0; mean_fd=0.1235, kept=205.0s
EXCLUDE [ABIDE1 fd<0.2] OHSU_sub-0050144_run-1: kept_time_sec<240.0; mean_fd=0.0899, kept=202.5s
EXCLUDE [ABIDE1 fd<0.2] OHSU_sub-0050144_run-2: mean_fd>0.2; mean_fd=0.2197, kept=182.5s
EXCLUDE [ABIDE1 fd<0.2] OHSU_sub-0050144_run-3: kept_time_sec<240.0; mean_fd=0.0841, kept=205.0s
EXCLUDE [ABIDE1 fd<0.2] OHSU_sub-0050145_run-1: kept_time_sec<240.0; mean_fd=0.1423, kept=205.0s
EXCLUDE [ABIDE1 fd<0.2] OHSU_sub-0050145_run-2: kept_time_sec<240.0; mean_fd=0.1893, kept=187.5s
EXCLUDE [ABIDE1 fd<0.2] OHSU_sub-0050145_run-3: kept_time_sec<240.0; mean_fd=0.1570, kept=205.0s
EXCLUDE [ABIDE1 fd<0.2] OHSU_sub-0050146_run-1: kept_time_sec<240.0; mean_fd=0.0950, kept=205.0s
EXCLUDE [ABIDE1 fd<0.2] OHSU_sub-0050146_run-2: kept_time_sec<240.0; mean_fd=0.0786, kept=205.0s
EXCLUDE [ABIDE1 fd<0.2] OHSU_sub-0050146_run-3: kept_time_sec<240.0; mean_fd=0.1766, kept=195.0s
EXCLUDE [ABIDE1 fd<0.2] OHSU_sub-0050147_run-1: kept_time_sec<240.0; mean_fd=0.1353, kept=205.0s
EXCLUDE [ABIDE1 fd<0.2] OHSU_sub-0050147_run-2: kept_time_sec<240.0; mean_fd=0.1264, kept=205.0s
EXCLUDE [ABIDE1 fd<0.2] OHSU_sub-0050147_run-3: kept_time_sec<240.0; mean_fd=0.1286, kept=205.0s
EXCLUDE [ABIDE1 fd<0.2] OHSU_sub-0050148_run-1: kept_time_sec<240.0; mean_fd=0.1163, kept=205.0s
EXCLUDE [ABIDE1 fd<0.2] OHSU_sub-0050148_run-2: kept_time_sec<240.0; mean_fd=0.1524, kept=197.5s
EXCLUDE [ABIDE1 fd<0.2] OHSU_sub-0050148_run-3: kept_time_sec<240.0; mean_fd=0.1266, kept=205.0s
EXCLUDE [ABIDE1 fd<0.2] OHSU_sub-0050149_run-1: kept_time_sec<240.0; mean_fd=0.1206, kept=202.5s
EXCLUDE [ABIDE1 fd<0.2] OHSU_sub-0050149_run-2: mean_fd>0.2; mean_fd=0.2820, kept=155.0s
EXCLUDE [ABIDE1 fd<0.2] OHSU_sub-0050150_run-1: kept_time_sec<240.0; mean_fd=0.0902, kept=202.5s
EXCLUDE [ABIDE1 fd<0.2] OHSU_sub-0050150_run-2: kept_time_sec<240.0; mean_fd=0.1120, kept=205.0s
EXCLUDE [ABIDE1 fd<0.2] OHSU_sub-0050152_run-1: kept_time_sec<240.0; mean_fd=0.0973, kept=205.0s
EXCLUDE [ABIDE1 fd<0.2] OHSU_sub-0050152_run-2: kept_time_sec<240.0; mean_fd=0.1183, kept=205.0s
EXCLUDE [ABIDE1 fd<0.2] OHSU_sub-0050152_run-3: kept_time_sec<240.0; mean_fd=0.1750, kept=200.0s
EXCLUDE [ABIDE1 fd<0.2] OHSU_sub-0050153_run-1: kept_time_sec<240.0; mean_fd=0.1403, kept=200.0s
EXCLUDE [ABIDE1 fd<0.2] OHSU_sub-0050153_run-2: kept_time_sec<240.0; mean_fd=0.0944, kept=205.0s
EXCLUDE [ABIDE1 fd<0.2] OHSU_sub-0050153_run-3: kept_time_sec<240.0; mean_fd=0.1977, kept=172.5s
EXCLUDE [ABIDE1 fd<0.2] OHSU_sub-0050155_run-1: kept_time_sec<240.0; mean_fd=0.1931, kept=185.0s
EXCLUDE [ABIDE1 fd<0.2] OHSU_sub-0050155_run-2: kept_time_sec<240.0; mean_fd=0.1931, kept=185.0s
EXCLUDE [ABIDE1 fd<0.2] OHSU_sub-0050155_run-3: mean_fd>0.2; mean_fd=0.2041, kept=175.0s
EXCLUDE [ABIDE1 fd<0.2] OHSU_sub-0050156_run-1: kept_time_sec<240.0; mean_fd=0.0436, kept=205.0s
EXCLUDE [ABIDE1 fd<0.2] OHSU_sub-0050156_run-2: kept_time_sec<240.0; mean_fd=0.0506, kept=205.0s
EXCLUDE [ABIDE1 fd<0.2] OHSU_sub-0050156_run-3: kept_time_sec<240.0; mean_fd=0.0548, kept=205.0s
EXCLUDE [ABIDE1 fd<0.2] OHSU_sub-0050157_run-1: mean_fd>0.2; mean_fd=0.2133, kept=187.5s
EXCLUDE [ABIDE1 fd<0.2] OHSU_sub-0050157_run-2: kept_time_sec<240.0; mean_fd=0.1923, kept=182.5s
EXCLUDE [ABIDE1 fd<0.2] OHSU_sub-0050157_run-3: mean_fd>0.2; mean_fd=0.2758, kept=162.5s
EXCLUDE [ABIDE1 fd<0.2] OHSU_sub-0050158_run-1: kept_time_sec<240.0; mean_fd=0.0645, kept=205.0s
EXCLUDE [ABIDE1 fd<0.2] OHSU_sub-0050158_run-2: kept_time_sec<240.0; mean_fd=0.1107, kept=205.0s
EXCLUDE [ABIDE1 fd<0.2] OHSU_sub-0050159_run-1: kept_time_sec<240.0; mean_fd=0.1316, kept=202.5s
EXCLUDE [ABIDE1 fd<0.2] OHSU_sub-0050159_run-2: kept_time_sec<240.0; mean_fd=0.1189, kept=200.0s
EXCLUDE [ABIDE1 fd<0.2] OHSU_sub-0050159_run-3: kept_time_sec<240.0; mean_fd=0.1141, kept=202.5s
EXCLUDE [ABIDE1 fd<0.2] OHSU_sub-0050160_run-1: kept_time_sec<240.0; mean_fd=0.1078, kept=200.0s
EXCLUDE [ABIDE1 fd<0.2] OHSU_sub-0050160_run-2: kept_time_sec<240.0; mean_fd=0.0744, kept=205.0s
EXCLUDE [ABIDE1 fd<0.2] OHSU_sub-0050160_run-3: kept_time_sec<240.0; mean_fd=0.0861, kept=202.5s
EXCLUDE [ABIDE1 fd<0.2] OHSU_sub-0050161_run-1: mean_fd>0.2; mean_fd=0.2729, kept=137.5s
EXCLUDE [ABIDE1 fd<0.2] OHSU_sub-0050161_run-2: kept_time_sec<240.0; mean_fd=0.1883, kept=195.0s
EXCLUDE [ABIDE1 fd<0.2] OHSU_sub-0050161_run-3: kept_time_sec<240.0; mean_fd=0.0938, kept=205.0s
EXCLUDE [ABIDE1 fd<0.2] OHSU_sub-0050162_run-1: mean_fd>0.2; mean_fd=0.3326, kept=140.0s
EXCLUDE [ABIDE1 fd<0.2] OHSU_sub-0050162_run-2: mean_fd>0.2; mean_fd=0.2117, kept=185.0s
EXCLUDE [ABIDE1 fd<0.2] OHSU_sub-0050162_run-3: kept_time_sec<240.0; mean_fd=0.1678, kept=195.0s
EXCLUDE [ABIDE1 fd<0.2] OHSU_sub-0050163_run-1: mean_fd>0.2; mean_fd=0.3097, kept=167.5s
EXCLUDE [ABIDE1 fd<0.2] OHSU_sub-0050163_run-3: kept_time_sec<240.0; mean_fd=0.1397, kept=200.0s
EXCLUDE [ABIDE1 fd<0.2] OHSU_sub-0050164_run-1: mean_fd>0.2; mean_fd=0.3946, kept=150.0s
EXCLUDE [ABIDE1 fd<0.2] OHSU_sub-0050164_run-3: mean_fd>0.2; mean_fd=0.3031, kept=172.5s
EXCLUDE [ABIDE1 fd<0.2] OHSU_sub-0050165_run-1: kept_time_sec<240.0; mean_fd=0.1100, kept=200.0s
EXCLUDE [ABIDE1 fd<0.2] OHSU_sub-0050165_run-2: kept_time_sec<240.0; mean_fd=0.1100, kept=200.0s
EXCLUDE [ABIDE1 fd<0.2] OHSU_sub-0050165_run-3: kept_time_sec<240.0; mean_fd=0.1034, kept=205.0s
EXCLUDE [ABIDE1 fd<0.2] OHSU_sub-0050166_run-1: kept_time_sec<240.0; mean_fd=0.0932, kept=205.0s
EXCLUDE [ABIDE1 fd<0.2] OHSU_sub-0050166_run-2: kept_time_sec<240.0; mean_fd=0.0851, kept=205.0s
EXCLUDE [ABIDE1 fd<0.2] OHSU_sub-0050166_run-3: mean_fd>0.2; mean_fd=0.2223, kept=165.0s
EXCLUDE [ABIDE1 fd<0.2] OHSU_sub-0050167_run-1: kept_time_sec<240.0; mean_fd=0.0642, kept=205.0s
EXCLUDE [ABIDE1 fd<0.2] OHSU_sub-0050167_run-2: kept_time_sec<240.0; mean_fd=0.0738, kept=205.0s
EXCLUDE [ABIDE1 fd<0.2] OHSU_sub-0050167_run-3: kept_time_sec<240.0; mean_fd=0.1156, kept=205.0s
EXCLUDE [ABIDE1 fd<0.2] OHSU_sub-0050168_run-1: kept_time_sec<240.0; mean_fd=0.0984, kept=205.0s
EXCLUDE [ABIDE1 fd<0.2] OHSU_sub-0050168_run-2: kept_time_sec<240.0; mean_fd=0.0870, kept=205.0s
EXCLUDE [ABIDE1 fd<0.2] OHSU_sub-0050168_run-3: kept_time_sec<240.0; mean_fd=0.0920, kept=205.0s
EXCLUDE [ABIDE1 fd<0.2] OHSU_sub-0050169_run-1: mean_fd>0.2; mean_fd=0.2474, kept=175.0s
EXCLUDE [ABIDE1 fd<0.2] OHSU_sub-0050169_run-2: mean_fd>0.2; mean_fd=0.4970, kept=110.0s
EXCLUDE [ABIDE1 fd<0.2] OHSU_sub-0050169_run-3: mean_fd>0.2; mean_fd=0.3317, kept=140.0s
EXCLUDE [ABIDE1 fd<0.2] OHSU_sub-0050171_run-1: kept_time_sec<240.0; mean_fd=0.0760, kept=205.0s
EXCLUDE [ABIDE1 fd<0.2] OHSU_sub-0050171_run-2: mean_fd>0.2; mean_fd=0.2178, kept=170.0s
EXCLUDE [ABIDE1 fd<0.2] OHSU_sub-0050171_run-3: mean_fd>0.2; mean_fd=0.5742, kept=112.5s
WROTE [ABIDE1 fd<0.2] SDSU_sub-0050182_run-1: mean_fd=0.1351, kept=342.0s, rois=200, confounds=32
WROTE [ABIDE1 fd<0.2] SDSU_sub-0050183_run-1: mean_fd=0.0539, kept=360.0s, rois=200, confounds=32
WROTE [ABIDE1 fd<0.2] SDSU_sub-0050184_run-1: mean_fd=0.0519, kept=360.0s, rois=200, confounds=32
EXCLUDE [ABIDE1 fd<0.2] SDSU_sub-0050185_run-1: mean_fd>0.2; mean_fd=0.7267, kept=220.0s
EXCLUDE [ABIDE1 fd<0.2] SDSU_sub-0050186_run-1: mean_fd>0.2; mean_fd=0.2050, kept=318.0s
WROTE [ABIDE1 fd<0.2] SDSU_sub-0050187_run-1: mean_fd=0.0454, kept=360.0s, rois=200, confounds=32
WROTE [ABIDE1 fd<0.2] SDSU_sub-0050188_run-1: mean_fd=0.1247, kept=352.0s, rois=200, confounds=32
WROTE [ABIDE1 fd<0.2] SDSU_sub-0050189_run-1: mean_fd=0.0685, kept=358.0s, rois=200, confounds=32
WROTE [ABIDE1 fd<0.2] SDSU_sub-0050190_run-1: mean_fd=0.0767, kept=360.0s, rois=200, confounds=32
WROTE [ABIDE1 fd<0.2] SDSU_sub-0050191_run-1: mean_fd=0.1263, kept=346.0s, rois=200, confounds=32
EXCLUDE [ABIDE1 fd<0.2] SDSU_sub-0050192_run-1: mean_fd>0.2; mean_fd=1.0263, kept=92.0s
WROTE [ABIDE1 fd<0.2] SDSU_sub-0050193_run-1: mean_fd=0.0750, kept=360.0s, rois=200, confounds=32
WROTE [ABIDE1 fd<0.2] SDSU_sub-0050194_run-1: mean_fd=0.1390, kept=356.0s, rois=200, confounds=32
WROTE [ABIDE1 fd<0.2] SDSU_sub-0050195_run-1: mean_fd=0.0807, kept=356.0s, rois=200, confounds=32
WROTE [ABIDE1 fd<0.2] SDSU_sub-0050196_run-1: mean_fd=0.0575, kept=360.0s, rois=200, confounds=32
EXCLUDE [ABIDE1 fd<0.2] SDSU_sub-0050198_run-1: mean_fd>0.2; mean_fd=0.2092, kept=330.0s
WROTE [ABIDE1 fd<0.2] SDSU_sub-0050199_run-1: mean_fd=0.0563, kept=360.0s, rois=200, confounds=32
WROTE [ABIDE1 fd<0.2] SDSU_sub-0050200_run-1: mean_fd=0.1054, kept=354.0s, rois=200, confounds=32
WROTE [ABIDE1 fd<0.2] SDSU_sub-0050201_run-1: mean_fd=0.1109, kept=360.0s, rois=200, confounds=32
EXCLUDE [ABIDE1 fd<0.2] SDSU_sub-0050202_run-1: mean_fd>0.2; mean_fd=0.2468, kept=272.0s
WROTE [ABIDE1 fd<0.2] SDSU_sub-0050203_run-1: mean_fd=0.0591, kept=360.0s, rois=200, confounds=32
WROTE [ABIDE1 fd<0.2] SDSU_sub-0050204_run-1: mean_fd=0.1240, kept=352.0s, rois=200, confounds=32
WROTE [ABIDE1 fd<0.2] SDSU_sub-0050205_run-1: mean_fd=0.0581, kept=360.0s, rois=200, confounds=32
WROTE [ABIDE1 fd<0.2] SDSU_sub-0050206_run-1: mean_fd=0.1640, kept=348.0s, rois=200, confounds=32
EXCLUDE [ABIDE1 fd<0.2] SDSU_sub-0050207_run-1: mean_fd>0.2; mean_fd=0.2734, kept=288.0s
EXCLUDE [ABIDE1 fd<0.2] SDSU_sub-0050208_run-1: mean_fd>0.2; mean_fd=0.2282, kept=332.0s
WROTE [ABIDE1 fd<0.2] SDSU_sub-0050209_run-1: mean_fd=0.1019, kept=360.0s, rois=200, confounds=32
WROTE [ABIDE1 fd<0.2] SDSU_sub-0050210_run-1: mean_fd=0.0621, kept=360.0s, rois=200, confounds=32
WROTE [ABIDE1 fd<0.2] SDSU_sub-0050212_run-1: mean_fd=0.0628, kept=360.0s, rois=200, confounds=32
WROTE [ABIDE1 fd<0.2] SDSU_sub-0050213_run-1: mean_fd=0.1399, kept=350.0s, rois=200, confounds=32
WROTE [ABIDE1 fd<0.2] SDSU_sub-0050214_run-1: mean_fd=0.0701, kept=360.0s, rois=200, confounds=32
WROTE [ABIDE1 fd<0.2] SDSU_sub-0050215_run-1: mean_fd=0.0992, kept=360.0s, rois=200, confounds=32
WROTE [ABIDE1 fd<0.2] SDSU_sub-0050216_run-1: mean_fd=0.0639, kept=360.0s, rois=200, confounds=32
WROTE [ABIDE1 fd<0.2] SDSU_sub-0050217_run-1: mean_fd=0.0942, kept=360.0s, rois=200, confounds=32
EXCLUDE [ABIDE1 fd<0.2] TRINITY_sub-0050232_run-1: mean_fd>0.2; mean_fd=0.2997, kept=260.0s
WROTE [ABIDE1 fd<0.2] TRINITY_sub-0050233_run-1: mean_fd=0.0946, kept=300.0s, rois=200, confounds=32
WROTE [ABIDE1 fd<0.2] TRINITY_sub-0050234_run-1: mean_fd=0.1113, kept=298.0s, rois=200, confounds=32
WROTE [ABIDE1 fd<0.2] TRINITY_sub-0050235_run-1: mean_fd=0.1571, kept=292.0s, rois=200, confounds=32
WROTE [ABIDE1 fd<0.2] TRINITY_sub-0050236_run-1: mean_fd=0.1637, kept=286.0s, rois=200, confounds=32
WROTE [ABIDE1 fd<0.2] TRINITY_sub-0050237_run-1: mean_fd=0.1239, kept=296.0s, rois=200, confounds=32
WROTE [ABIDE1 fd<0.2] TRINITY_sub-0050238_run-1: mean_fd=0.1688, kept=282.0s, rois=200, confounds=32
WROTE [ABIDE1 fd<0.2] TRINITY_sub-0050239_run-1: mean_fd=0.1750, kept=296.0s, rois=200, confounds=32
WROTE [ABIDE1 fd<0.2] TRINITY_sub-0050240_run-1: mean_fd=0.1273, kept=300.0s, rois=200, confounds=32
WROTE [ABIDE1 fd<0.2] TRINITY_sub-0050241_run-1: mean_fd=0.1295, kept=296.0s, rois=200, confounds=32
EXCLUDE [ABIDE1 fd<0.2] TRINITY_sub-0050242_run-1: mean_fd>0.2; mean_fd=0.9597, kept=110.0s
WROTE [ABIDE1 fd<0.2] TRINITY_sub-0050243_run-1: mean_fd=0.1549, kept=298.0s, rois=200, confounds=32
EXCLUDE [ABIDE1 fd<0.2] TRINITY_sub-0050244_run-1: mean_fd>0.2; mean_fd=0.2645, kept=272.0s
EXCLUDE [ABIDE1 fd<0.2] TRINITY_sub-0050245_run-1: mean_fd>0.2; mean_fd=0.2074, kept=292.0s
WROTE [ABIDE1 fd<0.2] TRINITY_sub-0050246_run-1: mean_fd=0.1699, kept=282.0s, rois=200, confounds=32
EXCLUDE [ABIDE1 fd<0.2] TRINITY_sub-0050247_run-1: mean_fd>0.2; mean_fd=0.3506, kept=212.0s
WROTE [ABIDE1 fd<0.2] TRINITY_sub-0050248_run-1: mean_fd=0.1124, kept=300.0s, rois=200, confounds=32
EXCLUDE [ABIDE1 fd<0.2] TRINITY_sub-0050249_run-1: mean_fd>0.2; mean_fd=0.2199, kept=290.0s
WROTE [ABIDE1 fd<0.2] TRINITY_sub-0050250_run-1: mean_fd=0.1877, kept=290.0s, rois=200, confounds=32
WROTE [ABIDE1 fd<0.2] TRINITY_sub-0050251_run-1: mean_fd=0.1927, kept=294.0s, rois=200, confounds=32
EXCLUDE [ABIDE1 fd<0.2] TRINITY_sub-0050252_run-1: mean_fd>0.2; mean_fd=0.2030, kept=296.0s
WROTE [ABIDE1 fd<0.2] TRINITY_sub-0050253_run-1: mean_fd=0.1266, kept=296.0s, rois=200, confounds=32
WROTE [ABIDE1 fd<0.2] TRINITY_sub-0050254_run-1: mean_fd=0.1203, kept=300.0s, rois=200, confounds=32
WROTE [ABIDE1 fd<0.2] TRINITY_sub-0050255_run-1: mean_fd=0.1163, kept=300.0s, rois=200, confounds=32
WROTE [ABIDE1 fd<0.2] TRINITY_sub-0050257_run-1: mean_fd=0.1404, kept=292.0s, rois=200, confounds=32
WROTE [ABIDE1 fd<0.2] TRINITY_sub-0050259_run-1: mean_fd=0.1332, kept=300.0s, rois=200, confounds=32
WROTE [ABIDE1 fd<0.2] TRINITY_sub-0050260_run-1: mean_fd=0.0844, kept=298.0s, rois=200, confounds=32
WROTE [ABIDE1 fd<0.2] TRINITY_sub-0050261_run-1: mean_fd=0.1114, kept=300.0s, rois=200, confounds=32
WROTE [ABIDE1 fd<0.2] TRINITY_sub-0050262_run-1: mean_fd=0.1892, kept=280.0s, rois=200, confounds=32
WROTE [ABIDE1 fd<0.2] TRINITY_sub-0050263_run-1: mean_fd=0.0963, kept=300.0s, rois=200, confounds=32
WROTE [ABIDE1 fd<0.2] TRINITY_sub-0050264_run-1: mean_fd=0.0927, kept=300.0s, rois=200, confounds=32
EXCLUDE [ABIDE1 fd<0.2] TRINITY_sub-0050265_run-1: mean_fd>0.2; mean_fd=0.4012, kept=194.0s
WROTE [ABIDE1 fd<0.2] TRINITY_sub-0050266_run-1: mean_fd=0.1584, kept=300.0s, rois=200, confounds=32
WROTE [ABIDE1 fd<0.2] TRINITY_sub-0050267_run-1: mean_fd=0.1246, kept=300.0s, rois=200, confounds=32
WROTE [ABIDE1 fd<0.2] TRINITY_sub-0050268_run-1: mean_fd=0.1216, kept=300.0s, rois=200, confounds=32
WROTE [ABIDE1 fd<0.2] TRINITY_sub-0050269_run-1: mean_fd=0.1521, kept=300.0s, rois=200, confounds=32
WROTE [ABIDE1 fd<0.2] TRINITY_sub-0050270_run-1: mean_fd=0.1435, kept=298.0s, rois=200, confounds=32
WROTE [ABIDE1 fd<0.2] TRINITY_sub-0050271_run-1: mean_fd=0.1063, kept=300.0s, rois=200, confounds=32
WROTE [ABIDE1 fd<0.2] UM_1_sub-0050272_run-1: mean_fd=0.1598, kept=562.0s, rois=200, confounds=32
WROTE [ABIDE1 fd<0.2] UM_1_sub-0050273_run-1: mean_fd=0.0815, kept=600.0s, rois=200, confounds=32
EXCLUDE [ABIDE1 fd<0.2] UM_1_sub-0050274_run-1: mean_fd>0.2; mean_fd=0.2673, kept=536.0s
WROTE [ABIDE1 fd<0.2] UM_1_sub-0050275_run-1: mean_fd=0.1669, kept=516.0s, rois=200, confounds=32
WROTE [ABIDE1 fd<0.2] UM_1_sub-0050276_run-1: mean_fd=0.0554, kept=600.0s, rois=200, confounds=32
EXCLUDE [ABIDE1 fd<0.2] UM_1_sub-0050277_run-1: mean_fd>0.2; mean_fd=0.2589, kept=518.0s
EXCLUDE [ABIDE1 fd<0.2] UM_1_sub-0050278_run-1: mean_fd>0.2; mean_fd=0.3071, kept=492.0s
EXCLUDE [ABIDE1 fd<0.2] UM_1_sub-0050279_run-1: mean_fd>0.2; mean_fd=2.1988, kept=182.0s
WROTE [ABIDE1 fd<0.2] UM_1_sub-0050280_run-1: mean_fd=0.1063, kept=588.0s, rois=200, confounds=32
EXCLUDE [ABIDE1 fd<0.2] UM_1_sub-0050281_run-1: mean_fd>0.2; mean_fd=0.8024, kept=374.0s
WROTE [ABIDE1 fd<0.2] UM_1_sub-0050282_run-1: mean_fd=0.0963, kept=596.0s, rois=200, confounds=32
EXCLUDE [ABIDE1 fd<0.2] UM_1_sub-0050283_run-1: mean_fd>0.2; mean_fd=0.3298, kept=466.0s
WROTE [ABIDE1 fd<0.2] UM_1_sub-0050284_run-1: mean_fd=0.1705, kept=576.0s, rois=200, confounds=32
WROTE [ABIDE1 fd<0.2] UM_1_sub-0050285_run-1: mean_fd=0.1245, kept=598.0s, rois=200, confounds=32
EXCLUDE [ABIDE1 fd<0.2] UM_1_sub-0050286_run-1: mean_fd>0.2; mean_fd=2.1988, kept=182.0s
WROTE [ABIDE1 fd<0.2] UM_1_sub-0050287_run-1: mean_fd=0.0795, kept=598.0s, rois=200, confounds=32
EXCLUDE [ABIDE1 fd<0.2] UM_1_sub-0050288_run-1: mean_fd>0.2; mean_fd=0.4650, kept=406.0s
EXCLUDE [ABIDE1 fd<0.2] UM_1_sub-0050289_run-1: mean_fd>0.2; mean_fd=0.2183, kept=556.0s
WROTE [ABIDE1 fd<0.2] UM_1_sub-0050290_run-1: mean_fd=0.1120, kept=592.0s, rois=200, confounds=32
EXCLUDE [ABIDE1 fd<0.2] UM_1_sub-0050291_run-1: mean_fd>0.2; mean_fd=0.2158, kept=530.0s
EXCLUDE [ABIDE1 fd<0.2] UM_1_sub-0050292_run-1: mean_fd>0.2; mean_fd=0.2945, kept=474.0s
WROTE [ABIDE1 fd<0.2] UM_1_sub-0050293_run-1: mean_fd=0.0780, kept=600.0s, rois=200, confounds=32
WROTE [ABIDE1 fd<0.2] UM_1_sub-0050294_run-1: mean_fd=0.1189, kept=600.0s, rois=200, confounds=32
WROTE [ABIDE1 fd<0.2] UM_1_sub-0050295_run-1: mean_fd=0.1155, kept=592.0s, rois=200, confounds=32
EXCLUDE [ABIDE1 fd<0.2] UM_1_sub-0050296_run-1: mean_fd>0.2; mean_fd=0.8545, kept=344.0s
EXCLUDE [ABIDE1 fd<0.2] UM_1_sub-0050297_run-1: mean_fd>0.2; mean_fd=0.3533, kept=316.0s
WROTE [ABIDE1 fd<0.2] UM_1_sub-0050298_run-1: mean_fd=0.1252, kept=596.0s, rois=200, confounds=32
EXCLUDE [ABIDE1 fd<0.2] UM_1_sub-0050299_run-1: mean_fd>0.2; mean_fd=1.1255, kept=202.0s
EXCLUDE [ABIDE1 fd<0.2] UM_1_sub-0050300_run-1: mean_fd>0.2; mean_fd=0.2993, kept=420.0s
WROTE [ABIDE1 fd<0.2] UM_1_sub-0050301_run-1: mean_fd=0.0714, kept=600.0s, rois=200, confounds=32
EXCLUDE [ABIDE1 fd<0.2] UM_1_sub-0050302_run-1: mean_fd>0.2; mean_fd=0.2424, kept=540.0s
EXCLUDE [ABIDE1 fd<0.2] UM_1_sub-0050304_run-1: mean_fd>0.2; mean_fd=0.5894, kept=248.0s
EXCLUDE [ABIDE1 fd<0.2] UM_1_sub-0050306_run-1: mean_fd>0.2; mean_fd=0.7723, kept=248.0s
WROTE [ABIDE1 fd<0.2] UM_1_sub-0050307_run-1: mean_fd=0.0560, kept=594.0s, rois=200, confounds=32
EXCLUDE [ABIDE1 fd<0.2] UM_1_sub-0050308_run-1: mean_fd>0.2; mean_fd=2.3313, kept=38.0s
WROTE [ABIDE1 fd<0.2] UM_1_sub-0050310_run-1: mean_fd=0.0877, kept=600.0s, rois=200, confounds=32
EXCLUDE [ABIDE1 fd<0.2] UM_1_sub-0050311_run-1: mean_fd>0.2; mean_fd=0.5338, kept=294.0s
EXCLUDE [ABIDE1 fd<0.2] UM_1_sub-0050312_run-1: mean_fd>0.2; mean_fd=0.4408, kept=376.0s
EXCLUDE [ABIDE1 fd<0.2] UM_1_sub-0050313_run-1: mean_fd>0.2; mean_fd=1.4622, kept=210.0s
WROTE [ABIDE1 fd<0.2] UM_1_sub-0050314_run-1: mean_fd=0.1010, kept=598.0s, rois=200, confounds=32
WROTE [ABIDE1 fd<0.2] UM_1_sub-0050315_run-1: mean_fd=0.1298, kept=596.0s, rois=200, confounds=32
EXCLUDE [ABIDE1 fd<0.2] UM_1_sub-0050316_run-1: mean_fd>0.2; mean_fd=0.3587, kept=422.0s
EXCLUDE [ABIDE1 fd<0.2] UM_1_sub-0050317_run-1: mean_fd>0.2; mean_fd=1.2298, kept=192.0s
WROTE [ABIDE1 fd<0.2] UM_1_sub-0050318_run-1: mean_fd=0.1329, kept=596.0s, rois=200, confounds=32
WROTE [ABIDE1 fd<0.2] UM_1_sub-0050319_run-1: mean_fd=0.1276, kept=600.0s, rois=200, confounds=32
WROTE [ABIDE1 fd<0.2] UM_1_sub-0050320_run-1: mean_fd=0.1673, kept=576.0s, rois=200, confounds=32
WROTE [ABIDE1 fd<0.2] UM_1_sub-0050321_run-1: mean_fd=0.0850, kept=600.0s, rois=200, confounds=32
EXCLUDE [ABIDE1 fd<0.2] UM_1_sub-0050322_run-1: mean_fd>0.2; mean_fd=0.4613, kept=266.0s
WROTE [ABIDE1 fd<0.2] UM_1_sub-0050324_run-1: mean_fd=0.0880, kept=588.0s, rois=200, confounds=32
WROTE [ABIDE1 fd<0.2] UM_1_sub-0050325_run-1: mean_fd=0.1888, kept=554.0s, rois=200, confounds=32
EXCLUDE [ABIDE1 fd<0.2] UM_1_sub-0050326_run-1: mean_fd>0.2; mean_fd=0.2506, kept=502.0s
WROTE [ABIDE1 fd<0.2] UM_1_sub-0050327_run-1: mean_fd=0.0630, kept=600.0s, rois=200, confounds=32
WROTE [ABIDE1 fd<0.2] UM_1_sub-0050328_run-1: mean_fd=0.1142, kept=600.0s, rois=200, confounds=32
WROTE [ABIDE1 fd<0.2] UM_1_sub-0050329_run-1: mean_fd=0.0521, kept=600.0s, rois=200, confounds=32
WROTE [ABIDE1 fd<0.2] UM_1_sub-0050330_run-1: mean_fd=0.0949, kept=600.0s, rois=200, confounds=32
WROTE [ABIDE1 fd<0.2] UM_1_sub-0050331_run-1: mean_fd=0.0872, kept=600.0s, rois=200, confounds=32
WROTE [ABIDE1 fd<0.2] UM_1_sub-0050332_run-1: mean_fd=0.1567, kept=584.0s, rois=200, confounds=32
EXCLUDE [ABIDE1 fd<0.2] UM_1_sub-0050333_run-1: mean_fd>0.2; mean_fd=0.3132, kept=490.0s
WROTE [ABIDE1 fd<0.2] UM_1_sub-0050334_run-1: mean_fd=0.1045, kept=600.0s, rois=200, confounds=32
WROTE [ABIDE1 fd<0.2] UM_1_sub-0050335_run-1: mean_fd=0.0716, kept=600.0s, rois=200, confounds=32
WROTE [ABIDE1 fd<0.2] UM_1_sub-0050336_run-1: mean_fd=0.0652, kept=600.0s, rois=200, confounds=32
WROTE [ABIDE1 fd<0.2] UM_1_sub-0050337_run-1: mean_fd=0.1128, kept=590.0s, rois=200, confounds=32
WROTE [ABIDE1 fd<0.2] UM_1_sub-0050338_run-1: mean_fd=0.0935, kept=600.0s, rois=200, confounds=32
WROTE [ABIDE1 fd<0.2] UM_1_sub-0050339_run-1: mean_fd=0.0723, kept=600.0s, rois=200, confounds=32
WROTE [ABIDE1 fd<0.2] UM_1_sub-0050340_run-1: mean_fd=0.0640, kept=596.0s, rois=200, confounds=32
WROTE [ABIDE1 fd<0.2] UM_1_sub-0050341_run-1: mean_fd=0.0744, kept=600.0s, rois=200, confounds=32
WROTE [ABIDE1 fd<0.2] UM_1_sub-0050342_run-1: mean_fd=0.1615, kept=584.0s, rois=200, confounds=32
EXCLUDE [ABIDE1 fd<0.2] UM_1_sub-0050343_run-1: mean_fd>0.2; mean_fd=0.2345, kept=482.0s
WROTE [ABIDE1 fd<0.2] UM_1_sub-0050344_run-1: mean_fd=0.0620, kept=598.0s, rois=200, confounds=32
WROTE [ABIDE1 fd<0.2] UM_1_sub-0050345_run-1: mean_fd=0.1157, kept=588.0s, rois=200, confounds=32
WROTE [ABIDE1 fd<0.2] UM_1_sub-0050346_run-1: mean_fd=0.0941, kept=600.0s, rois=200, confounds=32
WROTE [ABIDE1 fd<0.2] UM_1_sub-0050347_run-1: mean_fd=0.0804, kept=600.0s, rois=200, confounds=32
WROTE [ABIDE1 fd<0.2] UM_1_sub-0050348_run-1: mean_fd=0.1237, kept=600.0s, rois=200, confounds=32
WROTE [ABIDE1 fd<0.2] UM_1_sub-0050349_run-1: mean_fd=0.0895, kept=596.0s, rois=200, confounds=32
WROTE [ABIDE1 fd<0.2] UM_1_sub-0050350_run-1: mean_fd=0.1040, kept=598.0s, rois=200, confounds=32
WROTE [ABIDE1 fd<0.2] UM_1_sub-0050351_run-1: mean_fd=0.0821, kept=600.0s, rois=200, confounds=32
EXCLUDE [ABIDE1 fd<0.2] UM_1_sub-0050352_run-1: mean_fd>0.2; mean_fd=0.2160, kept=524.0s
WROTE [ABIDE1 fd<0.2] UM_1_sub-0050353_run-1: mean_fd=0.0849, kept=598.0s, rois=200, confounds=32
EXCLUDE [ABIDE1 fd<0.2] UM_1_sub-0050354_run-1: mean_fd>0.2; mean_fd=0.5426, kept=316.0s
WROTE [ABIDE1 fd<0.2] UM_1_sub-0050355_run-1: mean_fd=0.1247, kept=590.0s, rois=200, confounds=32
WROTE [ABIDE1 fd<0.2] UM_1_sub-0050356_run-1: mean_fd=0.0716, kept=600.0s, rois=200, confounds=32
WROTE [ABIDE1 fd<0.2] UM_1_sub-0050357_run-1: mean_fd=0.0889, kept=600.0s, rois=200, confounds=32
WROTE [ABIDE1 fd<0.2] UM_1_sub-0050358_run-1: mean_fd=0.0658, kept=600.0s, rois=200, confounds=32
EXCLUDE [ABIDE1 fd<0.2] UM_1_sub-0050359_run-1: mean_fd>0.2; mean_fd=0.4962, kept=332.0s
WROTE [ABIDE1 fd<0.2] UM_1_sub-0050360_run-1: mean_fd=0.0828, kept=600.0s, rois=200, confounds=32
WROTE [ABIDE1 fd<0.2] UM_1_sub-0050361_run-1: mean_fd=0.0818, kept=600.0s, rois=200, confounds=32
WROTE [ABIDE1 fd<0.2] UM_1_sub-0050362_run-1: mean_fd=0.0708, kept=600.0s, rois=200, confounds=32
EXCLUDE [ABIDE1 fd<0.2] UM_1_sub-0050363_run-1: mean_fd>0.2; mean_fd=0.2104, kept=522.0s
EXCLUDE [ABIDE1 fd<0.2] UM_1_sub-0050364_run-1: mean_fd>0.2; mean_fd=0.2776, kept=492.0s
WROTE [ABIDE1 fd<0.2] UM_1_sub-0050365_run-1: mean_fd=0.0995, kept=596.0s, rois=200, confounds=32
WROTE [ABIDE1 fd<0.2] UM_1_sub-0050366_run-1: mean_fd=0.1684, kept=568.0s, rois=200, confounds=32
WROTE [ABIDE1 fd<0.2] UM_1_sub-0050367_run-1: mean_fd=0.1571, kept=570.0s, rois=200, confounds=32
WROTE [ABIDE1 fd<0.2] UM_1_sub-0050368_run-1: mean_fd=0.1381, kept=578.0s, rois=200, confounds=32
WROTE [ABIDE1 fd<0.2] UM_1_sub-0050369_run-1: mean_fd=0.1066, kept=600.0s, rois=200, confounds=32
WROTE [ABIDE1 fd<0.2] UM_1_sub-0050370_run-1: mean_fd=0.1901, kept=550.0s, rois=200, confounds=32
EXCLUDE [ABIDE1 fd<0.2] UM_1_sub-0050371_run-1: mean_fd>0.2; mean_fd=0.5054, kept=390.0s
WROTE [ABIDE1 fd<0.2] UM_1_sub-0050372_run-1: mean_fd=0.0789, kept=600.0s, rois=200, confounds=32
WROTE [ABIDE1 fd<0.2] UM_1_sub-0050373_run-1: mean_fd=0.1427, kept=578.0s, rois=200, confounds=32
WROTE [ABIDE1 fd<0.2] UM_1_sub-0050374_run-1: mean_fd=0.0651, kept=600.0s, rois=200, confounds=32
WROTE [ABIDE1 fd<0.2] UM_1_sub-0050375_run-1: mean_fd=0.0599, kept=600.0s, rois=200, confounds=32
EXCLUDE [ABIDE1 fd<0.2] UM_1_sub-0050376_run-1: mean_fd>0.2; mean_fd=0.7275, kept=406.0s
WROTE [ABIDE1 fd<0.2] UM_1_sub-0050377_run-1: mean_fd=0.0995, kept=600.0s, rois=200, confounds=32
EXCLUDE [ABIDE1 fd<0.2] UM_1_sub-0050378_run-1: mean_fd>0.2; mean_fd=0.2797, kept=492.0s
WROTE [ABIDE1 fd<0.2] UM_1_sub-0050379_run-1: mean_fd=0.1519, kept=590.0s, rois=200, confounds=32
EXCLUDE [ABIDE1 fd<0.2] UM_1_sub-0050380_run-1: mean_fd>0.2; mean_fd=0.3562, kept=440.0s
EXCLUDE [ABIDE1 fd<0.2] UM_1_sub-0050381_run-1: mean_fd>0.2; mean_fd=0.4160, kept=418.0s
WROTE [ABIDE1 fd<0.2] UM_2_sub-0050382_run-1: mean_fd=0.1104, kept=596.0s, rois=200, confounds=32
EXCLUDE [ABIDE1 fd<0.2] UM_2_sub-0050383_run-1: mean_fd>0.2; mean_fd=0.7749, kept=296.0s
WROTE [ABIDE1 fd<0.2] UM_2_sub-0050385_run-1: mean_fd=0.1005, kept=598.0s, rois=200, confounds=32
WROTE [ABIDE1 fd<0.2] UM_2_sub-0050386_run-1: mean_fd=0.0838, kept=594.0s, rois=200, confounds=32
WROTE [ABIDE1 fd<0.2] UM_2_sub-0050387_run-1: mean_fd=0.1309, kept=594.0s, rois=200, confounds=32
WROTE [ABIDE1 fd<0.2] UM_2_sub-0050388_run-1: mean_fd=0.1621, kept=592.0s, rois=200, confounds=32
WROTE [ABIDE1 fd<0.2] UM_2_sub-0050390_run-1: mean_fd=0.1060, kept=594.0s, rois=200, confounds=32
WROTE [ABIDE1 fd<0.2] UM_2_sub-0050391_run-1: mean_fd=0.1744, kept=568.0s, rois=200, confounds=32
WROTE [ABIDE1 fd<0.2] UM_2_sub-0050397_run-1: mean_fd=0.0703, kept=598.0s, rois=200, confounds=32
WROTE [ABIDE1 fd<0.2] UM_2_sub-0050399_run-1: mean_fd=0.1582, kept=590.0s, rois=200, confounds=32
WROTE [ABIDE1 fd<0.2] UM_2_sub-0050402_run-1: mean_fd=0.0594, kept=596.0s, rois=200, confounds=32
EXCLUDE [ABIDE1 fd<0.2] UM_2_sub-0050403_run-1: mean_fd>0.2; mean_fd=0.3930, kept=406.0s
WROTE [ABIDE1 fd<0.2] UM_2_sub-0050404_run-1: mean_fd=0.0708, kept=600.0s, rois=200, confounds=32
WROTE [ABIDE1 fd<0.2] UM_2_sub-0050405_run-1: mean_fd=0.0808, kept=596.0s, rois=200, confounds=32
EXCLUDE [ABIDE1 fd<0.2] UM_2_sub-0050406_run-1: mean_fd>0.2; mean_fd=0.2599, kept=516.0s
WROTE [ABIDE1 fd<0.2] UM_2_sub-0050407_run-1: mean_fd=0.0946, kept=600.0s, rois=200, confounds=32
WROTE [ABIDE1 fd<0.2] UM_2_sub-0050408_run-1: mean_fd=0.0837, kept=592.0s, rois=200, confounds=32
EXCLUDE [ABIDE1 fd<0.2] UM_2_sub-0050410_run-1: mean_fd>0.2; mean_fd=0.2575, kept=502.0s
EXCLUDE [ABIDE1 fd<0.2] UM_2_sub-0050411_run-1: mean_fd>0.2; mean_fd=0.2713, kept=490.0s
WROTE [ABIDE1 fd<0.2] UM_2_sub-0050412_run-1: mean_fd=0.1133, kept=594.0s, rois=200, confounds=32
WROTE [ABIDE1 fd<0.2] UM_2_sub-0050413_run-1: mean_fd=0.1405, kept=590.0s, rois=200, confounds=32
WROTE [ABIDE1 fd<0.2] UM_2_sub-0050414_run-1: mean_fd=0.0904, kept=600.0s, rois=200, confounds=32
WROTE [ABIDE1 fd<0.2] UM_2_sub-0050415_run-1: mean_fd=0.1010, kept=600.0s, rois=200, confounds=32
WROTE [ABIDE1 fd<0.2] UM_2_sub-0050416_run-1: mean_fd=0.1425, kept=594.0s, rois=200, confounds=32
WROTE [ABIDE1 fd<0.2] UM_2_sub-0050417_run-1: mean_fd=0.0771, kept=598.0s, rois=200, confounds=32
WROTE [ABIDE1 fd<0.2] UM_2_sub-0050418_run-1: mean_fd=0.1546, kept=550.0s, rois=200, confounds=32
WROTE [ABIDE1 fd<0.2] UM_2_sub-0050419_run-1: mean_fd=0.0775, kept=596.0s, rois=200, confounds=32
WROTE [ABIDE1 fd<0.2] UM_2_sub-0050421_run-1: mean_fd=0.1053, kept=592.0s, rois=200, confounds=32
EXCLUDE [ABIDE1 fd<0.2] UM_2_sub-0050422_run-1: mean_fd>0.2; mean_fd=0.4788, kept=350.0s
WROTE [ABIDE1 fd<0.2] UM_2_sub-0050424_run-1: mean_fd=0.0945, kept=596.0s, rois=200, confounds=32
WROTE [ABIDE1 fd<0.2] UM_2_sub-0050425_run-1: mean_fd=0.0716, kept=592.0s, rois=200, confounds=32
WROTE [ABIDE1 fd<0.2] UM_2_sub-0050426_run-1: mean_fd=0.0868, kept=600.0s, rois=200, confounds=32
WROTE [ABIDE1 fd<0.2] UM_2_sub-0050427_run-1: mean_fd=0.0643, kept=596.0s, rois=200, confounds=32
WROTE [ABIDE1 fd<0.2] UM_2_sub-0050428_run-1: mean_fd=0.0658, kept=596.0s, rois=200, confounds=32
EXCLUDE [ABIDE1 fd<0.2] USM_sub-0050487_run-1: mean_fd>0.2; mean_fd=0.2861, kept=380.0s
WROTE [ABIDE1 fd<0.2] YALE_sub-0050551_run-1: mean_fd=0.0584, kept=394.0s, rois=200, confounds=32
WROTE [ABIDE1 fd<0.2] YALE_sub-0050552_run-1: mean_fd=0.0931, kept=392.0s, rois=200, confounds=32
WROTE [ABIDE1 fd<0.2] YALE_sub-0050553_run-1: mean_fd=0.1690, kept=374.0s, rois=200, confounds=32
WROTE [ABIDE1 fd<0.2] YALE_sub-0050554_run-1: mean_fd=0.0990, kept=396.0s, rois=200, confounds=32
WROTE [ABIDE1 fd<0.2] YALE_sub-0050555_run-1: mean_fd=0.0891, kept=394.0s, rois=200, confounds=32
WROTE [ABIDE1 fd<0.2] YALE_sub-0050556_run-1: mean_fd=0.0893, kept=392.0s, rois=200, confounds=32
WROTE [ABIDE1 fd<0.2] YALE_sub-0050557_run-1: mean_fd=0.1797, kept=378.0s, rois=200, confounds=32
WROTE [ABIDE1 fd<0.2] YALE_sub-0050558_run-1: mean_fd=0.1110, kept=392.0s, rois=200, confounds=32
EXCLUDE [ABIDE1 fd<0.2] YALE_sub-0050559_run-1: mean_fd>0.2; mean_fd=0.3087, kept=296.0s
WROTE [ABIDE1 fd<0.2] YALE_sub-0050560_run-1: mean_fd=0.1649, kept=384.0s, rois=200, confounds=32
WROTE [ABIDE1 fd<0.2] YALE_sub-0050561_run-1: mean_fd=0.1164, kept=390.0s, rois=200, confounds=32
EXCLUDE [ABIDE1 fd<0.2] YALE_sub-0050562_run-1: mean_fd>0.2; mean_fd=0.2545, kept=372.0s
EXCLUDE [ABIDE1 fd<0.2] YALE_sub-0050563_run-1: mean_fd>0.2; mean_fd=0.2202, kept=326.0s
WROTE [ABIDE1 fd<0.2] YALE_sub-0050564_run-1: mean_fd=0.1561, kept=390.0s, rois=200, confounds=32
EXCLUDE [ABIDE1 fd<0.2] YALE_sub-0050565_run-1: mean_fd>0.2; mean_fd=0.4130, kept=244.0s
WROTE [ABIDE1 fd<0.2] YALE_sub-0050566_run-1: mean_fd=0.0798, kept=394.0s, rois=200, confounds=32
WROTE [ABIDE1 fd<0.2] YALE_sub-0050567_run-1: mean_fd=0.1398, kept=378.0s, rois=200, confounds=32
WROTE [ABIDE1 fd<0.2] YALE_sub-0050568_run-1: mean_fd=0.0784, kept=394.0s, rois=200, confounds=32
WROTE [ABIDE1 fd<0.2] YALE_sub-0050569_run-1: mean_fd=0.0983, kept=392.0s, rois=200, confounds=32
WROTE [ABIDE1 fd<0.2] YALE_sub-0050570_run-1: mean_fd=0.0863, kept=380.0s, rois=200, confounds=32
EXCLUDE [ABIDE1 fd<0.2] YALE_sub-0050571_run-1: mean_fd>0.2; mean_fd=0.2723, kept=354.0s
WROTE [ABIDE1 fd<0.2] YALE_sub-0050572_run-1: mean_fd=0.0849, kept=388.0s, rois=200, confounds=32
WROTE [ABIDE1 fd<0.2] YALE_sub-0050573_run-1: mean_fd=0.1376, kept=378.0s, rois=200, confounds=32
WROTE [ABIDE1 fd<0.2] YALE_sub-0050574_run-1: mean_fd=0.1381, kept=392.0s, rois=200, confounds=32
WROTE [ABIDE1 fd<0.2] YALE_sub-0050575_run-1: mean_fd=0.1463, kept=372.0s, rois=200, confounds=32
WROTE [ABIDE1 fd<0.2] YALE_sub-0050576_run-1: mean_fd=0.1081, kept=392.0s, rois=200, confounds=32
WROTE [ABIDE1 fd<0.2] YALE_sub-0050577_run-1: mean_fd=0.1993, kept=382.0s, rois=200, confounds=32
EXCLUDE [ABIDE1 fd<0.2] YALE_sub-0050578_run-1: mean_fd>0.2; mean_fd=0.3255, kept=312.0s
EXCLUDE [ABIDE1 fd<0.2] YALE_sub-0050601_run-1: mean_fd>0.2; mean_fd=0.2223, kept=356.0s
EXCLUDE [ABIDE1 fd<0.2] YALE_sub-0050602_run-1: mean_fd>0.2; mean_fd=0.3255, kept=312.0s
WROTE [ABIDE1 fd<0.2] YALE_sub-0050603_run-1: mean_fd=0.1026, kept=392.0s, rois=200, confounds=32
WROTE [ABIDE1 fd<0.2] YALE_sub-0050604_run-1: mean_fd=0.0963, kept=396.0s, rois=200, confounds=32
WROTE [ABIDE1 fd<0.2] YALE_sub-0050605_run-1: mean_fd=0.0790, kept=396.0s, rois=200, confounds=32
WROTE [ABIDE1 fd<0.2] YALE_sub-0050606_run-1: mean_fd=0.1016, kept=394.0s, rois=200, confounds=32
WROTE [ABIDE1 fd<0.2] YALE_sub-0050607_run-1: mean_fd=0.1540, kept=386.0s, rois=200, confounds=32
EXCLUDE [ABIDE1 fd<0.2] YALE_sub-0050608_run-1: mean_fd>0.2; mean_fd=0.3552, kept=292.0s
EXCLUDE [ABIDE1 fd<0.2] YALE_sub-0050609_run-1: mean_fd>0.2; mean_fd=0.2051, kept=366.0s
EXCLUDE [ABIDE1 fd<0.2] YALE_sub-0050610_run-1: mean_fd>0.2; mean_fd=0.2164, kept=374.0s
WROTE [ABIDE1 fd<0.2] YALE_sub-0050611_run-1: mean_fd=0.1327, kept=388.0s, rois=200, confounds=32
WROTE [ABIDE1 fd<0.2] YALE_sub-0050612_run-1: mean_fd=0.1381, kept=382.0s, rois=200, confounds=32
WROTE [ABIDE1 fd<0.2] YALE_sub-0050613_run-1: mean_fd=0.1050, kept=390.0s, rois=200, confounds=32
WROTE [ABIDE1 fd<0.2] YALE_sub-0050614_run-1: mean_fd=0.1761, kept=382.0s, rois=200, confounds=32
EXCLUDE [ABIDE1 fd<0.2] YALE_sub-0050615_run-1: mean_fd>0.2; mean_fd=0.6099, kept=248.0s
WROTE [ABIDE1 fd<0.2] YALE_sub-0050616_run-1: mean_fd=0.1778, kept=354.0s, rois=200, confounds=32
WROTE [ABIDE1 fd<0.2] YALE_sub-0050617_run-1: mean_fd=0.1640, kept=376.0s, rois=200, confounds=32
EXCLUDE [ABIDE1 fd<0.2] YALE_sub-0050618_run-1: mean_fd>0.2; mean_fd=0.5590, kept=294.0s
WROTE [ABIDE1 fd<0.2] YALE_sub-0050619_run-1: mean_fd=0.1240, kept=378.0s, rois=200, confounds=32
WROTE [ABIDE1 fd<0.2] YALE_sub-0050620_run-1: mean_fd=0.1837, kept=374.0s, rois=200, confounds=32
WROTE [ABIDE1 fd<0.2] YALE_sub-0050621_run-1: mean_fd=0.1290, kept=380.0s, rois=200, confounds=32
EXCLUDE [ABIDE1 fd<0.2] YALE_sub-0050622_run-1: mean_fd>0.2; mean_fd=0.4202, kept=326.0s
WROTE [ABIDE1 fd<0.2] YALE_sub-0050623_run-1: mean_fd=0.0921, kept=394.0s, rois=200, confounds=32
EXCLUDE [ABIDE1 fd<0.2] YALE_sub-0050624_run-1: mean_fd>0.2; mean_fd=0.2834, kept=338.0s
WROTE [ABIDE1 fd<0.2] YALE_sub-0050625_run-1: mean_fd=0.0595, kept=394.0s, rois=200, confounds=32
EXCLUDE [ABIDE1 fd<0.2] YALE_sub-0050626_run-1: mean_fd>0.2; mean_fd=0.3161, kept=350.0s
WROTE [ABIDE1 fd<0.2] YALE_sub-0050627_run-1: mean_fd=0.1589, kept=388.0s, rois=200, confounds=32
WROTE [ABIDE1 fd<0.2] YALE_sub-0050628_run-1: mean_fd=0.0982, kept=392.0s, rois=200, confounds=32
WROTE [ABIDE1 fd<0.2] CMU_sub-0050642_run-1: mean_fd=0.1671, kept=474.0s, rois=200, confounds=32
WROTE [ABIDE1 fd<0.2] CMU_sub-0050643_run-1: mean_fd=0.1839, kept=468.0s, rois=200, confounds=32
EXCLUDE [ABIDE1 fd<0.2] CMU_sub-0050644_run-1: mean_fd>0.2; mean_fd=0.2058, kept=435.0s
EXCLUDE [ABIDE1 fd<0.2] CMU_sub-0050645_run-1: mean_fd>0.2; mean_fd=0.3570, kept=286.5s
EXCLUDE [ABIDE1 fd<0.2] CMU_sub-0050646_run-1: mean_fd>0.2; mean_fd=0.2477, kept=426.0s
WROTE [ABIDE1 fd<0.2] CMU_sub-0050647_run-1: mean_fd=0.1403, kept=408.0s, rois=200, confounds=32
WROTE [ABIDE1 fd<0.2] CMU_sub-0050648_run-1: mean_fd=0.1384, kept=477.0s, rois=200, confounds=32
WROTE [ABIDE1 fd<0.2] CMU_sub-0050649_run-1: mean_fd=0.1261, kept=478.0s, rois=200, confounds=32
EXCLUDE [ABIDE1 fd<0.2] CMU_sub-0050650_run-1: mean_fd>0.2; mean_fd=0.5068, kept=247.5s
WROTE [ABIDE1 fd<0.2] CMU_sub-0050651_run-1: mean_fd=0.1589, kept=478.5s, rois=200, confounds=32
WROTE [ABIDE1 fd<0.2] CMU_sub-0050652_run-1: mean_fd=0.1402, kept=477.0s, rois=200, confounds=32
WROTE [ABIDE1 fd<0.2] CMU_sub-0050653_run-1: mean_fd=0.1235, kept=476.0s, rois=200, confounds=32
WROTE [ABIDE1 fd<0.2] CMU_sub-0050654_run-1: mean_fd=0.1832, kept=462.0s, rois=200, confounds=32
EXCLUDE [ABIDE1 fd<0.2] CMU_sub-0050655_run-1: mean_fd>0.2; mean_fd=0.3156, kept=361.5s
WROTE [ABIDE1 fd<0.2] CMU_sub-0050656_run-1: mean_fd=0.1242, kept=476.0s, rois=200, confounds=32
WROTE [ABIDE1 fd<0.2] CMU_sub-0050657_run-1: mean_fd=0.1167, kept=478.5s, rois=200, confounds=32
WROTE [ABIDE1 fd<0.2] CMU_sub-0050658_run-1: mean_fd=0.1551, kept=478.5s, rois=200, confounds=32
EXCLUDE [ABIDE1 fd<0.2] CMU_sub-0050659_run-1: mean_fd>0.2; mean_fd=0.2484, kept=456.0s
WROTE [ABIDE1 fd<0.2] CMU_sub-0050660_run-1: mean_fd=0.1721, kept=474.0s, rois=200, confounds=32
WROTE [ABIDE1 fd<0.2] CMU_sub-0050661_run-1: mean_fd=0.1747, kept=477.0s, rois=200, confounds=32
EXCLUDE [ABIDE1 fd<0.2] CMU_sub-0050663_run-1: mean_fd>0.2; mean_fd=0.2716, kept=428.0s
WROTE [ABIDE1 fd<0.2] CMU_sub-0050664_run-1: mean_fd=0.1546, kept=464.0s, rois=200, confounds=32
EXCLUDE [ABIDE1 fd<0.2] CMU_sub-0050665_run-1: mean_fd>0.2; mean_fd=0.2890, kept=422.0s
WROTE [ABIDE1 fd<0.2] CMU_sub-0050666_run-1: mean_fd=0.1477, kept=468.0s, rois=200, confounds=32
EXCLUDE [ABIDE1 fd<0.2] CMU_sub-0050667_run-1: mean_fd>0.2; mean_fd=0.2318, kept=478.5s
EXCLUDE [ABIDE1 fd<0.2] CMU_sub-0050668_run-1: mean_fd>0.2; mean_fd=0.2434, kept=452.0s
WROTE [ABIDE1 fd<0.2] CMU_sub-0050669_run-1: mean_fd=0.1107, kept=480.0s, rois=200, confounds=32
EXCLUDE [ABIDE1 fd<0.2] LEUVEN_1_sub-0050682_run-1: mean_fd>0.2; mean_fd=0.2222, kept=376.7s
WROTE [ABIDE1 fd<0.2] LEUVEN_1_sub-0050683_run-1: mean_fd=0.1338, kept=411.5s, rois=200, confounds=32
EXCLUDE [ABIDE1 fd<0.2] LEUVEN_1_sub-0050685_run-1: mean_fd>0.2; mean_fd=0.2090, kept=391.4s
WROTE [ABIDE1 fd<0.2] LEUVEN_1_sub-0050686_run-1: mean_fd=0.1223, kept=416.6s, rois=200, confounds=32
WROTE [ABIDE1 fd<0.2] LEUVEN_1_sub-0050687_run-1: mean_fd=0.1457, kept=404.9s, rois=200, confounds=32
WROTE [ABIDE1 fd<0.2] LEUVEN_1_sub-0050688_run-1: mean_fd=0.1029, kept=416.7s, rois=200, confounds=32
WROTE [ABIDE1 fd<0.2] LEUVEN_1_sub-0050689_run-1: mean_fd=0.0802, kept=416.5s, rois=200, confounds=32
WROTE [ABIDE1 fd<0.2] LEUVEN_1_sub-0050690_run-1: mean_fd=0.1574, kept=406.5s, rois=200, confounds=32
WROTE [ABIDE1 fd<0.2] LEUVEN_1_sub-0050691_run-1: mean_fd=0.1139, kept=416.4s, rois=200, confounds=32
WROTE [ABIDE1 fd<0.2] LEUVEN_1_sub-0050692_run-1: mean_fd=0.0740, kept=416.7s, rois=200, confounds=32
WROTE [ABIDE1 fd<0.2] LEUVEN_1_sub-0050693_run-1: mean_fd=0.1056, kept=416.5s, rois=200, confounds=32
WROTE [ABIDE1 fd<0.2] LEUVEN_1_sub-0050694_run-1: mean_fd=0.1699, kept=405.1s, rois=200, confounds=32
WROTE [ABIDE1 fd<0.2] LEUVEN_1_sub-0050695_run-1: mean_fd=0.1748, kept=416.3s, rois=200, confounds=32
WROTE [ABIDE1 fd<0.2] LEUVEN_1_sub-0050696_run-1: mean_fd=0.1015, kept=416.8s, rois=200, confounds=32
WROTE [ABIDE1 fd<0.2] LEUVEN_1_sub-0050697_run-1: mean_fd=0.1483, kept=413.3s, rois=200, confounds=32
WROTE [ABIDE1 fd<0.2] LEUVEN_1_sub-0050698_run-1: mean_fd=0.1279, kept=415.0s, rois=200, confounds=32
WROTE [ABIDE1 fd<0.2] LEUVEN_1_sub-0050699_run-1: mean_fd=0.1279, kept=415.0s, rois=200, confounds=32
EXCLUDE [ABIDE1 fd<0.2] LEUVEN_1_sub-0050700_run-1: mean_fd>0.2; mean_fd=0.2919, kept=306.6s
EXCLUDE [ABIDE1 fd<0.2] LEUVEN_1_sub-0050701_run-1: mean_fd>0.2; mean_fd=0.2721, kept=342.3s
WROTE [ABIDE1 fd<0.2] LEUVEN_1_sub-0050702_run-1: mean_fd=0.1229, kept=410.0s, rois=200, confounds=32
WROTE [ABIDE1 fd<0.2] LEUVEN_1_sub-0050703_run-1: mean_fd=0.1901, kept=405.0s, rois=200, confounds=32
WROTE [ABIDE1 fd<0.2] LEUVEN_1_sub-0050704_run-1: mean_fd=0.0719, kept=416.6s, rois=200, confounds=32
WROTE [ABIDE1 fd<0.2] LEUVEN_1_sub-0050705_run-1: mean_fd=0.1755, kept=406.7s, rois=200, confounds=32
WROTE [ABIDE1 fd<0.2] LEUVEN_1_sub-0050706_run-1: mean_fd=0.0983, kept=416.7s, rois=200, confounds=32
WROTE [ABIDE1 fd<0.2] LEUVEN_1_sub-0050707_run-1: mean_fd=0.1511, kept=403.3s, rois=200, confounds=32
WROTE [ABIDE1 fd<0.2] LEUVEN_1_sub-0050708_run-1: mean_fd=0.0929, kept=416.1s, rois=200, confounds=32
WROTE [ABIDE1 fd<0.2] LEUVEN_1_sub-0050709_run-1: mean_fd=0.1292, kept=416.5s, rois=200, confounds=32
WROTE [ABIDE1 fd<0.2] LEUVEN_1_sub-0050710_run-1: mean_fd=0.0948, kept=416.5s, rois=200, confounds=32
WROTE [ABIDE1 fd<0.2] LEUVEN_1_sub-0050711_run-1: mean_fd=0.1155, kept=416.7s, rois=200, confounds=32
WROTE [ABIDE1 fd<0.2] LEUVEN_2_sub-0050723_run-1: mean_fd=0.1590, kept=404.6s, rois=200, confounds=32
WROTE [ABIDE1 fd<0.2] LEUVEN_2_sub-0050724_run-1: mean_fd=0.1353, kept=412.6s, rois=200, confounds=32
EXCLUDE [ABIDE1 fd<0.2] LEUVEN_2_sub-0050725_run-1: mean_fd>0.2; mean_fd=0.2181, kept=396.2s
WROTE [ABIDE1 fd<0.2] LEUVEN_2_sub-0050726_run-1: mean_fd=0.1328, kept=407.8s, rois=200, confounds=32
EXCLUDE [ABIDE1 fd<0.2] LEUVEN_2_sub-0050727_run-1: mean_fd>0.2; mean_fd=0.2057, kept=409.6s
WROTE [ABIDE1 fd<0.2] LEUVEN_2_sub-0050728_run-1: mean_fd=0.1309, kept=411.0s, rois=200, confounds=32
WROTE [ABIDE1 fd<0.2] LEUVEN_2_sub-0050730_run-1: mean_fd=0.1688, kept=406.1s, rois=200, confounds=32
WROTE [ABIDE1 fd<0.2] LEUVEN_2_sub-0050731_run-1: mean_fd=0.1413, kept=411.2s, rois=200, confounds=32
WROTE [ABIDE1 fd<0.2] LEUVEN_2_sub-0050732_run-1: mean_fd=0.1880, kept=412.8s, rois=200, confounds=32
WROTE [ABIDE1 fd<0.2] LEUVEN_2_sub-0050733_run-1: mean_fd=0.1447, kept=412.8s, rois=200, confounds=32
WROTE [ABIDE1 fd<0.2] LEUVEN_2_sub-0050734_run-1: mean_fd=0.1362, kept=412.8s, rois=200, confounds=32
WROTE [ABIDE1 fd<0.2] LEUVEN_2_sub-0050735_run-1: mean_fd=0.0904, kept=412.8s, rois=200, confounds=32
WROTE [ABIDE1 fd<0.2] LEUVEN_2_sub-0050736_run-1: mean_fd=0.1288, kept=412.9s, rois=200, confounds=32
EXCLUDE [ABIDE1 fd<0.2] LEUVEN_2_sub-0050737_run-1: mean_fd>0.2; mean_fd=0.2351, kept=401.2s
WROTE [ABIDE1 fd<0.2] LEUVEN_2_sub-0050738_run-1: mean_fd=0.1492, kept=402.9s, rois=200, confounds=32
WROTE [ABIDE1 fd<0.2] LEUVEN_2_sub-0050739_run-1: mean_fd=0.1073, kept=412.8s, rois=200, confounds=32
WROTE [ABIDE1 fd<0.2] LEUVEN_2_sub-0050740_run-1: mean_fd=0.1977, kept=412.5s, rois=200, confounds=32
WROTE [ABIDE1 fd<0.2] LEUVEN_2_sub-0050741_run-1: mean_fd=0.1263, kept=412.8s, rois=200, confounds=32
WROTE [ABIDE1 fd<0.2] LEUVEN_2_sub-0050742_run-1: mean_fd=0.1939, kept=407.9s, rois=200, confounds=32
WROTE [ABIDE1 fd<0.2] LEUVEN_2_sub-0050743_run-1: mean_fd=0.1278, kept=406.3s, rois=200, confounds=32
EXCLUDE [ABIDE1 fd<0.2] LEUVEN_2_sub-0050744_run-1: mean_fd>0.2; mean_fd=0.3930, kept=272.4s
WROTE [ABIDE1 fd<0.2] LEUVEN_2_sub-0050745_run-1: mean_fd=0.0997, kept=412.8s, rois=200, confounds=32
WROTE [ABIDE1 fd<0.2] LEUVEN_2_sub-0050746_run-1: mean_fd=0.1739, kept=404.6s, rois=200, confounds=32
EXCLUDE [ABIDE1 fd<0.2] LEUVEN_2_sub-0050747_run-1: mean_fd>0.2; mean_fd=0.2466, kept=346.7s
WROTE [ABIDE1 fd<0.2] LEUVEN_2_sub-0050748_run-1: mean_fd=0.1431, kept=409.9s, rois=200, confounds=32
WROTE [ABIDE1 fd<0.2] LEUVEN_2_sub-0050749_run-1: mean_fd=0.1563, kept=397.8s, rois=200, confounds=32
EXCLUDE [ABIDE1 fd<0.2] LEUVEN_2_sub-0050750_run-1: mean_fd>0.2; mean_fd=0.4151, kept=257.6s
EXCLUDE [ABIDE1 fd<0.2] LEUVEN_2_sub-0050751_run-1: mean_fd>0.2; mean_fd=0.3079, kept=364.9s
WROTE [ABIDE1 fd<0.2] LEUVEN_2_sub-0050752_run-1: mean_fd=0.1701, kept=412.7s, rois=200, confounds=32
WROTE [ABIDE1 fd<0.2] LEUVEN_2_sub-0050753_run-1: mean_fd=0.1230, kept=412.7s, rois=200, confounds=32
WROTE [ABIDE1 fd<0.2] LEUVEN_2_sub-0050754_run-1: mean_fd=0.0954, kept=412.8s, rois=200, confounds=32
WROTE [ABIDE1 fd<0.2] LEUVEN_2_sub-0050755_run-1: mean_fd=0.0993, kept=409.5s, rois=200, confounds=32
WROTE [ABIDE1 fd<0.2] LEUVEN_2_sub-0050756_run-1: mean_fd=0.1813, kept=403.4s, rois=200, confounds=32
WROTE [ABIDE1 fd<0.2] LEUVEN_2_sub-0050757_run-1: mean_fd=0.1915, kept=378.3s, rois=200, confounds=32
WROTE [ABIDE1 fd<0.2] KKI_sub-0050772_run-1: mean_fd=0.1068, kept=377.5s, rois=200, confounds=32
WROTE [ABIDE1 fd<0.2] KKI_sub-0050773_run-1: mean_fd=0.1024, kept=375.0s, rois=200, confounds=32
WROTE [ABIDE1 fd<0.2] KKI_sub-0050774_run-1: mean_fd=0.0685, kept=390.0s, rois=200, confounds=32
EXCLUDE [ABIDE1 fd<0.2] KKI_sub-0050775_run-1: mean_fd>0.2; mean_fd=0.2094, kept=377.5s
EXCLUDE [ABIDE1 fd<0.2] KKI_sub-0050776_run-1: mean_fd>0.2; mean_fd=0.2455, kept=367.5s
WROTE [ABIDE1 fd<0.2] KKI_sub-0050777_run-1: mean_fd=0.1147, kept=387.5s, rois=200, confounds=32
WROTE [ABIDE1 fd<0.2] KKI_sub-0050778_run-1: mean_fd=0.1981, kept=382.5s, rois=200, confounds=32
WROTE [ABIDE1 fd<0.2] KKI_sub-0050779_run-1: mean_fd=0.1746, kept=370.0s, rois=200, confounds=32
WROTE [ABIDE1 fd<0.2] KKI_sub-0050780_run-1: mean_fd=0.1499, kept=382.5s, rois=200, confounds=32
WROTE [ABIDE1 fd<0.2] KKI_sub-0050781_run-1: mean_fd=0.1796, kept=340.0s, rois=200, confounds=32
EXCLUDE [ABIDE1 fd<0.2] KKI_sub-0050782_run-1: mean_fd>0.2; mean_fd=0.2105, kept=342.5s
WROTE [ABIDE1 fd<0.2] KKI_sub-0050783_run-1: mean_fd=0.0868, kept=390.0s, rois=200, confounds=32
EXCLUDE [ABIDE1 fd<0.2] KKI_sub-0050784_run-1: mean_fd>0.2; mean_fd=0.3370, kept=307.5s
EXCLUDE [ABIDE1 fd<0.2] KKI_sub-0050785_run-1: mean_fd>0.2; mean_fd=0.3203, kept=267.5s
EXCLUDE [ABIDE1 fd<0.2] KKI_sub-0050786_run-1: mean_fd>0.2; mean_fd=0.2786, kept=347.5s
WROTE [ABIDE1 fd<0.2] KKI_sub-0050787_run-1: mean_fd=0.1760, kept=350.0s, rois=200, confounds=32
WROTE [ABIDE1 fd<0.2] KKI_sub-0050788_run-1: mean_fd=0.1826, kept=362.5s, rois=200, confounds=32
EXCLUDE [ABIDE1 fd<0.2] KKI_sub-0050789_run-1: mean_fd>0.2; mean_fd=0.3211, kept=317.5s
WROTE [ABIDE1 fd<0.2] KKI_sub-0050790_run-1: mean_fd=0.1499, kept=385.0s, rois=200, confounds=32
WROTE [ABIDE1 fd<0.2] KKI_sub-0050791_run-1: mean_fd=0.0837, kept=317.5s, rois=200, confounds=32
EXCLUDE [ABIDE1 fd<0.2] KKI_sub-0050792_run-1: mean_fd>0.2; mean_fd=0.2602, kept=277.5s
EXCLUDE [ABIDE1 fd<0.2] KKI_sub-0050793_run-1: mean_fd>0.2; mean_fd=0.6101, kept=227.5s
EXCLUDE [ABIDE1 fd<0.2] KKI_sub-0050794_run-1: mean_fd>0.2; mean_fd=0.4100, kept=202.5s
WROTE [ABIDE1 fd<0.2] KKI_sub-0050795_run-1: mean_fd=0.1953, kept=370.0s, rois=200, confounds=32
EXCLUDE [ABIDE1 fd<0.2] KKI_sub-0050796_run-1: mean_fd>0.2; mean_fd=0.5631, kept=210.0s
EXCLUDE [ABIDE1 fd<0.2] KKI_sub-0050797_run-1: mean_fd>0.2; mean_fd=0.3367, kept=260.0s
WROTE [ABIDE1 fd<0.2] KKI_sub-0050798_run-1: mean_fd=0.1821, kept=357.5s, rois=200, confounds=32
WROTE [ABIDE1 fd<0.2] KKI_sub-0050799_run-1: mean_fd=0.1119, kept=390.0s, rois=200, confounds=32
EXCLUDE [ABIDE1 fd<0.2] KKI_sub-0050800_run-1: mean_fd>0.2; mean_fd=0.3346, kept=327.5s
EXCLUDE [ABIDE1 fd<0.2] KKI_sub-0050801_run-1: mean_fd>0.2; mean_fd=0.3555, kept=295.0s
WROTE [ABIDE1 fd<0.2] KKI_sub-0050802_run-1: mean_fd=0.1071, kept=390.0s, rois=200, confounds=32
WROTE [ABIDE1 fd<0.2] KKI_sub-0050803_run-1: mean_fd=0.1631, kept=382.5s, rois=200, confounds=32
EXCLUDE [ABIDE1 fd<0.2] KKI_sub-0050804_run-1: mean_fd>0.2; mean_fd=0.2510, kept=342.5s
EXCLUDE [ABIDE1 fd<0.2] KKI_sub-0050805_run-1: mean_fd>0.2; mean_fd=0.6904, kept=297.5s
EXCLUDE [ABIDE1 fd<0.2] KKI_sub-0050806_run-1: mean_fd>0.2; mean_fd=1.7293, kept=122.5s
EXCLUDE [ABIDE1 fd<0.2] KKI_sub-0050807_run-1: mean_fd>0.2; mean_fd=0.7084, kept=220.0s
EXCLUDE [ABIDE1 fd<0.2] KKI_sub-0050808_run-1: mean_fd>0.2; mean_fd=0.6902, kept=297.5s
WROTE [ABIDE1 fd<0.2] KKI_sub-0050809_run-1: mean_fd=0.1439, kept=367.5s, rois=200, confounds=32
WROTE [ABIDE1 fd<0.2] KKI_sub-0050810_run-1: mean_fd=0.0891, kept=387.5s, rois=200, confounds=32
WROTE [ABIDE1 fd<0.2] KKI_sub-0050811_run-1: mean_fd=0.1076, kept=390.0s, rois=200, confounds=32
WROTE [ABIDE1 fd<0.2] KKI_sub-0050812_run-1: mean_fd=0.1619, kept=362.5s, rois=200, confounds=32
WROTE [ABIDE1 fd<0.2] KKI_sub-0050813_run-1: mean_fd=0.1292, kept=387.5s, rois=200, confounds=32
WROTE [ABIDE1 fd<0.2] KKI_sub-0050814_run-1: mean_fd=0.1118, kept=385.0s, rois=200, confounds=32
EXCLUDE [ABIDE1 fd<0.2] KKI_sub-0050815_run-1: mean_fd>0.2; mean_fd=0.4364, kept=282.5s
WROTE [ABIDE1 fd<0.2] KKI_sub-0050816_run-1: mean_fd=0.1513, kept=315.0s, rois=200, confounds=32
WROTE [ABIDE1 fd<0.2] KKI_sub-0050817_run-1: mean_fd=0.1337, kept=315.0s, rois=200, confounds=32
WROTE [ABIDE1 fd<0.2] KKI_sub-0050818_run-1: mean_fd=0.1008, kept=390.0s, rois=200, confounds=32
WROTE [ABIDE1 fd<0.2] KKI_sub-0050819_run-1: mean_fd=0.1066, kept=390.0s, rois=200, confounds=32
WROTE [ABIDE1 fd<0.2] KKI_sub-0050820_run-1: mean_fd=0.1263, kept=390.0s, rois=200, confounds=32
EXCLUDE [ABIDE1 fd<0.2] KKI_sub-0050821_run-1: mean_fd>0.2; mean_fd=0.3009, kept=315.0s
WROTE [ABIDE1 fd<0.2] KKI_sub-0050822_run-1: mean_fd=0.1741, kept=365.0s, rois=200, confounds=32
WROTE [ABIDE1 fd<0.2] KKI_sub-0050823_run-1: mean_fd=0.1704, kept=380.0s, rois=200, confounds=32
WROTE [ABIDE1 fd<0.2] KKI_sub-0050824_run-1: mean_fd=0.1271, kept=390.0s, rois=200, confounds=32
WROTE [ABIDE1 fd<0.2] KKI_sub-0050825_run-1: mean_fd=0.1512, kept=365.0s, rois=200, confounds=32
EXCLUDE [ABIDE1 fd<0.2] KKI_sub-0050826_run-1: mean_fd>0.2; mean_fd=1.0396, kept=157.5s
EXCLUDE [ABIDE1 fd<0.2] NYU_sub-0050952_run-1: mean_fd>0.2; mean_fd=0.5153, kept=290.0s
WROTE [ABIDE1 fd<0.2] NYU_sub-0050953_run-1: mean_fd=0.1032, kept=356.0s, rois=200, confounds=32
WROTE [ABIDE1 fd<0.2] NYU_sub-0050954_run-1: mean_fd=0.0651, kept=356.0s, rois=200, confounds=32
WROTE [ABIDE1 fd<0.2] NYU_sub-0050955_run-1: mean_fd=0.1315, kept=354.0s, rois=200, confounds=32
WROTE [ABIDE1 fd<0.2] NYU_sub-0050956_run-1: mean_fd=0.0811, kept=356.0s, rois=200, confounds=32
WROTE [ABIDE1 fd<0.2] NYU_sub-0050957_run-1: mean_fd=0.1821, kept=334.0s, rois=200, confounds=32
WROTE [ABIDE1 fd<0.2] NYU_sub-0050958_run-1: mean_fd=0.1622, kept=346.0s, rois=200, confounds=32
WROTE [ABIDE1 fd<0.2] NYU_sub-0050959_run-1: mean_fd=0.0644, kept=356.0s, rois=200, confounds=32
WROTE [ABIDE1 fd<0.2] NYU_sub-0050960_run-1: mean_fd=0.1541, kept=344.0s, rois=200, confounds=32
WROTE [ABIDE1 fd<0.2] NYU_sub-0050961_run-1: mean_fd=0.1113, kept=356.0s, rois=200, confounds=32
WROTE [ABIDE1 fd<0.2] NYU_sub-0050962_run-1: mean_fd=0.1091, kept=350.0s, rois=200, confounds=32
WROTE [ABIDE1 fd<0.2] NYU_sub-0050964_run-1: mean_fd=0.1393, kept=354.0s, rois=200, confounds=32
WROTE [ABIDE1 fd<0.2] NYU_sub-0050965_run-1: mean_fd=0.1672, kept=340.0s, rois=200, confounds=32
WROTE [ABIDE1 fd<0.2] NYU_sub-0050966_run-1: mean_fd=0.0682, kept=356.0s, rois=200, confounds=32
WROTE [ABIDE1 fd<0.2] NYU_sub-0050967_run-1: mean_fd=0.1436, kept=340.0s, rois=200, confounds=32
WROTE [ABIDE1 fd<0.2] NYU_sub-0050968_run-1: mean_fd=0.1047, kept=356.0s, rois=200, confounds=32
EXCLUDE [ABIDE1 fd<0.2] NYU_sub-0050969_run-1: mean_fd>0.2; mean_fd=0.2200, kept=326.0s
WROTE [ABIDE1 fd<0.2] NYU_sub-0050970_run-1: mean_fd=0.0959, kept=356.0s, rois=200, confounds=32
WROTE [ABIDE1 fd<0.2] NYU_sub-0050971_run-1: mean_fd=0.1325, kept=356.0s, rois=200, confounds=32
WROTE [ABIDE1 fd<0.2] NYU_sub-0050972_run-1: mean_fd=0.1685, kept=340.0s, rois=200, confounds=32
WROTE [ABIDE1 fd<0.2] NYU_sub-0050973_run-1: mean_fd=0.1428, kept=356.0s, rois=200, confounds=32
WROTE [ABIDE1 fd<0.2] NYU_sub-0050974_run-1: mean_fd=0.0722, kept=356.0s, rois=200, confounds=32
EXCLUDE [ABIDE1 fd<0.2] NYU_sub-0050975_run-1: mean_fd>0.2; mean_fd=0.2136, kept=330.0s
WROTE [ABIDE1 fd<0.2] NYU_sub-0050976_run-1: mean_fd=0.1111, kept=356.0s, rois=200, confounds=32
WROTE [ABIDE1 fd<0.2] NYU_sub-0050977_run-1: mean_fd=0.1243, kept=350.0s, rois=200, confounds=32
WROTE [ABIDE1 fd<0.2] NYU_sub-0050978_run-1: mean_fd=0.0495, kept=356.0s, rois=200, confounds=32
EXCLUDE [ABIDE1 fd<0.2] NYU_sub-0050979_run-1: mean_fd>0.2; mean_fd=0.2377, kept=322.0s
EXCLUDE [ABIDE1 fd<0.2] NYU_sub-0050980_run-1: mean_fd>0.2; mean_fd=0.2051, kept=314.0s
WROTE [ABIDE1 fd<0.2] NYU_sub-0050981_run-1: mean_fd=0.1140, kept=356.0s, rois=200, confounds=32
WROTE [ABIDE1 fd<0.2] NYU_sub-0050982_run-1: mean_fd=0.0625, kept=356.0s, rois=200, confounds=32
WROTE [ABIDE1 fd<0.2] NYU_sub-0050983_run-1: mean_fd=0.1574, kept=344.0s, rois=200, confounds=32
EXCLUDE [ABIDE1 fd<0.2] NYU_sub-0050984_run-1: mean_fd>0.2; mean_fd=0.2113, kept=328.0s
WROTE [ABIDE1 fd<0.2] NYU_sub-0050985_run-1: mean_fd=0.1078, kept=354.0s, rois=200, confounds=32
WROTE [ABIDE1 fd<0.2] NYU_sub-0050986_run-1: mean_fd=0.1079, kept=356.0s, rois=200, confounds=32
WROTE [ABIDE1 fd<0.2] NYU_sub-0050987_run-1: mean_fd=0.1361, kept=352.0s, rois=200, confounds=32
WROTE [ABIDE1 fd<0.2] NYU_sub-0050988_run-1: mean_fd=0.0751, kept=356.0s, rois=200, confounds=32
WROTE [ABIDE1 fd<0.2] NYU_sub-0050989_run-1: mean_fd=0.1056, kept=346.0s, rois=200, confounds=32
WROTE [ABIDE1 fd<0.2] NYU_sub-0050990_run-1: mean_fd=0.1509, kept=352.0s, rois=200, confounds=32
WROTE [ABIDE1 fd<0.2] NYU_sub-0050991_run-1: mean_fd=0.0991, kept=356.0s, rois=200, confounds=32
WROTE [ABIDE1 fd<0.2] NYU_sub-0050992_run-1: mean_fd=0.1309, kept=348.0s, rois=200, confounds=32
WROTE [ABIDE1 fd<0.2] NYU_sub-0050993_run-1: mean_fd=0.1480, kept=348.0s, rois=200, confounds=32
WROTE [ABIDE1 fd<0.2] NYU_sub-0050994_run-1: mean_fd=0.0491, kept=356.0s, rois=200, confounds=32
WROTE [ABIDE1 fd<0.2] NYU_sub-0050995_run-1: mean_fd=0.1620, kept=356.0s, rois=200, confounds=32
WROTE [ABIDE1 fd<0.2] NYU_sub-0050996_run-1: mean_fd=0.1008, kept=350.0s, rois=200, confounds=32
EXCLUDE [ABIDE1 fd<0.2] NYU_sub-0050997_run-1: mean_fd>0.2; mean_fd=0.2478, kept=330.0s
WROTE [ABIDE1 fd<0.2] NYU_sub-0050998_run-1: mean_fd=0.1866, kept=320.0s, rois=200, confounds=32
WROTE [ABIDE1 fd<0.2] NYU_sub-0050999_run-1: mean_fd=0.1367, kept=348.0s, rois=200, confounds=32
WROTE [ABIDE1 fd<0.2] NYU_sub-0051000_run-1: mean_fd=0.1520, kept=328.0s, rois=200, confounds=32
WROTE [ABIDE1 fd<0.2] NYU_sub-0051001_run-1: mean_fd=0.1676, kept=338.0s, rois=200, confounds=32
WROTE [ABIDE1 fd<0.2] NYU_sub-0051002_run-1: mean_fd=0.1739, kept=340.0s, rois=200, confounds=32
WROTE [ABIDE1 fd<0.2] NYU_sub-0051003_run-1: mean_fd=0.1194, kept=352.0s, rois=200, confounds=32
WROTE [ABIDE1 fd<0.2] NYU_sub-0051006_run-1: mean_fd=0.0642, kept=356.0s, rois=200, confounds=32
WROTE [ABIDE1 fd<0.2] NYU_sub-0051007_run-1: mean_fd=0.1162, kept=352.0s, rois=200, confounds=32
WROTE [ABIDE1 fd<0.2] NYU_sub-0051008_run-1: mean_fd=0.1702, kept=340.0s, rois=200, confounds=32
WROTE [ABIDE1 fd<0.2] NYU_sub-0051009_run-1: mean_fd=0.1491, kept=342.0s, rois=200, confounds=32
WROTE [ABIDE1 fd<0.2] NYU_sub-0051010_run-1: mean_fd=0.1239, kept=356.0s, rois=200, confounds=32
EXCLUDE [ABIDE1 fd<0.2] NYU_sub-0051011_run-1: mean_fd>0.2; mean_fd=0.2441, kept=304.0s
EXCLUDE [ABIDE1 fd<0.2] NYU_sub-0051012_run-1: mean_fd>0.2; mean_fd=0.2417, kept=300.0s
EXCLUDE [ABIDE1 fd<0.2] NYU_sub-0051013_run-1: mean_fd>0.2; mean_fd=0.2806, kept=272.0s
WROTE [ABIDE1 fd<0.2] NYU_sub-0051014_run-1: mean_fd=0.0564, kept=356.0s, rois=200, confounds=32
WROTE [ABIDE1 fd<0.2] NYU_sub-0051015_run-1: mean_fd=0.0563, kept=356.0s, rois=200, confounds=32
WROTE [ABIDE1 fd<0.2] NYU_sub-0051016_run-1: mean_fd=0.0654, kept=356.0s, rois=200, confounds=32
WROTE [ABIDE1 fd<0.2] NYU_sub-0051017_run-1: mean_fd=0.1096, kept=356.0s, rois=200, confounds=32
WROTE [ABIDE1 fd<0.2] NYU_sub-0051018_run-1: mean_fd=0.0797, kept=356.0s, rois=200, confounds=32
WROTE [ABIDE1 fd<0.2] NYU_sub-0051019_run-1: mean_fd=0.0693, kept=354.0s, rois=200, confounds=32
WROTE [ABIDE1 fd<0.2] NYU_sub-0051020_run-1: mean_fd=0.1604, kept=340.0s, rois=200, confounds=32
WROTE [ABIDE1 fd<0.2] NYU_sub-0051021_run-1: mean_fd=0.1424, kept=352.0s, rois=200, confounds=32
WROTE [ABIDE1 fd<0.2] NYU_sub-0051023_run-1: mean_fd=0.0746, kept=356.0s, rois=200, confounds=32
WROTE [ABIDE1 fd<0.2] NYU_sub-0051024_run-1: mean_fd=0.0707, kept=356.0s, rois=200, confounds=32
WROTE [ABIDE1 fd<0.2] NYU_sub-0051025_run-1: mean_fd=0.0879, kept=354.0s, rois=200, confounds=32
WROTE [ABIDE1 fd<0.2] NYU_sub-0051026_run-1: mean_fd=0.0580, kept=356.0s, rois=200, confounds=32
WROTE [ABIDE1 fd<0.2] NYU_sub-0051027_run-1: mean_fd=0.0828, kept=356.0s, rois=200, confounds=32
WROTE [ABIDE1 fd<0.2] NYU_sub-0051028_run-1: mean_fd=0.0394, kept=356.0s, rois=200, confounds=32
WROTE [ABIDE1 fd<0.2] NYU_sub-0051029_run-1: mean_fd=0.1262, kept=354.0s, rois=200, confounds=32
EXCLUDE [ABIDE1 fd<0.2] NYU_sub-0051030_run-1: mean_fd>0.2; mean_fd=0.3626, kept=206.0s
WROTE [ABIDE1 fd<0.2] NYU_sub-0051032_run-1: mean_fd=0.1600, kept=334.0s, rois=200, confounds=32
EXCLUDE [ABIDE1 fd<0.2] NYU_sub-0051033_run-1: mean_fd>0.2; mean_fd=0.2725, kept=312.0s
EXCLUDE [ABIDE1 fd<0.2] NYU_sub-0051034_run-1: mean_fd>0.2; mean_fd=0.2971, kept=300.0s
EXCLUDE [ABIDE1 fd<0.2] NYU_sub-0051035_run-1: mean_fd>0.2; mean_fd=0.2880, kept=312.0s
WROTE [ABIDE1 fd<0.2] NYU_sub-0051036_run-1: mean_fd=0.0996, kept=352.0s, rois=200, confounds=32
WROTE [ABIDE1 fd<0.2] NYU_sub-0051038_run-1: mean_fd=0.0643, kept=354.0s, rois=200, confounds=32
WROTE [ABIDE1 fd<0.2] NYU_sub-0051039_run-1: mean_fd=0.0853, kept=356.0s, rois=200, confounds=32
WROTE [ABIDE1 fd<0.2] NYU_sub-0051040_run-1: mean_fd=0.0652, kept=354.0s, rois=200, confounds=32
WROTE [ABIDE1 fd<0.2] NYU_sub-0051041_run-1: mean_fd=0.1236, kept=354.0s, rois=200, confounds=32
WROTE [ABIDE1 fd<0.2] NYU_sub-0051042_run-1: mean_fd=0.1045, kept=356.0s, rois=200, confounds=32
WROTE [ABIDE1 fd<0.2] NYU_sub-0051044_run-1: mean_fd=0.0718, kept=354.0s, rois=200, confounds=32
WROTE [ABIDE1 fd<0.2] NYU_sub-0051045_run-1: mean_fd=0.1694, kept=354.0s, rois=200, confounds=32
WROTE [ABIDE1 fd<0.2] NYU_sub-0051046_run-1: mean_fd=0.0706, kept=356.0s, rois=200, confounds=32
WROTE [ABIDE1 fd<0.2] NYU_sub-0051047_run-1: mean_fd=0.0697, kept=356.0s, rois=200, confounds=32
WROTE [ABIDE1 fd<0.2] NYU_sub-0051048_run-1: mean_fd=0.0836, kept=356.0s, rois=200, confounds=32
WROTE [ABIDE1 fd<0.2] NYU_sub-0051049_run-1: mean_fd=0.0634, kept=356.0s, rois=200, confounds=32
WROTE [ABIDE1 fd<0.2] NYU_sub-0051050_run-1: mean_fd=0.0689, kept=354.0s, rois=200, confounds=32
WROTE [ABIDE1 fd<0.2] NYU_sub-0051051_run-1: mean_fd=0.0906, kept=356.0s, rois=200, confounds=32
WROTE [ABIDE1 fd<0.2] NYU_sub-0051052_run-1: mean_fd=0.0771, kept=356.0s, rois=200, confounds=32
WROTE [ABIDE1 fd<0.2] NYU_sub-0051053_run-1: mean_fd=0.0867, kept=356.0s, rois=200, confounds=32
WROTE [ABIDE1 fd<0.2] NYU_sub-0051054_run-1: mean_fd=0.1461, kept=356.0s, rois=200, confounds=32
WROTE [ABIDE1 fd<0.2] NYU_sub-0051055_run-1: mean_fd=0.0973, kept=354.0s, rois=200, confounds=32
WROTE [ABIDE1 fd<0.2] NYU_sub-0051056_run-1: mean_fd=0.0439, kept=356.0s, rois=200, confounds=32
WROTE [ABIDE1 fd<0.2] NYU_sub-0051057_run-1: mean_fd=0.0546, kept=356.0s, rois=200, confounds=32
WROTE [ABIDE1 fd<0.2] NYU_sub-0051058_run-1: mean_fd=0.1044, kept=354.0s, rois=200, confounds=32
WROTE [ABIDE1 fd<0.2] NYU_sub-0051059_run-1: mean_fd=0.0770, kept=356.0s, rois=200, confounds=32
WROTE [ABIDE1 fd<0.2] NYU_sub-0051060_run-1: mean_fd=0.1469, kept=354.0s, rois=200, confounds=32
WROTE [ABIDE1 fd<0.2] NYU_sub-0051061_run-1: mean_fd=0.0513, kept=356.0s, rois=200, confounds=32
WROTE [ABIDE1 fd<0.2] NYU_sub-0051062_run-1: mean_fd=0.1026, kept=352.0s, rois=200, confounds=32
WROTE [ABIDE1 fd<0.2] NYU_sub-0051063_run-1: mean_fd=0.1029, kept=356.0s, rois=200, confounds=32
WROTE [ABIDE1 fd<0.2] NYU_sub-0051064_run-1: mean_fd=0.0941, kept=356.0s, rois=200, confounds=32
WROTE [ABIDE1 fd<0.2] NYU_sub-0051065_run-1: mean_fd=0.1271, kept=356.0s, rois=200, confounds=32
WROTE [ABIDE1 fd<0.2] NYU_sub-0051066_run-1: mean_fd=0.1175, kept=350.0s, rois=200, confounds=32
WROTE [ABIDE1 fd<0.2] NYU_sub-0051067_run-1: mean_fd=0.1033, kept=352.0s, rois=200, confounds=32
WROTE [ABIDE1 fd<0.2] NYU_sub-0051068_run-1: mean_fd=0.1033, kept=348.0s, rois=200, confounds=32
WROTE [ABIDE1 fd<0.2] NYU_sub-0051069_run-1: mean_fd=0.0686, kept=356.0s, rois=200, confounds=32
WROTE [ABIDE1 fd<0.2] NYU_sub-0051070_run-1: mean_fd=0.1345, kept=350.0s, rois=200, confounds=32
WROTE [ABIDE1 fd<0.2] NYU_sub-0051071_run-1: mean_fd=0.0957, kept=354.0s, rois=200, confounds=32
WROTE [ABIDE1 fd<0.2] NYU_sub-0051072_run-1: mean_fd=0.1087, kept=354.0s, rois=200, confounds=32
WROTE [ABIDE1 fd<0.2] NYU_sub-0051073_run-1: mean_fd=0.1309, kept=356.0s, rois=200, confounds=32
WROTE [ABIDE1 fd<0.2] NYU_sub-0051074_run-1: mean_fd=0.0718, kept=356.0s, rois=200, confounds=32
WROTE [ABIDE1 fd<0.2] NYU_sub-0051075_run-1: mean_fd=0.1377, kept=354.0s, rois=200, confounds=32
WROTE [ABIDE1 fd<0.2] NYU_sub-0051076_run-1: mean_fd=0.0573, kept=356.0s, rois=200, confounds=32
EXCLUDE [ABIDE1 fd<0.2] NYU_sub-0051077_run-1: mean_fd>0.2; mean_fd=0.3089, kept=286.0s
WROTE [ABIDE1 fd<0.2] NYU_sub-0051078_run-1: mean_fd=0.1069, kept=350.0s, rois=200, confounds=32
WROTE [ABIDE1 fd<0.2] NYU_sub-0051079_run-1: mean_fd=0.1094, kept=348.0s, rois=200, confounds=32
WROTE [ABIDE1 fd<0.2] NYU_sub-0051080_run-1: mean_fd=0.0801, kept=352.0s, rois=200, confounds=32
WROTE [ABIDE1 fd<0.2] NYU_sub-0051081_run-1: mean_fd=0.0640, kept=356.0s, rois=200, confounds=32
WROTE [ABIDE1 fd<0.2] NYU_sub-0051082_run-1: mean_fd=0.1574, kept=342.0s, rois=200, confounds=32
WROTE [ABIDE1 fd<0.2] NYU_sub-0051083_run-1: mean_fd=0.1186, kept=346.0s, rois=200, confounds=32
WROTE [ABIDE1 fd<0.2] NYU_sub-0051084_run-1: mean_fd=0.1464, kept=342.0s, rois=200, confounds=32
WROTE [ABIDE1 fd<0.2] NYU_sub-0051085_run-1: mean_fd=0.0850, kept=356.0s, rois=200, confounds=32
WROTE [ABIDE1 fd<0.2] NYU_sub-0051086_run-1: mean_fd=0.0816, kept=352.0s, rois=200, confounds=32
EXCLUDE [ABIDE1 fd<0.2] NYU_sub-0051087_run-1: mean_fd>0.2; mean_fd=0.2300, kept=330.0s
WROTE [ABIDE1 fd<0.2] NYU_sub-0051088_run-1: mean_fd=0.1147, kept=354.0s, rois=200, confounds=32
WROTE [ABIDE1 fd<0.2] NYU_sub-0051089_run-1: mean_fd=0.1603, kept=348.0s, rois=200, confounds=32
WROTE [ABIDE1 fd<0.2] NYU_sub-0051090_run-1: mean_fd=0.0719, kept=356.0s, rois=200, confounds=32
WROTE [ABIDE1 fd<0.2] NYU_sub-0051091_run-1: mean_fd=0.1280, kept=354.0s, rois=200, confounds=32
WROTE [ABIDE1 fd<0.2] NYU_sub-0051093_run-1: mean_fd=0.1202, kept=350.0s, rois=200, confounds=32
WROTE [ABIDE1 fd<0.2] NYU_sub-0051094_run-1: mean_fd=0.1500, kept=350.0s, rois=200, confounds=32
EXCLUDE [ABIDE1 fd<0.2] NYU_sub-0051095_run-1: mean_fd>0.2; mean_fd=0.2054, kept=322.0s
WROTE [ABIDE1 fd<0.2] NYU_sub-0051096_run-1: mean_fd=0.0546, kept=356.0s, rois=200, confounds=32
WROTE [ABIDE1 fd<0.2] NYU_sub-0051097_run-1: mean_fd=0.0999, kept=352.0s, rois=200, confounds=32
WROTE [ABIDE1 fd<0.2] NYU_sub-0051098_run-1: mean_fd=0.1239, kept=356.0s, rois=200, confounds=32
WROTE [ABIDE1 fd<0.2] NYU_sub-0051099_run-1: mean_fd=0.1175, kept=356.0s, rois=200, confounds=32
WROTE [ABIDE1 fd<0.2] NYU_sub-0051100_run-1: mean_fd=0.1058, kept=352.0s, rois=200, confounds=32
WROTE [ABIDE1 fd<0.2] NYU_sub-0051101_run-1: mean_fd=0.1696, kept=350.0s, rois=200, confounds=32
WROTE [ABIDE1 fd<0.2] NYU_sub-0051102_run-1: mean_fd=0.1853, kept=330.0s, rois=200, confounds=32
WROTE [ABIDE1 fd<0.2] NYU_sub-0051103_run-1: mean_fd=0.1328, kept=348.0s, rois=200, confounds=32
WROTE [ABIDE1 fd<0.2] NYU_sub-0051104_run-1: mean_fd=0.0749, kept=354.0s, rois=200, confounds=32
WROTE [ABIDE1 fd<0.2] NYU_sub-0051105_run-1: mean_fd=0.0546, kept=356.0s, rois=200, confounds=32
WROTE [ABIDE1 fd<0.2] NYU_sub-0051106_run-1: mean_fd=0.0775, kept=354.0s, rois=200, confounds=32
WROTE [ABIDE1 fd<0.2] NYU_sub-0051107_run-1: mean_fd=0.0838, kept=356.0s, rois=200, confounds=32
WROTE [ABIDE1 fd<0.2] NYU_sub-0051108_run-1: mean_fd=0.0674, kept=356.0s, rois=200, confounds=32
WROTE [ABIDE1 fd<0.2] NYU_sub-0051109_run-1: mean_fd=0.1395, kept=350.0s, rois=200, confounds=32
WROTE [ABIDE1 fd<0.2] NYU_sub-0051110_run-1: mean_fd=0.0951, kept=354.0s, rois=200, confounds=32
WROTE [ABIDE1 fd<0.2] NYU_sub-0051111_run-1: mean_fd=0.0824, kept=354.0s, rois=200, confounds=32
WROTE [ABIDE1 fd<0.2] NYU_sub-0051112_run-1: mean_fd=0.0935, kept=352.0s, rois=200, confounds=32
WROTE [ABIDE1 fd<0.2] NYU_sub-0051113_run-1: mean_fd=0.0752, kept=356.0s, rois=200, confounds=32
WROTE [ABIDE1 fd<0.2] NYU_sub-0051114_run-1: mean_fd=0.0667, kept=356.0s, rois=200, confounds=32
WROTE [ABIDE1 fd<0.2] NYU_sub-0051115_run-1: mean_fd=0.1037, kept=352.0s, rois=200, confounds=32
WROTE [ABIDE1 fd<0.2] NYU_sub-0051116_run-1: mean_fd=0.0949, kept=356.0s, rois=200, confounds=32
WROTE [ABIDE1 fd<0.2] NYU_sub-0051117_run-1: mean_fd=0.0737, kept=356.0s, rois=200, confounds=32
WROTE [ABIDE1 fd<0.2] NYU_sub-0051118_run-1: mean_fd=0.1765, kept=356.0s, rois=200, confounds=32
WROTE [ABIDE1 fd<0.2] NYU_sub-0051119_run-1: mean_fd=0.0733, kept=354.0s, rois=200, confounds=32
WROTE [ABIDE1 fd<0.2] NYU_sub-0051120_run-1: mean_fd=0.0923, kept=356.0s, rois=200, confounds=32
WROTE [ABIDE1 fd<0.2] NYU_sub-0051121_run-1: mean_fd=0.0798, kept=356.0s, rois=200, confounds=32
WROTE [ABIDE1 fd<0.2] NYU_sub-0051122_run-1: mean_fd=0.1373, kept=352.0s, rois=200, confounds=32
WROTE [ABIDE1 fd<0.2] NYU_sub-0051123_run-1: mean_fd=0.1834, kept=332.0s, rois=200, confounds=32
WROTE [ABIDE1 fd<0.2] NYU_sub-0051124_run-1: mean_fd=0.0616, kept=356.0s, rois=200, confounds=32
WROTE [ABIDE1 fd<0.2] NYU_sub-0051125_run-1: mean_fd=0.0643, kept=354.0s, rois=200, confounds=32
WROTE [ABIDE1 fd<0.2] NYU_sub-0051126_run-1: mean_fd=0.0677, kept=356.0s, rois=200, confounds=32
EXCLUDE [ABIDE1 fd<0.2] NYU_sub-0051127_run-1: mean_fd>0.2; mean_fd=0.3479, kept=270.0s
WROTE [ABIDE1 fd<0.2] NYU_sub-0051128_run-1: mean_fd=0.0602, kept=356.0s, rois=200, confounds=32
WROTE [ABIDE1 fd<0.2] NYU_sub-0051129_run-1: mean_fd=0.1319, kept=354.0s, rois=200, confounds=32
WROTE [ABIDE1 fd<0.2] NYU_sub-0051130_run-1: mean_fd=0.1358, kept=354.0s, rois=200, confounds=32
WROTE [ABIDE1 fd<0.2] NYU_sub-0051131_run-1: mean_fd=0.0686, kept=356.0s, rois=200, confounds=32
WROTE [ABIDE1 fd<0.2] TRINITY_sub-0051132_run-1: mean_fd=0.1056, kept=300.0s, rois=200, confounds=32
WROTE [ABIDE1 fd<0.2] TRINITY_sub-0051133_run-1: mean_fd=0.1216, kept=296.0s, rois=200, confounds=32
WROTE [ABIDE1 fd<0.2] TRINITY_sub-0051134_run-1: mean_fd=0.1605, kept=296.0s, rois=200, confounds=32
WROTE [ABIDE1 fd<0.2] TRINITY_sub-0051135_run-1: mean_fd=0.0976, kept=300.0s, rois=200, confounds=32
EXCLUDE [ABIDE1 fd<0.2] TRINITY_sub-0051136_run-1: mean_fd>0.2; mean_fd=0.8398, kept=60.0s
WROTE [ABIDE1 fd<0.2] TRINITY_sub-0051137_run-1: mean_fd=0.1541, kept=298.0s, rois=200, confounds=32
WROTE [ABIDE1 fd<0.2] TRINITY_sub-0051138_run-1: mean_fd=0.1151, kept=300.0s, rois=200, confounds=32
WROTE [ABIDE1 fd<0.2] TRINITY_sub-0051139_run-1: mean_fd=0.1076, kept=300.0s, rois=200, confounds=32
WROTE [ABIDE1 fd<0.2] TRINITY_sub-0051140_run-1: mean_fd=0.0875, kept=300.0s, rois=200, confounds=32
WROTE [ABIDE1 fd<0.2] TRINITY_sub-0051141_run-1: mean_fd=0.1774, kept=278.0s, rois=200, confounds=32
WROTE [ABIDE1 fd<0.2] TRINITY_sub-0051142_run-1: mean_fd=0.1334, kept=300.0s, rois=200, confounds=32
WROTE [ABIDE1 fd<0.2] NYU_sub-0051146_run-1: mean_fd=0.0999, kept=356.0s, rois=200, confounds=32
WROTE [ABIDE1 fd<0.2] NYU_sub-0051147_run-1: mean_fd=0.0688, kept=356.0s, rois=200, confounds=32
WROTE [ABIDE1 fd<0.2] NYU_sub-0051148_run-1: mean_fd=0.0935, kept=354.0s, rois=200, confounds=32
WROTE [ABIDE1 fd<0.2] NYU_sub-0051149_run-1: mean_fd=0.1610, kept=354.0s, rois=200, confounds=32
EXCLUDE [ABIDE1 fd<0.2] NYU_sub-0051150_run-1: mean_fd>0.2; mean_fd=0.2481, kept=328.0s
WROTE [ABIDE1 fd<0.2] NYU_sub-0051151_run-1: mean_fd=0.0794, kept=352.0s, rois=200, confounds=32
WROTE [ABIDE1 fd<0.2] NYU_sub-0051152_run-1: mean_fd=0.0963, kept=356.0s, rois=200, confounds=32
WROTE [ABIDE1 fd<0.2] NYU_sub-0051153_run-1: mean_fd=0.0963, kept=354.0s, rois=200, confounds=32
WROTE [ABIDE1 fd<0.2] NYU_sub-0051154_run-1: mean_fd=0.0989, kept=356.0s, rois=200, confounds=32
WROTE [ABIDE1 fd<0.2] NYU_sub-0051155_run-1: mean_fd=0.0819, kept=354.0s, rois=200, confounds=32
WROTE [ABIDE1 fd<0.2] NYU_sub-0051156_run-1: mean_fd=0.1704, kept=304.0s, rois=200, confounds=32
EXCLUDE [ABIDE1 fd<0.2] NYU_sub-0051159_run-1: mean_fd>0.2; mean_fd=0.3646, kept=302.0s
EXCLUDE [ABIDE1 fd<0.2] STANFORD_sub-0051161_run-1: mean_fd>0.2; mean_fd=0.5147, kept=226.0s
WROTE [ABIDE1 fd<0.2] STANFORD_sub-0051162_run-1: mean_fd=0.0650, kept=360.0s, rois=200, confounds=32
WROTE [ABIDE1 fd<0.2] STANFORD_sub-0051163_run-1: mean_fd=0.1280, kept=338.0s, rois=200, confounds=32
WROTE [ABIDE1 fd<0.2] STANFORD_sub-0051164_run-1: mean_fd=0.1142, kept=342.0s, rois=200, confounds=32
WROTE [ABIDE1 fd<0.2] STANFORD_sub-0051165_run-1: mean_fd=0.1764, kept=336.0s, rois=200, confounds=32
EXCLUDE [ABIDE1 fd<0.2] STANFORD_sub-0051166_run-1: mean_fd>0.2; mean_fd=0.5460, kept=206.0s
EXCLUDE [ABIDE1 fd<0.2] STANFORD_sub-0051167_run-1: mean_fd>0.2; mean_fd=0.2195, kept=318.0s
WROTE [ABIDE1 fd<0.2] STANFORD_sub-0051168_run-1: mean_fd=0.1761, kept=316.0s, rois=200, confounds=32
WROTE [ABIDE1 fd<0.2] STANFORD_sub-0051169_run-1: mean_fd=0.1536, kept=352.0s, rois=200, confounds=32
WROTE [ABIDE1 fd<0.2] STANFORD_sub-0051170_run-1: mean_fd=0.1377, kept=348.0s, rois=200, confounds=32
WROTE [ABIDE1 fd<0.2] STANFORD_sub-0051171_run-1: mean_fd=0.1256, kept=358.0s, rois=200, confounds=32
WROTE [ABIDE1 fd<0.2] STANFORD_sub-0051172_run-1: mean_fd=0.1607, kept=332.0s, rois=200, confounds=32
WROTE [ABIDE1 fd<0.2] STANFORD_sub-0051173_run-1: mean_fd=0.1603, kept=340.0s, rois=200, confounds=32
WROTE [ABIDE1 fd<0.2] STANFORD_sub-0051174_run-1: mean_fd=0.1265, kept=466.0s, rois=200, confounds=32
EXCLUDE [ABIDE1 fd<0.2] STANFORD_sub-0051175_run-1: mean_fd>0.2; mean_fd=0.2498, kept=292.0s
EXCLUDE [ABIDE1 fd<0.2] STANFORD_sub-0051176_run-1: mean_fd>0.2; mean_fd=0.4916, kept=206.0s
WROTE [ABIDE1 fd<0.2] STANFORD_sub-0051177_run-1: mean_fd=0.0875, kept=360.0s, rois=200, confounds=32
WROTE [ABIDE1 fd<0.2] STANFORD_sub-0051178_run-1: mean_fd=0.1896, kept=284.0s, rois=200, confounds=32
WROTE [ABIDE1 fd<0.2] STANFORD_sub-0051179_run-1: mean_fd=0.1891, kept=358.0s, rois=200, confounds=32
WROTE [ABIDE1 fd<0.2] STANFORD_sub-0051180_run-1: mean_fd=0.0984, kept=478.0s, rois=200, confounds=32
WROTE [ABIDE1 fd<0.2] STANFORD_sub-0051181_run-1: mean_fd=0.1483, kept=476.0s, rois=200, confounds=32
WROTE [ABIDE1 fd<0.2] STANFORD_sub-0051182_run-1: mean_fd=0.0591, kept=480.0s, rois=200, confounds=32
EXCLUDE [ABIDE1 fd<0.2] STANFORD_sub-0051183_run-1: mean_fd>0.2; mean_fd=0.2106, kept=428.0s
WROTE [ABIDE1 fd<0.2] STANFORD_sub-0051184_run-1: mean_fd=0.1001, kept=480.0s, rois=200, confounds=32
EXCLUDE [ABIDE1 fd<0.2] STANFORD_sub-0051185_run-1: mean_fd>0.2; mean_fd=0.3178, kept=362.0s
EXCLUDE [ABIDE1 fd<0.2] STANFORD_sub-0051186_run-1: mean_fd>0.2; mean_fd=0.3216, kept=360.0s
WROTE [ABIDE1 fd<0.2] STANFORD_sub-0051187_run-1: mean_fd=0.0915, kept=470.0s, rois=200, confounds=32
WROTE [ABIDE1 fd<0.2] STANFORD_sub-0051188_run-1: mean_fd=0.0908, kept=480.0s, rois=200, confounds=32
EXCLUDE [ABIDE1 fd<0.2] STANFORD_sub-0051189_run-1: mean_fd>0.2; mean_fd=0.2334, kept=448.0s
WROTE [ABIDE1 fd<0.2] STANFORD_sub-0051190_run-1: mean_fd=0.1509, kept=468.0s, rois=200, confounds=32
WROTE [ABIDE1 fd<0.2] STANFORD_sub-0051192_run-1: mean_fd=0.1080, kept=462.0s, rois=200, confounds=32
EXCLUDE [ABIDE1 fd<0.2] STANFORD_sub-0051193_run-1: mean_fd>0.2; mean_fd=0.2692, kept=416.0s
WROTE [ABIDE1 fd<0.2] STANFORD_sub-0051194_run-1: mean_fd=0.0645, kept=480.0s, rois=200, confounds=32
EXCLUDE [ABIDE1 fd<0.2] STANFORD_sub-0051195_run-1: mean_fd>0.2; mean_fd=0.6065, kept=400.0s
WROTE [ABIDE1 fd<0.2] STANFORD_sub-0051196_run-1: mean_fd=0.1832, kept=454.0s, rois=200, confounds=32
WROTE [ABIDE1 fd<0.2] STANFORD_sub-0051197_run-1: mean_fd=0.0907, kept=478.0s, rois=200, confounds=32
WROTE [ABIDE1 fd<0.2] STANFORD_sub-0051198_run-1: mean_fd=0.0701, kept=480.0s, rois=200, confounds=32
EXCLUDE [ABIDE1 fd<0.2] STANFORD_sub-0051199_run-1: mean_fd>0.2; mean_fd=0.3147, kept=380.0s
EXCLUDE [ABIDE1 fd<0.2] UCLA_1_sub-0051201_run-1: mean_fd>0.2; mean_fd=0.4912, kept=174.0s
EXCLUDE [ABIDE1 fd<0.2] UCLA_1_sub-0051202_run-1: mean_fd>0.2; mean_fd=0.5639, kept=255.0s
EXCLUDE [ABIDE1 fd<0.2] UCLA_1_sub-0051203_run-1: mean_fd>0.2; mean_fd=1.0884, kept=195.0s
EXCLUDE [ABIDE1 fd<0.2] UCLA_1_sub-0051204_run-1: mean_fd>0.2; mean_fd=0.6174, kept=159.0s
WROTE [ABIDE1 fd<0.2] UCLA_1_sub-0051205_run-1: mean_fd=0.1130, kept=351.0s, rois=200, confounds=32
WROTE [ABIDE1 fd<0.2] UCLA_1_sub-0051206_run-1: mean_fd=0.1111, kept=351.0s, rois=200, confounds=32
EXCLUDE [ABIDE1 fd<0.2] UCLA_1_sub-0051207_run-1: mean_fd>0.2; mean_fd=0.3205, kept=273.0s
WROTE [ABIDE1 fd<0.2] UCLA_1_sub-0051208_run-1: mean_fd=0.1852, kept=342.0s, rois=200, confounds=32
EXCLUDE [ABIDE1 fd<0.2] UCLA_1_sub-0051209_run-1: mean_fd>0.2; mean_fd=0.7988, kept=183.0s
WROTE [ABIDE1 fd<0.2] UCLA_1_sub-0051210_run-1: mean_fd=0.1312, kept=336.0s, rois=200, confounds=32
EXCLUDE [ABIDE1 fd<0.2] UCLA_1_sub-0051211_run-1: mean_fd>0.2; mean_fd=0.2135, kept=327.0s
WROTE [ABIDE1 fd<0.2] UCLA_1_sub-0051212_run-1: mean_fd=0.1524, kept=357.0s, rois=200, confounds=32
EXCLUDE [ABIDE1 fd<0.2] UCLA_1_sub-0051213_run-1: mean_fd>0.2; mean_fd=1.1518, kept=108.0s
WROTE [ABIDE1 fd<0.2] UCLA_1_sub-0051214_run-1: mean_fd=0.1862, kept=351.0s, rois=200, confounds=32
EXCLUDE [ABIDE1 fd<0.2] UCLA_1_sub-0051215_run-1: mean_fd>0.2; mean_fd=0.3745, kept=285.0s
WROTE [ABIDE1 fd<0.2] UCLA_1_sub-0051216_run-1: mean_fd=0.1964, kept=324.0s, rois=200, confounds=32
WROTE [ABIDE1 fd<0.2] UCLA_1_sub-0051217_run-1: mean_fd=0.0851, kept=360.0s, rois=200, confounds=32
WROTE [ABIDE1 fd<0.2] UCLA_1_sub-0051218_run-1: mean_fd=0.0701, kept=357.0s, rois=200, confounds=32
EXCLUDE [ABIDE1 fd<0.2] UCLA_1_sub-0051219_run-1: mean_fd>0.2; mean_fd=0.3849, kept=291.0s
WROTE [ABIDE1 fd<0.2] UCLA_1_sub-0051220_run-1: mean_fd=0.1593, kept=354.0s, rois=200, confounds=32
WROTE [ABIDE1 fd<0.2] UCLA_1_sub-0051221_run-1: mean_fd=0.1388, kept=330.0s, rois=200, confounds=32
WROTE [ABIDE1 fd<0.2] UCLA_1_sub-0051222_run-1: mean_fd=0.0967, kept=357.0s, rois=200, confounds=32
WROTE [ABIDE1 fd<0.2] UCLA_1_sub-0051223_run-1: mean_fd=0.1386, kept=351.0s, rois=200, confounds=32
WROTE [ABIDE1 fd<0.2] UCLA_1_sub-0051224_run-1: mean_fd=0.0891, kept=351.0s, rois=200, confounds=32
WROTE [ABIDE1 fd<0.2] UCLA_1_sub-0051225_run-1: mean_fd=0.1700, kept=360.0s, rois=200, confounds=32
WROTE [ABIDE1 fd<0.2] UCLA_1_sub-0051226_run-1: mean_fd=0.1708, kept=336.0s, rois=200, confounds=32
EXCLUDE [ABIDE1 fd<0.2] UCLA_1_sub-0051227_run-1: mean_fd>0.2; mean_fd=0.4757, kept=174.0s
EXCLUDE [ABIDE1 fd<0.2] UCLA_1_sub-0051228_run-1: mean_fd>0.2; mean_fd=1.9378, kept=15.0s
WROTE [ABIDE1 fd<0.2] UCLA_1_sub-0051229_run-1: mean_fd=0.0713, kept=354.0s, rois=200, confounds=32
WROTE [ABIDE1 fd<0.2] UCLA_1_sub-0051230_run-1: mean_fd=0.0667, kept=357.0s, rois=200, confounds=32
EXCLUDE [ABIDE1 fd<0.2] UCLA_1_sub-0051231_run-1: mean_fd>0.2; mean_fd=0.4348, kept=276.0s
WROTE [ABIDE1 fd<0.2] UCLA_1_sub-0051234_run-1: mean_fd=0.0628, kept=360.0s, rois=200, confounds=32
WROTE [ABIDE1 fd<0.2] UCLA_1_sub-0051235_run-1: mean_fd=0.1132, kept=345.0s, rois=200, confounds=32
EXCLUDE [ABIDE1 fd<0.2] UCLA_1_sub-0051236_run-1: mean_fd>0.2; mean_fd=0.3202, kept=225.0s
WROTE [ABIDE1 fd<0.2] UCLA_1_sub-0051237_run-1: mean_fd=0.0616, kept=360.0s, rois=200, confounds=32
EXCLUDE [ABIDE1 fd<0.2] UCLA_1_sub-0051238_run-1: mean_fd>0.2; mean_fd=0.8224, kept=102.0s
EXCLUDE [ABIDE1 fd<0.2] UCLA_1_sub-0051239_run-1: mean_fd>0.2; mean_fd=0.2126, kept=351.0s
WROTE [ABIDE1 fd<0.2] UCLA_1_sub-0051240_run-1: mean_fd=0.1458, kept=336.0s, rois=200, confounds=32
WROTE [ABIDE1 fd<0.2] UCLA_1_sub-0051241_run-1: mean_fd=0.0756, kept=357.0s, rois=200, confounds=32
WROTE [ABIDE1 fd<0.2] UCLA_1_sub-0051248_run-1: mean_fd=0.0684, kept=354.0s, rois=200, confounds=32
WROTE [ABIDE1 fd<0.2] UCLA_1_sub-0051249_run-1: mean_fd=0.1371, kept=360.0s, rois=200, confounds=32
WROTE [ABIDE1 fd<0.2] UCLA_1_sub-0051250_run-1: mean_fd=0.1688, kept=327.0s, rois=200, confounds=32
EXCLUDE [ABIDE1 fd<0.2] UCLA_1_sub-0051251_run-1: mean_fd>0.2; mean_fd=0.2372, kept=315.0s
WROTE [ABIDE1 fd<0.2] UCLA_1_sub-0051252_run-1: mean_fd=0.1276, kept=357.0s, rois=200, confounds=32
WROTE [ABIDE1 fd<0.2] UCLA_1_sub-0051253_run-1: mean_fd=0.0450, kept=360.0s, rois=200, confounds=32
WROTE [ABIDE1 fd<0.2] UCLA_1_sub-0051254_run-1: mean_fd=0.0937, kept=342.0s, rois=200, confounds=32
WROTE [ABIDE1 fd<0.2] UCLA_1_sub-0051255_run-1: mean_fd=0.1171, kept=360.0s, rois=200, confounds=32
WROTE [ABIDE1 fd<0.2] UCLA_1_sub-0051256_run-1: mean_fd=0.0770, kept=360.0s, rois=200, confounds=32
WROTE [ABIDE1 fd<0.2] UCLA_1_sub-0051257_run-1: mean_fd=0.1114, kept=360.0s, rois=200, confounds=32
EXCLUDE [ABIDE1 fd<0.2] UCLA_1_sub-0051258_run-1: mean_fd>0.2; mean_fd=1.5194, kept=126.0s
EXCLUDE [ABIDE1 fd<0.2] UCLA_1_sub-0051259_run-1: mean_fd>0.2; mean_fd=0.4555, kept=234.0s
WROTE [ABIDE1 fd<0.2] UCLA_1_sub-0051260_run-1: mean_fd=0.0647, kept=360.0s, rois=200, confounds=32
WROTE [ABIDE1 fd<0.2] UCLA_1_sub-0051261_run-1: mean_fd=0.1758, kept=327.0s, rois=200, confounds=32
WROTE [ABIDE1 fd<0.2] UCLA_1_sub-0051262_run-1: mean_fd=0.1303, kept=348.0s, rois=200, confounds=32
EXCLUDE [ABIDE1 fd<0.2] UCLA_1_sub-0051263_run-1: mean_fd>0.2; mean_fd=0.7196, kept=276.0s
WROTE [ABIDE1 fd<0.2] UCLA_1_sub-0051264_run-1: mean_fd=0.1106, kept=351.0s, rois=200, confounds=32
WROTE [ABIDE1 fd<0.2] UCLA_1_sub-0051265_run-1: mean_fd=0.0764, kept=360.0s, rois=200, confounds=32
WROTE [ABIDE1 fd<0.2] UCLA_1_sub-0051266_run-1: mean_fd=0.1924, kept=327.0s, rois=200, confounds=32
WROTE [ABIDE1 fd<0.2] UCLA_1_sub-0051267_run-1: mean_fd=0.0479, kept=360.0s, rois=200, confounds=32
WROTE [ABIDE1 fd<0.2] UCLA_1_sub-0051268_run-1: mean_fd=0.1093, kept=351.0s, rois=200, confounds=32
WROTE [ABIDE1 fd<0.2] UCLA_1_sub-0051269_run-1: mean_fd=0.1575, kept=345.0s, rois=200, confounds=32
WROTE [ABIDE1 fd<0.2] UCLA_1_sub-0051271_run-1: mean_fd=0.0663, kept=360.0s, rois=200, confounds=32
WROTE [ABIDE1 fd<0.2] UCLA_1_sub-0051272_run-1: mean_fd=0.0746, kept=360.0s, rois=200, confounds=32
WROTE [ABIDE1 fd<0.2] UCLA_1_sub-0051273_run-1: mean_fd=0.0965, kept=354.0s, rois=200, confounds=32
EXCLUDE [ABIDE1 fd<0.2] UCLA_1_sub-0051274_run-1: mean_fd>0.2; mean_fd=0.6496, kept=102.0s
WROTE [ABIDE1 fd<0.2] UCLA_1_sub-0051275_run-1: mean_fd=0.1293, kept=357.0s, rois=200, confounds=32
WROTE [ABIDE1 fd<0.2] UCLA_1_sub-0051276_run-1: mean_fd=0.0752, kept=360.0s, rois=200, confounds=32
WROTE [ABIDE1 fd<0.2] UCLA_1_sub-0051277_run-1: mean_fd=0.0594, kept=360.0s, rois=200, confounds=32
EXCLUDE [ABIDE1 fd<0.2] UCLA_1_sub-0051278_run-1: mean_fd>0.2; mean_fd=0.4516, kept=207.0s
WROTE [ABIDE1 fd<0.2] UCLA_1_sub-0051279_run-1: mean_fd=0.0649, kept=360.0s, rois=200, confounds=32
WROTE [ABIDE1 fd<0.2] UCLA_1_sub-0051280_run-1: mean_fd=0.0727, kept=360.0s, rois=200, confounds=32
WROTE [ABIDE1 fd<0.2] UCLA_1_sub-0051281_run-1: mean_fd=0.1124, kept=351.0s, rois=200, confounds=32
WROTE [ABIDE1 fd<0.2] UCLA_1_sub-0051282_run-1: mean_fd=0.1743, kept=333.0s, rois=200, confounds=32
WROTE [ABIDE1 fd<0.2] UCLA_2_sub-0051291_run-1: mean_fd=0.1008, kept=357.0s, rois=200, confounds=32
EXCLUDE [ABIDE1 fd<0.2] UCLA_2_sub-0051292_run-1: mean_fd>0.2; mean_fd=0.8248, kept=150.0s
WROTE [ABIDE1 fd<0.2] UCLA_2_sub-0051293_run-1: mean_fd=0.0748, kept=360.0s, rois=200, confounds=32
EXCLUDE [ABIDE1 fd<0.2] UCLA_2_sub-0051294_run-1: mean_fd>0.2; mean_fd=0.2821, kept=321.0s
WROTE [ABIDE1 fd<0.2] UCLA_2_sub-0051295_run-1: mean_fd=0.1710, kept=348.0s, rois=200, confounds=32
EXCLUDE [ABIDE1 fd<0.2] UCLA_2_sub-0051296_run-1: mean_fd>0.2; mean_fd=1.3772, kept=87.0s
EXCLUDE [ABIDE1 fd<0.2] UCLA_2_sub-0051297_run-1: mean_fd>0.2; mean_fd=0.4303, kept=231.0s
EXCLUDE [ABIDE1 fd<0.2] UCLA_2_sub-0051298_run-1: mean_fd>0.2; mean_fd=0.2265, kept=327.0s
EXCLUDE [ABIDE1 fd<0.2] UCLA_2_sub-0051299_run-1: mean_fd>0.2; mean_fd=0.5295, kept=267.0s
EXCLUDE [ABIDE1 fd<0.2] UCLA_2_sub-0051300_run-1: mean_fd>0.2; mean_fd=1.1122, kept=153.0s
EXCLUDE [ABIDE1 fd<0.2] UCLA_2_sub-0051301_run-1: mean_fd>0.2; mean_fd=0.2309, kept=306.0s
EXCLUDE [ABIDE1 fd<0.2] UCLA_2_sub-0051302_run-1: mean_fd>0.2; mean_fd=0.2043, kept=339.0s
WROTE [ABIDE1 fd<0.2] UCLA_2_sub-0051303_run-1: mean_fd=0.0527, kept=360.0s, rois=200, confounds=32
EXCLUDE [ABIDE1 fd<0.2] UCLA_2_sub-0051304_run-1: mean_fd>0.2; mean_fd=0.4455, kept=261.0s
WROTE [ABIDE1 fd<0.2] UCLA_2_sub-0051305_run-1: mean_fd=0.0990, kept=357.0s, rois=200, confounds=32
WROTE [ABIDE1 fd<0.2] UCLA_2_sub-0051306_run-1: mean_fd=0.1902, kept=354.0s, rois=200, confounds=32
WROTE [ABIDE1 fd<0.2] UCLA_2_sub-0051307_run-1: mean_fd=0.1807, kept=327.0s, rois=200, confounds=32
WROTE [ABIDE1 fd<0.2] UCLA_2_sub-0051308_run-1: mean_fd=0.0670, kept=360.0s, rois=200, confounds=32
WROTE [ABIDE1 fd<0.2] UCLA_2_sub-0051309_run-1: mean_fd=0.1897, kept=315.0s, rois=200, confounds=32
WROTE [ABIDE1 fd<0.2] UCLA_2_sub-0051311_run-1: mean_fd=0.0647, kept=360.0s, rois=200, confounds=32
WROTE [ABIDE1 fd<0.2] UCLA_2_sub-0051312_run-1: mean_fd=0.1479, kept=321.0s, rois=200, confounds=32
WROTE [ABIDE1 fd<0.2] UCLA_2_sub-0051313_run-1: mean_fd=0.0774, kept=360.0s, rois=200, confounds=32
EXCLUDE [ABIDE1 fd<0.2] UCLA_2_sub-0051314_run-1: mean_fd>0.2; mean_fd=0.2188, kept=330.0s
WROTE [ABIDE1 fd<0.2] UCLA_2_sub-0051315_run-1: mean_fd=0.0853, kept=360.0s, rois=200, confounds=32
WROTE [ABIDE1 fd<0.2] UCLA_2_sub-0051316_run-1: mean_fd=0.1385, kept=351.0s, rois=200, confounds=32
WROTE [ABIDE1 fd<0.2] UCLA_2_sub-0051317_run-1: mean_fd=0.1297, kept=351.0s, rois=200, confounds=32
WROTE [ABIDE1 fd<0.2] MAX_MUN_sub-0051318_run-1: mean_fd=0.0725, kept=360.0s, rois=200, confounds=32
WROTE [ABIDE1 fd<0.2] MAX_MUN_sub-0051319_run-1: mean_fd=0.0410, kept=360.0s, rois=200, confounds=32
WROTE [ABIDE1 fd<0.2] MAX_MUN_sub-0051321_run-1: mean_fd=0.0953, kept=357.0s, rois=200, confounds=32
WROTE [ABIDE1 fd<0.2] MAX_MUN_sub-0051322_run-1: mean_fd=0.1107, kept=360.0s, rois=200, confounds=32
WROTE [ABIDE1 fd<0.2] MAX_MUN_sub-0051323_run-1: mean_fd=0.0428, kept=360.0s, rois=200, confounds=32
WROTE [ABIDE1 fd<0.2] MAX_MUN_sub-0051324_run-1: mean_fd=0.1196, kept=351.0s, rois=200, confounds=32
WROTE [ABIDE1 fd<0.2] MAX_MUN_sub-0051325_run-1: mean_fd=0.0722, kept=360.0s, rois=200, confounds=32
WROTE [ABIDE1 fd<0.2] MAX_MUN_sub-0051326_run-1: mean_fd=0.1542, kept=357.0s, rois=200, confounds=32
WROTE [ABIDE1 fd<0.2] MAX_MUN_sub-0051327_run-1: mean_fd=0.1133, kept=360.0s, rois=200, confounds=32
WROTE [ABIDE1 fd<0.2] MAX_MUN_sub-0051328_run-1: mean_fd=0.0896, kept=357.0s, rois=200, confounds=32
EXCLUDE [ABIDE1 fd<0.2] MAX_MUN_sub-0051329_run-1: mean_fd>0.2; mean_fd=0.2119, kept=573.0s
EXCLUDE [ABIDE1 fd<0.2] MAX_MUN_sub-0051330_run-1: mean_fd>0.2; mean_fd=0.2163, kept=540.0s
WROTE [ABIDE1 fd<0.2] MAX_MUN_sub-0051331_run-1: mean_fd=0.1696, kept=546.0s, rois=200, confounds=32
WROTE [ABIDE1 fd<0.2] MAX_MUN_sub-0051332_run-1: mean_fd=0.0864, kept=348.0s, rois=200, confounds=32
WROTE [ABIDE1 fd<0.2] MAX_MUN_sub-0051333_run-1: mean_fd=0.1347, kept=360.0s, rois=200, confounds=32
WROTE [ABIDE1 fd<0.2] MAX_MUN_sub-0051335_run-1: mean_fd=0.0747, kept=360.0s, rois=200, confounds=32
EXCLUDE [ABIDE1 fd<0.2] MAX_MUN_sub-0051336_run-1: mean_fd>0.2; mean_fd=0.2574, kept=312.0s
WROTE [ABIDE1 fd<0.2] MAX_MUN_sub-0051338_run-1: mean_fd=0.0905, kept=357.0s, rois=200, confounds=32
WROTE [ABIDE1 fd<0.2] MAX_MUN_sub-0051339_run-1: mean_fd=0.0976, kept=357.0s, rois=200, confounds=32
WROTE [ABIDE1 fd<0.2] MAX_MUN_sub-0051340_run-1: mean_fd=0.0696, kept=360.0s, rois=200, confounds=32
EXCLUDE [ABIDE1 fd<0.2] MAX_MUN_sub-0051341_run-1: mean_fd>0.2; mean_fd=0.3594, kept=267.0s
WROTE [ABIDE1 fd<0.2] MAX_MUN_sub-0051342_run-1: mean_fd=0.0706, kept=360.0s, rois=200, confounds=32
WROTE [ABIDE1 fd<0.2] MAX_MUN_sub-0051343_run-1: mean_fd=0.1090, kept=354.0s, rois=200, confounds=32
WROTE [ABIDE1 fd<0.2] MAX_MUN_sub-0051344_run-1: mean_fd=0.1334, kept=345.0s, rois=200, confounds=32
WROTE [ABIDE1 fd<0.2] MAX_MUN_sub-0051345_run-1: mean_fd=0.0718, kept=360.0s, rois=200, confounds=32
WROTE [ABIDE1 fd<0.2] MAX_MUN_sub-0051346_run-1: mean_fd=0.0932, kept=357.0s, rois=200, confounds=32
WROTE [ABIDE1 fd<0.2] MAX_MUN_sub-0051347_run-1: mean_fd=0.0691, kept=360.0s, rois=200, confounds=32
EXCLUDE [ABIDE1 fd<0.2] MAX_MUN_sub-0051348_run-1: mean_fd>0.2; mean_fd=0.2368, kept=312.0s
EXCLUDE [ABIDE1 fd<0.2] MAX_MUN_sub-0051349_run-1: mean_fd>0.2; mean_fd=0.2147, kept=519.0s
EXCLUDE [ABIDE1 fd<0.2] MAX_MUN_sub-0051350_run-1: mean_fd>0.2; mean_fd=0.4260, kept=318.0s
WROTE [ABIDE1 fd<0.2] MAX_MUN_sub-0051351_run-1: mean_fd=0.1270, kept=594.0s, rois=200, confounds=32
EXCLUDE [ABIDE1 fd<0.2] MAX_MUN_sub-0051354_run-1: mean_fd>0.2; mean_fd=0.3638, kept=486.0s
EXCLUDE [ABIDE1 fd<0.2] MAX_MUN_sub-0051355_run-1: mean_fd>0.2; mean_fd=0.2855, kept=465.0s
WROTE [ABIDE1 fd<0.2] MAX_MUN_sub-0051356_run-1: mean_fd=0.1284, kept=588.0s, rois=200, confounds=32
WROTE [ABIDE1 fd<0.2] MAX_MUN_sub-0051357_run-1: mean_fd=0.0626, kept=597.0s, rois=200, confounds=32
EXCLUDE [ABIDE1 fd<0.2] MAX_MUN_sub-0051358_run-1: mean_fd>0.2; mean_fd=0.5780, kept=309.0s
EXCLUDE [ABIDE1 fd<0.2] MAX_MUN_sub-0051359_run-1: mean_fd>0.2; mean_fd=0.7557, kept=219.0s
WROTE [ABIDE1 fd<0.2] MAX_MUN_sub-0051360_run-1: mean_fd=0.1237, kept=537.0s, rois=200, confounds=32
EXCLUDE [ABIDE1 fd<0.2] MAX_MUN_sub-0051361_run-1: mean_fd>0.2; mean_fd=0.5229, kept=489.0s
WROTE [ABIDE1 fd<0.2] MAX_MUN_sub-0051362_run-1: mean_fd=0.0659, kept=360.0s, rois=200, confounds=32
WROTE [ABIDE1 fd<0.2] MAX_MUN_sub-0051363_run-1: mean_fd=0.1059, kept=360.0s, rois=200, confounds=32
WROTE [ABIDE1 fd<0.2] MAX_MUN_sub-0051364_run-1: mean_fd=0.1806, kept=324.0s, rois=200, confounds=32
WROTE [ABIDE1 fd<0.2] MAX_MUN_sub-0051365_run-1: mean_fd=0.1781, kept=357.0s, rois=200, confounds=32
EXCLUDE [ABIDE1 fd<0.2] MAX_MUN_sub-0051366_run-1: mean_fd>0.2; mean_fd=0.2033, kept=360.0s
WROTE [ABIDE1 fd<0.2] MAX_MUN_sub-0051367_run-1: mean_fd=0.0506, kept=360.0s, rois=200, confounds=32
WROTE [ABIDE1 fd<0.2] MAX_MUN_sub-0051368_run-1: mean_fd=0.0691, kept=357.0s, rois=200, confounds=32
WROTE [ABIDE1 fd<0.2] MAX_MUN_sub-0051369_run-1: mean_fd=0.1928, kept=354.0s, rois=200, confounds=32
WROTE [ABIDE1 fd<0.2] MAX_MUN_sub-0051370_run-1: mean_fd=0.0706, kept=360.0s, rois=200, confounds=32
WROTE [ABIDE1 fd<0.2] MAX_MUN_sub-0051371_run-1: mean_fd=0.0885, kept=354.0s, rois=200, confounds=32
WROTE [ABIDE1 fd<0.2] MAX_MUN_sub-0051372_run-1: mean_fd=0.0632, kept=360.0s, rois=200, confounds=32
WROTE [ABIDE1 fd<0.2] MAX_MUN_sub-0051373_run-1: mean_fd=0.0399, kept=360.0s, rois=200, confounds=32
EXCLUDE [ABIDE1 fd<0.2] CALTECH_sub-0051456_run-1: mean_fd>0.2; mean_fd=0.2869, kept=270.0s
WROTE [ABIDE1 fd<0.2] CALTECH_sub-0051457_run-1: mean_fd=0.1095, kept=294.0s, rois=200, confounds=32
EXCLUDE [ABIDE1 fd<0.2] CALTECH_sub-0051458_run-1: mean_fd>0.2; mean_fd=0.2047, kept=294.0s
WROTE [ABIDE1 fd<0.2] CALTECH_sub-0051459_run-1: mean_fd=0.0947, kept=298.0s, rois=200, confounds=32
WROTE [ABIDE1 fd<0.2] CALTECH_sub-0051460_run-1: mean_fd=0.0633, kept=298.0s, rois=200, confounds=32
EXCLUDE [ABIDE1 fd<0.2] CALTECH_sub-0051461_run-1: mean_fd>0.2; mean_fd=0.2698, kept=230.0s
WROTE [ABIDE1 fd<0.2] CALTECH_sub-0051462_run-1: mean_fd=0.1944, kept=296.0s, rois=200, confounds=32
WROTE [ABIDE1 fd<0.2] CALTECH_sub-0051463_run-1: mean_fd=0.0955, kept=298.0s, rois=200, confounds=32
WROTE [ABIDE1 fd<0.2] CALTECH_sub-0051464_run-1: mean_fd=0.0939, kept=300.0s, rois=200, confounds=32
WROTE [ABIDE1 fd<0.2] CALTECH_sub-0051465_run-1: mean_fd=0.0819, kept=298.0s, rois=200, confounds=32
WROTE [ABIDE1 fd<0.2] CALTECH_sub-0051466_run-1: mean_fd=0.1641, kept=296.0s, rois=200, confounds=32
WROTE [ABIDE1 fd<0.2] CALTECH_sub-0051467_run-1: mean_fd=0.1150, kept=300.0s, rois=200, confounds=32
WROTE [ABIDE1 fd<0.2] CALTECH_sub-0051468_run-1: mean_fd=0.1185, kept=300.0s, rois=200, confounds=32
EXCLUDE [ABIDE1 fd<0.2] CALTECH_sub-0051469_run-1: mean_fd>0.2; mean_fd=0.2319, kept=266.0s
WROTE [ABIDE1 fd<0.2] CALTECH_sub-0051470_run-1: mean_fd=0.0723, kept=298.0s, rois=200, confounds=32
WROTE [ABIDE1 fd<0.2] CALTECH_sub-0051471_run-1: mean_fd=0.1606, kept=300.0s, rois=200, confounds=32
WROTE [ABIDE1 fd<0.2] CALTECH_sub-0051472_run-1: mean_fd=0.0821, kept=298.0s, rois=200, confounds=32
WROTE [ABIDE1 fd<0.2] CALTECH_sub-0051473_run-1: mean_fd=0.1314, kept=284.0s, rois=200, confounds=32
WROTE [ABIDE1 fd<0.2] CALTECH_sub-0051474_run-1: mean_fd=0.1644, kept=300.0s, rois=200, confounds=32
WROTE [ABIDE1 fd<0.2] CALTECH_sub-0051475_run-1: mean_fd=0.1813, kept=294.0s, rois=200, confounds=32
WROTE [ABIDE1 fd<0.2] CALTECH_sub-0051476_run-1: mean_fd=0.1213, kept=298.0s, rois=200, confounds=32
WROTE [ABIDE1 fd<0.2] CALTECH_sub-0051477_run-1: mean_fd=0.1874, kept=298.0s, rois=200, confounds=32
WROTE [ABIDE1 fd<0.2] CALTECH_sub-0051478_run-1: mean_fd=0.1094, kept=300.0s, rois=200, confounds=32
WROTE [ABIDE1 fd<0.2] CALTECH_sub-0051479_run-1: mean_fd=0.1148, kept=298.0s, rois=200, confounds=32
WROTE [ABIDE1 fd<0.2] CALTECH_sub-0051480_run-1: mean_fd=0.0634, kept=300.0s, rois=200, confounds=32
EXCLUDE [ABIDE1 fd<0.2] CALTECH_sub-0051481_run-1: mean_fd>0.2; mean_fd=0.2626, kept=260.0s
WROTE [ABIDE1 fd<0.2] CALTECH_sub-0051482_run-1: mean_fd=0.0890, kept=300.0s, rois=200, confounds=32
WROTE [ABIDE1 fd<0.2] CALTECH_sub-0051483_run-1: mean_fd=0.0826, kept=298.0s, rois=200, confounds=32
WROTE [ABIDE1 fd<0.2] CALTECH_sub-0051484_run-1: mean_fd=0.1349, kept=296.0s, rois=200, confounds=32
WROTE [ABIDE1 fd<0.2] CALTECH_sub-0051485_run-1: mean_fd=0.1214, kept=298.0s, rois=200, confounds=32
WROTE [ABIDE1 fd<0.2] CALTECH_sub-0051486_run-1: mean_fd=0.0767, kept=300.0s, rois=200, confounds=32
WROTE [ABIDE1 fd<0.2] CALTECH_sub-0051487_run-1: mean_fd=0.0872, kept=300.0s, rois=200, confounds=32
WROTE [ABIDE1 fd<0.2] CALTECH_sub-0051488_run-1: mean_fd=0.1408, kept=298.0s, rois=200, confounds=32
EXCLUDE [ABIDE1 fd<0.2] CALTECH_sub-0051489_run-1: mean_fd>0.2; mean_fd=0.2146, kept=282.0s
WROTE [ABIDE1 fd<0.2] CALTECH_sub-0051490_run-1: mean_fd=0.1118, kept=300.0s, rois=200, confounds=32
WROTE [ABIDE1 fd<0.2] CALTECH_sub-0051491_run-1: mean_fd=0.0629, kept=300.0s, rois=200, confounds=32
WROTE [ABIDE1 fd<0.2] CALTECH_sub-0051492_run-1: mean_fd=0.0953, kept=300.0s, rois=200, confounds=32
WROTE [ABIDE1 fd<0.2] CALTECH_sub-0051493_run-1: mean_fd=0.0841, kept=298.0s, rois=200, confounds=32
EXCLUDE [ABIDE1 fd<0.2] SBL_sub-0051556_run-1: mean_fd>0.2; mean_fd=0.5204, kept=354.2s
WROTE [ABIDE1 fd<0.2] SBL_sub-0051557_run-1: mean_fd=0.1222, kept=440.0s, rois=200, confounds=32
EXCLUDE [ABIDE1 fd<0.2] SBL_sub-0051558_run-1: mean_fd>0.2; mean_fd=0.2293, kept=422.4s
WROTE [ABIDE1 fd<0.2] SBL_sub-0051559_run-1: mean_fd=0.1803, kept=429.0s, rois=200, confounds=32
WROTE [ABIDE1 fd<0.2] SBL_sub-0051560_run-1: mean_fd=0.1950, kept=437.8s, rois=200, confounds=32
WROTE [ABIDE1 fd<0.2] SBL_sub-0051561_run-1: mean_fd=0.1583, kept=433.4s, rois=200, confounds=32
WROTE [ABIDE1 fd<0.2] SBL_sub-0051562_run-1: mean_fd=0.1756, kept=440.0s, rois=200, confounds=32
WROTE [ABIDE1 fd<0.2] SBL_sub-0051563_run-1: mean_fd=0.1765, kept=429.0s, rois=200, confounds=32
EXCLUDE [ABIDE1 fd<0.2] SBL_sub-0051564_run-1: mean_fd>0.2; mean_fd=0.2156, kept=426.8s
WROTE [ABIDE1 fd<0.2] SBL_sub-0051565_run-1: mean_fd=0.1537, kept=440.0s, rois=200, confounds=32
WROTE [ABIDE1 fd<0.2] SBL_sub-0051566_run-1: mean_fd=0.1809, kept=435.6s, rois=200, confounds=32
EXCLUDE [ABIDE1 fd<0.2] SBL_sub-0051567_run-1: mean_fd>0.2; mean_fd=0.2170, kept=433.4s
EXCLUDE [ABIDE1 fd<0.2] SBL_sub-0051568_run-1: mean_fd>0.2; mean_fd=0.3304, kept=303.6s
EXCLUDE [ABIDE1 fd<0.2] SBL_sub-0051569_run-1: mean_fd>0.2; mean_fd=0.2417, kept=393.8s
WROTE [ABIDE1 fd<0.2] SBL_sub-0051570_run-1: mean_fd=0.1637, kept=435.6s, rois=200, confounds=32
WROTE [ABIDE1 fd<0.2] SBL_sub-0051571_run-1: mean_fd=0.1823, kept=435.6s, rois=200, confounds=32
WROTE [ABIDE1 fd<0.2] SBL_sub-0051572_run-1: mean_fd=0.1722, kept=440.0s, rois=200, confounds=32
WROTE [ABIDE1 fd<0.2] SBL_sub-0051573_run-1: mean_fd=0.1985, kept=402.6s, rois=200, confounds=32
WROTE [ABIDE1 fd<0.2] SBL_sub-0051574_run-1: mean_fd=0.1691, kept=440.0s, rois=200, confounds=32
EXCLUDE [ABIDE1 fd<0.2] SBL_sub-0051575_run-1: mean_fd>0.2; mean_fd=0.4709, kept=136.4s
EXCLUDE [ABIDE1 fd<0.2] SBL_sub-0051576_run-1: mean_fd>0.2; mean_fd=0.2418, kept=398.2s
WROTE [ABIDE1 fd<0.2] SBL_sub-0051577_run-1: mean_fd=0.1270, kept=440.0s, rois=200, confounds=32
EXCLUDE [ABIDE1 fd<0.2] SBL_sub-0051578_run-1: mean_fd>0.2; mean_fd=0.2433, kept=426.8s
WROTE [ABIDE1 fd<0.2] SBL_sub-0051579_run-1: mean_fd=0.1461, kept=440.0s, rois=200, confounds=32
EXCLUDE [ABIDE1 fd<0.2] SBL_sub-0051580_run-1: mean_fd>0.2; mean_fd=0.2103, kept=433.4s
EXCLUDE [ABIDE1 fd<0.2] SBL_sub-0051581_run-1: mean_fd>0.2; mean_fd=0.3275, kept=356.4s
EXCLUDE [ABIDE1 fd<0.2] SBL_sub-0051582_run-1: mean_fd>0.2; mean_fd=0.2275, kept=411.4s
WROTE [ABIDE1 fd<0.2] SBL_sub-0051583_run-1: mean_fd=0.1573, kept=437.8s, rois=200, confounds=32
EXCLUDE [ABIDE1 fd<0.2] SBL_sub-0051584_run-1: mean_fd>0.2; mean_fd=0.2669, kept=404.8s
EXCLUDE [ABIDE1 fd<0.2] SBL_sub-0051585_run-1: mean_fd>0.2; mean_fd=0.2178, kept=415.8s
WROTE [ABIDE1 fd<0.2] MAX_MUN_sub-0051606_run-1: mean_fd=0.1064, kept=357.0s, rois=200, confounds=32
EXCLUDE [ABIDE1 fd<0.2] MAX_MUN_sub-0051607_run-1: mean_fd>0.2; mean_fd=0.2318, kept=339.0s
WROTE [ABIDE1 fd<0.3] PITT_sub-0050002_run-1: mean_fd=0.1609, kept=298.5s, rois=200, confounds=32
EXCLUDE [ABIDE1 fd<0.3] PITT_sub-0050003_run-1: mean_fd>0.3; mean_fd=0.4023, kept=115.5s
WROTE [ABIDE1 fd<0.3] PITT_sub-0050004_run-1: mean_fd=0.2332, kept=244.5s, rois=200, confounds=32
WROTE [ABIDE1 fd<0.3] PITT_sub-0050005_run-1: mean_fd=0.2101, kept=280.5s, rois=200, confounds=32
WROTE [ABIDE1 fd<0.3] PITT_sub-0050006_run-1: mean_fd=0.1474, kept=295.5s, rois=200, confounds=32
WROTE [ABIDE1 fd<0.3] PITT_sub-0050007_run-1: mean_fd=0.2494, kept=259.5s, rois=200, confounds=32
EXCLUDE [ABIDE1 fd<0.3] PITT_sub-0050008_run-1: kept_time_sec<240.0; mean_fd=0.2561, kept=216.0s
WROTE [ABIDE1 fd<0.3] PITT_sub-0050009_run-1: mean_fd=0.2194, kept=286.5s, rois=200, confounds=32
WROTE [ABIDE1 fd<0.3] PITT_sub-0050010_run-1: mean_fd=0.2200, kept=289.5s, rois=200, confounds=32
WROTE [ABIDE1 fd<0.3] PITT_sub-0050011_run-1: mean_fd=0.1049, kept=297.0s, rois=200, confounds=32
WROTE [ABIDE1 fd<0.3] PITT_sub-0050012_run-1: mean_fd=0.1695, kept=297.0s, rois=200, confounds=32
EXCLUDE [ABIDE1 fd<0.3] PITT_sub-0050013_run-1: mean_fd>0.3; mean_fd=0.3539, kept=259.5s
WROTE [ABIDE1 fd<0.3] PITT_sub-0050014_run-1: mean_fd=0.0838, kept=298.5s, rois=200, confounds=32
WROTE [ABIDE1 fd<0.3] PITT_sub-0050015_run-1: mean_fd=0.1825, kept=294.0s, rois=200, confounds=32
WROTE [ABIDE1 fd<0.3] PITT_sub-0050016_run-1: mean_fd=0.1641, kept=291.0s, rois=200, confounds=32
EXCLUDE [ABIDE1 fd<0.3] PITT_sub-0050017_run-1: mean_fd>0.3; mean_fd=0.5258, kept=172.5s
EXCLUDE [ABIDE1 fd<0.3] PITT_sub-0050019_run-1: mean_fd>0.3; mean_fd=0.3429, kept=199.5s
WROTE [ABIDE1 fd<0.3] PITT_sub-0050020_run-1: mean_fd=0.1796, kept=294.0s, rois=200, confounds=32
WROTE [ABIDE1 fd<0.3] PITT_sub-0050022_run-1: mean_fd=0.1442, kept=288.0s, rois=200, confounds=32
WROTE [ABIDE1 fd<0.3] PITT_sub-0050023_run-1: mean_fd=0.2274, kept=264.0s, rois=200, confounds=32
WROTE [ABIDE1 fd<0.3] PITT_sub-0050024_run-1: mean_fd=0.1161, kept=298.5s, rois=200, confounds=32
WROTE [ABIDE1 fd<0.3] PITT_sub-0050025_run-1: mean_fd=0.1539, kept=298.5s, rois=200, confounds=32
EXCLUDE [ABIDE1 fd<0.3] PITT_sub-0050026_run-1: mean_fd>0.3; mean_fd=0.4844, kept=55.5s
WROTE [ABIDE1 fd<0.3] PITT_sub-0050027_run-1: mean_fd=0.2332, kept=268.5s, rois=200, confounds=32
EXCLUDE [ABIDE1 fd<0.3] PITT_sub-0050028_run-1: mean_fd>0.3; mean_fd=0.3478, kept=210.0s
WROTE [ABIDE1 fd<0.3] PITT_sub-0050029_run-1: mean_fd=0.1331, kept=292.5s, rois=200, confounds=32
WROTE [ABIDE1 fd<0.3] PITT_sub-0050030_run-1: mean_fd=0.1401, kept=297.0s, rois=200, confounds=32
WROTE [ABIDE1 fd<0.3] PITT_sub-0050031_run-1: mean_fd=0.2342, kept=268.5s, rois=200, confounds=32
WROTE [ABIDE1 fd<0.3] PITT_sub-0050032_run-1: mean_fd=0.0983, kept=300.0s, rois=200, confounds=32
WROTE [ABIDE1 fd<0.3] PITT_sub-0050033_run-1: mean_fd=0.1773, kept=286.5s, rois=200, confounds=32
WROTE [ABIDE1 fd<0.3] PITT_sub-0050034_run-1: mean_fd=0.2586, kept=276.0s, rois=200, confounds=32
WROTE [ABIDE1 fd<0.3] PITT_sub-0050035_run-1: mean_fd=0.2650, kept=279.0s, rois=200, confounds=32
WROTE [ABIDE1 fd<0.3] PITT_sub-0050036_run-1: mean_fd=0.1428, kept=300.0s, rois=200, confounds=32
WROTE [ABIDE1 fd<0.3] PITT_sub-0050037_run-1: mean_fd=0.1213, kept=298.5s, rois=200, confounds=32
WROTE [ABIDE1 fd<0.3] PITT_sub-0050038_run-1: mean_fd=0.2170, kept=292.5s, rois=200, confounds=32
EXCLUDE [ABIDE1 fd<0.3] PITT_sub-0050039_run-1: mean_fd>0.3; mean_fd=1.0225, kept=0.0s
WROTE [ABIDE1 fd<0.3] PITT_sub-0050040_run-1: mean_fd=0.1478, kept=295.5s, rois=200, confounds=32
WROTE [ABIDE1 fd<0.3] PITT_sub-0050041_run-1: mean_fd=0.1511, kept=298.5s, rois=200, confounds=32
WROTE [ABIDE1 fd<0.3] PITT_sub-0050042_run-1: mean_fd=0.2350, kept=288.0s, rois=200, confounds=32
EXCLUDE [ABIDE1 fd<0.3] PITT_sub-0050043_run-1: mean_fd>0.3; mean_fd=0.3045, kept=262.5s
WROTE [ABIDE1 fd<0.3] PITT_sub-0050044_run-1: mean_fd=0.1400, kept=300.0s, rois=200, confounds=32
WROTE [ABIDE1 fd<0.3] PITT_sub-0050045_run-1: mean_fd=0.1854, kept=300.0s, rois=200, confounds=32
EXCLUDE [ABIDE1 fd<0.3] PITT_sub-0050046_run-1: kept_time_sec<240.0; mean_fd=0.2288, kept=238.5s
WROTE [ABIDE1 fd<0.3] PITT_sub-0050047_run-1: mean_fd=0.1847, kept=288.0s, rois=200, confounds=32
EXCLUDE [ABIDE1 fd<0.3] PITT_sub-0050048_run-1: mean_fd>0.3; mean_fd=0.3218, kept=228.0s
WROTE [ABIDE1 fd<0.3] PITT_sub-0050050_run-1: mean_fd=0.1564, kept=288.0s, rois=200, confounds=32
WROTE [ABIDE1 fd<0.3] PITT_sub-0050051_run-1: mean_fd=0.1748, kept=297.0s, rois=200, confounds=32
WROTE [ABIDE1 fd<0.3] PITT_sub-0050052_run-1: mean_fd=0.1494, kept=294.0s, rois=200, confounds=32
EXCLUDE [ABIDE1 fd<0.3] PITT_sub-0050053_run-1: mean_fd>0.3; mean_fd=0.3442, kept=217.5s
EXCLUDE [ABIDE1 fd<0.3] PITT_sub-0050054_run-1: mean_fd>0.3; mean_fd=0.6859, kept=214.5s
WROTE [ABIDE1 fd<0.3] PITT_sub-0050055_run-1: mean_fd=0.2165, kept=298.5s, rois=200, confounds=32
WROTE [ABIDE1 fd<0.3] PITT_sub-0050056_run-1: mean_fd=0.2784, kept=246.0s, rois=200, confounds=32
WROTE [ABIDE1 fd<0.3] PITT_sub-0050057_run-1: mean_fd=0.1341, kept=298.5s, rois=200, confounds=32
WROTE [ABIDE1 fd<0.3] PITT_sub-0050058_run-1: mean_fd=0.1360, kept=288.0s, rois=200, confounds=32
WROTE [ABIDE1 fd<0.3] PITT_sub-0050059_run-1: mean_fd=0.1579, kept=297.0s, rois=200, confounds=32
WROTE [ABIDE1 fd<0.3] PITT_sub-0050060_run-1: mean_fd=0.1257, kept=294.0s, rois=200, confounds=32
EXCLUDE [ABIDE1 fd<0.3] OLIN_sub-0050102_run-1: mean_fd>0.3; mean_fd=0.3318, kept=279.0s
EXCLUDE [ABIDE1 fd<0.3] OLIN_sub-0050103_run-1: mean_fd>0.3; mean_fd=0.7823, kept=196.5s
WROTE [ABIDE1 fd<0.3] OLIN_sub-0050104_run-1: mean_fd=0.1423, kept=306.0s, rois=200, confounds=32
WROTE [ABIDE1 fd<0.3] OLIN_sub-0050105_run-1: mean_fd=0.2164, kept=306.0s, rois=200, confounds=32
EXCLUDE [ABIDE1 fd<0.3] OLIN_sub-0050106_run-1: mean_fd>0.3; mean_fd=0.4935, kept=115.5s
WROTE [ABIDE1 fd<0.3] OLIN_sub-0050107_run-1: mean_fd=0.1192, kept=309.0s, rois=200, confounds=32
WROTE [ABIDE1 fd<0.3] OLIN_sub-0050108_run-1: mean_fd=0.1877, kept=300.0s, rois=200, confounds=32
EXCLUDE [ABIDE1 fd<0.3] OLIN_sub-0050109_run-1: mean_fd>0.3; mean_fd=0.3805, kept=202.5s
EXCLUDE [ABIDE1 fd<0.3] OLIN_sub-0050110_run-1: mean_fd>0.3; mean_fd=0.7456, kept=228.0s
WROTE [ABIDE1 fd<0.3] OLIN_sub-0050111_run-1: mean_fd=0.2219, kept=295.5s, rois=200, confounds=32
EXCLUDE [ABIDE1 fd<0.3] OLIN_sub-0050112_run-1: mean_fd>0.3; mean_fd=0.3416, kept=259.5s
WROTE [ABIDE1 fd<0.3] OLIN_sub-0050113_run-1: mean_fd=0.1982, kept=295.5s, rois=200, confounds=32
WROTE [ABIDE1 fd<0.3] OLIN_sub-0050114_run-1: mean_fd=0.1881, kept=295.5s, rois=200, confounds=32
WROTE [ABIDE1 fd<0.3] OLIN_sub-0050115_run-1: mean_fd=0.2244, kept=298.5s, rois=200, confounds=32
WROTE [ABIDE1 fd<0.3] OLIN_sub-0050116_run-1: mean_fd=0.1347, kept=298.5s, rois=200, confounds=32
WROTE [ABIDE1 fd<0.3] OLIN_sub-0050117_run-1: mean_fd=0.1948, kept=289.5s, rois=200, confounds=32
WROTE [ABIDE1 fd<0.3] OLIN_sub-0050118_run-1: mean_fd=0.1425, kept=304.5s, rois=200, confounds=32
EXCLUDE [ABIDE1 fd<0.3] OLIN_sub-0050119_run-1: mean_fd>0.3; mean_fd=0.3175, kept=253.5s
EXCLUDE [ABIDE1 fd<0.3] OLIN_sub-0050120_run-1: mean_fd>0.3; mean_fd=0.4331, kept=196.5s
WROTE [ABIDE1 fd<0.3] OLIN_sub-0050121_run-1: mean_fd=0.2173, kept=291.0s, rois=200, confounds=32
WROTE [ABIDE1 fd<0.3] OLIN_sub-0050122_run-1: mean_fd=0.2839, kept=259.5s, rois=200, confounds=32
EXCLUDE [ABIDE1 fd<0.3] OLIN_sub-0050123_run-1: mean_fd>0.3; mean_fd=2.0770, kept=75.0s
EXCLUDE [ABIDE1 fd<0.3] OLIN_sub-0050124_run-1: mean_fd>0.3; mean_fd=0.4119, kept=222.0s
WROTE [ABIDE1 fd<0.3] OLIN_sub-0050125_run-1: mean_fd=0.1914, kept=300.0s, rois=200, confounds=32
EXCLUDE [ABIDE1 fd<0.3] OLIN_sub-0050126_run-1: mean_fd>0.3; mean_fd=0.5199, kept=210.0s
WROTE [ABIDE1 fd<0.3] OLIN_sub-0050127_run-1: mean_fd=0.1756, kept=300.0s, rois=200, confounds=32
WROTE [ABIDE1 fd<0.3] OLIN_sub-0050128_run-1: mean_fd=0.2839, kept=265.5s, rois=200, confounds=32
WROTE [ABIDE1 fd<0.3] OLIN_sub-0050129_run-1: mean_fd=0.2651, kept=273.0s, rois=200, confounds=32
WROTE [ABIDE1 fd<0.3] OLIN_sub-0050130_run-1: mean_fd=0.1311, kept=307.5s, rois=200, confounds=32
WROTE [ABIDE1 fd<0.3] OLIN_sub-0050131_run-1: mean_fd=0.1170, kept=306.0s, rois=200, confounds=32
WROTE [ABIDE1 fd<0.3] OLIN_sub-0050132_run-1: mean_fd=0.1621, kept=307.5s, rois=200, confounds=32
WROTE [ABIDE1 fd<0.3] OLIN_sub-0050133_run-1: mean_fd=0.1119, kept=307.5s, rois=200, confounds=32
WROTE [ABIDE1 fd<0.3] OLIN_sub-0050134_run-1: mean_fd=0.2160, kept=277.5s, rois=200, confounds=32
EXCLUDE [ABIDE1 fd<0.3] OLIN_sub-0050135_run-1: mean_fd>0.3; mean_fd=0.8736, kept=46.5s
WROTE [ABIDE1 fd<0.3] OLIN_sub-0050136_run-1: mean_fd=0.2326, kept=285.0s, rois=200, confounds=32
WROTE [ABIDE1 fd<0.3] OLIN_sub-0050137_run-1: mean_fd=0.2545, kept=289.5s, rois=200, confounds=32
EXCLUDE [ABIDE1 fd<0.3] OHSU_sub-0050142_run-1: kept_time_sec<240.0; mean_fd=0.1038, kept=205.0s
EXCLUDE [ABIDE1 fd<0.3] OHSU_sub-0050142_run-2: kept_time_sec<240.0; mean_fd=0.1001, kept=205.0s
EXCLUDE [ABIDE1 fd<0.3] OHSU_sub-0050142_run-3: kept_time_sec<240.0; mean_fd=0.0793, kept=205.0s
EXCLUDE [ABIDE1 fd<0.3] OHSU_sub-0050143_run-1: kept_time_sec<240.0; mean_fd=0.0862, kept=205.0s
EXCLUDE [ABIDE1 fd<0.3] OHSU_sub-0050143_run-2: kept_time_sec<240.0; mean_fd=0.1173, kept=200.0s
EXCLUDE [ABIDE1 fd<0.3] OHSU_sub-0050143_run-3: kept_time_sec<240.0; mean_fd=0.1235, kept=205.0s
EXCLUDE [ABIDE1 fd<0.3] OHSU_sub-0050144_run-1: kept_time_sec<240.0; mean_fd=0.0899, kept=202.5s
EXCLUDE [ABIDE1 fd<0.3] OHSU_sub-0050144_run-2: kept_time_sec<240.0; mean_fd=0.2197, kept=182.5s
EXCLUDE [ABIDE1 fd<0.3] OHSU_sub-0050144_run-3: kept_time_sec<240.0; mean_fd=0.0841, kept=205.0s
EXCLUDE [ABIDE1 fd<0.3] OHSU_sub-0050145_run-1: kept_time_sec<240.0; mean_fd=0.1423, kept=205.0s
EXCLUDE [ABIDE1 fd<0.3] OHSU_sub-0050145_run-2: kept_time_sec<240.0; mean_fd=0.1893, kept=187.5s
EXCLUDE [ABIDE1 fd<0.3] OHSU_sub-0050145_run-3: kept_time_sec<240.0; mean_fd=0.1570, kept=205.0s
EXCLUDE [ABIDE1 fd<0.3] OHSU_sub-0050146_run-1: kept_time_sec<240.0; mean_fd=0.0950, kept=205.0s
EXCLUDE [ABIDE1 fd<0.3] OHSU_sub-0050146_run-2: kept_time_sec<240.0; mean_fd=0.0786, kept=205.0s
EXCLUDE [ABIDE1 fd<0.3] OHSU_sub-0050146_run-3: kept_time_sec<240.0; mean_fd=0.1766, kept=195.0s
EXCLUDE [ABIDE1 fd<0.3] OHSU_sub-0050147_run-1: kept_time_sec<240.0; mean_fd=0.1353, kept=205.0s
EXCLUDE [ABIDE1 fd<0.3] OHSU_sub-0050147_run-2: kept_time_sec<240.0; mean_fd=0.1264, kept=205.0s
EXCLUDE [ABIDE1 fd<0.3] OHSU_sub-0050147_run-3: kept_time_sec<240.0; mean_fd=0.1286, kept=205.0s
EXCLUDE [ABIDE1 fd<0.3] OHSU_sub-0050148_run-1: kept_time_sec<240.0; mean_fd=0.1163, kept=205.0s
EXCLUDE [ABIDE1 fd<0.3] OHSU_sub-0050148_run-2: kept_time_sec<240.0; mean_fd=0.1524, kept=197.5s
EXCLUDE [ABIDE1 fd<0.3] OHSU_sub-0050148_run-3: kept_time_sec<240.0; mean_fd=0.1266, kept=205.0s
EXCLUDE [ABIDE1 fd<0.3] OHSU_sub-0050149_run-1: kept_time_sec<240.0; mean_fd=0.1206, kept=202.5s
EXCLUDE [ABIDE1 fd<0.3] OHSU_sub-0050149_run-2: kept_time_sec<240.0; mean_fd=0.2820, kept=155.0s
EXCLUDE [ABIDE1 fd<0.3] OHSU_sub-0050150_run-1: kept_time_sec<240.0; mean_fd=0.0902, kept=202.5s
EXCLUDE [ABIDE1 fd<0.3] OHSU_sub-0050150_run-2: kept_time_sec<240.0; mean_fd=0.1120, kept=205.0s
EXCLUDE [ABIDE1 fd<0.3] OHSU_sub-0050152_run-1: kept_time_sec<240.0; mean_fd=0.0973, kept=205.0s
EXCLUDE [ABIDE1 fd<0.3] OHSU_sub-0050152_run-2: kept_time_sec<240.0; mean_fd=0.1183, kept=205.0s
EXCLUDE [ABIDE1 fd<0.3] OHSU_sub-0050152_run-3: kept_time_sec<240.0; mean_fd=0.1750, kept=200.0s
EXCLUDE [ABIDE1 fd<0.3] OHSU_sub-0050153_run-1: kept_time_sec<240.0; mean_fd=0.1403, kept=200.0s
EXCLUDE [ABIDE1 fd<0.3] OHSU_sub-0050153_run-2: kept_time_sec<240.0; mean_fd=0.0944, kept=205.0s
EXCLUDE [ABIDE1 fd<0.3] OHSU_sub-0050153_run-3: kept_time_sec<240.0; mean_fd=0.1977, kept=172.5s
EXCLUDE [ABIDE1 fd<0.3] OHSU_sub-0050155_run-1: kept_time_sec<240.0; mean_fd=0.1931, kept=185.0s
EXCLUDE [ABIDE1 fd<0.3] OHSU_sub-0050155_run-2: kept_time_sec<240.0; mean_fd=0.1931, kept=185.0s
EXCLUDE [ABIDE1 fd<0.3] OHSU_sub-0050155_run-3: kept_time_sec<240.0; mean_fd=0.2041, kept=175.0s
EXCLUDE [ABIDE1 fd<0.3] OHSU_sub-0050156_run-1: kept_time_sec<240.0; mean_fd=0.0436, kept=205.0s
EXCLUDE [ABIDE1 fd<0.3] OHSU_sub-0050156_run-2: kept_time_sec<240.0; mean_fd=0.0506, kept=205.0s
EXCLUDE [ABIDE1 fd<0.3] OHSU_sub-0050156_run-3: kept_time_sec<240.0; mean_fd=0.0548, kept=205.0s
EXCLUDE [ABIDE1 fd<0.3] OHSU_sub-0050157_run-1: kept_time_sec<240.0; mean_fd=0.2133, kept=187.5s
EXCLUDE [ABIDE1 fd<0.3] OHSU_sub-0050157_run-2: kept_time_sec<240.0; mean_fd=0.1923, kept=182.5s
EXCLUDE [ABIDE1 fd<0.3] OHSU_sub-0050157_run-3: kept_time_sec<240.0; mean_fd=0.2758, kept=162.5s
EXCLUDE [ABIDE1 fd<0.3] OHSU_sub-0050158_run-1: kept_time_sec<240.0; mean_fd=0.0645, kept=205.0s
EXCLUDE [ABIDE1 fd<0.3] OHSU_sub-0050158_run-2: kept_time_sec<240.0; mean_fd=0.1107, kept=205.0s
EXCLUDE [ABIDE1 fd<0.3] OHSU_sub-0050159_run-1: kept_time_sec<240.0; mean_fd=0.1316, kept=202.5s
EXCLUDE [ABIDE1 fd<0.3] OHSU_sub-0050159_run-2: kept_time_sec<240.0; mean_fd=0.1189, kept=200.0s
EXCLUDE [ABIDE1 fd<0.3] OHSU_sub-0050159_run-3: kept_time_sec<240.0; mean_fd=0.1141, kept=202.5s
EXCLUDE [ABIDE1 fd<0.3] OHSU_sub-0050160_run-1: kept_time_sec<240.0; mean_fd=0.1078, kept=200.0s
EXCLUDE [ABIDE1 fd<0.3] OHSU_sub-0050160_run-2: kept_time_sec<240.0; mean_fd=0.0744, kept=205.0s
EXCLUDE [ABIDE1 fd<0.3] OHSU_sub-0050160_run-3: kept_time_sec<240.0; mean_fd=0.0861, kept=202.5s
EXCLUDE [ABIDE1 fd<0.3] OHSU_sub-0050161_run-1: kept_time_sec<240.0; mean_fd=0.2729, kept=137.5s
EXCLUDE [ABIDE1 fd<0.3] OHSU_sub-0050161_run-2: kept_time_sec<240.0; mean_fd=0.1883, kept=195.0s
EXCLUDE [ABIDE1 fd<0.3] OHSU_sub-0050161_run-3: kept_time_sec<240.0; mean_fd=0.0938, kept=205.0s
EXCLUDE [ABIDE1 fd<0.3] OHSU_sub-0050162_run-1: mean_fd>0.3; mean_fd=0.3326, kept=140.0s
EXCLUDE [ABIDE1 fd<0.3] OHSU_sub-0050162_run-2: kept_time_sec<240.0; mean_fd=0.2117, kept=185.0s
EXCLUDE [ABIDE1 fd<0.3] OHSU_sub-0050162_run-3: kept_time_sec<240.0; mean_fd=0.1678, kept=195.0s
EXCLUDE [ABIDE1 fd<0.3] OHSU_sub-0050163_run-1: mean_fd>0.3; mean_fd=0.3097, kept=167.5s
EXCLUDE [ABIDE1 fd<0.3] OHSU_sub-0050163_run-3: kept_time_sec<240.0; mean_fd=0.1397, kept=200.0s
EXCLUDE [ABIDE1 fd<0.3] OHSU_sub-0050164_run-1: mean_fd>0.3; mean_fd=0.3946, kept=150.0s
EXCLUDE [ABIDE1 fd<0.3] OHSU_sub-0050164_run-3: mean_fd>0.3; mean_fd=0.3031, kept=172.5s
EXCLUDE [ABIDE1 fd<0.3] OHSU_sub-0050165_run-1: kept_time_sec<240.0; mean_fd=0.1100, kept=200.0s
EXCLUDE [ABIDE1 fd<0.3] OHSU_sub-0050165_run-2: kept_time_sec<240.0; mean_fd=0.1100, kept=200.0s
EXCLUDE [ABIDE1 fd<0.3] OHSU_sub-0050165_run-3: kept_time_sec<240.0; mean_fd=0.1034, kept=205.0s
EXCLUDE [ABIDE1 fd<0.3] OHSU_sub-0050166_run-1: kept_time_sec<240.0; mean_fd=0.0932, kept=205.0s
EXCLUDE [ABIDE1 fd<0.3] OHSU_sub-0050166_run-2: kept_time_sec<240.0; mean_fd=0.0851, kept=205.0s
EXCLUDE [ABIDE1 fd<0.3] OHSU_sub-0050166_run-3: kept_time_sec<240.0; mean_fd=0.2223, kept=165.0s
EXCLUDE [ABIDE1 fd<0.3] OHSU_sub-0050167_run-1: kept_time_sec<240.0; mean_fd=0.0642, kept=205.0s
EXCLUDE [ABIDE1 fd<0.3] OHSU_sub-0050167_run-2: kept_time_sec<240.0; mean_fd=0.0738, kept=205.0s
EXCLUDE [ABIDE1 fd<0.3] OHSU_sub-0050167_run-3: kept_time_sec<240.0; mean_fd=0.1156, kept=205.0s
EXCLUDE [ABIDE1 fd<0.3] OHSU_sub-0050168_run-1: kept_time_sec<240.0; mean_fd=0.0984, kept=205.0s
EXCLUDE [ABIDE1 fd<0.3] OHSU_sub-0050168_run-2: kept_time_sec<240.0; mean_fd=0.0870, kept=205.0s
EXCLUDE [ABIDE1 fd<0.3] OHSU_sub-0050168_run-3: kept_time_sec<240.0; mean_fd=0.0920, kept=205.0s
EXCLUDE [ABIDE1 fd<0.3] OHSU_sub-0050169_run-1: kept_time_sec<240.0; mean_fd=0.2474, kept=175.0s
EXCLUDE [ABIDE1 fd<0.3] OHSU_sub-0050169_run-2: mean_fd>0.3; mean_fd=0.4970, kept=110.0s
EXCLUDE [ABIDE1 fd<0.3] OHSU_sub-0050169_run-3: mean_fd>0.3; mean_fd=0.3317, kept=140.0s
EXCLUDE [ABIDE1 fd<0.3] OHSU_sub-0050171_run-1: kept_time_sec<240.0; mean_fd=0.0760, kept=205.0s
EXCLUDE [ABIDE1 fd<0.3] OHSU_sub-0050171_run-2: kept_time_sec<240.0; mean_fd=0.2178, kept=170.0s
EXCLUDE [ABIDE1 fd<0.3] OHSU_sub-0050171_run-3: mean_fd>0.3; mean_fd=0.5742, kept=112.5s
WROTE [ABIDE1 fd<0.3] SDSU_sub-0050182_run-1: mean_fd=0.1351, kept=342.0s, rois=200, confounds=32
WROTE [ABIDE1 fd<0.3] SDSU_sub-0050183_run-1: mean_fd=0.0539, kept=360.0s, rois=200, confounds=32
WROTE [ABIDE1 fd<0.3] SDSU_sub-0050184_run-1: mean_fd=0.0519, kept=360.0s, rois=200, confounds=32
EXCLUDE [ABIDE1 fd<0.3] SDSU_sub-0050185_run-1: mean_fd>0.3; mean_fd=0.7267, kept=220.0s
WROTE [ABIDE1 fd<0.3] SDSU_sub-0050186_run-1: mean_fd=0.2050, kept=318.0s, rois=200, confounds=32
WROTE [ABIDE1 fd<0.3] SDSU_sub-0050187_run-1: mean_fd=0.0454, kept=360.0s, rois=200, confounds=32
WROTE [ABIDE1 fd<0.3] SDSU_sub-0050188_run-1: mean_fd=0.1247, kept=352.0s, rois=200, confounds=32
WROTE [ABIDE1 fd<0.3] SDSU_sub-0050189_run-1: mean_fd=0.0685, kept=358.0s, rois=200, confounds=32
WROTE [ABIDE1 fd<0.3] SDSU_sub-0050190_run-1: mean_fd=0.0767, kept=360.0s, rois=200, confounds=32
WROTE [ABIDE1 fd<0.3] SDSU_sub-0050191_run-1: mean_fd=0.1263, kept=346.0s, rois=200, confounds=32
EXCLUDE [ABIDE1 fd<0.3] SDSU_sub-0050192_run-1: mean_fd>0.3; mean_fd=1.0263, kept=92.0s
WROTE [ABIDE1 fd<0.3] SDSU_sub-0050193_run-1: mean_fd=0.0750, kept=360.0s, rois=200, confounds=32
WROTE [ABIDE1 fd<0.3] SDSU_sub-0050194_run-1: mean_fd=0.1390, kept=356.0s, rois=200, confounds=32
WROTE [ABIDE1 fd<0.3] SDSU_sub-0050195_run-1: mean_fd=0.0807, kept=356.0s, rois=200, confounds=32
WROTE [ABIDE1 fd<0.3] SDSU_sub-0050196_run-1: mean_fd=0.0575, kept=360.0s, rois=200, confounds=32
WROTE [ABIDE1 fd<0.3] SDSU_sub-0050198_run-1: mean_fd=0.2092, kept=330.0s, rois=200, confounds=32
WROTE [ABIDE1 fd<0.3] SDSU_sub-0050199_run-1: mean_fd=0.0563, kept=360.0s, rois=200, confounds=32
WROTE [ABIDE1 fd<0.3] SDSU_sub-0050200_run-1: mean_fd=0.1054, kept=354.0s, rois=200, confounds=32
WROTE [ABIDE1 fd<0.3] SDSU_sub-0050201_run-1: mean_fd=0.1109, kept=360.0s, rois=200, confounds=32
WROTE [ABIDE1 fd<0.3] SDSU_sub-0050202_run-1: mean_fd=0.2468, kept=272.0s, rois=200, confounds=32
WROTE [ABIDE1 fd<0.3] SDSU_sub-0050203_run-1: mean_fd=0.0591, kept=360.0s, rois=200, confounds=32
WROTE [ABIDE1 fd<0.3] SDSU_sub-0050204_run-1: mean_fd=0.1240, kept=352.0s, rois=200, confounds=32
WROTE [ABIDE1 fd<0.3] SDSU_sub-0050205_run-1: mean_fd=0.0581, kept=360.0s, rois=200, confounds=32
WROTE [ABIDE1 fd<0.3] SDSU_sub-0050206_run-1: mean_fd=0.1640, kept=348.0s, rois=200, confounds=32
WROTE [ABIDE1 fd<0.3] SDSU_sub-0050207_run-1: mean_fd=0.2734, kept=288.0s, rois=200, confounds=32
WROTE [ABIDE1 fd<0.3] SDSU_sub-0050208_run-1: mean_fd=0.2282, kept=332.0s, rois=200, confounds=32
WROTE [ABIDE1 fd<0.3] SDSU_sub-0050209_run-1: mean_fd=0.1019, kept=360.0s, rois=200, confounds=32
WROTE [ABIDE1 fd<0.3] SDSU_sub-0050210_run-1: mean_fd=0.0621, kept=360.0s, rois=200, confounds=32
WROTE [ABIDE1 fd<0.3] SDSU_sub-0050212_run-1: mean_fd=0.0628, kept=360.0s, rois=200, confounds=32
WROTE [ABIDE1 fd<0.3] SDSU_sub-0050213_run-1: mean_fd=0.1399, kept=350.0s, rois=200, confounds=32
WROTE [ABIDE1 fd<0.3] SDSU_sub-0050214_run-1: mean_fd=0.0701, kept=360.0s, rois=200, confounds=32
WROTE [ABIDE1 fd<0.3] SDSU_sub-0050215_run-1: mean_fd=0.0992, kept=360.0s, rois=200, confounds=32
WROTE [ABIDE1 fd<0.3] SDSU_sub-0050216_run-1: mean_fd=0.0639, kept=360.0s, rois=200, confounds=32
WROTE [ABIDE1 fd<0.3] SDSU_sub-0050217_run-1: mean_fd=0.0942, kept=360.0s, rois=200, confounds=32
WROTE [ABIDE1 fd<0.3] TRINITY_sub-0050232_run-1: mean_fd=0.2997, kept=260.0s, rois=200, confounds=32
WROTE [ABIDE1 fd<0.3] TRINITY_sub-0050233_run-1: mean_fd=0.0946, kept=300.0s, rois=200, confounds=32
WROTE [ABIDE1 fd<0.3] TRINITY_sub-0050234_run-1: mean_fd=0.1113, kept=298.0s, rois=200, confounds=32
WROTE [ABIDE1 fd<0.3] TRINITY_sub-0050235_run-1: mean_fd=0.1571, kept=292.0s, rois=200, confounds=32
WROTE [ABIDE1 fd<0.3] TRINITY_sub-0050236_run-1: mean_fd=0.1637, kept=286.0s, rois=200, confounds=32
WROTE [ABIDE1 fd<0.3] TRINITY_sub-0050237_run-1: mean_fd=0.1239, kept=296.0s, rois=200, confounds=32
WROTE [ABIDE1 fd<0.3] TRINITY_sub-0050238_run-1: mean_fd=0.1688, kept=282.0s, rois=200, confounds=32
WROTE [ABIDE1 fd<0.3] TRINITY_sub-0050239_run-1: mean_fd=0.1750, kept=296.0s, rois=200, confounds=32
WROTE [ABIDE1 fd<0.3] TRINITY_sub-0050240_run-1: mean_fd=0.1273, kept=300.0s, rois=200, confounds=32
WROTE [ABIDE1 fd<0.3] TRINITY_sub-0050241_run-1: mean_fd=0.1295, kept=296.0s, rois=200, confounds=32
EXCLUDE [ABIDE1 fd<0.3] TRINITY_sub-0050242_run-1: mean_fd>0.3; mean_fd=0.9597, kept=110.0s
WROTE [ABIDE1 fd<0.3] TRINITY_sub-0050243_run-1: mean_fd=0.1549, kept=298.0s, rois=200, confounds=32
WROTE [ABIDE1 fd<0.3] TRINITY_sub-0050244_run-1: mean_fd=0.2645, kept=272.0s, rois=200, confounds=32
WROTE [ABIDE1 fd<0.3] TRINITY_sub-0050245_run-1: mean_fd=0.2074, kept=292.0s, rois=200, confounds=32
WROTE [ABIDE1 fd<0.3] TRINITY_sub-0050246_run-1: mean_fd=0.1699, kept=282.0s, rois=200, confounds=32
EXCLUDE [ABIDE1 fd<0.3] TRINITY_sub-0050247_run-1: mean_fd>0.3; mean_fd=0.3506, kept=212.0s
WROTE [ABIDE1 fd<0.3] TRINITY_sub-0050248_run-1: mean_fd=0.1124, kept=300.0s, rois=200, confounds=32
WROTE [ABIDE1 fd<0.3] TRINITY_sub-0050249_run-1: mean_fd=0.2199, kept=290.0s, rois=200, confounds=32
WROTE [ABIDE1 fd<0.3] TRINITY_sub-0050250_run-1: mean_fd=0.1877, kept=290.0s, rois=200, confounds=32
WROTE [ABIDE1 fd<0.3] TRINITY_sub-0050251_run-1: mean_fd=0.1927, kept=294.0s, rois=200, confounds=32
WROTE [ABIDE1 fd<0.3] TRINITY_sub-0050252_run-1: mean_fd=0.2030, kept=296.0s, rois=200, confounds=32
WROTE [ABIDE1 fd<0.3] TRINITY_sub-0050253_run-1: mean_fd=0.1266, kept=296.0s, rois=200, confounds=32
WROTE [ABIDE1 fd<0.3] TRINITY_sub-0050254_run-1: mean_fd=0.1203, kept=300.0s, rois=200, confounds=32
WROTE [ABIDE1 fd<0.3] TRINITY_sub-0050255_run-1: mean_fd=0.1163, kept=300.0s, rois=200, confounds=32
WROTE [ABIDE1 fd<0.3] TRINITY_sub-0050257_run-1: mean_fd=0.1404, kept=292.0s, rois=200, confounds=32
WROTE [ABIDE1 fd<0.3] TRINITY_sub-0050259_run-1: mean_fd=0.1332, kept=300.0s, rois=200, confounds=32
WROTE [ABIDE1 fd<0.3] TRINITY_sub-0050260_run-1: mean_fd=0.0844, kept=298.0s, rois=200, confounds=32
WROTE [ABIDE1 fd<0.3] TRINITY_sub-0050261_run-1: mean_fd=0.1114, kept=300.0s, rois=200, confounds=32
WROTE [ABIDE1 fd<0.3] TRINITY_sub-0050262_run-1: mean_fd=0.1892, kept=280.0s, rois=200, confounds=32
WROTE [ABIDE1 fd<0.3] TRINITY_sub-0050263_run-1: mean_fd=0.0963, kept=300.0s, rois=200, confounds=32
WROTE [ABIDE1 fd<0.3] TRINITY_sub-0050264_run-1: mean_fd=0.0927, kept=300.0s, rois=200, confounds=32
EXCLUDE [ABIDE1 fd<0.3] TRINITY_sub-0050265_run-1: mean_fd>0.3; mean_fd=0.4012, kept=194.0s
WROTE [ABIDE1 fd<0.3] TRINITY_sub-0050266_run-1: mean_fd=0.1584, kept=300.0s, rois=200, confounds=32
WROTE [ABIDE1 fd<0.3] TRINITY_sub-0050267_run-1: mean_fd=0.1246, kept=300.0s, rois=200, confounds=32
WROTE [ABIDE1 fd<0.3] TRINITY_sub-0050268_run-1: mean_fd=0.1216, kept=300.0s, rois=200, confounds=32
WROTE [ABIDE1 fd<0.3] TRINITY_sub-0050269_run-1: mean_fd=0.1521, kept=300.0s, rois=200, confounds=32
WROTE [ABIDE1 fd<0.3] TRINITY_sub-0050270_run-1: mean_fd=0.1435, kept=298.0s, rois=200, confounds=32
WROTE [ABIDE1 fd<0.3] TRINITY_sub-0050271_run-1: mean_fd=0.1063, kept=300.0s, rois=200, confounds=32
WROTE [ABIDE1 fd<0.3] UM_1_sub-0050272_run-1: mean_fd=0.1598, kept=562.0s, rois=200, confounds=32
WROTE [ABIDE1 fd<0.3] UM_1_sub-0050273_run-1: mean_fd=0.0815, kept=600.0s, rois=200, confounds=32
WROTE [ABIDE1 fd<0.3] UM_1_sub-0050274_run-1: mean_fd=0.2673, kept=536.0s, rois=200, confounds=32
WROTE [ABIDE1 fd<0.3] UM_1_sub-0050275_run-1: mean_fd=0.1669, kept=516.0s, rois=200, confounds=32
WROTE [ABIDE1 fd<0.3] UM_1_sub-0050276_run-1: mean_fd=0.0554, kept=600.0s, rois=200, confounds=32
WROTE [ABIDE1 fd<0.3] UM_1_sub-0050277_run-1: mean_fd=0.2589, kept=518.0s, rois=200, confounds=32
EXCLUDE [ABIDE1 fd<0.3] UM_1_sub-0050278_run-1: mean_fd>0.3; mean_fd=0.3071, kept=492.0s
EXCLUDE [ABIDE1 fd<0.3] UM_1_sub-0050279_run-1: mean_fd>0.3; mean_fd=2.1988, kept=182.0s
WROTE [ABIDE1 fd<0.3] UM_1_sub-0050280_run-1: mean_fd=0.1063, kept=588.0s, rois=200, confounds=32
EXCLUDE [ABIDE1 fd<0.3] UM_1_sub-0050281_run-1: mean_fd>0.3; mean_fd=0.8024, kept=374.0s
WROTE [ABIDE1 fd<0.3] UM_1_sub-0050282_run-1: mean_fd=0.0963, kept=596.0s, rois=200, confounds=32
EXCLUDE [ABIDE1 fd<0.3] UM_1_sub-0050283_run-1: mean_fd>0.3; mean_fd=0.3298, kept=466.0s
WROTE [ABIDE1 fd<0.3] UM_1_sub-0050284_run-1: mean_fd=0.1705, kept=576.0s, rois=200, confounds=32
WROTE [ABIDE1 fd<0.3] UM_1_sub-0050285_run-1: mean_fd=0.1245, kept=598.0s, rois=200, confounds=32
EXCLUDE [ABIDE1 fd<0.3] UM_1_sub-0050286_run-1: mean_fd>0.3; mean_fd=2.1988, kept=182.0s
WROTE [ABIDE1 fd<0.3] UM_1_sub-0050287_run-1: mean_fd=0.0795, kept=598.0s, rois=200, confounds=32
EXCLUDE [ABIDE1 fd<0.3] UM_1_sub-0050288_run-1: mean_fd>0.3; mean_fd=0.4650, kept=406.0s
WROTE [ABIDE1 fd<0.3] UM_1_sub-0050289_run-1: mean_fd=0.2183, kept=556.0s, rois=200, confounds=32
WROTE [ABIDE1 fd<0.3] UM_1_sub-0050290_run-1: mean_fd=0.1120, kept=592.0s, rois=200, confounds=32
WROTE [ABIDE1 fd<0.3] UM_1_sub-0050291_run-1: mean_fd=0.2158, kept=530.0s, rois=200, confounds=32
WROTE [ABIDE1 fd<0.3] UM_1_sub-0050292_run-1: mean_fd=0.2945, kept=474.0s, rois=200, confounds=32
WROTE [ABIDE1 fd<0.3] UM_1_sub-0050293_run-1: mean_fd=0.0780, kept=600.0s, rois=200, confounds=32
WROTE [ABIDE1 fd<0.3] UM_1_sub-0050294_run-1: mean_fd=0.1189, kept=600.0s, rois=200, confounds=32
WROTE [ABIDE1 fd<0.3] UM_1_sub-0050295_run-1: mean_fd=0.1155, kept=592.0s, rois=200, confounds=32
EXCLUDE [ABIDE1 fd<0.3] UM_1_sub-0050296_run-1: mean_fd>0.3; mean_fd=0.8545, kept=344.0s
EXCLUDE [ABIDE1 fd<0.3] UM_1_sub-0050297_run-1: mean_fd>0.3; mean_fd=0.3533, kept=316.0s
WROTE [ABIDE1 fd<0.3] UM_1_sub-0050298_run-1: mean_fd=0.1252, kept=596.0s, rois=200, confounds=32
EXCLUDE [ABIDE1 fd<0.3] UM_1_sub-0050299_run-1: mean_fd>0.3; mean_fd=1.1255, kept=202.0s
WROTE [ABIDE1 fd<0.3] UM_1_sub-0050300_run-1: mean_fd=0.2993, kept=420.0s, rois=200, confounds=32
WROTE [ABIDE1 fd<0.3] UM_1_sub-0050301_run-1: mean_fd=0.0714, kept=600.0s, rois=200, confounds=32
WROTE [ABIDE1 fd<0.3] UM_1_sub-0050302_run-1: mean_fd=0.2424, kept=540.0s, rois=200, confounds=32
EXCLUDE [ABIDE1 fd<0.3] UM_1_sub-0050304_run-1: mean_fd>0.3; mean_fd=0.5894, kept=248.0s
EXCLUDE [ABIDE1 fd<0.3] UM_1_sub-0050306_run-1: mean_fd>0.3; mean_fd=0.7723, kept=248.0s
WROTE [ABIDE1 fd<0.3] UM_1_sub-0050307_run-1: mean_fd=0.0560, kept=594.0s, rois=200, confounds=32
EXCLUDE [ABIDE1 fd<0.3] UM_1_sub-0050308_run-1: mean_fd>0.3; mean_fd=2.3313, kept=38.0s
WROTE [ABIDE1 fd<0.3] UM_1_sub-0050310_run-1: mean_fd=0.0877, kept=600.0s, rois=200, confounds=32
EXCLUDE [ABIDE1 fd<0.3] UM_1_sub-0050311_run-1: mean_fd>0.3; mean_fd=0.5338, kept=294.0s
EXCLUDE [ABIDE1 fd<0.3] UM_1_sub-0050312_run-1: mean_fd>0.3; mean_fd=0.4408, kept=376.0s
EXCLUDE [ABIDE1 fd<0.3] UM_1_sub-0050313_run-1: mean_fd>0.3; mean_fd=1.4622, kept=210.0s
WROTE [ABIDE1 fd<0.3] UM_1_sub-0050314_run-1: mean_fd=0.1010, kept=598.0s, rois=200, confounds=32
WROTE [ABIDE1 fd<0.3] UM_1_sub-0050315_run-1: mean_fd=0.1298, kept=596.0s, rois=200, confounds=32
EXCLUDE [ABIDE1 fd<0.3] UM_1_sub-0050316_run-1: mean_fd>0.3; mean_fd=0.3587, kept=422.0s
EXCLUDE [ABIDE1 fd<0.3] UM_1_sub-0050317_run-1: mean_fd>0.3; mean_fd=1.2298, kept=192.0s
WROTE [ABIDE1 fd<0.3] UM_1_sub-0050318_run-1: mean_fd=0.1329, kept=596.0s, rois=200, confounds=32
WROTE [ABIDE1 fd<0.3] UM_1_sub-0050319_run-1: mean_fd=0.1276, kept=600.0s, rois=200, confounds=32
WROTE [ABIDE1 fd<0.3] UM_1_sub-0050320_run-1: mean_fd=0.1673, kept=576.0s, rois=200, confounds=32
WROTE [ABIDE1 fd<0.3] UM_1_sub-0050321_run-1: mean_fd=0.0850, kept=600.0s, rois=200, confounds=32
EXCLUDE [ABIDE1 fd<0.3] UM_1_sub-0050322_run-1: mean_fd>0.3; mean_fd=0.4613, kept=266.0s
WROTE [ABIDE1 fd<0.3] UM_1_sub-0050324_run-1: mean_fd=0.0880, kept=588.0s, rois=200, confounds=32
WROTE [ABIDE1 fd<0.3] UM_1_sub-0050325_run-1: mean_fd=0.1888, kept=554.0s, rois=200, confounds=32
WROTE [ABIDE1 fd<0.3] UM_1_sub-0050326_run-1: mean_fd=0.2506, kept=502.0s, rois=200, confounds=32
WROTE [ABIDE1 fd<0.3] UM_1_sub-0050327_run-1: mean_fd=0.0630, kept=600.0s, rois=200, confounds=32
WROTE [ABIDE1 fd<0.3] UM_1_sub-0050328_run-1: mean_fd=0.1142, kept=600.0s, rois=200, confounds=32
WROTE [ABIDE1 fd<0.3] UM_1_sub-0050329_run-1: mean_fd=0.0521, kept=600.0s, rois=200, confounds=32
WROTE [ABIDE1 fd<0.3] UM_1_sub-0050330_run-1: mean_fd=0.0949, kept=600.0s, rois=200, confounds=32
WROTE [ABIDE1 fd<0.3] UM_1_sub-0050331_run-1: mean_fd=0.0872, kept=600.0s, rois=200, confounds=32
WROTE [ABIDE1 fd<0.3] UM_1_sub-0050332_run-1: mean_fd=0.1567, kept=584.0s, rois=200, confounds=32
EXCLUDE [ABIDE1 fd<0.3] UM_1_sub-0050333_run-1: mean_fd>0.3; mean_fd=0.3132, kept=490.0s
WROTE [ABIDE1 fd<0.3] UM_1_sub-0050334_run-1: mean_fd=0.1045, kept=600.0s, rois=200, confounds=32
WROTE [ABIDE1 fd<0.3] UM_1_sub-0050335_run-1: mean_fd=0.0716, kept=600.0s, rois=200, confounds=32
WROTE [ABIDE1 fd<0.3] UM_1_sub-0050336_run-1: mean_fd=0.0652, kept=600.0s, rois=200, confounds=32
WROTE [ABIDE1 fd<0.3] UM_1_sub-0050337_run-1: mean_fd=0.1128, kept=590.0s, rois=200, confounds=32
WROTE [ABIDE1 fd<0.3] UM_1_sub-0050338_run-1: mean_fd=0.0935, kept=600.0s, rois=200, confounds=32
WROTE [ABIDE1 fd<0.3] UM_1_sub-0050339_run-1: mean_fd=0.0723, kept=600.0s, rois=200, confounds=32
WROTE [ABIDE1 fd<0.3] UM_1_sub-0050340_run-1: mean_fd=0.0640, kept=596.0s, rois=200, confounds=32
WROTE [ABIDE1 fd<0.3] UM_1_sub-0050341_run-1: mean_fd=0.0744, kept=600.0s, rois=200, confounds=32
WROTE [ABIDE1 fd<0.3] UM_1_sub-0050342_run-1: mean_fd=0.1615, kept=584.0s, rois=200, confounds=32
WROTE [ABIDE1 fd<0.3] UM_1_sub-0050343_run-1: mean_fd=0.2345, kept=482.0s, rois=200, confounds=32
WROTE [ABIDE1 fd<0.3] UM_1_sub-0050344_run-1: mean_fd=0.0620, kept=598.0s, rois=200, confounds=32
WROTE [ABIDE1 fd<0.3] UM_1_sub-0050345_run-1: mean_fd=0.1157, kept=588.0s, rois=200, confounds=32
WROTE [ABIDE1 fd<0.3] UM_1_sub-0050346_run-1: mean_fd=0.0941, kept=600.0s, rois=200, confounds=32
WROTE [ABIDE1 fd<0.3] UM_1_sub-0050347_run-1: mean_fd=0.0804, kept=600.0s, rois=200, confounds=32
WROTE [ABIDE1 fd<0.3] UM_1_sub-0050348_run-1: mean_fd=0.1237, kept=600.0s, rois=200, confounds=32
WROTE [ABIDE1 fd<0.3] UM_1_sub-0050349_run-1: mean_fd=0.0895, kept=596.0s, rois=200, confounds=32
WROTE [ABIDE1 fd<0.3] UM_1_sub-0050350_run-1: mean_fd=0.1040, kept=598.0s, rois=200, confounds=32
WROTE [ABIDE1 fd<0.3] UM_1_sub-0050351_run-1: mean_fd=0.0821, kept=600.0s, rois=200, confounds=32
WROTE [ABIDE1 fd<0.3] UM_1_sub-0050352_run-1: mean_fd=0.2160, kept=524.0s, rois=200, confounds=32
WROTE [ABIDE1 fd<0.3] UM_1_sub-0050353_run-1: mean_fd=0.0849, kept=598.0s, rois=200, confounds=32
EXCLUDE [ABIDE1 fd<0.3] UM_1_sub-0050354_run-1: mean_fd>0.3; mean_fd=0.5426, kept=316.0s
WROTE [ABIDE1 fd<0.3] UM_1_sub-0050355_run-1: mean_fd=0.1247, kept=590.0s, rois=200, confounds=32
WROTE [ABIDE1 fd<0.3] UM_1_sub-0050356_run-1: mean_fd=0.0716, kept=600.0s, rois=200, confounds=32
WROTE [ABIDE1 fd<0.3] UM_1_sub-0050357_run-1: mean_fd=0.0889, kept=600.0s, rois=200, confounds=32
WROTE [ABIDE1 fd<0.3] UM_1_sub-0050358_run-1: mean_fd=0.0658, kept=600.0s, rois=200, confounds=32
EXCLUDE [ABIDE1 fd<0.3] UM_1_sub-0050359_run-1: mean_fd>0.3; mean_fd=0.4962, kept=332.0s
WROTE [ABIDE1 fd<0.3] UM_1_sub-0050360_run-1: mean_fd=0.0828, kept=600.0s, rois=200, confounds=32
WROTE [ABIDE1 fd<0.3] UM_1_sub-0050361_run-1: mean_fd=0.0818, kept=600.0s, rois=200, confounds=32
WROTE [ABIDE1 fd<0.3] UM_1_sub-0050362_run-1: mean_fd=0.0708, kept=600.0s, rois=200, confounds=32
WROTE [ABIDE1 fd<0.3] UM_1_sub-0050363_run-1: mean_fd=0.2104, kept=522.0s, rois=200, confounds=32
WROTE [ABIDE1 fd<0.3] UM_1_sub-0050364_run-1: mean_fd=0.2776, kept=492.0s, rois=200, confounds=32
WROTE [ABIDE1 fd<0.3] UM_1_sub-0050365_run-1: mean_fd=0.0995, kept=596.0s, rois=200, confounds=32
WROTE [ABIDE1 fd<0.3] UM_1_sub-0050366_run-1: mean_fd=0.1684, kept=568.0s, rois=200, confounds=32
WROTE [ABIDE1 fd<0.3] UM_1_sub-0050367_run-1: mean_fd=0.1571, kept=570.0s, rois=200, confounds=32
WROTE [ABIDE1 fd<0.3] UM_1_sub-0050368_run-1: mean_fd=0.1381, kept=578.0s, rois=200, confounds=32
WROTE [ABIDE1 fd<0.3] UM_1_sub-0050369_run-1: mean_fd=0.1066, kept=600.0s, rois=200, confounds=32
WROTE [ABIDE1 fd<0.3] UM_1_sub-0050370_run-1: mean_fd=0.1901, kept=550.0s, rois=200, confounds=32
EXCLUDE [ABIDE1 fd<0.3] UM_1_sub-0050371_run-1: mean_fd>0.3; mean_fd=0.5054, kept=390.0s
WROTE [ABIDE1 fd<0.3] UM_1_sub-0050372_run-1: mean_fd=0.0789, kept=600.0s, rois=200, confounds=32
WROTE [ABIDE1 fd<0.3] UM_1_sub-0050373_run-1: mean_fd=0.1427, kept=578.0s, rois=200, confounds=32
WROTE [ABIDE1 fd<0.3] UM_1_sub-0050374_run-1: mean_fd=0.0651, kept=600.0s, rois=200, confounds=32
WROTE [ABIDE1 fd<0.3] UM_1_sub-0050375_run-1: mean_fd=0.0599, kept=600.0s, rois=200, confounds=32
EXCLUDE [ABIDE1 fd<0.3] UM_1_sub-0050376_run-1: mean_fd>0.3; mean_fd=0.7275, kept=406.0s
WROTE [ABIDE1 fd<0.3] UM_1_sub-0050377_run-1: mean_fd=0.0995, kept=600.0s, rois=200, confounds=32
WROTE [ABIDE1 fd<0.3] UM_1_sub-0050378_run-1: mean_fd=0.2797, kept=492.0s, rois=200, confounds=32
WROTE [ABIDE1 fd<0.3] UM_1_sub-0050379_run-1: mean_fd=0.1519, kept=590.0s, rois=200, confounds=32
EXCLUDE [ABIDE1 fd<0.3] UM_1_sub-0050380_run-1: mean_fd>0.3; mean_fd=0.3562, kept=440.0s
EXCLUDE [ABIDE1 fd<0.3] UM_1_sub-0050381_run-1: mean_fd>0.3; mean_fd=0.4160, kept=418.0s
WROTE [ABIDE1 fd<0.3] UM_2_sub-0050382_run-1: mean_fd=0.1104, kept=596.0s, rois=200, confounds=32
EXCLUDE [ABIDE1 fd<0.3] UM_2_sub-0050383_run-1: mean_fd>0.3; mean_fd=0.7749, kept=296.0s
WROTE [ABIDE1 fd<0.3] UM_2_sub-0050385_run-1: mean_fd=0.1005, kept=598.0s, rois=200, confounds=32
WROTE [ABIDE1 fd<0.3] UM_2_sub-0050386_run-1: mean_fd=0.0838, kept=594.0s, rois=200, confounds=32
WROTE [ABIDE1 fd<0.3] UM_2_sub-0050387_run-1: mean_fd=0.1309, kept=594.0s, rois=200, confounds=32
WROTE [ABIDE1 fd<0.3] UM_2_sub-0050388_run-1: mean_fd=0.1621, kept=592.0s, rois=200, confounds=32
WROTE [ABIDE1 fd<0.3] UM_2_sub-0050390_run-1: mean_fd=0.1060, kept=594.0s, rois=200, confounds=32
WROTE [ABIDE1 fd<0.3] UM_2_sub-0050391_run-1: mean_fd=0.1744, kept=568.0s, rois=200, confounds=32
WROTE [ABIDE1 fd<0.3] UM_2_sub-0050397_run-1: mean_fd=0.0703, kept=598.0s, rois=200, confounds=32
WROTE [ABIDE1 fd<0.3] UM_2_sub-0050399_run-1: mean_fd=0.1582, kept=590.0s, rois=200, confounds=32
WROTE [ABIDE1 fd<0.3] UM_2_sub-0050402_run-1: mean_fd=0.0594, kept=596.0s, rois=200, confounds=32
EXCLUDE [ABIDE1 fd<0.3] UM_2_sub-0050403_run-1: mean_fd>0.3; mean_fd=0.3930, kept=406.0s
WROTE [ABIDE1 fd<0.3] UM_2_sub-0050404_run-1: mean_fd=0.0708, kept=600.0s, rois=200, confounds=32
WROTE [ABIDE1 fd<0.3] UM_2_sub-0050405_run-1: mean_fd=0.0808, kept=596.0s, rois=200, confounds=32
WROTE [ABIDE1 fd<0.3] UM_2_sub-0050406_run-1: mean_fd=0.2599, kept=516.0s, rois=200, confounds=32
WROTE [ABIDE1 fd<0.3] UM_2_sub-0050407_run-1: mean_fd=0.0946, kept=600.0s, rois=200, confounds=32
WROTE [ABIDE1 fd<0.3] UM_2_sub-0050408_run-1: mean_fd=0.0837, kept=592.0s, rois=200, confounds=32
WROTE [ABIDE1 fd<0.3] UM_2_sub-0050410_run-1: mean_fd=0.2575, kept=502.0s, rois=200, confounds=32
WROTE [ABIDE1 fd<0.3] UM_2_sub-0050411_run-1: mean_fd=0.2713, kept=490.0s, rois=200, confounds=32
WROTE [ABIDE1 fd<0.3] UM_2_sub-0050412_run-1: mean_fd=0.1133, kept=594.0s, rois=200, confounds=32
WROTE [ABIDE1 fd<0.3] UM_2_sub-0050413_run-1: mean_fd=0.1405, kept=590.0s, rois=200, confounds=32
WROTE [ABIDE1 fd<0.3] UM_2_sub-0050414_run-1: mean_fd=0.0904, kept=600.0s, rois=200, confounds=32
WROTE [ABIDE1 fd<0.3] UM_2_sub-0050415_run-1: mean_fd=0.1010, kept=600.0s, rois=200, confounds=32
WROTE [ABIDE1 fd<0.3] UM_2_sub-0050416_run-1: mean_fd=0.1425, kept=594.0s, rois=200, confounds=32
WROTE [ABIDE1 fd<0.3] UM_2_sub-0050417_run-1: mean_fd=0.0771, kept=598.0s, rois=200, confounds=32
WROTE [ABIDE1 fd<0.3] UM_2_sub-0050418_run-1: mean_fd=0.1546, kept=550.0s, rois=200, confounds=32
WROTE [ABIDE1 fd<0.3] UM_2_sub-0050419_run-1: mean_fd=0.0775, kept=596.0s, rois=200, confounds=32
WROTE [ABIDE1 fd<0.3] UM_2_sub-0050421_run-1: mean_fd=0.1053, kept=592.0s, rois=200, confounds=32
EXCLUDE [ABIDE1 fd<0.3] UM_2_sub-0050422_run-1: mean_fd>0.3; mean_fd=0.4788, kept=350.0s
WROTE [ABIDE1 fd<0.3] UM_2_sub-0050424_run-1: mean_fd=0.0945, kept=596.0s, rois=200, confounds=32
WROTE [ABIDE1 fd<0.3] UM_2_sub-0050425_run-1: mean_fd=0.0716, kept=592.0s, rois=200, confounds=32
WROTE [ABIDE1 fd<0.3] UM_2_sub-0050426_run-1: mean_fd=0.0868, kept=600.0s, rois=200, confounds=32
WROTE [ABIDE1 fd<0.3] UM_2_sub-0050427_run-1: mean_fd=0.0643, kept=596.0s, rois=200, confounds=32
WROTE [ABIDE1 fd<0.3] UM_2_sub-0050428_run-1: mean_fd=0.0658, kept=596.0s, rois=200, confounds=32
WROTE [ABIDE1 fd<0.3] USM_sub-0050487_run-1: mean_fd=0.2861, kept=380.0s, rois=200, confounds=32
WROTE [ABIDE1 fd<0.3] YALE_sub-0050551_run-1: mean_fd=0.0584, kept=394.0s, rois=200, confounds=32
WROTE [ABIDE1 fd<0.3] YALE_sub-0050552_run-1: mean_fd=0.0931, kept=392.0s, rois=200, confounds=32
WROTE [ABIDE1 fd<0.3] YALE_sub-0050553_run-1: mean_fd=0.1690, kept=374.0s, rois=200, confounds=32
WROTE [ABIDE1 fd<0.3] YALE_sub-0050554_run-1: mean_fd=0.0990, kept=396.0s, rois=200, confounds=32
WROTE [ABIDE1 fd<0.3] YALE_sub-0050555_run-1: mean_fd=0.0891, kept=394.0s, rois=200, confounds=32
WROTE [ABIDE1 fd<0.3] YALE_sub-0050556_run-1: mean_fd=0.0893, kept=392.0s, rois=200, confounds=32
WROTE [ABIDE1 fd<0.3] YALE_sub-0050557_run-1: mean_fd=0.1797, kept=378.0s, rois=200, confounds=32
WROTE [ABIDE1 fd<0.3] YALE_sub-0050558_run-1: mean_fd=0.1110, kept=392.0s, rois=200, confounds=32
EXCLUDE [ABIDE1 fd<0.3] YALE_sub-0050559_run-1: mean_fd>0.3; mean_fd=0.3087, kept=296.0s
WROTE [ABIDE1 fd<0.3] YALE_sub-0050560_run-1: mean_fd=0.1649, kept=384.0s, rois=200, confounds=32
WROTE [ABIDE1 fd<0.3] YALE_sub-0050561_run-1: mean_fd=0.1164, kept=390.0s, rois=200, confounds=32
WROTE [ABIDE1 fd<0.3] YALE_sub-0050562_run-1: mean_fd=0.2545, kept=372.0s, rois=200, confounds=32
WROTE [ABIDE1 fd<0.3] YALE_sub-0050563_run-1: mean_fd=0.2202, kept=326.0s, rois=200, confounds=32
WROTE [ABIDE1 fd<0.3] YALE_sub-0050564_run-1: mean_fd=0.1561, kept=390.0s, rois=200, confounds=32
EXCLUDE [ABIDE1 fd<0.3] YALE_sub-0050565_run-1: mean_fd>0.3; mean_fd=0.4130, kept=244.0s
WROTE [ABIDE1 fd<0.3] YALE_sub-0050566_run-1: mean_fd=0.0798, kept=394.0s, rois=200, confounds=32
WROTE [ABIDE1 fd<0.3] YALE_sub-0050567_run-1: mean_fd=0.1398, kept=378.0s, rois=200, confounds=32
WROTE [ABIDE1 fd<0.3] YALE_sub-0050568_run-1: mean_fd=0.0784, kept=394.0s, rois=200, confounds=32
WROTE [ABIDE1 fd<0.3] YALE_sub-0050569_run-1: mean_fd=0.0983, kept=392.0s, rois=200, confounds=32
WROTE [ABIDE1 fd<0.3] YALE_sub-0050570_run-1: mean_fd=0.0863, kept=380.0s, rois=200, confounds=32
WROTE [ABIDE1 fd<0.3] YALE_sub-0050571_run-1: mean_fd=0.2723, kept=354.0s, rois=200, confounds=32
WROTE [ABIDE1 fd<0.3] YALE_sub-0050572_run-1: mean_fd=0.0849, kept=388.0s, rois=200, confounds=32
WROTE [ABIDE1 fd<0.3] YALE_sub-0050573_run-1: mean_fd=0.1376, kept=378.0s, rois=200, confounds=32
WROTE [ABIDE1 fd<0.3] YALE_sub-0050574_run-1: mean_fd=0.1381, kept=392.0s, rois=200, confounds=32
WROTE [ABIDE1 fd<0.3] YALE_sub-0050575_run-1: mean_fd=0.1463, kept=372.0s, rois=200, confounds=32
WROTE [ABIDE1 fd<0.3] YALE_sub-0050576_run-1: mean_fd=0.1081, kept=392.0s, rois=200, confounds=32
WROTE [ABIDE1 fd<0.3] YALE_sub-0050577_run-1: mean_fd=0.1993, kept=382.0s, rois=200, confounds=32
EXCLUDE [ABIDE1 fd<0.3] YALE_sub-0050578_run-1: mean_fd>0.3; mean_fd=0.3255, kept=312.0s
WROTE [ABIDE1 fd<0.3] YALE_sub-0050601_run-1: mean_fd=0.2223, kept=356.0s, rois=200, confounds=32
EXCLUDE [ABIDE1 fd<0.3] YALE_sub-0050602_run-1: mean_fd>0.3; mean_fd=0.3255, kept=312.0s
WROTE [ABIDE1 fd<0.3] YALE_sub-0050603_run-1: mean_fd=0.1026, kept=392.0s, rois=200, confounds=32
WROTE [ABIDE1 fd<0.3] YALE_sub-0050604_run-1: mean_fd=0.0963, kept=396.0s, rois=200, confounds=32
WROTE [ABIDE1 fd<0.3] YALE_sub-0050605_run-1: mean_fd=0.0790, kept=396.0s, rois=200, confounds=32
WROTE [ABIDE1 fd<0.3] YALE_sub-0050606_run-1: mean_fd=0.1016, kept=394.0s, rois=200, confounds=32
WROTE [ABIDE1 fd<0.3] YALE_sub-0050607_run-1: mean_fd=0.1540, kept=386.0s, rois=200, confounds=32
EXCLUDE [ABIDE1 fd<0.3] YALE_sub-0050608_run-1: mean_fd>0.3; mean_fd=0.3552, kept=292.0s
WROTE [ABIDE1 fd<0.3] YALE_sub-0050609_run-1: mean_fd=0.2051, kept=366.0s, rois=200, confounds=32
WROTE [ABIDE1 fd<0.3] YALE_sub-0050610_run-1: mean_fd=0.2164, kept=374.0s, rois=200, confounds=32
WROTE [ABIDE1 fd<0.3] YALE_sub-0050611_run-1: mean_fd=0.1327, kept=388.0s, rois=200, confounds=32
WROTE [ABIDE1 fd<0.3] YALE_sub-0050612_run-1: mean_fd=0.1381, kept=382.0s, rois=200, confounds=32
WROTE [ABIDE1 fd<0.3] YALE_sub-0050613_run-1: mean_fd=0.1050, kept=390.0s, rois=200, confounds=32
WROTE [ABIDE1 fd<0.3] YALE_sub-0050614_run-1: mean_fd=0.1761, kept=382.0s, rois=200, confounds=32
EXCLUDE [ABIDE1 fd<0.3] YALE_sub-0050615_run-1: mean_fd>0.3; mean_fd=0.6099, kept=248.0s
WROTE [ABIDE1 fd<0.3] YALE_sub-0050616_run-1: mean_fd=0.1778, kept=354.0s, rois=200, confounds=32
WROTE [ABIDE1 fd<0.3] YALE_sub-0050617_run-1: mean_fd=0.1640, kept=376.0s, rois=200, confounds=32
EXCLUDE [ABIDE1 fd<0.3] YALE_sub-0050618_run-1: mean_fd>0.3; mean_fd=0.5590, kept=294.0s
WROTE [ABIDE1 fd<0.3] YALE_sub-0050619_run-1: mean_fd=0.1240, kept=378.0s, rois=200, confounds=32
WROTE [ABIDE1 fd<0.3] YALE_sub-0050620_run-1: mean_fd=0.1837, kept=374.0s, rois=200, confounds=32
WROTE [ABIDE1 fd<0.3] YALE_sub-0050621_run-1: mean_fd=0.1290, kept=380.0s, rois=200, confounds=32
EXCLUDE [ABIDE1 fd<0.3] YALE_sub-0050622_run-1: mean_fd>0.3; mean_fd=0.4202, kept=326.0s
WROTE [ABIDE1 fd<0.3] YALE_sub-0050623_run-1: mean_fd=0.0921, kept=394.0s, rois=200, confounds=32
WROTE [ABIDE1 fd<0.3] YALE_sub-0050624_run-1: mean_fd=0.2834, kept=338.0s, rois=200, confounds=32
WROTE [ABIDE1 fd<0.3] YALE_sub-0050625_run-1: mean_fd=0.0595, kept=394.0s, rois=200, confounds=32
EXCLUDE [ABIDE1 fd<0.3] YALE_sub-0050626_run-1: mean_fd>0.3; mean_fd=0.3161, kept=350.0s
WROTE [ABIDE1 fd<0.3] YALE_sub-0050627_run-1: mean_fd=0.1589, kept=388.0s, rois=200, confounds=32
WROTE [ABIDE1 fd<0.3] YALE_sub-0050628_run-1: mean_fd=0.0982, kept=392.0s, rois=200, confounds=32
WROTE [ABIDE1 fd<0.3] CMU_sub-0050642_run-1: mean_fd=0.1671, kept=474.0s, rois=200, confounds=32
WROTE [ABIDE1 fd<0.3] CMU_sub-0050643_run-1: mean_fd=0.1839, kept=468.0s, rois=200, confounds=32
WROTE [ABIDE1 fd<0.3] CMU_sub-0050644_run-1: mean_fd=0.2058, kept=435.0s, rois=200, confounds=32
EXCLUDE [ABIDE1 fd<0.3] CMU_sub-0050645_run-1: mean_fd>0.3; mean_fd=0.3570, kept=286.5s
WROTE [ABIDE1 fd<0.3] CMU_sub-0050646_run-1: mean_fd=0.2477, kept=426.0s, rois=200, confounds=32
WROTE [ABIDE1 fd<0.3] CMU_sub-0050647_run-1: mean_fd=0.1403, kept=408.0s, rois=200, confounds=32
WROTE [ABIDE1 fd<0.3] CMU_sub-0050648_run-1: mean_fd=0.1384, kept=477.0s, rois=200, confounds=32
WROTE [ABIDE1 fd<0.3] CMU_sub-0050649_run-1: mean_fd=0.1261, kept=478.0s, rois=200, confounds=32
EXCLUDE [ABIDE1 fd<0.3] CMU_sub-0050650_run-1: mean_fd>0.3; mean_fd=0.5068, kept=247.5s
WROTE [ABIDE1 fd<0.3] CMU_sub-0050651_run-1: mean_fd=0.1589, kept=478.5s, rois=200, confounds=32
WROTE [ABIDE1 fd<0.3] CMU_sub-0050652_run-1: mean_fd=0.1402, kept=477.0s, rois=200, confounds=32
WROTE [ABIDE1 fd<0.3] CMU_sub-0050653_run-1: mean_fd=0.1235, kept=476.0s, rois=200, confounds=32
WROTE [ABIDE1 fd<0.3] CMU_sub-0050654_run-1: mean_fd=0.1832, kept=462.0s, rois=200, confounds=32
EXCLUDE [ABIDE1 fd<0.3] CMU_sub-0050655_run-1: mean_fd>0.3; mean_fd=0.3156, kept=361.5s
WROTE [ABIDE1 fd<0.3] CMU_sub-0050656_run-1: mean_fd=0.1242, kept=476.0s, rois=200, confounds=32
WROTE [ABIDE1 fd<0.3] CMU_sub-0050657_run-1: mean_fd=0.1167, kept=478.5s, rois=200, confounds=32
WROTE [ABIDE1 fd<0.3] CMU_sub-0050658_run-1: mean_fd=0.1551, kept=478.5s, rois=200, confounds=32
WROTE [ABIDE1 fd<0.3] CMU_sub-0050659_run-1: mean_fd=0.2484, kept=456.0s, rois=200, confounds=32
WROTE [ABIDE1 fd<0.3] CMU_sub-0050660_run-1: mean_fd=0.1721, kept=474.0s, rois=200, confounds=32
WROTE [ABIDE1 fd<0.3] CMU_sub-0050661_run-1: mean_fd=0.1747, kept=477.0s, rois=200, confounds=32
WROTE [ABIDE1 fd<0.3] CMU_sub-0050663_run-1: mean_fd=0.2716, kept=428.0s, rois=200, confounds=32
WROTE [ABIDE1 fd<0.3] CMU_sub-0050664_run-1: mean_fd=0.1546, kept=464.0s, rois=200, confounds=32
WROTE [ABIDE1 fd<0.3] CMU_sub-0050665_run-1: mean_fd=0.2890, kept=422.0s, rois=200, confounds=32
WROTE [ABIDE1 fd<0.3] CMU_sub-0050666_run-1: mean_fd=0.1477, kept=468.0s, rois=200, confounds=32
WROTE [ABIDE1 fd<0.3] CMU_sub-0050667_run-1: mean_fd=0.2318, kept=478.5s, rois=200, confounds=32
WROTE [ABIDE1 fd<0.3] CMU_sub-0050668_run-1: mean_fd=0.2434, kept=452.0s, rois=200, confounds=32
WROTE [ABIDE1 fd<0.3] CMU_sub-0050669_run-1: mean_fd=0.1107, kept=480.0s, rois=200, confounds=32
WROTE [ABIDE1 fd<0.3] LEUVEN_1_sub-0050682_run-1: mean_fd=0.2222, kept=376.7s, rois=200, confounds=32
WROTE [ABIDE1 fd<0.3] LEUVEN_1_sub-0050683_run-1: mean_fd=0.1338, kept=411.5s, rois=200, confounds=32
WROTE [ABIDE1 fd<0.3] LEUVEN_1_sub-0050685_run-1: mean_fd=0.2090, kept=391.4s, rois=200, confounds=32
WROTE [ABIDE1 fd<0.3] LEUVEN_1_sub-0050686_run-1: mean_fd=0.1223, kept=416.6s, rois=200, confounds=32
WROTE [ABIDE1 fd<0.3] LEUVEN_1_sub-0050687_run-1: mean_fd=0.1457, kept=404.9s, rois=200, confounds=32
WROTE [ABIDE1 fd<0.3] LEUVEN_1_sub-0050688_run-1: mean_fd=0.1029, kept=416.7s, rois=200, confounds=32
WROTE [ABIDE1 fd<0.3] LEUVEN_1_sub-0050689_run-1: mean_fd=0.0802, kept=416.5s, rois=200, confounds=32
WROTE [ABIDE1 fd<0.3] LEUVEN_1_sub-0050690_run-1: mean_fd=0.1574, kept=406.5s, rois=200, confounds=32
WROTE [ABIDE1 fd<0.3] LEUVEN_1_sub-0050691_run-1: mean_fd=0.1139, kept=416.4s, rois=200, confounds=32
WROTE [ABIDE1 fd<0.3] LEUVEN_1_sub-0050692_run-1: mean_fd=0.0740, kept=416.7s, rois=200, confounds=32
WROTE [ABIDE1 fd<0.3] LEUVEN_1_sub-0050693_run-1: mean_fd=0.1056, kept=416.5s, rois=200, confounds=32
WROTE [ABIDE1 fd<0.3] LEUVEN_1_sub-0050694_run-1: mean_fd=0.1699, kept=405.1s, rois=200, confounds=32
WROTE [ABIDE1 fd<0.3] LEUVEN_1_sub-0050695_run-1: mean_fd=0.1748, kept=416.3s, rois=200, confounds=32
WROTE [ABIDE1 fd<0.3] LEUVEN_1_sub-0050696_run-1: mean_fd=0.1015, kept=416.8s, rois=200, confounds=32
WROTE [ABIDE1 fd<0.3] LEUVEN_1_sub-0050697_run-1: mean_fd=0.1483, kept=413.3s, rois=200, confounds=32
WROTE [ABIDE1 fd<0.3] LEUVEN_1_sub-0050698_run-1: mean_fd=0.1279, kept=415.0s, rois=200, confounds=32
WROTE [ABIDE1 fd<0.3] LEUVEN_1_sub-0050699_run-1: mean_fd=0.1279, kept=415.0s, rois=200, confounds=32
WROTE [ABIDE1 fd<0.3] LEUVEN_1_sub-0050700_run-1: mean_fd=0.2919, kept=306.6s, rois=200, confounds=32
WROTE [ABIDE1 fd<0.3] LEUVEN_1_sub-0050701_run-1: mean_fd=0.2721, kept=342.3s, rois=200, confounds=32
WROTE [ABIDE1 fd<0.3] LEUVEN_1_sub-0050702_run-1: mean_fd=0.1229, kept=410.0s, rois=200, confounds=32
WROTE [ABIDE1 fd<0.3] LEUVEN_1_sub-0050703_run-1: mean_fd=0.1901, kept=405.0s, rois=200, confounds=32
WROTE [ABIDE1 fd<0.3] LEUVEN_1_sub-0050704_run-1: mean_fd=0.0719, kept=416.6s, rois=200, confounds=32
WROTE [ABIDE1 fd<0.3] LEUVEN_1_sub-0050705_run-1: mean_fd=0.1755, kept=406.7s, rois=200, confounds=32
WROTE [ABIDE1 fd<0.3] LEUVEN_1_sub-0050706_run-1: mean_fd=0.0983, kept=416.7s, rois=200, confounds=32
WROTE [ABIDE1 fd<0.3] LEUVEN_1_sub-0050707_run-1: mean_fd=0.1511, kept=403.3s, rois=200, confounds=32
WROTE [ABIDE1 fd<0.3] LEUVEN_1_sub-0050708_run-1: mean_fd=0.0929, kept=416.1s, rois=200, confounds=32
WROTE [ABIDE1 fd<0.3] LEUVEN_1_sub-0050709_run-1: mean_fd=0.1292, kept=416.5s, rois=200, confounds=32
WROTE [ABIDE1 fd<0.3] LEUVEN_1_sub-0050710_run-1: mean_fd=0.0948, kept=416.5s, rois=200, confounds=32
WROTE [ABIDE1 fd<0.3] LEUVEN_1_sub-0050711_run-1: mean_fd=0.1155, kept=416.7s, rois=200, confounds=32
WROTE [ABIDE1 fd<0.3] LEUVEN_2_sub-0050723_run-1: mean_fd=0.1590, kept=404.6s, rois=200, confounds=32
WROTE [ABIDE1 fd<0.3] LEUVEN_2_sub-0050724_run-1: mean_fd=0.1353, kept=412.6s, rois=200, confounds=32
WROTE [ABIDE1 fd<0.3] LEUVEN_2_sub-0050725_run-1: mean_fd=0.2181, kept=396.2s, rois=200, confounds=32
WROTE [ABIDE1 fd<0.3] LEUVEN_2_sub-0050726_run-1: mean_fd=0.1328, kept=407.8s, rois=200, confounds=32
WROTE [ABIDE1 fd<0.3] LEUVEN_2_sub-0050727_run-1: mean_fd=0.2057, kept=409.6s, rois=200, confounds=32
WROTE [ABIDE1 fd<0.3] LEUVEN_2_sub-0050728_run-1: mean_fd=0.1309, kept=411.0s, rois=200, confounds=32
WROTE [ABIDE1 fd<0.3] LEUVEN_2_sub-0050730_run-1: mean_fd=0.1688, kept=406.1s, rois=200, confounds=32
WROTE [ABIDE1 fd<0.3] LEUVEN_2_sub-0050731_run-1: mean_fd=0.1413, kept=411.2s, rois=200, confounds=32
WROTE [ABIDE1 fd<0.3] LEUVEN_2_sub-0050732_run-1: mean_fd=0.1880, kept=412.8s, rois=200, confounds=32
WROTE [ABIDE1 fd<0.3] LEUVEN_2_sub-0050733_run-1: mean_fd=0.1447, kept=412.8s, rois=200, confounds=32
WROTE [ABIDE1 fd<0.3] LEUVEN_2_sub-0050734_run-1: mean_fd=0.1362, kept=412.8s, rois=200, confounds=32
WROTE [ABIDE1 fd<0.3] LEUVEN_2_sub-0050735_run-1: mean_fd=0.0904, kept=412.8s, rois=200, confounds=32
WROTE [ABIDE1 fd<0.3] LEUVEN_2_sub-0050736_run-1: mean_fd=0.1288, kept=412.9s, rois=200, confounds=32
WROTE [ABIDE1 fd<0.3] LEUVEN_2_sub-0050737_run-1: mean_fd=0.2351, kept=401.2s, rois=200, confounds=32
WROTE [ABIDE1 fd<0.3] LEUVEN_2_sub-0050738_run-1: mean_fd=0.1492, kept=402.9s, rois=200, confounds=32
WROTE [ABIDE1 fd<0.3] LEUVEN_2_sub-0050739_run-1: mean_fd=0.1073, kept=412.8s, rois=200, confounds=32
WROTE [ABIDE1 fd<0.3] LEUVEN_2_sub-0050740_run-1: mean_fd=0.1977, kept=412.5s, rois=200, confounds=32
WROTE [ABIDE1 fd<0.3] LEUVEN_2_sub-0050741_run-1: mean_fd=0.1263, kept=412.8s, rois=200, confounds=32
WROTE [ABIDE1 fd<0.3] LEUVEN_2_sub-0050742_run-1: mean_fd=0.1939, kept=407.9s, rois=200, confounds=32
WROTE [ABIDE1 fd<0.3] LEUVEN_2_sub-0050743_run-1: mean_fd=0.1278, kept=406.3s, rois=200, confounds=32
EXCLUDE [ABIDE1 fd<0.3] LEUVEN_2_sub-0050744_run-1: mean_fd>0.3; mean_fd=0.3930, kept=272.4s
WROTE [ABIDE1 fd<0.3] LEUVEN_2_sub-0050745_run-1: mean_fd=0.0997, kept=412.8s, rois=200, confounds=32
WROTE [ABIDE1 fd<0.3] LEUVEN_2_sub-0050746_run-1: mean_fd=0.1739, kept=404.6s, rois=200, confounds=32
WROTE [ABIDE1 fd<0.3] LEUVEN_2_sub-0050747_run-1: mean_fd=0.2466, kept=346.7s, rois=200, confounds=32
WROTE [ABIDE1 fd<0.3] LEUVEN_2_sub-0050748_run-1: mean_fd=0.1431, kept=409.9s, rois=200, confounds=32
WROTE [ABIDE1 fd<0.3] LEUVEN_2_sub-0050749_run-1: mean_fd=0.1563, kept=397.8s, rois=200, confounds=32
EXCLUDE [ABIDE1 fd<0.3] LEUVEN_2_sub-0050750_run-1: mean_fd>0.3; mean_fd=0.4151, kept=257.6s
EXCLUDE [ABIDE1 fd<0.3] LEUVEN_2_sub-0050751_run-1: mean_fd>0.3; mean_fd=0.3079, kept=364.9s
WROTE [ABIDE1 fd<0.3] LEUVEN_2_sub-0050752_run-1: mean_fd=0.1701, kept=412.7s, rois=200, confounds=32
WROTE [ABIDE1 fd<0.3] LEUVEN_2_sub-0050753_run-1: mean_fd=0.1230, kept=412.7s, rois=200, confounds=32
WROTE [ABIDE1 fd<0.3] LEUVEN_2_sub-0050754_run-1: mean_fd=0.0954, kept=412.8s, rois=200, confounds=32
WROTE [ABIDE1 fd<0.3] LEUVEN_2_sub-0050755_run-1: mean_fd=0.0993, kept=409.5s, rois=200, confounds=32
WROTE [ABIDE1 fd<0.3] LEUVEN_2_sub-0050756_run-1: mean_fd=0.1813, kept=403.4s, rois=200, confounds=32
WROTE [ABIDE1 fd<0.3] LEUVEN_2_sub-0050757_run-1: mean_fd=0.1915, kept=378.3s, rois=200, confounds=32
WROTE [ABIDE1 fd<0.3] KKI_sub-0050772_run-1: mean_fd=0.1068, kept=377.5s, rois=200, confounds=32
WROTE [ABIDE1 fd<0.3] KKI_sub-0050773_run-1: mean_fd=0.1024, kept=375.0s, rois=200, confounds=32
WROTE [ABIDE1 fd<0.3] KKI_sub-0050774_run-1: mean_fd=0.0685, kept=390.0s, rois=200, confounds=32
WROTE [ABIDE1 fd<0.3] KKI_sub-0050775_run-1: mean_fd=0.2094, kept=377.5s, rois=200, confounds=32
WROTE [ABIDE1 fd<0.3] KKI_sub-0050776_run-1: mean_fd=0.2455, kept=367.5s, rois=200, confounds=32
WROTE [ABIDE1 fd<0.3] KKI_sub-0050777_run-1: mean_fd=0.1147, kept=387.5s, rois=200, confounds=32
WROTE [ABIDE1 fd<0.3] KKI_sub-0050778_run-1: mean_fd=0.1981, kept=382.5s, rois=200, confounds=32
WROTE [ABIDE1 fd<0.3] KKI_sub-0050779_run-1: mean_fd=0.1746, kept=370.0s, rois=200, confounds=32
WROTE [ABIDE1 fd<0.3] KKI_sub-0050780_run-1: mean_fd=0.1499, kept=382.5s, rois=200, confounds=32
WROTE [ABIDE1 fd<0.3] KKI_sub-0050781_run-1: mean_fd=0.1796, kept=340.0s, rois=200, confounds=32
WROTE [ABIDE1 fd<0.3] KKI_sub-0050782_run-1: mean_fd=0.2105, kept=342.5s, rois=200, confounds=32
WROTE [ABIDE1 fd<0.3] KKI_sub-0050783_run-1: mean_fd=0.0868, kept=390.0s, rois=200, confounds=32
EXCLUDE [ABIDE1 fd<0.3] KKI_sub-0050784_run-1: mean_fd>0.3; mean_fd=0.3370, kept=307.5s
EXCLUDE [ABIDE1 fd<0.3] KKI_sub-0050785_run-1: mean_fd>0.3; mean_fd=0.3203, kept=267.5s
WROTE [ABIDE1 fd<0.3] KKI_sub-0050786_run-1: mean_fd=0.2786, kept=347.5s, rois=200, confounds=32
WROTE [ABIDE1 fd<0.3] KKI_sub-0050787_run-1: mean_fd=0.1760, kept=350.0s, rois=200, confounds=32
WROTE [ABIDE1 fd<0.3] KKI_sub-0050788_run-1: mean_fd=0.1826, kept=362.5s, rois=200, confounds=32
EXCLUDE [ABIDE1 fd<0.3] KKI_sub-0050789_run-1: mean_fd>0.3; mean_fd=0.3211, kept=317.5s
WROTE [ABIDE1 fd<0.3] KKI_sub-0050790_run-1: mean_fd=0.1499, kept=385.0s, rois=200, confounds=32
WROTE [ABIDE1 fd<0.3] KKI_sub-0050791_run-1: mean_fd=0.0837, kept=317.5s, rois=200, confounds=32
WROTE [ABIDE1 fd<0.3] KKI_sub-0050792_run-1: mean_fd=0.2602, kept=277.5s, rois=200, confounds=32
EXCLUDE [ABIDE1 fd<0.3] KKI_sub-0050793_run-1: mean_fd>0.3; mean_fd=0.6101, kept=227.5s
EXCLUDE [ABIDE1 fd<0.3] KKI_sub-0050794_run-1: mean_fd>0.3; mean_fd=0.4100, kept=202.5s
WROTE [ABIDE1 fd<0.3] KKI_sub-0050795_run-1: mean_fd=0.1953, kept=370.0s, rois=200, confounds=32
EXCLUDE [ABIDE1 fd<0.3] KKI_sub-0050796_run-1: mean_fd>0.3; mean_fd=0.5631, kept=210.0s
EXCLUDE [ABIDE1 fd<0.3] KKI_sub-0050797_run-1: mean_fd>0.3; mean_fd=0.3367, kept=260.0s
WROTE [ABIDE1 fd<0.3] KKI_sub-0050798_run-1: mean_fd=0.1821, kept=357.5s, rois=200, confounds=32
WROTE [ABIDE1 fd<0.3] KKI_sub-0050799_run-1: mean_fd=0.1119, kept=390.0s, rois=200, confounds=32
EXCLUDE [ABIDE1 fd<0.3] KKI_sub-0050800_run-1: mean_fd>0.3; mean_fd=0.3346, kept=327.5s
EXCLUDE [ABIDE1 fd<0.3] KKI_sub-0050801_run-1: mean_fd>0.3; mean_fd=0.3555, kept=295.0s
WROTE [ABIDE1 fd<0.3] KKI_sub-0050802_run-1: mean_fd=0.1071, kept=390.0s, rois=200, confounds=32
WROTE [ABIDE1 fd<0.3] KKI_sub-0050803_run-1: mean_fd=0.1631, kept=382.5s, rois=200, confounds=32
WROTE [ABIDE1 fd<0.3] KKI_sub-0050804_run-1: mean_fd=0.2510, kept=342.5s, rois=200, confounds=32
EXCLUDE [ABIDE1 fd<0.3] KKI_sub-0050805_run-1: mean_fd>0.3; mean_fd=0.6904, kept=297.5s
EXCLUDE [ABIDE1 fd<0.3] KKI_sub-0050806_run-1: mean_fd>0.3; mean_fd=1.7293, kept=122.5s
EXCLUDE [ABIDE1 fd<0.3] KKI_sub-0050807_run-1: mean_fd>0.3; mean_fd=0.7084, kept=220.0s
EXCLUDE [ABIDE1 fd<0.3] KKI_sub-0050808_run-1: mean_fd>0.3; mean_fd=0.6902, kept=297.5s
WROTE [ABIDE1 fd<0.3] KKI_sub-0050809_run-1: mean_fd=0.1439, kept=367.5s, rois=200, confounds=32
WROTE [ABIDE1 fd<0.3] KKI_sub-0050810_run-1: mean_fd=0.0891, kept=387.5s, rois=200, confounds=32
WROTE [ABIDE1 fd<0.3] KKI_sub-0050811_run-1: mean_fd=0.1076, kept=390.0s, rois=200, confounds=32
WROTE [ABIDE1 fd<0.3] KKI_sub-0050812_run-1: mean_fd=0.1619, kept=362.5s, rois=200, confounds=32
WROTE [ABIDE1 fd<0.3] KKI_sub-0050813_run-1: mean_fd=0.1292, kept=387.5s, rois=200, confounds=32
WROTE [ABIDE1 fd<0.3] KKI_sub-0050814_run-1: mean_fd=0.1118, kept=385.0s, rois=200, confounds=32
EXCLUDE [ABIDE1 fd<0.3] KKI_sub-0050815_run-1: mean_fd>0.3; mean_fd=0.4364, kept=282.5s
WROTE [ABIDE1 fd<0.3] KKI_sub-0050816_run-1: mean_fd=0.1513, kept=315.0s, rois=200, confounds=32
WROTE [ABIDE1 fd<0.3] KKI_sub-0050817_run-1: mean_fd=0.1337, kept=315.0s, rois=200, confounds=32
WROTE [ABIDE1 fd<0.3] KKI_sub-0050818_run-1: mean_fd=0.1008, kept=390.0s, rois=200, confounds=32
WROTE [ABIDE1 fd<0.3] KKI_sub-0050819_run-1: mean_fd=0.1066, kept=390.0s, rois=200, confounds=32
WROTE [ABIDE1 fd<0.3] KKI_sub-0050820_run-1: mean_fd=0.1263, kept=390.0s, rois=200, confounds=32
EXCLUDE [ABIDE1 fd<0.3] KKI_sub-0050821_run-1: mean_fd>0.3; mean_fd=0.3009, kept=315.0s
WROTE [ABIDE1 fd<0.3] KKI_sub-0050822_run-1: mean_fd=0.1741, kept=365.0s, rois=200, confounds=32
WROTE [ABIDE1 fd<0.3] KKI_sub-0050823_run-1: mean_fd=0.1704, kept=380.0s, rois=200, confounds=32
WROTE [ABIDE1 fd<0.3] KKI_sub-0050824_run-1: mean_fd=0.1271, kept=390.0s, rois=200, confounds=32
WROTE [ABIDE1 fd<0.3] KKI_sub-0050825_run-1: mean_fd=0.1512, kept=365.0s, rois=200, confounds=32
EXCLUDE [ABIDE1 fd<0.3] KKI_sub-0050826_run-1: mean_fd>0.3; mean_fd=1.0396, kept=157.5s
EXCLUDE [ABIDE1 fd<0.3] NYU_sub-0050952_run-1: mean_fd>0.3; mean_fd=0.5153, kept=290.0s
WROTE [ABIDE1 fd<0.3] NYU_sub-0050953_run-1: mean_fd=0.1032, kept=356.0s, rois=200, confounds=32
WROTE [ABIDE1 fd<0.3] NYU_sub-0050954_run-1: mean_fd=0.0651, kept=356.0s, rois=200, confounds=32
WROTE [ABIDE1 fd<0.3] NYU_sub-0050955_run-1: mean_fd=0.1315, kept=354.0s, rois=200, confounds=32
WROTE [ABIDE1 fd<0.3] NYU_sub-0050956_run-1: mean_fd=0.0811, kept=356.0s, rois=200, confounds=32
WROTE [ABIDE1 fd<0.3] NYU_sub-0050957_run-1: mean_fd=0.1821, kept=334.0s, rois=200, confounds=32
WROTE [ABIDE1 fd<0.3] NYU_sub-0050958_run-1: mean_fd=0.1622, kept=346.0s, rois=200, confounds=32
WROTE [ABIDE1 fd<0.3] NYU_sub-0050959_run-1: mean_fd=0.0644, kept=356.0s, rois=200, confounds=32
WROTE [ABIDE1 fd<0.3] NYU_sub-0050960_run-1: mean_fd=0.1541, kept=344.0s, rois=200, confounds=32
WROTE [ABIDE1 fd<0.3] NYU_sub-0050961_run-1: mean_fd=0.1113, kept=356.0s, rois=200, confounds=32
WROTE [ABIDE1 fd<0.3] NYU_sub-0050962_run-1: mean_fd=0.1091, kept=350.0s, rois=200, confounds=32
WROTE [ABIDE1 fd<0.3] NYU_sub-0050964_run-1: mean_fd=0.1393, kept=354.0s, rois=200, confounds=32
WROTE [ABIDE1 fd<0.3] NYU_sub-0050965_run-1: mean_fd=0.1672, kept=340.0s, rois=200, confounds=32
WROTE [ABIDE1 fd<0.3] NYU_sub-0050966_run-1: mean_fd=0.0682, kept=356.0s, rois=200, confounds=32
WROTE [ABIDE1 fd<0.3] NYU_sub-0050967_run-1: mean_fd=0.1436, kept=340.0s, rois=200, confounds=32
WROTE [ABIDE1 fd<0.3] NYU_sub-0050968_run-1: mean_fd=0.1047, kept=356.0s, rois=200, confounds=32
WROTE [ABIDE1 fd<0.3] NYU_sub-0050969_run-1: mean_fd=0.2200, kept=326.0s, rois=200, confounds=32
WROTE [ABIDE1 fd<0.3] NYU_sub-0050970_run-1: mean_fd=0.0959, kept=356.0s, rois=200, confounds=32
WROTE [ABIDE1 fd<0.3] NYU_sub-0050971_run-1: mean_fd=0.1325, kept=356.0s, rois=200, confounds=32
WROTE [ABIDE1 fd<0.3] NYU_sub-0050972_run-1: mean_fd=0.1685, kept=340.0s, rois=200, confounds=32
WROTE [ABIDE1 fd<0.3] NYU_sub-0050973_run-1: mean_fd=0.1428, kept=356.0s, rois=200, confounds=32
WROTE [ABIDE1 fd<0.3] NYU_sub-0050974_run-1: mean_fd=0.0722, kept=356.0s, rois=200, confounds=32
WROTE [ABIDE1 fd<0.3] NYU_sub-0050975_run-1: mean_fd=0.2136, kept=330.0s, rois=200, confounds=32
WROTE [ABIDE1 fd<0.3] NYU_sub-0050976_run-1: mean_fd=0.1111, kept=356.0s, rois=200, confounds=32
WROTE [ABIDE1 fd<0.3] NYU_sub-0050977_run-1: mean_fd=0.1243, kept=350.0s, rois=200, confounds=32
WROTE [ABIDE1 fd<0.3] NYU_sub-0050978_run-1: mean_fd=0.0495, kept=356.0s, rois=200, confounds=32
WROTE [ABIDE1 fd<0.3] NYU_sub-0050979_run-1: mean_fd=0.2377, kept=322.0s, rois=200, confounds=32
WROTE [ABIDE1 fd<0.3] NYU_sub-0050980_run-1: mean_fd=0.2051, kept=314.0s, rois=200, confounds=32
WROTE [ABIDE1 fd<0.3] NYU_sub-0050981_run-1: mean_fd=0.1140, kept=356.0s, rois=200, confounds=32
WROTE [ABIDE1 fd<0.3] NYU_sub-0050982_run-1: mean_fd=0.0625, kept=356.0s, rois=200, confounds=32
WROTE [ABIDE1 fd<0.3] NYU_sub-0050983_run-1: mean_fd=0.1574, kept=344.0s, rois=200, confounds=32
WROTE [ABIDE1 fd<0.3] NYU_sub-0050984_run-1: mean_fd=0.2113, kept=328.0s, rois=200, confounds=32
WROTE [ABIDE1 fd<0.3] NYU_sub-0050985_run-1: mean_fd=0.1078, kept=354.0s, rois=200, confounds=32
WROTE [ABIDE1 fd<0.3] NYU_sub-0050986_run-1: mean_fd=0.1079, kept=356.0s, rois=200, confounds=32
WROTE [ABIDE1 fd<0.3] NYU_sub-0050987_run-1: mean_fd=0.1361, kept=352.0s, rois=200, confounds=32
WROTE [ABIDE1 fd<0.3] NYU_sub-0050988_run-1: mean_fd=0.0751, kept=356.0s, rois=200, confounds=32
WROTE [ABIDE1 fd<0.3] NYU_sub-0050989_run-1: mean_fd=0.1056, kept=346.0s, rois=200, confounds=32
WROTE [ABIDE1 fd<0.3] NYU_sub-0050990_run-1: mean_fd=0.1509, kept=352.0s, rois=200, confounds=32
WROTE [ABIDE1 fd<0.3] NYU_sub-0050991_run-1: mean_fd=0.0991, kept=356.0s, rois=200, confounds=32
WROTE [ABIDE1 fd<0.3] NYU_sub-0050992_run-1: mean_fd=0.1309, kept=348.0s, rois=200, confounds=32
WROTE [ABIDE1 fd<0.3] NYU_sub-0050993_run-1: mean_fd=0.1480, kept=348.0s, rois=200, confounds=32
WROTE [ABIDE1 fd<0.3] NYU_sub-0050994_run-1: mean_fd=0.0491, kept=356.0s, rois=200, confounds=32
WROTE [ABIDE1 fd<0.3] NYU_sub-0050995_run-1: mean_fd=0.1620, kept=356.0s, rois=200, confounds=32
WROTE [ABIDE1 fd<0.3] NYU_sub-0050996_run-1: mean_fd=0.1008, kept=350.0s, rois=200, confounds=32
WROTE [ABIDE1 fd<0.3] NYU_sub-0050997_run-1: mean_fd=0.2478, kept=330.0s, rois=200, confounds=32
WROTE [ABIDE1 fd<0.3] NYU_sub-0050998_run-1: mean_fd=0.1866, kept=320.0s, rois=200, confounds=32
WROTE [ABIDE1 fd<0.3] NYU_sub-0050999_run-1: mean_fd=0.1367, kept=348.0s, rois=200, confounds=32
WROTE [ABIDE1 fd<0.3] NYU_sub-0051000_run-1: mean_fd=0.1520, kept=328.0s, rois=200, confounds=32
WROTE [ABIDE1 fd<0.3] NYU_sub-0051001_run-1: mean_fd=0.1676, kept=338.0s, rois=200, confounds=32
WROTE [ABIDE1 fd<0.3] NYU_sub-0051002_run-1: mean_fd=0.1739, kept=340.0s, rois=200, confounds=32
WROTE [ABIDE1 fd<0.3] NYU_sub-0051003_run-1: mean_fd=0.1194, kept=352.0s, rois=200, confounds=32
WROTE [ABIDE1 fd<0.3] NYU_sub-0051006_run-1: mean_fd=0.0642, kept=356.0s, rois=200, confounds=32
WROTE [ABIDE1 fd<0.3] NYU_sub-0051007_run-1: mean_fd=0.1162, kept=352.0s, rois=200, confounds=32
WROTE [ABIDE1 fd<0.3] NYU_sub-0051008_run-1: mean_fd=0.1702, kept=340.0s, rois=200, confounds=32
WROTE [ABIDE1 fd<0.3] NYU_sub-0051009_run-1: mean_fd=0.1491, kept=342.0s, rois=200, confounds=32
WROTE [ABIDE1 fd<0.3] NYU_sub-0051010_run-1: mean_fd=0.1239, kept=356.0s, rois=200, confounds=32
WROTE [ABIDE1 fd<0.3] NYU_sub-0051011_run-1: mean_fd=0.2441, kept=304.0s, rois=200, confounds=32
WROTE [ABIDE1 fd<0.3] NYU_sub-0051012_run-1: mean_fd=0.2417, kept=300.0s, rois=200, confounds=32
WROTE [ABIDE1 fd<0.3] NYU_sub-0051013_run-1: mean_fd=0.2806, kept=272.0s, rois=200, confounds=32
WROTE [ABIDE1 fd<0.3] NYU_sub-0051014_run-1: mean_fd=0.0564, kept=356.0s, rois=200, confounds=32
WROTE [ABIDE1 fd<0.3] NYU_sub-0051015_run-1: mean_fd=0.0563, kept=356.0s, rois=200, confounds=32
WROTE [ABIDE1 fd<0.3] NYU_sub-0051016_run-1: mean_fd=0.0654, kept=356.0s, rois=200, confounds=32
WROTE [ABIDE1 fd<0.3] NYU_sub-0051017_run-1: mean_fd=0.1096, kept=356.0s, rois=200, confounds=32
WROTE [ABIDE1 fd<0.3] NYU_sub-0051018_run-1: mean_fd=0.0797, kept=356.0s, rois=200, confounds=32
WROTE [ABIDE1 fd<0.3] NYU_sub-0051019_run-1: mean_fd=0.0693, kept=354.0s, rois=200, confounds=32
WROTE [ABIDE1 fd<0.3] NYU_sub-0051020_run-1: mean_fd=0.1604, kept=340.0s, rois=200, confounds=32
WROTE [ABIDE1 fd<0.3] NYU_sub-0051021_run-1: mean_fd=0.1424, kept=352.0s, rois=200, confounds=32
WROTE [ABIDE1 fd<0.3] NYU_sub-0051023_run-1: mean_fd=0.0746, kept=356.0s, rois=200, confounds=32
WROTE [ABIDE1 fd<0.3] NYU_sub-0051024_run-1: mean_fd=0.0707, kept=356.0s, rois=200, confounds=32
WROTE [ABIDE1 fd<0.3] NYU_sub-0051025_run-1: mean_fd=0.0879, kept=354.0s, rois=200, confounds=32
WROTE [ABIDE1 fd<0.3] NYU_sub-0051026_run-1: mean_fd=0.0580, kept=356.0s, rois=200, confounds=32
WROTE [ABIDE1 fd<0.3] NYU_sub-0051027_run-1: mean_fd=0.0828, kept=356.0s, rois=200, confounds=32
WROTE [ABIDE1 fd<0.3] NYU_sub-0051028_run-1: mean_fd=0.0394, kept=356.0s, rois=200, confounds=32
WROTE [ABIDE1 fd<0.3] NYU_sub-0051029_run-1: mean_fd=0.1262, kept=354.0s, rois=200, confounds=32
EXCLUDE [ABIDE1 fd<0.3] NYU_sub-0051030_run-1: mean_fd>0.3; mean_fd=0.3626, kept=206.0s
WROTE [ABIDE1 fd<0.3] NYU_sub-0051032_run-1: mean_fd=0.1600, kept=334.0s, rois=200, confounds=32
WROTE [ABIDE1 fd<0.3] NYU_sub-0051033_run-1: mean_fd=0.2725, kept=312.0s, rois=200, confounds=32
WROTE [ABIDE1 fd<0.3] NYU_sub-0051034_run-1: mean_fd=0.2971, kept=300.0s, rois=200, confounds=32
WROTE [ABIDE1 fd<0.3] NYU_sub-0051035_run-1: mean_fd=0.2880, kept=312.0s, rois=200, confounds=32
WROTE [ABIDE1 fd<0.3] NYU_sub-0051036_run-1: mean_fd=0.0996, kept=352.0s, rois=200, confounds=32
WROTE [ABIDE1 fd<0.3] NYU_sub-0051038_run-1: mean_fd=0.0643, kept=354.0s, rois=200, confounds=32
WROTE [ABIDE1 fd<0.3] NYU_sub-0051039_run-1: mean_fd=0.0853, kept=356.0s, rois=200, confounds=32
WROTE [ABIDE1 fd<0.3] NYU_sub-0051040_run-1: mean_fd=0.0652, kept=354.0s, rois=200, confounds=32
WROTE [ABIDE1 fd<0.3] NYU_sub-0051041_run-1: mean_fd=0.1236, kept=354.0s, rois=200, confounds=32
WROTE [ABIDE1 fd<0.3] NYU_sub-0051042_run-1: mean_fd=0.1045, kept=356.0s, rois=200, confounds=32
WROTE [ABIDE1 fd<0.3] NYU_sub-0051044_run-1: mean_fd=0.0718, kept=354.0s, rois=200, confounds=32
WROTE [ABIDE1 fd<0.3] NYU_sub-0051045_run-1: mean_fd=0.1694, kept=354.0s, rois=200, confounds=32
WROTE [ABIDE1 fd<0.3] NYU_sub-0051046_run-1: mean_fd=0.0706, kept=356.0s, rois=200, confounds=32
WROTE [ABIDE1 fd<0.3] NYU_sub-0051047_run-1: mean_fd=0.0697, kept=356.0s, rois=200, confounds=32
WROTE [ABIDE1 fd<0.3] NYU_sub-0051048_run-1: mean_fd=0.0836, kept=356.0s, rois=200, confounds=32
WROTE [ABIDE1 fd<0.3] NYU_sub-0051049_run-1: mean_fd=0.0634, kept=356.0s, rois=200, confounds=32
WROTE [ABIDE1 fd<0.3] NYU_sub-0051050_run-1: mean_fd=0.0689, kept=354.0s, rois=200, confounds=32
WROTE [ABIDE1 fd<0.3] NYU_sub-0051051_run-1: mean_fd=0.0906, kept=356.0s, rois=200, confounds=32
WROTE [ABIDE1 fd<0.3] NYU_sub-0051052_run-1: mean_fd=0.0771, kept=356.0s, rois=200, confounds=32
WROTE [ABIDE1 fd<0.3] NYU_sub-0051053_run-1: mean_fd=0.0867, kept=356.0s, rois=200, confounds=32
WROTE [ABIDE1 fd<0.3] NYU_sub-0051054_run-1: mean_fd=0.1461, kept=356.0s, rois=200, confounds=32
WROTE [ABIDE1 fd<0.3] NYU_sub-0051055_run-1: mean_fd=0.0973, kept=354.0s, rois=200, confounds=32
WROTE [ABIDE1 fd<0.3] NYU_sub-0051056_run-1: mean_fd=0.0439, kept=356.0s, rois=200, confounds=32
WROTE [ABIDE1 fd<0.3] NYU_sub-0051057_run-1: mean_fd=0.0546, kept=356.0s, rois=200, confounds=32
WROTE [ABIDE1 fd<0.3] NYU_sub-0051058_run-1: mean_fd=0.1044, kept=354.0s, rois=200, confounds=32
WROTE [ABIDE1 fd<0.3] NYU_sub-0051059_run-1: mean_fd=0.0770, kept=356.0s, rois=200, confounds=32
WROTE [ABIDE1 fd<0.3] NYU_sub-0051060_run-1: mean_fd=0.1469, kept=354.0s, rois=200, confounds=32
WROTE [ABIDE1 fd<0.3] NYU_sub-0051061_run-1: mean_fd=0.0513, kept=356.0s, rois=200, confounds=32
WROTE [ABIDE1 fd<0.3] NYU_sub-0051062_run-1: mean_fd=0.1026, kept=352.0s, rois=200, confounds=32
WROTE [ABIDE1 fd<0.3] NYU_sub-0051063_run-1: mean_fd=0.1029, kept=356.0s, rois=200, confounds=32
WROTE [ABIDE1 fd<0.3] NYU_sub-0051064_run-1: mean_fd=0.0941, kept=356.0s, rois=200, confounds=32
WROTE [ABIDE1 fd<0.3] NYU_sub-0051065_run-1: mean_fd=0.1271, kept=356.0s, rois=200, confounds=32
WROTE [ABIDE1 fd<0.3] NYU_sub-0051066_run-1: mean_fd=0.1175, kept=350.0s, rois=200, confounds=32
WROTE [ABIDE1 fd<0.3] NYU_sub-0051067_run-1: mean_fd=0.1033, kept=352.0s, rois=200, confounds=32
WROTE [ABIDE1 fd<0.3] NYU_sub-0051068_run-1: mean_fd=0.1033, kept=348.0s, rois=200, confounds=32
WROTE [ABIDE1 fd<0.3] NYU_sub-0051069_run-1: mean_fd=0.0686, kept=356.0s, rois=200, confounds=32
WROTE [ABIDE1 fd<0.3] NYU_sub-0051070_run-1: mean_fd=0.1345, kept=350.0s, rois=200, confounds=32
WROTE [ABIDE1 fd<0.3] NYU_sub-0051071_run-1: mean_fd=0.0957, kept=354.0s, rois=200, confounds=32
WROTE [ABIDE1 fd<0.3] NYU_sub-0051072_run-1: mean_fd=0.1087, kept=354.0s, rois=200, confounds=32
WROTE [ABIDE1 fd<0.3] NYU_sub-0051073_run-1: mean_fd=0.1309, kept=356.0s, rois=200, confounds=32
WROTE [ABIDE1 fd<0.3] NYU_sub-0051074_run-1: mean_fd=0.0718, kept=356.0s, rois=200, confounds=32
WROTE [ABIDE1 fd<0.3] NYU_sub-0051075_run-1: mean_fd=0.1377, kept=354.0s, rois=200, confounds=32
WROTE [ABIDE1 fd<0.3] NYU_sub-0051076_run-1: mean_fd=0.0573, kept=356.0s, rois=200, confounds=32
EXCLUDE [ABIDE1 fd<0.3] NYU_sub-0051077_run-1: mean_fd>0.3; mean_fd=0.3089, kept=286.0s
WROTE [ABIDE1 fd<0.3] NYU_sub-0051078_run-1: mean_fd=0.1069, kept=350.0s, rois=200, confounds=32
WROTE [ABIDE1 fd<0.3] NYU_sub-0051079_run-1: mean_fd=0.1094, kept=348.0s, rois=200, confounds=32
WROTE [ABIDE1 fd<0.3] NYU_sub-0051080_run-1: mean_fd=0.0801, kept=352.0s, rois=200, confounds=32
WROTE [ABIDE1 fd<0.3] NYU_sub-0051081_run-1: mean_fd=0.0640, kept=356.0s, rois=200, confounds=32
WROTE [ABIDE1 fd<0.3] NYU_sub-0051082_run-1: mean_fd=0.1574, kept=342.0s, rois=200, confounds=32
WROTE [ABIDE1 fd<0.3] NYU_sub-0051083_run-1: mean_fd=0.1186, kept=346.0s, rois=200, confounds=32
WROTE [ABIDE1 fd<0.3] NYU_sub-0051084_run-1: mean_fd=0.1464, kept=342.0s, rois=200, confounds=32
WROTE [ABIDE1 fd<0.3] NYU_sub-0051085_run-1: mean_fd=0.0850, kept=356.0s, rois=200, confounds=32
WROTE [ABIDE1 fd<0.3] NYU_sub-0051086_run-1: mean_fd=0.0816, kept=352.0s, rois=200, confounds=32
WROTE [ABIDE1 fd<0.3] NYU_sub-0051087_run-1: mean_fd=0.2300, kept=330.0s, rois=200, confounds=32
WROTE [ABIDE1 fd<0.3] NYU_sub-0051088_run-1: mean_fd=0.1147, kept=354.0s, rois=200, confounds=32
WROTE [ABIDE1 fd<0.3] NYU_sub-0051089_run-1: mean_fd=0.1603, kept=348.0s, rois=200, confounds=32
WROTE [ABIDE1 fd<0.3] NYU_sub-0051090_run-1: mean_fd=0.0719, kept=356.0s, rois=200, confounds=32
WROTE [ABIDE1 fd<0.3] NYU_sub-0051091_run-1: mean_fd=0.1280, kept=354.0s, rois=200, confounds=32
WROTE [ABIDE1 fd<0.3] NYU_sub-0051093_run-1: mean_fd=0.1202, kept=350.0s, rois=200, confounds=32
WROTE [ABIDE1 fd<0.3] NYU_sub-0051094_run-1: mean_fd=0.1500, kept=350.0s, rois=200, confounds=32
WROTE [ABIDE1 fd<0.3] NYU_sub-0051095_run-1: mean_fd=0.2054, kept=322.0s, rois=200, confounds=32
WROTE [ABIDE1 fd<0.3] NYU_sub-0051096_run-1: mean_fd=0.0546, kept=356.0s, rois=200, confounds=32
WROTE [ABIDE1 fd<0.3] NYU_sub-0051097_run-1: mean_fd=0.0999, kept=352.0s, rois=200, confounds=32
WROTE [ABIDE1 fd<0.3] NYU_sub-0051098_run-1: mean_fd=0.1239, kept=356.0s, rois=200, confounds=32
WROTE [ABIDE1 fd<0.3] NYU_sub-0051099_run-1: mean_fd=0.1175, kept=356.0s, rois=200, confounds=32
WROTE [ABIDE1 fd<0.3] NYU_sub-0051100_run-1: mean_fd=0.1058, kept=352.0s, rois=200, confounds=32
WROTE [ABIDE1 fd<0.3] NYU_sub-0051101_run-1: mean_fd=0.1696, kept=350.0s, rois=200, confounds=32
WROTE [ABIDE1 fd<0.3] NYU_sub-0051102_run-1: mean_fd=0.1853, kept=330.0s, rois=200, confounds=32
WROTE [ABIDE1 fd<0.3] NYU_sub-0051103_run-1: mean_fd=0.1328, kept=348.0s, rois=200, confounds=32
WROTE [ABIDE1 fd<0.3] NYU_sub-0051104_run-1: mean_fd=0.0749, kept=354.0s, rois=200, confounds=32
WROTE [ABIDE1 fd<0.3] NYU_sub-0051105_run-1: mean_fd=0.0546, kept=356.0s, rois=200, confounds=32
WROTE [ABIDE1 fd<0.3] NYU_sub-0051106_run-1: mean_fd=0.0775, kept=354.0s, rois=200, confounds=32
WROTE [ABIDE1 fd<0.3] NYU_sub-0051107_run-1: mean_fd=0.0838, kept=356.0s, rois=200, confounds=32
WROTE [ABIDE1 fd<0.3] NYU_sub-0051108_run-1: mean_fd=0.0674, kept=356.0s, rois=200, confounds=32
WROTE [ABIDE1 fd<0.3] NYU_sub-0051109_run-1: mean_fd=0.1395, kept=350.0s, rois=200, confounds=32
WROTE [ABIDE1 fd<0.3] NYU_sub-0051110_run-1: mean_fd=0.0951, kept=354.0s, rois=200, confounds=32
WROTE [ABIDE1 fd<0.3] NYU_sub-0051111_run-1: mean_fd=0.0824, kept=354.0s, rois=200, confounds=32
WROTE [ABIDE1 fd<0.3] NYU_sub-0051112_run-1: mean_fd=0.0935, kept=352.0s, rois=200, confounds=32
WROTE [ABIDE1 fd<0.3] NYU_sub-0051113_run-1: mean_fd=0.0752, kept=356.0s, rois=200, confounds=32
WROTE [ABIDE1 fd<0.3] NYU_sub-0051114_run-1: mean_fd=0.0667, kept=356.0s, rois=200, confounds=32
WROTE [ABIDE1 fd<0.3] NYU_sub-0051115_run-1: mean_fd=0.1037, kept=352.0s, rois=200, confounds=32
WROTE [ABIDE1 fd<0.3] NYU_sub-0051116_run-1: mean_fd=0.0949, kept=356.0s, rois=200, confounds=32
WROTE [ABIDE1 fd<0.3] NYU_sub-0051117_run-1: mean_fd=0.0737, kept=356.0s, rois=200, confounds=32
WROTE [ABIDE1 fd<0.3] NYU_sub-0051118_run-1: mean_fd=0.1765, kept=356.0s, rois=200, confounds=32
WROTE [ABIDE1 fd<0.3] NYU_sub-0051119_run-1: mean_fd=0.0733, kept=354.0s, rois=200, confounds=32
WROTE [ABIDE1 fd<0.3] NYU_sub-0051120_run-1: mean_fd=0.0923, kept=356.0s, rois=200, confounds=32
WROTE [ABIDE1 fd<0.3] NYU_sub-0051121_run-1: mean_fd=0.0798, kept=356.0s, rois=200, confounds=32
WROTE [ABIDE1 fd<0.3] NYU_sub-0051122_run-1: mean_fd=0.1373, kept=352.0s, rois=200, confounds=32
WROTE [ABIDE1 fd<0.3] NYU_sub-0051123_run-1: mean_fd=0.1834, kept=332.0s, rois=200, confounds=32
WROTE [ABIDE1 fd<0.3] NYU_sub-0051124_run-1: mean_fd=0.0616, kept=356.0s, rois=200, confounds=32
WROTE [ABIDE1 fd<0.3] NYU_sub-0051125_run-1: mean_fd=0.0643, kept=354.0s, rois=200, confounds=32
WROTE [ABIDE1 fd<0.3] NYU_sub-0051126_run-1: mean_fd=0.0677, kept=356.0s, rois=200, confounds=32
EXCLUDE [ABIDE1 fd<0.3] NYU_sub-0051127_run-1: mean_fd>0.3; mean_fd=0.3479, kept=270.0s
WROTE [ABIDE1 fd<0.3] NYU_sub-0051128_run-1: mean_fd=0.0602, kept=356.0s, rois=200, confounds=32
WROTE [ABIDE1 fd<0.3] NYU_sub-0051129_run-1: mean_fd=0.1319, kept=354.0s, rois=200, confounds=32
WROTE [ABIDE1 fd<0.3] NYU_sub-0051130_run-1: mean_fd=0.1358, kept=354.0s, rois=200, confounds=32
WROTE [ABIDE1 fd<0.3] NYU_sub-0051131_run-1: mean_fd=0.0686, kept=356.0s, rois=200, confounds=32
WROTE [ABIDE1 fd<0.3] TRINITY_sub-0051132_run-1: mean_fd=0.1056, kept=300.0s, rois=200, confounds=32
WROTE [ABIDE1 fd<0.3] TRINITY_sub-0051133_run-1: mean_fd=0.1216, kept=296.0s, rois=200, confounds=32
WROTE [ABIDE1 fd<0.3] TRINITY_sub-0051134_run-1: mean_fd=0.1605, kept=296.0s, rois=200, confounds=32
WROTE [ABIDE1 fd<0.3] TRINITY_sub-0051135_run-1: mean_fd=0.0976, kept=300.0s, rois=200, confounds=32
EXCLUDE [ABIDE1 fd<0.3] TRINITY_sub-0051136_run-1: mean_fd>0.3; mean_fd=0.8398, kept=60.0s
WROTE [ABIDE1 fd<0.3] TRINITY_sub-0051137_run-1: mean_fd=0.1541, kept=298.0s, rois=200, confounds=32
WROTE [ABIDE1 fd<0.3] TRINITY_sub-0051138_run-1: mean_fd=0.1151, kept=300.0s, rois=200, confounds=32
WROTE [ABIDE1 fd<0.3] TRINITY_sub-0051139_run-1: mean_fd=0.1076, kept=300.0s, rois=200, confounds=32
WROTE [ABIDE1 fd<0.3] TRINITY_sub-0051140_run-1: mean_fd=0.0875, kept=300.0s, rois=200, confounds=32
WROTE [ABIDE1 fd<0.3] TRINITY_sub-0051141_run-1: mean_fd=0.1774, kept=278.0s, rois=200, confounds=32
WROTE [ABIDE1 fd<0.3] TRINITY_sub-0051142_run-1: mean_fd=0.1334, kept=300.0s, rois=200, confounds=32
WROTE [ABIDE1 fd<0.3] NYU_sub-0051146_run-1: mean_fd=0.0999, kept=356.0s, rois=200, confounds=32
WROTE [ABIDE1 fd<0.3] NYU_sub-0051147_run-1: mean_fd=0.0688, kept=356.0s, rois=200, confounds=32
WROTE [ABIDE1 fd<0.3] NYU_sub-0051148_run-1: mean_fd=0.0935, kept=354.0s, rois=200, confounds=32
WROTE [ABIDE1 fd<0.3] NYU_sub-0051149_run-1: mean_fd=0.1610, kept=354.0s, rois=200, confounds=32
WROTE [ABIDE1 fd<0.3] NYU_sub-0051150_run-1: mean_fd=0.2481, kept=328.0s, rois=200, confounds=32
WROTE [ABIDE1 fd<0.3] NYU_sub-0051151_run-1: mean_fd=0.0794, kept=352.0s, rois=200, confounds=32
WROTE [ABIDE1 fd<0.3] NYU_sub-0051152_run-1: mean_fd=0.0963, kept=356.0s, rois=200, confounds=32
WROTE [ABIDE1 fd<0.3] NYU_sub-0051153_run-1: mean_fd=0.0963, kept=354.0s, rois=200, confounds=32
WROTE [ABIDE1 fd<0.3] NYU_sub-0051154_run-1: mean_fd=0.0989, kept=356.0s, rois=200, confounds=32
WROTE [ABIDE1 fd<0.3] NYU_sub-0051155_run-1: mean_fd=0.0819, kept=354.0s, rois=200, confounds=32
WROTE [ABIDE1 fd<0.3] NYU_sub-0051156_run-1: mean_fd=0.1704, kept=304.0s, rois=200, confounds=32
EXCLUDE [ABIDE1 fd<0.3] NYU_sub-0051159_run-1: mean_fd>0.3; mean_fd=0.3646, kept=302.0s
EXCLUDE [ABIDE1 fd<0.3] STANFORD_sub-0051161_run-1: mean_fd>0.3; mean_fd=0.5147, kept=226.0s
WROTE [ABIDE1 fd<0.3] STANFORD_sub-0051162_run-1: mean_fd=0.0650, kept=360.0s, rois=200, confounds=32
WROTE [ABIDE1 fd<0.3] STANFORD_sub-0051163_run-1: mean_fd=0.1280, kept=338.0s, rois=200, confounds=32
WROTE [ABIDE1 fd<0.3] STANFORD_sub-0051164_run-1: mean_fd=0.1142, kept=342.0s, rois=200, confounds=32
WROTE [ABIDE1 fd<0.3] STANFORD_sub-0051165_run-1: mean_fd=0.1764, kept=336.0s, rois=200, confounds=32
EXCLUDE [ABIDE1 fd<0.3] STANFORD_sub-0051166_run-1: mean_fd>0.3; mean_fd=0.5460, kept=206.0s
WROTE [ABIDE1 fd<0.3] STANFORD_sub-0051167_run-1: mean_fd=0.2195, kept=318.0s, rois=200, confounds=32
WROTE [ABIDE1 fd<0.3] STANFORD_sub-0051168_run-1: mean_fd=0.1761, kept=316.0s, rois=200, confounds=32
WROTE [ABIDE1 fd<0.3] STANFORD_sub-0051169_run-1: mean_fd=0.1536, kept=352.0s, rois=200, confounds=32
WROTE [ABIDE1 fd<0.3] STANFORD_sub-0051170_run-1: mean_fd=0.1377, kept=348.0s, rois=200, confounds=32
WROTE [ABIDE1 fd<0.3] STANFORD_sub-0051171_run-1: mean_fd=0.1256, kept=358.0s, rois=200, confounds=32
WROTE [ABIDE1 fd<0.3] STANFORD_sub-0051172_run-1: mean_fd=0.1607, kept=332.0s, rois=200, confounds=32
WROTE [ABIDE1 fd<0.3] STANFORD_sub-0051173_run-1: mean_fd=0.1603, kept=340.0s, rois=200, confounds=32
WROTE [ABIDE1 fd<0.3] STANFORD_sub-0051174_run-1: mean_fd=0.1265, kept=466.0s, rois=200, confounds=32
WROTE [ABIDE1 fd<0.3] STANFORD_sub-0051175_run-1: mean_fd=0.2498, kept=292.0s, rois=200, confounds=32
EXCLUDE [ABIDE1 fd<0.3] STANFORD_sub-0051176_run-1: mean_fd>0.3; mean_fd=0.4916, kept=206.0s
WROTE [ABIDE1 fd<0.3] STANFORD_sub-0051177_run-1: mean_fd=0.0875, kept=360.0s, rois=200, confounds=32
WROTE [ABIDE1 fd<0.3] STANFORD_sub-0051178_run-1: mean_fd=0.1896, kept=284.0s, rois=200, confounds=32
WROTE [ABIDE1 fd<0.3] STANFORD_sub-0051179_run-1: mean_fd=0.1891, kept=358.0s, rois=200, confounds=32
WROTE [ABIDE1 fd<0.3] STANFORD_sub-0051180_run-1: mean_fd=0.0984, kept=478.0s, rois=200, confounds=32
WROTE [ABIDE1 fd<0.3] STANFORD_sub-0051181_run-1: mean_fd=0.1483, kept=476.0s, rois=200, confounds=32
WROTE [ABIDE1 fd<0.3] STANFORD_sub-0051182_run-1: mean_fd=0.0591, kept=480.0s, rois=200, confounds=32
WROTE [ABIDE1 fd<0.3] STANFORD_sub-0051183_run-1: mean_fd=0.2106, kept=428.0s, rois=200, confounds=32
WROTE [ABIDE1 fd<0.3] STANFORD_sub-0051184_run-1: mean_fd=0.1001, kept=480.0s, rois=200, confounds=32
EXCLUDE [ABIDE1 fd<0.3] STANFORD_sub-0051185_run-1: mean_fd>0.3; mean_fd=0.3178, kept=362.0s
EXCLUDE [ABIDE1 fd<0.3] STANFORD_sub-0051186_run-1: mean_fd>0.3; mean_fd=0.3216, kept=360.0s
WROTE [ABIDE1 fd<0.3] STANFORD_sub-0051187_run-1: mean_fd=0.0915, kept=470.0s, rois=200, confounds=32
WROTE [ABIDE1 fd<0.3] STANFORD_sub-0051188_run-1: mean_fd=0.0908, kept=480.0s, rois=200, confounds=32
WROTE [ABIDE1 fd<0.3] STANFORD_sub-0051189_run-1: mean_fd=0.2334, kept=448.0s, rois=200, confounds=32
WROTE [ABIDE1 fd<0.3] STANFORD_sub-0051190_run-1: mean_fd=0.1509, kept=468.0s, rois=200, confounds=32
WROTE [ABIDE1 fd<0.3] STANFORD_sub-0051192_run-1: mean_fd=0.1080, kept=462.0s, rois=200, confounds=32
WROTE [ABIDE1 fd<0.3] STANFORD_sub-0051193_run-1: mean_fd=0.2692, kept=416.0s, rois=200, confounds=32
WROTE [ABIDE1 fd<0.3] STANFORD_sub-0051194_run-1: mean_fd=0.0645, kept=480.0s, rois=200, confounds=32
EXCLUDE [ABIDE1 fd<0.3] STANFORD_sub-0051195_run-1: mean_fd>0.3; mean_fd=0.6065, kept=400.0s
WROTE [ABIDE1 fd<0.3] STANFORD_sub-0051196_run-1: mean_fd=0.1832, kept=454.0s, rois=200, confounds=32
WROTE [ABIDE1 fd<0.3] STANFORD_sub-0051197_run-1: mean_fd=0.0907, kept=478.0s, rois=200, confounds=32
WROTE [ABIDE1 fd<0.3] STANFORD_sub-0051198_run-1: mean_fd=0.0701, kept=480.0s, rois=200, confounds=32
EXCLUDE [ABIDE1 fd<0.3] STANFORD_sub-0051199_run-1: mean_fd>0.3; mean_fd=0.3147, kept=380.0s
EXCLUDE [ABIDE1 fd<0.3] UCLA_1_sub-0051201_run-1: mean_fd>0.3; mean_fd=0.4912, kept=174.0s
EXCLUDE [ABIDE1 fd<0.3] UCLA_1_sub-0051202_run-1: mean_fd>0.3; mean_fd=0.5639, kept=255.0s
EXCLUDE [ABIDE1 fd<0.3] UCLA_1_sub-0051203_run-1: mean_fd>0.3; mean_fd=1.0884, kept=195.0s
EXCLUDE [ABIDE1 fd<0.3] UCLA_1_sub-0051204_run-1: mean_fd>0.3; mean_fd=0.6174, kept=159.0s
WROTE [ABIDE1 fd<0.3] UCLA_1_sub-0051205_run-1: mean_fd=0.1130, kept=351.0s, rois=200, confounds=32
WROTE [ABIDE1 fd<0.3] UCLA_1_sub-0051206_run-1: mean_fd=0.1111, kept=351.0s, rois=200, confounds=32
EXCLUDE [ABIDE1 fd<0.3] UCLA_1_sub-0051207_run-1: mean_fd>0.3; mean_fd=0.3205, kept=273.0s
WROTE [ABIDE1 fd<0.3] UCLA_1_sub-0051208_run-1: mean_fd=0.1852, kept=342.0s, rois=200, confounds=32
EXCLUDE [ABIDE1 fd<0.3] UCLA_1_sub-0051209_run-1: mean_fd>0.3; mean_fd=0.7988, kept=183.0s
WROTE [ABIDE1 fd<0.3] UCLA_1_sub-0051210_run-1: mean_fd=0.1312, kept=336.0s, rois=200, confounds=32
WROTE [ABIDE1 fd<0.3] UCLA_1_sub-0051211_run-1: mean_fd=0.2135, kept=327.0s, rois=200, confounds=32
WROTE [ABIDE1 fd<0.3] UCLA_1_sub-0051212_run-1: mean_fd=0.1524, kept=357.0s, rois=200, confounds=32
EXCLUDE [ABIDE1 fd<0.3] UCLA_1_sub-0051213_run-1: mean_fd>0.3; mean_fd=1.1518, kept=108.0s
WROTE [ABIDE1 fd<0.3] UCLA_1_sub-0051214_run-1: mean_fd=0.1862, kept=351.0s, rois=200, confounds=32
EXCLUDE [ABIDE1 fd<0.3] UCLA_1_sub-0051215_run-1: mean_fd>0.3; mean_fd=0.3745, kept=285.0s
WROTE [ABIDE1 fd<0.3] UCLA_1_sub-0051216_run-1: mean_fd=0.1964, kept=324.0s, rois=200, confounds=32
WROTE [ABIDE1 fd<0.3] UCLA_1_sub-0051217_run-1: mean_fd=0.0851, kept=360.0s, rois=200, confounds=32
WROTE [ABIDE1 fd<0.3] UCLA_1_sub-0051218_run-1: mean_fd=0.0701, kept=357.0s, rois=200, confounds=32
EXCLUDE [ABIDE1 fd<0.3] UCLA_1_sub-0051219_run-1: mean_fd>0.3; mean_fd=0.3849, kept=291.0s
WROTE [ABIDE1 fd<0.3] UCLA_1_sub-0051220_run-1: mean_fd=0.1593, kept=354.0s, rois=200, confounds=32
WROTE [ABIDE1 fd<0.3] UCLA_1_sub-0051221_run-1: mean_fd=0.1388, kept=330.0s, rois=200, confounds=32
WROTE [ABIDE1 fd<0.3] UCLA_1_sub-0051222_run-1: mean_fd=0.0967, kept=357.0s, rois=200, confounds=32
WROTE [ABIDE1 fd<0.3] UCLA_1_sub-0051223_run-1: mean_fd=0.1386, kept=351.0s, rois=200, confounds=32
WROTE [ABIDE1 fd<0.3] UCLA_1_sub-0051224_run-1: mean_fd=0.0891, kept=351.0s, rois=200, confounds=32
WROTE [ABIDE1 fd<0.3] UCLA_1_sub-0051225_run-1: mean_fd=0.1700, kept=360.0s, rois=200, confounds=32
WROTE [ABIDE1 fd<0.3] UCLA_1_sub-0051226_run-1: mean_fd=0.1708, kept=336.0s, rois=200, confounds=32
EXCLUDE [ABIDE1 fd<0.3] UCLA_1_sub-0051227_run-1: mean_fd>0.3; mean_fd=0.4757, kept=174.0s
EXCLUDE [ABIDE1 fd<0.3] UCLA_1_sub-0051228_run-1: mean_fd>0.3; mean_fd=1.9378, kept=15.0s
WROTE [ABIDE1 fd<0.3] UCLA_1_sub-0051229_run-1: mean_fd=0.0713, kept=354.0s, rois=200, confounds=32
WROTE [ABIDE1 fd<0.3] UCLA_1_sub-0051230_run-1: mean_fd=0.0667, kept=357.0s, rois=200, confounds=32
EXCLUDE [ABIDE1 fd<0.3] UCLA_1_sub-0051231_run-1: mean_fd>0.3; mean_fd=0.4348, kept=276.0s
WROTE [ABIDE1 fd<0.3] UCLA_1_sub-0051234_run-1: mean_fd=0.0628, kept=360.0s, rois=200, confounds=32
WROTE [ABIDE1 fd<0.3] UCLA_1_sub-0051235_run-1: mean_fd=0.1132, kept=345.0s, rois=200, confounds=32
EXCLUDE [ABIDE1 fd<0.3] UCLA_1_sub-0051236_run-1: mean_fd>0.3; mean_fd=0.3202, kept=225.0s
WROTE [ABIDE1 fd<0.3] UCLA_1_sub-0051237_run-1: mean_fd=0.0616, kept=360.0s, rois=200, confounds=32
EXCLUDE [ABIDE1 fd<0.3] UCLA_1_sub-0051238_run-1: mean_fd>0.3; mean_fd=0.8224, kept=102.0s
WROTE [ABIDE1 fd<0.3] UCLA_1_sub-0051239_run-1: mean_fd=0.2126, kept=351.0s, rois=200, confounds=32
WROTE [ABIDE1 fd<0.3] UCLA_1_sub-0051240_run-1: mean_fd=0.1458, kept=336.0s, rois=200, confounds=32
WROTE [ABIDE1 fd<0.3] UCLA_1_sub-0051241_run-1: mean_fd=0.0756, kept=357.0s, rois=200, confounds=32
WROTE [ABIDE1 fd<0.3] UCLA_1_sub-0051248_run-1: mean_fd=0.0684, kept=354.0s, rois=200, confounds=32
WROTE [ABIDE1 fd<0.3] UCLA_1_sub-0051249_run-1: mean_fd=0.1371, kept=360.0s, rois=200, confounds=32
WROTE [ABIDE1 fd<0.3] UCLA_1_sub-0051250_run-1: mean_fd=0.1688, kept=327.0s, rois=200, confounds=32
WROTE [ABIDE1 fd<0.3] UCLA_1_sub-0051251_run-1: mean_fd=0.2372, kept=315.0s, rois=200, confounds=32
WROTE [ABIDE1 fd<0.3] UCLA_1_sub-0051252_run-1: mean_fd=0.1276, kept=357.0s, rois=200, confounds=32
WROTE [ABIDE1 fd<0.3] UCLA_1_sub-0051253_run-1: mean_fd=0.0450, kept=360.0s, rois=200, confounds=32
WROTE [ABIDE1 fd<0.3] UCLA_1_sub-0051254_run-1: mean_fd=0.0937, kept=342.0s, rois=200, confounds=32
WROTE [ABIDE1 fd<0.3] UCLA_1_sub-0051255_run-1: mean_fd=0.1171, kept=360.0s, rois=200, confounds=32
WROTE [ABIDE1 fd<0.3] UCLA_1_sub-0051256_run-1: mean_fd=0.0770, kept=360.0s, rois=200, confounds=32
WROTE [ABIDE1 fd<0.3] UCLA_1_sub-0051257_run-1: mean_fd=0.1114, kept=360.0s, rois=200, confounds=32
EXCLUDE [ABIDE1 fd<0.3] UCLA_1_sub-0051258_run-1: mean_fd>0.3; mean_fd=1.5194, kept=126.0s
EXCLUDE [ABIDE1 fd<0.3] UCLA_1_sub-0051259_run-1: mean_fd>0.3; mean_fd=0.4555, kept=234.0s
WROTE [ABIDE1 fd<0.3] UCLA_1_sub-0051260_run-1: mean_fd=0.0647, kept=360.0s, rois=200, confounds=32
WROTE [ABIDE1 fd<0.3] UCLA_1_sub-0051261_run-1: mean_fd=0.1758, kept=327.0s, rois=200, confounds=32
WROTE [ABIDE1 fd<0.3] UCLA_1_sub-0051262_run-1: mean_fd=0.1303, kept=348.0s, rois=200, confounds=32
EXCLUDE [ABIDE1 fd<0.3] UCLA_1_sub-0051263_run-1: mean_fd>0.3; mean_fd=0.7196, kept=276.0s
WROTE [ABIDE1 fd<0.3] UCLA_1_sub-0051264_run-1: mean_fd=0.1106, kept=351.0s, rois=200, confounds=32
WROTE [ABIDE1 fd<0.3] UCLA_1_sub-0051265_run-1: mean_fd=0.0764, kept=360.0s, rois=200, confounds=32
WROTE [ABIDE1 fd<0.3] UCLA_1_sub-0051266_run-1: mean_fd=0.1924, kept=327.0s, rois=200, confounds=32
WROTE [ABIDE1 fd<0.3] UCLA_1_sub-0051267_run-1: mean_fd=0.0479, kept=360.0s, rois=200, confounds=32
WROTE [ABIDE1 fd<0.3] UCLA_1_sub-0051268_run-1: mean_fd=0.1093, kept=351.0s, rois=200, confounds=32
WROTE [ABIDE1 fd<0.3] UCLA_1_sub-0051269_run-1: mean_fd=0.1575, kept=345.0s, rois=200, confounds=32
WROTE [ABIDE1 fd<0.3] UCLA_1_sub-0051271_run-1: mean_fd=0.0663, kept=360.0s, rois=200, confounds=32
WROTE [ABIDE1 fd<0.3] UCLA_1_sub-0051272_run-1: mean_fd=0.0746, kept=360.0s, rois=200, confounds=32
WROTE [ABIDE1 fd<0.3] UCLA_1_sub-0051273_run-1: mean_fd=0.0965, kept=354.0s, rois=200, confounds=32
EXCLUDE [ABIDE1 fd<0.3] UCLA_1_sub-0051274_run-1: mean_fd>0.3; mean_fd=0.6496, kept=102.0s
WROTE [ABIDE1 fd<0.3] UCLA_1_sub-0051275_run-1: mean_fd=0.1293, kept=357.0s, rois=200, confounds=32
WROTE [ABIDE1 fd<0.3] UCLA_1_sub-0051276_run-1: mean_fd=0.0752, kept=360.0s, rois=200, confounds=32
WROTE [ABIDE1 fd<0.3] UCLA_1_sub-0051277_run-1: mean_fd=0.0594, kept=360.0s, rois=200, confounds=32
EXCLUDE [ABIDE1 fd<0.3] UCLA_1_sub-0051278_run-1: mean_fd>0.3; mean_fd=0.4516, kept=207.0s
WROTE [ABIDE1 fd<0.3] UCLA_1_sub-0051279_run-1: mean_fd=0.0649, kept=360.0s, rois=200, confounds=32
WROTE [ABIDE1 fd<0.3] UCLA_1_sub-0051280_run-1: mean_fd=0.0727, kept=360.0s, rois=200, confounds=32
WROTE [ABIDE1 fd<0.3] UCLA_1_sub-0051281_run-1: mean_fd=0.1124, kept=351.0s, rois=200, confounds=32
WROTE [ABIDE1 fd<0.3] UCLA_1_sub-0051282_run-1: mean_fd=0.1743, kept=333.0s, rois=200, confounds=32
WROTE [ABIDE1 fd<0.3] UCLA_2_sub-0051291_run-1: mean_fd=0.1008, kept=357.0s, rois=200, confounds=32
EXCLUDE [ABIDE1 fd<0.3] UCLA_2_sub-0051292_run-1: mean_fd>0.3; mean_fd=0.8248, kept=150.0s
WROTE [ABIDE1 fd<0.3] UCLA_2_sub-0051293_run-1: mean_fd=0.0748, kept=360.0s, rois=200, confounds=32
WROTE [ABIDE1 fd<0.3] UCLA_2_sub-0051294_run-1: mean_fd=0.2821, kept=321.0s, rois=200, confounds=32
WROTE [ABIDE1 fd<0.3] UCLA_2_sub-0051295_run-1: mean_fd=0.1710, kept=348.0s, rois=200, confounds=32
EXCLUDE [ABIDE1 fd<0.3] UCLA_2_sub-0051296_run-1: mean_fd>0.3; mean_fd=1.3772, kept=87.0s
EXCLUDE [ABIDE1 fd<0.3] UCLA_2_sub-0051297_run-1: mean_fd>0.3; mean_fd=0.4303, kept=231.0s
WROTE [ABIDE1 fd<0.3] UCLA_2_sub-0051298_run-1: mean_fd=0.2265, kept=327.0s, rois=200, confounds=32
EXCLUDE [ABIDE1 fd<0.3] UCLA_2_sub-0051299_run-1: mean_fd>0.3; mean_fd=0.5295, kept=267.0s
EXCLUDE [ABIDE1 fd<0.3] UCLA_2_sub-0051300_run-1: mean_fd>0.3; mean_fd=1.1122, kept=153.0s
WROTE [ABIDE1 fd<0.3] UCLA_2_sub-0051301_run-1: mean_fd=0.2309, kept=306.0s, rois=200, confounds=32
WROTE [ABIDE1 fd<0.3] UCLA_2_sub-0051302_run-1: mean_fd=0.2043, kept=339.0s, rois=200, confounds=32
WROTE [ABIDE1 fd<0.3] UCLA_2_sub-0051303_run-1: mean_fd=0.0527, kept=360.0s, rois=200, confounds=32
EXCLUDE [ABIDE1 fd<0.3] UCLA_2_sub-0051304_run-1: mean_fd>0.3; mean_fd=0.4455, kept=261.0s
WROTE [ABIDE1 fd<0.3] UCLA_2_sub-0051305_run-1: mean_fd=0.0990, kept=357.0s, rois=200, confounds=32
WROTE [ABIDE1 fd<0.3] UCLA_2_sub-0051306_run-1: mean_fd=0.1902, kept=354.0s, rois=200, confounds=32
WROTE [ABIDE1 fd<0.3] UCLA_2_sub-0051307_run-1: mean_fd=0.1807, kept=327.0s, rois=200, confounds=32
WROTE [ABIDE1 fd<0.3] UCLA_2_sub-0051308_run-1: mean_fd=0.0670, kept=360.0s, rois=200, confounds=32
WROTE [ABIDE1 fd<0.3] UCLA_2_sub-0051309_run-1: mean_fd=0.1897, kept=315.0s, rois=200, confounds=32
WROTE [ABIDE1 fd<0.3] UCLA_2_sub-0051311_run-1: mean_fd=0.0647, kept=360.0s, rois=200, confounds=32
WROTE [ABIDE1 fd<0.3] UCLA_2_sub-0051312_run-1: mean_fd=0.1479, kept=321.0s, rois=200, confounds=32
WROTE [ABIDE1 fd<0.3] UCLA_2_sub-0051313_run-1: mean_fd=0.0774, kept=360.0s, rois=200, confounds=32
WROTE [ABIDE1 fd<0.3] UCLA_2_sub-0051314_run-1: mean_fd=0.2188, kept=330.0s, rois=200, confounds=32
WROTE [ABIDE1 fd<0.3] UCLA_2_sub-0051315_run-1: mean_fd=0.0853, kept=360.0s, rois=200, confounds=32
WROTE [ABIDE1 fd<0.3] UCLA_2_sub-0051316_run-1: mean_fd=0.1385, kept=351.0s, rois=200, confounds=32
WROTE [ABIDE1 fd<0.3] UCLA_2_sub-0051317_run-1: mean_fd=0.1297, kept=351.0s, rois=200, confounds=32
WROTE [ABIDE1 fd<0.3] MAX_MUN_sub-0051318_run-1: mean_fd=0.0725, kept=360.0s, rois=200, confounds=32
WROTE [ABIDE1 fd<0.3] MAX_MUN_sub-0051319_run-1: mean_fd=0.0410, kept=360.0s, rois=200, confounds=32
WROTE [ABIDE1 fd<0.3] MAX_MUN_sub-0051321_run-1: mean_fd=0.0953, kept=357.0s, rois=200, confounds=32
WROTE [ABIDE1 fd<0.3] MAX_MUN_sub-0051322_run-1: mean_fd=0.1107, kept=360.0s, rois=200, confounds=32
WROTE [ABIDE1 fd<0.3] MAX_MUN_sub-0051323_run-1: mean_fd=0.0428, kept=360.0s, rois=200, confounds=32
WROTE [ABIDE1 fd<0.3] MAX_MUN_sub-0051324_run-1: mean_fd=0.1196, kept=351.0s, rois=200, confounds=32
WROTE [ABIDE1 fd<0.3] MAX_MUN_sub-0051325_run-1: mean_fd=0.0722, kept=360.0s, rois=200, confounds=32
WROTE [ABIDE1 fd<0.3] MAX_MUN_sub-0051326_run-1: mean_fd=0.1542, kept=357.0s, rois=200, confounds=32
WROTE [ABIDE1 fd<0.3] MAX_MUN_sub-0051327_run-1: mean_fd=0.1133, kept=360.0s, rois=200, confounds=32
WROTE [ABIDE1 fd<0.3] MAX_MUN_sub-0051328_run-1: mean_fd=0.0896, kept=357.0s, rois=200, confounds=32
WROTE [ABIDE1 fd<0.3] MAX_MUN_sub-0051329_run-1: mean_fd=0.2119, kept=573.0s, rois=200, confounds=32
WROTE [ABIDE1 fd<0.3] MAX_MUN_sub-0051330_run-1: mean_fd=0.2163, kept=540.0s, rois=200, confounds=32
WROTE [ABIDE1 fd<0.3] MAX_MUN_sub-0051331_run-1: mean_fd=0.1696, kept=546.0s, rois=200, confounds=32
WROTE [ABIDE1 fd<0.3] MAX_MUN_sub-0051332_run-1: mean_fd=0.0864, kept=348.0s, rois=200, confounds=32
WROTE [ABIDE1 fd<0.3] MAX_MUN_sub-0051333_run-1: mean_fd=0.1347, kept=360.0s, rois=200, confounds=32
WROTE [ABIDE1 fd<0.3] MAX_MUN_sub-0051335_run-1: mean_fd=0.0747, kept=360.0s, rois=200, confounds=32
WROTE [ABIDE1 fd<0.3] MAX_MUN_sub-0051336_run-1: mean_fd=0.2574, kept=312.0s, rois=200, confounds=32
WROTE [ABIDE1 fd<0.3] MAX_MUN_sub-0051338_run-1: mean_fd=0.0905, kept=357.0s, rois=200, confounds=32
WROTE [ABIDE1 fd<0.3] MAX_MUN_sub-0051339_run-1: mean_fd=0.0976, kept=357.0s, rois=200, confounds=32
WROTE [ABIDE1 fd<0.3] MAX_MUN_sub-0051340_run-1: mean_fd=0.0696, kept=360.0s, rois=200, confounds=32
EXCLUDE [ABIDE1 fd<0.3] MAX_MUN_sub-0051341_run-1: mean_fd>0.3; mean_fd=0.3594, kept=267.0s
WROTE [ABIDE1 fd<0.3] MAX_MUN_sub-0051342_run-1: mean_fd=0.0706, kept=360.0s, rois=200, confounds=32
WROTE [ABIDE1 fd<0.3] MAX_MUN_sub-0051343_run-1: mean_fd=0.1090, kept=354.0s, rois=200, confounds=32
WROTE [ABIDE1 fd<0.3] MAX_MUN_sub-0051344_run-1: mean_fd=0.1334, kept=345.0s, rois=200, confounds=32
WROTE [ABIDE1 fd<0.3] MAX_MUN_sub-0051345_run-1: mean_fd=0.0718, kept=360.0s, rois=200, confounds=32
WROTE [ABIDE1 fd<0.3] MAX_MUN_sub-0051346_run-1: mean_fd=0.0932, kept=357.0s, rois=200, confounds=32
WROTE [ABIDE1 fd<0.3] MAX_MUN_sub-0051347_run-1: mean_fd=0.0691, kept=360.0s, rois=200, confounds=32
WROTE [ABIDE1 fd<0.3] MAX_MUN_sub-0051348_run-1: mean_fd=0.2368, kept=312.0s, rois=200, confounds=32
WROTE [ABIDE1 fd<0.3] MAX_MUN_sub-0051349_run-1: mean_fd=0.2147, kept=519.0s, rois=200, confounds=32
EXCLUDE [ABIDE1 fd<0.3] MAX_MUN_sub-0051350_run-1: mean_fd>0.3; mean_fd=0.4260, kept=318.0s
WROTE [ABIDE1 fd<0.3] MAX_MUN_sub-0051351_run-1: mean_fd=0.1270, kept=594.0s, rois=200, confounds=32
EXCLUDE [ABIDE1 fd<0.3] MAX_MUN_sub-0051354_run-1: mean_fd>0.3; mean_fd=0.3638, kept=486.0s
WROTE [ABIDE1 fd<0.3] MAX_MUN_sub-0051355_run-1: mean_fd=0.2855, kept=465.0s, rois=200, confounds=32
WROTE [ABIDE1 fd<0.3] MAX_MUN_sub-0051356_run-1: mean_fd=0.1284, kept=588.0s, rois=200, confounds=32
WROTE [ABIDE1 fd<0.3] MAX_MUN_sub-0051357_run-1: mean_fd=0.0626, kept=597.0s, rois=200, confounds=32
EXCLUDE [ABIDE1 fd<0.3] MAX_MUN_sub-0051358_run-1: mean_fd>0.3; mean_fd=0.5780, kept=309.0s
EXCLUDE [ABIDE1 fd<0.3] MAX_MUN_sub-0051359_run-1: mean_fd>0.3; mean_fd=0.7557, kept=219.0s
WROTE [ABIDE1 fd<0.3] MAX_MUN_sub-0051360_run-1: mean_fd=0.1237, kept=537.0s, rois=200, confounds=32
EXCLUDE [ABIDE1 fd<0.3] MAX_MUN_sub-0051361_run-1: mean_fd>0.3; mean_fd=0.5229, kept=489.0s
WROTE [ABIDE1 fd<0.3] MAX_MUN_sub-0051362_run-1: mean_fd=0.0659, kept=360.0s, rois=200, confounds=32
WROTE [ABIDE1 fd<0.3] MAX_MUN_sub-0051363_run-1: mean_fd=0.1059, kept=360.0s, rois=200, confounds=32
WROTE [ABIDE1 fd<0.3] MAX_MUN_sub-0051364_run-1: mean_fd=0.1806, kept=324.0s, rois=200, confounds=32
WROTE [ABIDE1 fd<0.3] MAX_MUN_sub-0051365_run-1: mean_fd=0.1781, kept=357.0s, rois=200, confounds=32
WROTE [ABIDE1 fd<0.3] MAX_MUN_sub-0051366_run-1: mean_fd=0.2033, kept=360.0s, rois=200, confounds=32
WROTE [ABIDE1 fd<0.3] MAX_MUN_sub-0051367_run-1: mean_fd=0.0506, kept=360.0s, rois=200, confounds=32
WROTE [ABIDE1 fd<0.3] MAX_MUN_sub-0051368_run-1: mean_fd=0.0691, kept=357.0s, rois=200, confounds=32
WROTE [ABIDE1 fd<0.3] MAX_MUN_sub-0051369_run-1: mean_fd=0.1928, kept=354.0s, rois=200, confounds=32
WROTE [ABIDE1 fd<0.3] MAX_MUN_sub-0051370_run-1: mean_fd=0.0706, kept=360.0s, rois=200, confounds=32
WROTE [ABIDE1 fd<0.3] MAX_MUN_sub-0051371_run-1: mean_fd=0.0885, kept=354.0s, rois=200, confounds=32
WROTE [ABIDE1 fd<0.3] MAX_MUN_sub-0051372_run-1: mean_fd=0.0632, kept=360.0s, rois=200, confounds=32
WROTE [ABIDE1 fd<0.3] MAX_MUN_sub-0051373_run-1: mean_fd=0.0399, kept=360.0s, rois=200, confounds=32
WROTE [ABIDE1 fd<0.3] CALTECH_sub-0051456_run-1: mean_fd=0.2869, kept=270.0s, rois=200, confounds=32
WROTE [ABIDE1 fd<0.3] CALTECH_sub-0051457_run-1: mean_fd=0.1095, kept=294.0s, rois=200, confounds=32
WROTE [ABIDE1 fd<0.3] CALTECH_sub-0051458_run-1: mean_fd=0.2047, kept=294.0s, rois=200, confounds=32
WROTE [ABIDE1 fd<0.3] CALTECH_sub-0051459_run-1: mean_fd=0.0947, kept=298.0s, rois=200, confounds=32
WROTE [ABIDE1 fd<0.3] CALTECH_sub-0051460_run-1: mean_fd=0.0633, kept=298.0s, rois=200, confounds=32
EXCLUDE [ABIDE1 fd<0.3] CALTECH_sub-0051461_run-1: kept_time_sec<240.0; mean_fd=0.2698, kept=230.0s
WROTE [ABIDE1 fd<0.3] CALTECH_sub-0051462_run-1: mean_fd=0.1944, kept=296.0s, rois=200, confounds=32
WROTE [ABIDE1 fd<0.3] CALTECH_sub-0051463_run-1: mean_fd=0.0955, kept=298.0s, rois=200, confounds=32
WROTE [ABIDE1 fd<0.3] CALTECH_sub-0051464_run-1: mean_fd=0.0939, kept=300.0s, rois=200, confounds=32
WROTE [ABIDE1 fd<0.3] CALTECH_sub-0051465_run-1: mean_fd=0.0819, kept=298.0s, rois=200, confounds=32
WROTE [ABIDE1 fd<0.3] CALTECH_sub-0051466_run-1: mean_fd=0.1641, kept=296.0s, rois=200, confounds=32
WROTE [ABIDE1 fd<0.3] CALTECH_sub-0051467_run-1: mean_fd=0.1150, kept=300.0s, rois=200, confounds=32
WROTE [ABIDE1 fd<0.3] CALTECH_sub-0051468_run-1: mean_fd=0.1185, kept=300.0s, rois=200, confounds=32
WROTE [ABIDE1 fd<0.3] CALTECH_sub-0051469_run-1: mean_fd=0.2319, kept=266.0s, rois=200, confounds=32
WROTE [ABIDE1 fd<0.3] CALTECH_sub-0051470_run-1: mean_fd=0.0723, kept=298.0s, rois=200, confounds=32
WROTE [ABIDE1 fd<0.3] CALTECH_sub-0051471_run-1: mean_fd=0.1606, kept=300.0s, rois=200, confounds=32
WROTE [ABIDE1 fd<0.3] CALTECH_sub-0051472_run-1: mean_fd=0.0821, kept=298.0s, rois=200, confounds=32
WROTE [ABIDE1 fd<0.3] CALTECH_sub-0051473_run-1: mean_fd=0.1314, kept=284.0s, rois=200, confounds=32
WROTE [ABIDE1 fd<0.3] CALTECH_sub-0051474_run-1: mean_fd=0.1644, kept=300.0s, rois=200, confounds=32
WROTE [ABIDE1 fd<0.3] CALTECH_sub-0051475_run-1: mean_fd=0.1813, kept=294.0s, rois=200, confounds=32
WROTE [ABIDE1 fd<0.3] CALTECH_sub-0051476_run-1: mean_fd=0.1213, kept=298.0s, rois=200, confounds=32
WROTE [ABIDE1 fd<0.3] CALTECH_sub-0051477_run-1: mean_fd=0.1874, kept=298.0s, rois=200, confounds=32
WROTE [ABIDE1 fd<0.3] CALTECH_sub-0051478_run-1: mean_fd=0.1094, kept=300.0s, rois=200, confounds=32
WROTE [ABIDE1 fd<0.3] CALTECH_sub-0051479_run-1: mean_fd=0.1148, kept=298.0s, rois=200, confounds=32
WROTE [ABIDE1 fd<0.3] CALTECH_sub-0051480_run-1: mean_fd=0.0634, kept=300.0s, rois=200, confounds=32
WROTE [ABIDE1 fd<0.3] CALTECH_sub-0051481_run-1: mean_fd=0.2626, kept=260.0s, rois=200, confounds=32
WROTE [ABIDE1 fd<0.3] CALTECH_sub-0051482_run-1: mean_fd=0.0890, kept=300.0s, rois=200, confounds=32
WROTE [ABIDE1 fd<0.3] CALTECH_sub-0051483_run-1: mean_fd=0.0826, kept=298.0s, rois=200, confounds=32
WROTE [ABIDE1 fd<0.3] CALTECH_sub-0051484_run-1: mean_fd=0.1349, kept=296.0s, rois=200, confounds=32
WROTE [ABIDE1 fd<0.3] CALTECH_sub-0051485_run-1: mean_fd=0.1214, kept=298.0s, rois=200, confounds=32
WROTE [ABIDE1 fd<0.3] CALTECH_sub-0051486_run-1: mean_fd=0.0767, kept=300.0s, rois=200, confounds=32
WROTE [ABIDE1 fd<0.3] CALTECH_sub-0051487_run-1: mean_fd=0.0872, kept=300.0s, rois=200, confounds=32
WROTE [ABIDE1 fd<0.3] CALTECH_sub-0051488_run-1: mean_fd=0.1408, kept=298.0s, rois=200, confounds=32
WROTE [ABIDE1 fd<0.3] CALTECH_sub-0051489_run-1: mean_fd=0.2146, kept=282.0s, rois=200, confounds=32
WROTE [ABIDE1 fd<0.3] CALTECH_sub-0051490_run-1: mean_fd=0.1118, kept=300.0s, rois=200, confounds=32
WROTE [ABIDE1 fd<0.3] CALTECH_sub-0051491_run-1: mean_fd=0.0629, kept=300.0s, rois=200, confounds=32
WROTE [ABIDE1 fd<0.3] CALTECH_sub-0051492_run-1: mean_fd=0.0953, kept=300.0s, rois=200, confounds=32
WROTE [ABIDE1 fd<0.3] CALTECH_sub-0051493_run-1: mean_fd=0.0841, kept=298.0s, rois=200, confounds=32
EXCLUDE [ABIDE1 fd<0.3] SBL_sub-0051556_run-1: mean_fd>0.3; mean_fd=0.5204, kept=354.2s
WROTE [ABIDE1 fd<0.3] SBL_sub-0051557_run-1: mean_fd=0.1222, kept=440.0s, rois=200, confounds=32
WROTE [ABIDE1 fd<0.3] SBL_sub-0051558_run-1: mean_fd=0.2293, kept=422.4s, rois=200, confounds=32
WROTE [ABIDE1 fd<0.3] SBL_sub-0051559_run-1: mean_fd=0.1803, kept=429.0s, rois=200, confounds=32
WROTE [ABIDE1 fd<0.3] SBL_sub-0051560_run-1: mean_fd=0.1950, kept=437.8s, rois=200, confounds=32
WROTE [ABIDE1 fd<0.3] SBL_sub-0051561_run-1: mean_fd=0.1583, kept=433.4s, rois=200, confounds=32
WROTE [ABIDE1 fd<0.3] SBL_sub-0051562_run-1: mean_fd=0.1756, kept=440.0s, rois=200, confounds=32
WROTE [ABIDE1 fd<0.3] SBL_sub-0051563_run-1: mean_fd=0.1765, kept=429.0s, rois=200, confounds=32
WROTE [ABIDE1 fd<0.3] SBL_sub-0051564_run-1: mean_fd=0.2156, kept=426.8s, rois=200, confounds=32
WROTE [ABIDE1 fd<0.3] SBL_sub-0051565_run-1: mean_fd=0.1537, kept=440.0s, rois=200, confounds=32
WROTE [ABIDE1 fd<0.3] SBL_sub-0051566_run-1: mean_fd=0.1809, kept=435.6s, rois=200, confounds=32
WROTE [ABIDE1 fd<0.3] SBL_sub-0051567_run-1: mean_fd=0.2170, kept=433.4s, rois=200, confounds=32
EXCLUDE [ABIDE1 fd<0.3] SBL_sub-0051568_run-1: mean_fd>0.3; mean_fd=0.3304, kept=303.6s
WROTE [ABIDE1 fd<0.3] SBL_sub-0051569_run-1: mean_fd=0.2417, kept=393.8s, rois=200, confounds=32
WROTE [ABIDE1 fd<0.3] SBL_sub-0051570_run-1: mean_fd=0.1637, kept=435.6s, rois=200, confounds=32
WROTE [ABIDE1 fd<0.3] SBL_sub-0051571_run-1: mean_fd=0.1823, kept=435.6s, rois=200, confounds=32
WROTE [ABIDE1 fd<0.3] SBL_sub-0051572_run-1: mean_fd=0.1722, kept=440.0s, rois=200, confounds=32
WROTE [ABIDE1 fd<0.3] SBL_sub-0051573_run-1: mean_fd=0.1985, kept=402.6s, rois=200, confounds=32
WROTE [ABIDE1 fd<0.3] SBL_sub-0051574_run-1: mean_fd=0.1691, kept=440.0s, rois=200, confounds=32
EXCLUDE [ABIDE1 fd<0.3] SBL_sub-0051575_run-1: mean_fd>0.3; mean_fd=0.4709, kept=136.4s
WROTE [ABIDE1 fd<0.3] SBL_sub-0051576_run-1: mean_fd=0.2418, kept=398.2s, rois=200, confounds=32
WROTE [ABIDE1 fd<0.3] SBL_sub-0051577_run-1: mean_fd=0.1270, kept=440.0s, rois=200, confounds=32
WROTE [ABIDE1 fd<0.3] SBL_sub-0051578_run-1: mean_fd=0.2433, kept=426.8s, rois=200, confounds=32
WROTE [ABIDE1 fd<0.3] SBL_sub-0051579_run-1: mean_fd=0.1461, kept=440.0s, rois=200, confounds=32
WROTE [ABIDE1 fd<0.3] SBL_sub-0051580_run-1: mean_fd=0.2103, kept=433.4s, rois=200, confounds=32
EXCLUDE [ABIDE1 fd<0.3] SBL_sub-0051581_run-1: mean_fd>0.3; mean_fd=0.3275, kept=356.4s
WROTE [ABIDE1 fd<0.3] SBL_sub-0051582_run-1: mean_fd=0.2275, kept=411.4s, rois=200, confounds=32
WROTE [ABIDE1 fd<0.3] SBL_sub-0051583_run-1: mean_fd=0.1573, kept=437.8s, rois=200, confounds=32
WROTE [ABIDE1 fd<0.3] SBL_sub-0051584_run-1: mean_fd=0.2669, kept=404.8s, rois=200, confounds=32
WROTE [ABIDE1 fd<0.3] SBL_sub-0051585_run-1: mean_fd=0.2178, kept=415.8s, rois=200, confounds=32
WROTE [ABIDE1 fd<0.3] MAX_MUN_sub-0051606_run-1: mean_fd=0.1064, kept=357.0s, rois=200, confounds=32
WROTE [ABIDE1 fd<0.3] MAX_MUN_sub-0051607_run-1: mean_fd=0.2318, kept=339.0s, rois=200, confounds=32
