FILE_ID,DX_GROUP,AGE_AT_SCAN,func_mean_fd
Pitt_0050005,1,13.73,0.1281363702
Pitt_0050023,1,12.64,0.1430194051
Pitt_0050029,1,11.4,0.075641756
Pitt_0050036,2,13.28,0.1024985696
Pitt_0050038,2,13.95,0.1282716215
Pitt_0050049,2,15.82,0.2531482523
Pitt_0050057,1,12.62,0.0562847467
Pitt_0050059,2,21.22,0.1119659947
Olin_0050113,2,15.0,0.0852880756
Olin_0050114,2,20.0,0.1001115969
