ROI1,ROI2,ROI3,ROI4,ROI5,ROI6,ROI7,ROI8
12.208453,1.265205,11.179898,32.874646,3.631904,9.026474,19.722876,24.13725
5.871819,-4.888782,-3.043558,5.68339,-38.380921,-40.616331,-9.873982,-15.215896
18.847177,19.718729,-24.919879,14.713416,-17.124358,40.097726,36.796802,22.034543
-5.442089,-28.890777,-73.298181,-1.536694,-9.429635,-14.871451,-12.810386,4.71848
15.18167,-29.211673,-10.930247,6.030442,-0.946181,-18.463704,1.054074,-21.975661
-23.733348,-7.690821,2.382569,-42.088762,-14.397929,31.685407,22.704922,-22.108423
0.056585,32.770434,49.351401,23.137517,34.639696,3.68811,-13.495795,-2.993039
-20.374568,13.51019,-8.56105,-11.486323,16.216062,-15.719725,-20.410156,13.112705
